text,y_true,y_pred,prob_Negative,prob_Neutral,prob_Positive
@user @user @user the States ensured SCOTUS could take this action by enacting 14th Amendment,1,1,0.19115876,0.7147637,0.094077595
"@user ""Harper"" looks tired. Do you ever sleep? Then again, I should be too. I have to get up early tomorrow.",1,0,0.77698374,0.18796588,0.035050385
@user in sorry but my aunt listens to all Kpop and she never heard of ok now yea my fanbase may get mad and start shit but this time,0,0,0.9397776,0.04717877,0.013043625
Just like when k was a kid Saturday morning and I\u2019m watching Saved By the Bell! Might even watch Soul Train @ 12,1,2,0.03815751,0.4763423,0.4855002
"""Thor said Thursday during press conf that he had tricks up his sleeve for tonight. It was the Warthen slider, he relied on it heavily 3 IP+""",1,1,0.030294688,0.848933,0.1207723
Iran: Mass execution of 8 prisoners in just 3 days #health #politics #sun,0,0,0.8864286,0.098199904,0.015371468
John Lamb gives up a solo home run to Ryan Braun in the 1st.,1,1,0.08262326,0.8389594,0.07841734
Harris English\u002c a #pgatour rookie\u002c playing in his first @user started his Saturday by plunking a marshal on the head #ouch,0,0,0.8911163,0.09387712,0.015006607
Bobby Jindal attacks Hillary saying the democratic frontrunner may go to jail,0,0,0.9142632,0.07360473,0.012132076
Totally going to the Marijuana March in dt Cleve brb. #NOT,0,0,0.8204663,0.14330852,0.036225222
@user I don't know. She just recited Jay-Z to me. This may have yours beat for best reply.,1,2,0.025603697,0.12899868,0.8453976
"""Katy Perry - """"You just gotta ignite the light, and let it shine! Just own the night, like the fourth of July! Cause baby you're a firework""""""",1,2,0.013729595,0.0995564,0.886714
I use to love that song in the 8th grade. Trina was my role model lmfao,2,2,0.035026625,0.058974463,0.90599895
@user Harvey and Shawn have put me on the no access list along with Bo and Carl Pelini. Otherwise I'd be there tomorrow.,0,0,0.6237128,0.34970036,0.026586846
"""Sadly, the Vokle live webcasting site isn't functioning reliably. I'll video tape Wednesday's Runnin' Nekkid...",0,0,0.7291763,0.24664034,0.024183376
"""The horn sounds, signaling the end of the 2nd period. The #NJDevils hold a 2-0 lead, as well as a 16-15 shot advantage.""",1,1,0.014663738,0.7790178,0.20631841
"@user Is it not a shame that Super Eagles will play Niger Republic on Tuesday in a friendly match, why not BIG football countries?""",1,0,0.89846766,0.08884097,0.012691406
"""Escape the Room this weekend, 3rd Row Phillies next weekend, Jason Aldean Aug 15 if I can win tickets! #BirthdayMonth""",2,2,0.008339137,0.1410458,0.8506151
I think the dude sat next to Aldo should put on a Conor McGregor face mask so we can see Jose running again.,2,1,0.07031005,0.8157326,0.11395743
Look for Carly Fiorina to take Donald Trump on - she may win - we shall see.,2,1,0.024824062,0.7100455,0.26513037
going to scream and laugh extra loudly tomorrow at Disneyland with starli,2,2,0.03968966,0.23587859,0.72443175
1st half of Hannity: rage at the supreme court for outlawing Jesus with its gay marriage decision. 2nd half: kissing Ted Olson's ass.,0,0,0.9300672,0.058179222,0.01175364
I was dreaming about Vampire Diaries last night. GALING.,1,2,0.018229445,0.10428398,0.8774865
So I went to a school to fill out a form with a #2 pencil OMIGOD JUST REALIZED I ACCIDENTALLY TOOK THE SAT INSTEAD OF VOTING TODAY,0,0,0.6644192,0.27741098,0.058169805
@user actually now they're all denying they ever believed the sun when it came to Zayn.....not even they can keep up with their BS,0,0,0.9441845,0.043730944,0.012084493
@user tickets finally arrived for Foo Fighters at MK bowl on Saturday night. Tickets are a treat from the wife for my 40th Birthday,2,2,0.011614173,0.037399594,0.95098627
@user the chap is in his 2nd season of a 3 year deal. He has done the business at barca and Munich and I'm sure he will do it for us.,2,2,0.013404236,0.09515734,0.8914385
"""A win for either Metronomy, Everything Everything or PJ Harvey would be a satisfactory outcome for tonight's Mercury Awards.""",2,2,0.016550707,0.19528233,0.788167
"""David Bowie: """"Blackstar"""": There is a star in our universe called KIC 8462852 that may or may not be the hub of...",2,1,0.027120365,0.8594904,0.1133893
"""Dustin Johnson shot the 2nd worst round of anybody in the field on a day where literally almost every player was under par, just awful""",0,0,0.9587657,0.029929657,0.011304683
@user on November 16 be ready to head to the movies. Breaking Dawn: Part 2. (;,2,2,0.009474828,0.35484654,0.6356787
guess who can't go see the WWAT film tomorrow because her jaw won't stop swelling to the size of grapefruits :((((((,0,0,0.9267686,0.055683963,0.017547421
"""It was just a """"man"""" that executed a Texas Deputy: If I may ...    Seems a black and gay man can be outed when ...",1,0,0.8376298,0.14507042,0.017299775
"""Women don't let men enjoy anything. You're complaining about 1 month of Star Wars? Bitch, I sat through 2 years of Twilight.""",0,0,0.9358164,0.046705443,0.017478133
is Niall gonna have his 22nd in la with his celeb friends,1,1,0.023358269,0.83148783,0.14515387
Anybody want to swap 2x Saturday Tickets for Foo Fighters for 2 xSunday Tickets?,1,1,0.036703706,0.84521955,0.11807674
Jeff\u002c Joseph Arthur and the amazing Richard Stuverud.... Fox Theater in Bolder\u002c November 18th. DO NOT MISS THIS!...,2,2,0.013392914,0.088935755,0.8976713
Keep it going Paul Dunne. Managed to get on him earlier when his odds were enormous. Same again tomorrow will be laughing. #TheOpen2015,1,2,0.014819118,0.057547316,0.9276336
Why is my mind doing this to me? 1st I think about Max and how he always knows when I\u2019m sad and now I think about what happens when he dies,0,0,0.9091465,0.07231359,0.018539954
I just hope that Sandy goes away before November 6 because if she doesn't then VIPs in NJ probably have to cancel the NJ concert :c,0,0,0.9233887,0.061787713,0.014823508
stuffing my face with fried chicken and chinese take out while listening to kpop is my saturday night aesthetic,2,2,0.02744255,0.19067517,0.7818822
November Days of Gratitude Day 25 - Thanksgiving Leftovers - I've eaten them every day since Thanksgiving and I'm...,1,2,0.016901042,0.4427478,0.5403511
Comedy Central kicks off in Singapore in the early hours of Friday. And who better to lead the charge than Mr Stewart,1,2,0.012233253,0.46810332,0.5196634
the only thing brighter than the sun is Niall's smile -my brother just made my day,2,2,0.022732722,0.04038718,0.9368801
Oracle so transparently bought sun just to sue the fuck out of me.,0,0,0.95147955,0.036659427,0.011860963
"@user @user @user I think it was """"""""Independence Day Stood Still Before Tomorrow""""""""...""",1,1,0.070110016,0.8603935,0.06949651
The comments by Tony Windsor saying he hoped Muslims would kill an Australian citizen needs a complete apol 2 Aust.,0,0,0.9358348,0.0536669,0.010498208
"""Every Human being is born with innate tendencies towards Monotheism, later in life his parent may turn him to other religions beside Islam""",1,0,0.8721657,0.1102558,0.017578604
"""While MSNBC host Chris Matthews may be over the moon about John Kasich, seeing him as the most """"moderate"""" and...",1,2,0.020385128,0.13948573,0.84012914
@user @user @user Real Madrid commuter the same offences as Barcelona and most likely receive a year ban in Jan,1,0,0.9136027,0.072899036,0.013498141
Hey #GWU! Interested in a free ticket to the Train concert tomorrow night?! Head to the Smith Center NOW to help us out with set up!,2,2,0.008401722,0.30230746,0.6892908
David Wright grounds out in the 9th. Was 2-for-5 today.,0,1,0.036234487,0.8960706,0.06769493
"""\""""""""Unforgivable\"""""""" by Christina Grimmie..not quite feeling it yet. Then again\u002c I wasn\u2019t \""""""""quite feeling\"""""""" Safe & Sound til I heared it a 2nd time!""",0,0,0.9192705,0.06855478,0.012174721
"""What's going on Sunday? (HEALTH, Thor, Okkervil River, Flamin' Groovies, H2O, Pill, Frankie Cosmos &amp; more)",1,1,0.014685795,0.86022437,0.12508976
Come to The Baltimore Screenwriters Coffee Club - this Tuesday at the Creative Alliance!! It's always fun!!,2,2,0.010472293,0.046841983,0.9426858
"""So asad isn't enough for kill muslim that's way @user u invite USA to kill Muslims, may Allah punish you how much u deserve.""",0,0,0.95952547,0.03052924,0.009945328
Is Shawn gonna be on Michael and Kelly tomorrow or is it a re run,1,1,0.043410216,0.90311605,0.053473752
YOLO? Ofcourse\u002c but with in that life span yu may be an become 5 diff ppl\u002c the life we live in aint the only life we gone have\u002c be smart,2,0,0.5340127,0.42161453,0.044372797
@user u ok with the poster for tomorrow?  tea will be provided for you.. can you get to the cafe for about 6pm to sound check? Rosie x,2,1,0.031598005,0.81492335,0.15347862
bought tix for sat\u2019s nets game b4 prices jumpd and @user allowd seller to reneg w/o proof the tix arent available #POORCUSTOMERSERVICE,0,0,0.86763924,0.11713766,0.015222997
If Harper doesn't want fans to leave in the 7th perhaps he and his teammates should stop under performing and losing big ball games? #nats,0,0,0.94999784,0.040317748,0.0096844565
Foreign commentator award at the #commentawards goes to the late Marie Colvin of the Sunday Times,1,1,0.017357038,0.67528236,0.30736056
Oscars Well makes his debut over fences at Punchestown tomorrow. It looks as though he\u2019ll have Plan A and Darwins Fox to overcome.,1,1,0.017582847,0.7653715,0.2170456
@user Lmbo! O yea? Ayye you know they taking us to Harold Washington tomorrow for that college stuff,1,1,0.03290453,0.8089676,0.15812789
@user @user @user it may have not been the best idea to name our Mascot the Beaver...still better than Ducks,1,0,0.45561066,0.3939614,0.15042797
Mom just asked if I wanted to see the Knicks vs Celtics in October...I hate both teams but it\u2019s a live game hmm,0,0,0.91887003,0.06373206,0.01739787
SEPTEMBER 5 so it means 8 days to go  before Niall's birthday huhu and 9 days to go before Cj's Birthday i miss this girl so much huhu,2,2,0.32033214,0.20826605,0.47140184
Great practice session with the @user boys can not wait for Friday with @user & Sunday in Leicester Square Theatre!!,2,2,0.012422889,0.036655806,0.95092124
The Buccaneers have a bye week this weekend. They are practicing hard for their game on October 26th vs the Vikings. #lwlive,2,1,0.028242955,0.8941935,0.07756358
My playlist is going from Bryson tiller to Justin Bieber to August Alsina lmao,1,1,0.027337627,0.64446485,0.3281975
"@user Jeb Bush's 1st name is not ""Jeb."" It is John. Let's be accurate with news reporting.",1,1,0.36667955,0.5659866,0.067333914
I'm sick of Bears fans that slander the Packers just to slander the Packers. We've been their bitch for 2 decades now man c'mon,0,0,0.9605957,0.027978066,0.011426246
"@user Dark Souls is pretty much near the bottom of the list for me to finish, along with many MANY RPGs,gotta get thru short ones 1st""",0,0,0.889551,0.09040864,0.020040356
"Obama controlling where you get to live or move into, making choices for you under any Government Loans You may use",0,0,0.8287968,0.14812422,0.023078935
To go to Astrology night tomorrow or to not go to Astrology night tomorrow. That is the question.,1,1,0.2614945,0.6575576,0.080947906
"""Dad gets back from Philly tomorrow which means Big Brother will be on every night, so might have a bet to make it interesting, who's fav?""",1,2,0.009710728,0.2726509,0.7176383
@user BRILLIANT!! The reds just have class! Did your sun play at Sunnybank on Sunday?,2,2,0.013846257,0.03979252,0.9463612
"""Sun 16 Aug. We continue our series in Jonah with some challenging implications for Christians today. Clements,...",1,1,0.042506438,0.8964869,0.0610067
"""Dont miss this tomorrow: Superstars Ink on w/ its 1st guess, the WWE &amp; US Champ, Seth Rollins",2,2,0.013117694,0.49320018,0.49368206
Mass tomorrow then Retreat Friday with da homie @user,1,1,0.026970457,0.7225799,0.2504496
2103: 'We don't need governments to make peace': Israel gets unofficial Iranian ... - The Guardian (blog),1,0,0.55345553,0.40274772,0.04379678
Drexel classes are cancelled monday and tuesday..now I just need work to be cancelled..,0,0,0.73840636,0.2196088,0.041984767
This Olive Garden commercial is so stupid. Why would I want old pasta tomorrow?,0,0,0.9490024,0.037761506,0.013236132
"@user Allie &amp; briana sitting in a tree. K-I-S-S-I-N-G. 1st comes love, 2nd comes marriage then comes Briana with a baby carriage""",2,1,0.039239712,0.8365277,0.12423254
[EVENT] KPOP FUN RUN - AFTER PARTY September 5 | Quirino Grandstand Gates open at 4pm  Experience the OUTDOOR...,2,1,0.010975891,0.75606173,0.23296237
If I don\u2019t feel A1 tomorrow I\u2019m not going to school rs!,0,0,0.909672,0.07170473,0.018623278
Michael Jackson radio may be one of the softest stations. But got damn has some good jams.,2,2,0.077141054,0.08455755,0.8383014
@user you are right to identify a variety of intentions. A variety of intentions may still be fully compatible for Christians.,1,1,0.1502528,0.60450447,0.24524273
"""Y'all, she may have made a pop album, but Nicki can kill almost anyone in this industry right now. Gun to the head of everybody.""",1,0,0.7589869,0.19692095,0.044092134
I hope Niall's day was better than the other day.hope tomorrow goes good also,2,2,0.018524878,0.06056304,0.920912
Twilight - Sauble Beach has just become my 13th picture to record 300 views.,2,1,0.015702052,0.6644161,0.3198818
@user I may not be a fan of KPOP but this is definitely racist (what @user said just to clarify),0,0,0.8905433,0.09279169,0.01666509
A treat for #BondGeek's booking today as tomorrow we'll hear more on the title song now anticipated to be sung by Sam Smith? #SPECTRE,2,2,0.008794264,0.051116608,0.9400891
@user it's a joke! Troicki v young into a 5th set and on Sky go we are forced to watch Murray walking into the practice court???,0,0,0.92476124,0.062441062,0.012797657
"""Excited to read """"Go Set a Watchman"""" on Tuesday.  But can it possibly live up to """"To Kill a Mockingbird?""""  Any opinions?""",2,2,0.017300678,0.24992374,0.73277557
First Lady Michelle Obama is a elegant and classy 1st Lady who presence touch the heart of us all #LoveMyPresident&amp;FirstLady @user,2,2,0.01711407,0.0402408,0.9426452
Qatar should receive the same help from Hezbollah that Israel got from Qatar in last Gaza war.,1,0,0.84150565,0.13839242,0.020101968
Miley has no tits &amp; ass but Kim and Nicki may have the same botox injection expert and Kim ain't got shit to lose.,0,0,0.8392378,0.13489427,0.025867878
Amazon prime is literally a lie....I ordered a book LAST MONDAY &amp; it still isn't here. do better @user,0,0,0.94449514,0.04010379,0.01540111
"3rd rep just hung up on me. Absolutely devastated at how @user customer service treated me, wow.",0,0,0.9626628,0.024336293,0.013000863
Anderson Silva better fuck up Yushin Okami tonight.,2,0,0.8635167,0.10926242,0.027220817
I'm soooooooo goin to my Chicago bulls game on Feb 1st against the nets. Epic!!!!!! I need a date though,2,2,0.014883828,0.059779104,0.9253371
By George he's cute! New pictures of Prince George have been released to mark his 2nd birthday. #TenNews 5pm,2,2,0.011204348,0.05144287,0.9373528
Tomorrow they will discuss #YakubHanged after their Friday prayer. Bad part is 100s of youth will get inspired to be the next Yakub.,0,0,0.91541046,0.070865154,0.013724428
If Jeb Bush wins by some far chance the flood gate will be really opened and our 1st language will be spanish,0,0,0.68859607,0.26716796,0.04423594
"@user just got Twitter, here's me and Digi mon",2,1,0.023517339,0.6947,0.28178275
Also just now starting Miss USA so nobody text me about top 5 who wins etc Bc I may kill u,0,0,0.6869721,0.26673317,0.046294726
Jarryd Hayne: the Australian rugby star Seattle Seahawks may bring to the NFL - The Guardian (blog): The Guard...,1,1,0.016486084,0.77670115,0.2068127
Star Wars day is tomorrow!!! Super jealous of everyone who has already seen it/ is seeing it tonight BUT work decided this for me,2,2,0.050208487,0.061127473,0.888664
"@user haha no, the first was just Barca and then I put the ""|"" just to separate for my 2nd club",2,1,0.055350255,0.86666965,0.07798018
@user ..as the 1st November election nears Erdogan may dither &amp; push US to do this difficult task &amp; take the blame,0,0,0.91914904,0.06937065,0.011480337
if my mom goes t the U.S. open tomorrow without me and Niall is there I will end myself so fast,1,0,0.9345923,0.051504694,0.0139029715
@user when managers/players make it a matter of their ego then things always go bad. That's his problem.. 2nd stint at Barca e.g,0,0,0.95795214,0.032176718,0.009871013
"@user I'll start it tomorrow,  i've been needing new anime to watch anyway :) And yes mikasa, she's bae too &lt;3""",2,2,0.013146468,0.043358922,0.9434946
"""Should've went to watch Paper Towns first, I'll just go see it tomorrow""",1,1,0.31424257,0.5961093,0.089648165
Frank Gore & Vernon Davis\u002c make wins tomorrow please. #fantasyfootball,2,1,0.026947558,0.5089599,0.46409258
@user you may not put bumpers stickers on a Bentley you also don't let a shit load a people drive it either if you get my drift,1,0,0.91825503,0.06774737,0.013997537
"@user I would cry so much.. I'm waiting to dunk in Sept with friends. Our theme is """"dunkin ugly. because who dunks pretty? not 16""""""",2,0,0.86329997,0.10488369,0.03181637
First game of the season for the Lakers tomorrow #cantwait,2,2,0.008639314,0.10840391,0.8829568
"Bernie Sanders will stop in Greensboro, NC Sunday. He's holding a rally at the Greensboro Coliseum. #Vote2016",2,1,0.013627395,0.8630906,0.123282045
"Soundchecking in Grateful Dead Listening Party with Sunshine Daydream, (DVD), Veneta, Oregon, Aug 27 1972",1,1,0.0151508385,0.85263306,0.1322161
I wonder if by that time Briana finally had the baby,1,1,0.05867111,0.81787795,0.123450965
"April 21, 1985 Madonna performs Like A Virgin on The Virgin Tour in Costa Mesa at the Pacific Amphitheatre",1,1,0.015865145,0.77494836,0.20918648
Best part about Thursday is that Vampire Diaries play.,2,2,0.014303169,0.038183928,0.94751287
@user I agree bt may be Martinez doesnt think so.. he may get to start all the the time if he goes to Milan,0,1,0.22413556,0.7149583,0.060906116
"@user Awesome! So far, Spring Breakers, Writers & iLL Manors. Come Out and Play tonight @user then hopefully one on Sunday.""",2,2,0.010047798,0.044844594,0.94510764
"""Anderson is up 2 sets, but Murray is up a break in the 3rd set. It feels even-steven right now.""",1,1,0.039414506,0.8857534,0.07483212
@user I get in around noon!!! And I\u2019m coming to PCA all day Friday :) #alumnireturning,1,2,0.009105422,0.16482201,0.8260725
Rick stein Saturday kitchen quote fishing is by far the worlds most dangerous job haha #thinkaboutitnobhead,0,0,0.94592685,0.04170342,0.012369716
@user That's asking a lot. That would mean a lot of Big East dominance and late NCAA MARCH runs. Bring it on!,2,2,0.042546403,0.18315122,0.7743024
@user  We had to pick dates for 2013 vacation days from work today.  I took off the Friday before St Pattys.  #BG  #BewaretheGolfCarts,1,1,0.14555885,0.75747806,0.0969631
OpenStack is powering production clouds. In this General Session at the 11th International Cloud Expo\u002c Nebula CE...,1,1,0.010804034,0.596251,0.39294496
Dustin Johnson with his best Dustin Johnson impersonation on the 1st hole at Whistling Straits,1,2,0.013207664,0.27477524,0.7120171
Happy Valentine\u2019s Day\u002c Artemis You remembered. Come on! What kind of jerk would I be if I forgot Valentine\u2019s Day?For the 5th year in a row?,2,0,0.46700162,0.20297459,0.3300238
Sunday's matches certainly more than made up for all the 'excitement' that Saturday sputtered through beginning with the Merseyside Derby.,2,2,0.012464305,0.072679006,0.9148567
this work day needs to be over vacation starts tomorrow! first stop jason aldean with my sisters and roommate @user @user,2,1,0.33441398,0.40733257,0.25825346
"""Taison scores for Metalist in Kyiv, and it's the 2nd goal I've seen today that arrives for having the defensive line in the opposition half.""",2,1,0.014773929,0.6953578,0.28986827
"@user the Charlie Hebdo killers were French, so there's a high possibility these are French too. May as well just shoot everyone...""",0,0,0.9457259,0.043930855,0.010343185
"""I don't want October to go :''''( Its been sucha good month; The Vampire Diaries S4, Taylor's album, the PLL Halloween episode. WOW!""",2,2,0.07497698,0.05046021,0.8745628
"Great Monday Night Raw episode tonight Stings, Ric Flair, and The Dudley Boyz all return can't wait for the next PPV #WWERaw #WWE",2,2,0.011873337,0.03751294,0.95061374
Wouldn't surprise me if Michelle Obama was the brain child behind ISIS in the 1st place. @user @user,0,0,0.9294036,0.058251373,0.012345036
OK this is my pure speculation.  @user owns the cloud compute tech.  @user is utilizing the tech.  3rd party devs is open to use.,1,1,0.21183506,0.6846472,0.1035178
"""Rodgers just confirmed that both Allen and Can are fit, and will be back in the squad for Sunday's trip to QPR. #LFC""",2,1,0.0172585,0.7593665,0.22337495
"""He then said """"Kendrick Lamar will be the a huge rapper"""". He may be a genius""",2,2,0.017594568,0.106031135,0.87637436
Seth Rollins looking like the 4th member of The New Day. I wonder what @user @user @user #NewDayRocks #SummerSlam,1,1,0.01438984,0.6779418,0.30766836
"Just minutes after Jeb Bush bashed Donald Trump in his stump speech on Thursday, Bush was questioned by a frustrated voter on what he",0,0,0.71311337,0.26556176,0.021324886
@user damn I don\u2019t wanna get on my computer. Tomorrow :( my Harry feels are out of control and the outtakes video broke me,0,0,0.9554527,0.029738981,0.014808377
Giving Iran nuclear missile technology will create global warming this may make even more terrorist lose their jobs so its ISIS i guess.,0,0,0.9574547,0.03265051,0.009894834
"""Have y'all ever just sat and listened to Frank Ocean's """"Crack Rock""""? The shit is mad deep.""",2,2,0.10320698,0.31720215,0.57959086
Foo Fighters in St. Paul with Bennett on his 17th birthday. A spur-of-the-moment decision that ended up working out!,2,2,0.011042627,0.10485269,0.88410467
Martin Luther King; Elizabeth 1st; The girl with the short skirt in McDonalds; My grandaughter. (4 boys.)   -  #Mention20PeopleYouWantToMeet,2,1,0.025005626,0.7422795,0.23271482
"We can make the 27th iPhone, interactive robots, and grow brains but yet MCDONALDS CAN NEVER KEEP THEIR ICE CREAM MACHINE WORKING.",0,0,0.8528952,0.10859241,0.038512405
If you don\u2019t pipe down I\u2019m gonna injure Tim Howard so you have to watch Jan Mucha all year !! #InsultSomeoneLikeTysonFury,0,0,0.9572199,0.032483503,0.010296526
Sending troops to Iraq may be a dangerous game for Turkey: Ankara's dispute with the federal government in Ira...,1,0,0.92764115,0.061559148,0.010799717
Lady Gaga accepted Billboard's Woman of the Year award Friday and spoke out during her speech against sexism in the music industry.&amp;nbsp;,2,1,0.03761469,0.71530366,0.24708167
Goin to the East playoff game tomorrow.:),2,2,0.009493544,0.15735011,0.83315635
"""It's lookin up for the NFL! According to ESPN's Chris Mortensen, locked out officials may soon be back on the field.""",2,2,0.012680506,0.12905729,0.8582622
"@user @user All for one, out October 4th on Blu-ray. It's about their Australian Tour and can be bought at Sanity""",1,1,0.010333772,0.70079416,0.288872
what giants or niners fans would wanna go to the sunday night game at Metlife?,1,1,0.09328569,0.8515791,0.055135168
Tonight Dr. Terrie Hale Scheckelhoff will be formally installed as the 11th Head of School. Welcome to the Saints family @user,2,2,0.00823581,0.08873266,0.90303147
@user Jays have scored 4 in the 10th. Thanks for the mammaries Red Sox. This game is over #Trevsniptweets,2,1,0.07116112,0.62198466,0.30685413
Start your week off right. Monday night is Food Trucks at Art Park. Click the link for all the info:...,1,2,0.008357528,0.2545931,0.73704934
"""Official: Real Madrid and Atletico Madrid will face off Sunday October 4, will be played at 20:30, at the Calderon.""",1,1,0.0152863255,0.9006625,0.08405123
"""What if this whole Vettel and Alonso thing is just an """"""""April"""""""" fools joke?""",0,0,0.6554274,0.30816916,0.036403414
@user 3 tickets all seated together on the halfway line for Arsenal v Hull tomorrow please DM me,2,1,0.034275044,0.890898,0.07482703
"""Heads up: Galaxy S II can be wiped by just clicking a link, other TouchWiz devices may also be vulnerable - /r""",0,0,0.9111666,0.074319854,0.014513473
"""Haven't had breakfast yet, but we have already spotted Chuck Norris at the 16th Ave Church #restoringunity #NeverAgainIsNow""",2,1,0.03157516,0.8617898,0.106635004
If J.Cole and Kendrick Lamar don't realease something February....I'm going to be really sad.,0,0,0.9185044,0.062018596,0.019476937
Aw what the hell Curtis Painter coming in and we give up 3rd and 18 conversion.,0,0,0.93468195,0.052963387,0.012354674
"""I'm going to Disney World , October 3rd . If you wanna come on down .. Come on down :-)""",2,2,0.00827219,0.20829877,0.783429
The new iPhone is announced tomorrow. I already want it,2,2,0.018177796,0.08432048,0.89750165
@user @user he said if Chris bosh had to burp that shit wouldn\u2019t come out til tomorrow long neck mothafucka lmfaoooo go head!,0,0,0.929486,0.0582281,0.0122859925
"@user Note about Rodgers having 0 comebacks after trailing by 9+ in 2nd half, Flynn had 2 wins &amp; a tie last yr w/ GB in same sit""",1,0,0.54242927,0.42038664,0.037184123
That 2nd half was shit LA didnt deserve to win it Vancouver played tough and didnt deserve to be screwed by the ref,0,0,0.95451736,0.033289727,0.012192905
Vampire Diaries is already ruining my life and I'm only on the 8th episode of the first season. Ok.,0,0,0.9405242,0.041892607,0.017583223
so Harper is blaming Del Mar racing another meet for the summer meet's struggle.  Never change California racing.,0,0,0.9275263,0.06077505,0.0116986595
Is Seth Rollins the most talked about wwe champion of all time of being clowned every Monday nite??I mean everybody takes turns on him,1,1,0.118711874,0.702077,0.17921111
"""If the wild rumours about Alonso's 2015 salary being thrown around are true, that diamond encrusted mono-brow comb may be getting closer...""",0,1,0.056520846,0.7871341,0.15634508
I have a resting bitch face that would make Wednesday Adams jealous,0,0,0.8958352,0.080407865,0.023756916
@user I mean I get the hype around JLaw. I may not like her but I get her hype. I just don't understand Amy Schumer and her hype,0,0,0.7430925,0.19703215,0.059875406
For some reason I always thought National Hot Dog Day was on the 4th of July. #learnsomethingneweveryday,1,1,0.060291026,0.47260755,0.4671015
CHEAP Hot dogs TODAY! Thursday is National Hot Dog Day ADD @user to the list as well!,2,2,0.0092465645,0.176096,0.8146574
Follow the top Amy Schumer stories for Dec 21 on our topical page:,1,1,0.023242481,0.5838327,0.39292485
dont get paid till saturday but im going traffod centre tonight\u002c cba,0,0,0.8300548,0.14658158,0.0233636
"""Might only play Kenny and Jason Aldean tonight djing to prepare for tomorrow. Ya I know I'm a loser for going tomorrow, I didn't buy them..""",0,0,0.835441,0.13962471,0.024934215
: Billy Ho going all Sharknado on championship Sunday.,1,1,0.042461038,0.8355407,0.121998265
Anyone going to the Romney rally in Fairfax on Monday?? Really wanna go\u002c but no car. Help!? @user,0,0,0.56674355,0.3822627,0.050993785
"""European bourses rally: Milan, September 8 - European bourses rallied strongly Tuesday with the Euro Stoxx ind...",1,1,0.015404749,0.7531951,0.23140016
'Boruto: Naruto The Movie' slated for October 10 release in the US - Christian Post,1,1,0.015958713,0.80741125,0.17663011
Aye yo add me on snapchat because im going to be snapchatting everything tomorrow at digi - nicoletrevino63,2,1,0.016610444,0.6628542,0.32053533
OMG! Look like it\u2019s gonna be very hot in Gampel on Sunday... xD,2,2,0.045593634,0.17033921,0.78406715
"""Carly Fiorina: now 3rd/4th place in most IA polling, not going to be allowed into the CNN debate because LOL MAY/JUNE POLLING MATTERS.""",0,0,0.85051644,0.13153617,0.017947402
Project X on a monday night? Fuck it,0,0,0.9342234,0.05066143,0.015115069
"@user thanks Chelsea, I have all the info I need. Have a great Tuesday!",2,2,0.015123151,0.04005878,0.9448181
Sam smith will be here Saturday and I'm not going....something is not right.,0,0,0.8824146,0.0869453,0.030640127
"""\""""""""Did you see that Andy Carroll header? What technique!\"""""""" \""""""""C\u2019mon! that\u2019s not technique. Technique is passing the ball 5 yards 50 times.\""""""""""",0,0,0.7724231,0.19852,0.029056989
JPMorgan Chase posts Q3 profit of US$5.57b: NEW YORK: JPMorgan Chase said on Tuesday (Oct 14) it returned to p...,1,1,0.018749714,0.702205,0.27904522
Watch Sam Smith hold up the WDYM sign tomorrow.,1,1,0.0214037,0.7891731,0.18942322
@user that\u2019s shit :(  Banff would be better aswell! Still going out in Keith on the 3rd? X,0,0,0.9158236,0.05786455,0.02631184
I think I may actually be whipping through the Gilmore Girls series on Netflix too quickly... I'm gonna have to start over again!,2,2,0.24978836,0.2766593,0.47355232
rest in peace for lee soo man's wife. may her wife get the best place over there and stay strong for lee soo man and his family.,2,2,0.109839745,0.1565718,0.7335885
Oh my god the video is out tomorrow THE FIRST VIDEO AFTER ZAYN LEFT ONE DIRECTION IS OUT TOMORROW DIG A HOLE AND THROW ME IN THERE,2,2,0.20111485,0.39232436,0.4065608
Not a great start for the amateur Paul Dunne. Imagine having to compose yourself to hit your third ball (5th shot) off the tee on hole 2!,0,0,0.9410036,0.046964332,0.012032026
It\u2019s Presidents Day at the White House Thursday. Barack Obama hosts George W. Bush for unveiling of portrait. George H.W. Bush there too.,1,1,0.015090832,0.85675323,0.1281559
@user @user @user Bias is prevalent at all levels. You don't want 2 find yourself on the Bubble on Selection Sunday #NCAA,0,0,0.9378052,0.05093021,0.011264624
going to finish watching The Vow tomorrow \u002c its such a cute movie c:,2,2,0.015537608,0.040856272,0.9436061
"""Kanye West married a Kardashian and now he thinks he's """"the man"""" and wants to rule the World as President?  I mean C'MON MAN!!""",1,0,0.8701083,0.10427542,0.025616253
"""When they said Stoops has been """"""""chagrined by 3rd down problems"""""""" it sounded like they meant OU having problems.""",0,0,0.82270855,0.16013311,0.017158348
MayorOfLondon: Join in tomorrow at the exciting London Children\u2019s Book Swap events for families who love to read #LD...,2,2,0.00825153,0.1079521,0.8837964
"""Marvel kicks off the presentation! Alan Horn starts by praising Ant-Man's #1 opening, which he says is Marvel's 12th consecutive #1 opener.""",2,2,0.00914182,0.23496616,0.755892
Rondo should be glad the All-Star game isn\u2019t hosted in DC with those Galaxy Foams on.,2,0,0.45220247,0.4394683,0.10832922
Crappity-crap! I'm always away when he comes to town! Paul McCartney to play ACC on Oct. 17,0,0,0.94944125,0.03697597,0.0135827875
@user headlines are that Murray lose to an UNKNOWN Anderson. The guy is ranked 14th in the world.,1,0,0.67610955,0.29371646,0.030173985
Nigeria beach soccer team have booked a place in the last four of a Dubai invitational tournament after they beat Japan 6-5 on Thursday.,1,1,0.013589641,0.8180832,0.16832715
You may feel you\u2019re alone\u002c But I\u2019m here still with you. You can do what you dream Just remember to listen to the rain ~by: Amy Lee,1,2,0.06573702,0.25790867,0.6763542
When you realize that bye Felicia from Friday was a real experience in Straight Outta Compton with Ice Cube #MyDumdAss #ByeFelicia #bruuh,2,0,0.83027154,0.1415667,0.028161723
It is scary that Kris Bryant is the 4th best hitter on the cubs..,0,0,0.7201617,0.20797342,0.07186492
I want to see Shawn tomorrow :((((,1,0,0.5811304,0.17283349,0.24603605
Kobe Bryant ranked at number 40? #NBARank hope he  proves this ranking wrong. Lots of respect for him! One more reason to wait for Oct 28th.,2,2,0.025994048,0.06658913,0.9074169
"@user Still 2 weeks until the 1st episode so that is good at least. I hope it won't be like Love Rain or Fashion King, film until end lol""",2,2,0.018931473,0.075113446,0.90595514
@user @user @user Gay marriage is here today but don't think for a moment it can't disappear tomorrow.,1,0,0.73526895,0.22514951,0.03958148
"Mulcair, Harper and Trudeau still in close race after campaign's 1st phase. Leaders considering time-sharing the country.",1,1,0.08388587,0.8664619,0.04965222
@user take a pic with @user on Sunday PLZZZZZZZZZ!!!!!! The gays will die and go to gay glitter heaven!!!!,0,0,0.708289,0.2219906,0.069720395
I never had a good time\u002c I sat by my bedside\u002c with papers & poetry about Estella.,0,0,0.85363024,0.12064268,0.025727103
ready to go to Lexington with @user and @user for this game tomorrow night!,2,2,0.011674787,0.089416474,0.89890873
Floyd Mayweather says he will fight September 12th (again)... but no opponent yet  What do you think?  #boxing...,1,1,0.031880178,0.8977352,0.070384756
"""#mufc really need to sort their shit out! No defenders &amp; attackers! Stones &amp; berahino or Kane, may not be the best yet but would take them""",0,0,0.96162504,0.027898852,0.010476068
@user Hey are you going to Blue Diamond tomorrow? and are you driving? o:,1,1,0.027081298,0.8557415,0.11717717
@user @user they are ORGANISING this invasion with the help of 5th columnista Angela  MERKEL who is selling out Germany,0,0,0.9535606,0.035836,0.010603451
What made Aaron Rodgers so good in the final moments during Sunday's win vs. Mia... -,1,2,0.014793835,0.13375273,0.8514535
Saddest part is Christians give me the hardest time about it. Jews and Muslims? They know the score. 2nd Verse IS The First. Touch butts.,0,0,0.95635426,0.03253346,0.011112275
@user @user If the comment was in reference to the 'Charlie Hebdo' violent attack in january: it is no less repugnant. In my opinion,0,0,0.9279668,0.06005153,0.011981772
"""She may be trans, but she has 100 million to wipe away her tears from being discriminated against. I feel no sympathy for Caitlyn Jenner.""",0,0,0.9386294,0.048215028,0.013155535
@user We\u2019re on a normal recording schedule again\u002c Mondays around 6:00pm Eastern\u002c would that work for you one Monday? 2/2,1,1,0.041520197,0.8947036,0.06377614
Remembering former St. Louis Blues star Pavol Demitra today. He was a true talent & class guy all the way. A very sad loss for his family.,0,0,0.7056455,0.1273209,0.16703361
@user @user @user Nick are you going to see Madonna on this tour. I'm going on September 28 in Chicago. I can't wait!,2,2,0.010574195,0.043128245,0.9462976
Happy 15th birthday  to the greatest mobile phone of all time! Nokia 3310,2,2,0.016315127,0.037309244,0.9463756
And with Serena's 11th ace she wins the match vs her sister Venus,2,2,0.013803285,0.40496996,0.58122677
@user zayn left on the 25th. i guess i should have added 1d BUT,1,1,0.24201569,0.7003811,0.057603177
Indian Air Force may not go with Israel a second time,0,0,0.6884865,0.2852575,0.02625599
Josh Hamilton hit a two run homer in 2011 WS in the 10th with a sports hernia. If anyone with any decent fielding skills catches the ball...,2,1,0.24645822,0.65402436,0.09951736
Samsung will be unveiling the Galaxy Note 5 on August 13th,1,1,0.015228202,0.76371,0.22106175
"""Yeah, I get text notifications if it's supposed to be cardigan weather tomorrow @ Island Paradise Apartments",1,1,0.03138893,0.8376791,0.13093199
@user I miss my kitty.. he used to chase the sun reflection of my ipod on the wall..,1,0,0.4437708,0.28837967,0.26784953
@user Take a look at @user Tweet:  Hindus should not use RIP.  U can use it for Michael Jackson,0,0,0.7236148,0.24607737,0.030307878
DIRECTIONERS!! NOW WE HAVE TO PROVE THAT WE ARE A BIG FAMILY!! On Friday released video for the song little things,2,2,0.012798212,0.18528827,0.8019135
Friday night Knicks vs Heat if you not watching the game wit me dont fuck with me lbs I be engaged like a mf #KnicksNation #TeamMelo,0,1,0.40218183,0.4370975,0.16072069
Nokia n97 small fry - do the trick each and every devil-may-care in there with equal exclusive chromesthesia: WAvuVw,1,1,0.061989177,0.81814367,0.11986711
Harrogate is a Spa town and the site for the Great Yorkshire Show in July. This cottage is a great base for visiting,2,2,0.010059966,0.04368783,0.94625217
"""\""""John 3:16\u002cthe Fab Four\u002cthe 50 Yard Line\u002cthe 13th floor\u002c9/11\u002cthe Dirty Dozen\u002cwe\u2019re all waiting for the 2nd coming...Numbers\""""-JMC #GreatSong""",2,2,0.018340832,0.44566143,0.5359977
"@user we went to twilight races last Friday and it was great, EF markets food stall people would be a gr8 addition.#nextime""",2,2,0.015943645,0.034519393,0.9495369
Hope that The 3rd Hospital don't end up like Fashion King. Interesting in the first few episodes. But after that =_____=,2,0,0.67099434,0.24937396,0.07963176
PSA it's my girl @user 21st bday and were at Rum Runners celebrating come thru and show this fine DG some love,2,2,0.009274778,0.077354014,0.91337126
@user Hey Girl\u002c Excited to see the New Jersey Shore tomorrow! :),2,2,0.011696258,0.035261247,0.95304257
"""Some may find this childish, but I revel in it."" - Kurt Cobain 1967-1993",1,1,0.243843,0.5487043,0.20745273
"""My wife hates when I watch the sunset listening to U2. But I'm not the only one, staring at the sun.""",0,0,0.91419053,0.06756287,0.01824656
Amazon Prime Day sales up 18 per cent on Black Friday: Amazon has detailed its plans to make Prime Day an annu...,2,1,0.015974138,0.5736536,0.41037226
@user it's on Sunday huh? Do you know what time? Nia forgot lol,1,1,0.07121296,0.8388094,0.089977674
This may be unexpected but I found a very special lady with similar personalities! Nicki and Miley beef is over! @user,2,2,0.015591067,0.059490073,0.92491883
"""Starts Friday, August 7th, MAX, PAPER TOWNS, TESTAMENT OF YOUTH. Buy reserved seats online with no service fee at...",1,1,0.012884661,0.7824913,0.20462403
"""That was the best day of my life fam. I felt like a slave that got freed, or Derrick Rose passing the SAT. MAAAAAAAAAN....""",2,2,0.026476221,0.045657545,0.9278663
@user  But foreign intervention isn\u2019t helping but i think Qabiil is doing HEFTY damage in Somalia. It divided us in the 1st place,0,0,0.9583563,0.031893034,0.009750602
"Skimmed it  May not LIKE the SCOTUS decision but it's THE LAW. No offense, but your Pope? Climate Change? seriously?",0,0,0.91793925,0.06833862,0.01372208
the 1st Kendrick song I heard &amp; I knew I would love him forever after that,2,2,0.02544977,0.07478278,0.8997675
"""I'm going to be quietly singing """"John Cena sucks! John Cena sucks!"""" to myself for most of tomorrow. Well done, #SummerSlam crowd.""",0,0,0.9160456,0.0617922,0.022162162
I think if I wake up one day and realize that I am not married to Frank Ocean I may lose my mind.,1,0,0.88874614,0.08226361,0.028990265
The Paul McCartney concert may have sold out but the Ringo Starr concert is free if you buy 2 or more little Debbie snack cakes.,1,1,0.020896278,0.6906395,0.28846422
"This chick bid on the 1st showcase (bunch of Apple products). Rookie mistake. 2d showcase was a trip, a TV and a car. Her face was hilarious",2,0,0.81925815,0.13995339,0.04078846
@user Why am I not surprised that you blame #MUFC for Real Madrid leaving DDG bid till the 11th hour?,1,0,0.8788717,0.10597693,0.015151387
Acta gets the ax. Wrote about him and other managers on the hot seat on Tuesday,0,1,0.021012101,0.84756213,0.13142574
The fact that after I tweeted that\u002c Max the dog sat on my cold left-out foot...,1,0,0.86385274,0.1154913,0.020655958
Aus skipper Michael Clarke and fast bowler James Pattinson have been ruled out of Thursday's series- deciding final vs SL with injuries.,0,0,0.6838946,0.29042882,0.025676526
"@user -She began to feel a little offended by what he was saying.- """"Loki... Like I would report back to Thor. He may be my father +""",1,0,0.9232016,0.06422036,0.012577999
"""Bit behind the times, but Sharknado may be the best thing I've ever seen. #comedygold""",2,2,0.028265862,0.046602525,0.9251316
"""Market meltdown on the SPX is likely a 3rd wave, nice try to stop the crash, but they cant stop it now (well dont look like it)""",0,0,0.9208696,0.065866046,0.013264404
"""Sorry to hear Justin Bieber was beaten by an NHS choir. However justified the emotions, violence is never the answer",0,0,0.94700444,0.04080369,0.012191813
Planned Parenthood is WORLDWIDE. They have been Killing our babies by DESIGN as the plan was to send in #illegals / #refugees from 3rd world,0,0,0.9620399,0.02693354,0.011026549
The wildest lie I told a chick when I loved in ATL I told her I just got drafted to the Falcons in the 6th round before Google was poppin,0,1,0.39105707,0.49651965,0.11242334
Wilshere didn't play for Arsenal on Saturday and most papers report he's 'doubtful' for Newcastle. Why would there be an England 'row' ?,1,0,0.69953215,0.27934372,0.02112404
"""Lmao, I swear I couldn't stomach Naruto anymore when they came out with Shippuden. I had to peace out.",0,0,0.929384,0.053257946,0.017357996
"""Zayn's hair is dark in the 1st and last Insta post but in the middle, his hair is silver...""",1,1,0.05596573,0.8468608,0.09717343
"""Honestly, Justin Bieber's music could disappear of the face of the earth tomorrow and I couldn't give any less of a fuck.""",0,0,0.95550114,0.03110695,0.013392003
D.J. King Suffered broken right hand in fight with Krys Barch Oct 24 2009 stlblues vs Dallas Stars; missed 3+ months,0,0,0.826757,0.15395081,0.019292152
#Jets #Jetsnation on my way to #NYC.Will be on @user tonite on JetsInsider at 7pm!Can't wait to talk Jets and #NFL. Everybody check it out!,2,2,0.009653974,0.04148689,0.9488591
What would happen if Thor just sat his hammer down on top of somebody?,1,1,0.12316061,0.79861104,0.07822833
Thinking neighbors probably don\u2019t have work tomorrow. So\u002c it\u2019s cool if I turn up the Judas Priest and just rock out all night\u002c yeah?,2,2,0.0344602,0.37466624,0.59087354
"@user Can I please have a follow, I need someone to obsess with over AHS by Wednesday""",1,2,0.024183286,0.27114505,0.70467174
First football match of the season today and Foo Fighters tomorrow #IfCarlsbergDidWeekends,2,1,0.011494011,0.6238854,0.3646206
Highly doubt that iPad will be covered during the #AppleEvent tomorrow.,0,0,0.75268257,0.22000782,0.027309574
Do you know who Paul Dunne is? He may make history tomorrow. Hear how! @user has details now!,2,2,0.008541608,0.20433362,0.7871248
"Shay with Bentley and Bella, in their sunday best :)",2,2,0.00904361,0.14609906,0.84485734
Romo finished 2nd at ACC again!: For the third consecutive year Tony Romo finishes second at the American Centur...,1,1,0.012498368,0.5477787,0.43972293
"""As Super Eagles head coach, Sunday Ogorchukwu Oliseh enters day three of his active period in charge of the...",1,1,0.017755143,0.88006485,0.10218004
"""LMFAO Hulk Hogan really got fired on his day off.  On a Friday, man.""",1,0,0.8908418,0.09045146,0.018706772
Sometimes I just feel sorry for messi and cr7 that such immense talents may not add the world cup to their laurels....fuck!!!,0,0,0.9426719,0.04016342,0.017164767
"@user If Spurs complete deals for Dempsey and Moutniho OMD! add that to the players they have, they may be better loooool cant believe it""",2,2,0.023039712,0.08495749,0.8920029
Why Muslims always fighting with Muslims....shameful history of Muslims....except prophet time to 4 Khlifah,0,0,0.9548196,0.03413993,0.011040403
Shows on the Great White Way were cancelled Sunday and Monday and Radio City Music Hall al,1,0,0.6621565,0.30989224,0.027951278
"""\""""@JazzzyyJ: this is the first Thursday in a long time where i didn\u2019t get to see @user :( #HowSad\"""" Skype counts (:""",0,0,0.92998385,0.050752662,0.019263538
"""wait, don't tell me he ranked 7th? as Fashion King, really?""",0,1,0.26393935,0.6572555,0.0788052
Donald Trump Hopes to Run Against Kanye West in 2020: Every since Kanye West announced Sunday that he pl... #news,1,1,0.033928726,0.8836205,0.08245078
@user Tomorrow then announces that Alonso is going to Ferrari and Vettel signing? Greetings.,2,1,0.019218165,0.8497298,0.13105206
"""In a world where Kanye West is president and Miley Cyrus performs a song saying she smoke pot and love peace, I may as well kill myself!""",0,0,0.94272083,0.043962657,0.013316509
"""With the federal budget deal signed into law, people 70+ may be able to make large charitable gifts from an IRA.",1,1,0.3667178,0.5697892,0.06349305
@user ha.finally i can add you in my circle and come to close to talk with you on 11/6...yeah.1st time to see real Jeremy Lin..so excited..,2,2,0.011085479,0.04965742,0.939257
Back to our normal schedule tomorrow! Get the kids to school and get yourself to YOGA!!!   9:15 -   Vinyasa...,2,1,0.015633065,0.55054665,0.4338203
I think the Sun should consider suing the BNP over this -,0,0,0.9097413,0.07442131,0.015837476
Celebrity Big Brother reminds me of that Simpsons halloween episode when all those awful celebrities are on a plane to the sun.,0,0,0.94580996,0.041152146,0.013037919
25 - It has been 25 matches since Messi last produced a hat-trick for Barcelona. His next will be his 25th for the club. Omen?,2,1,0.013458824,0.6723424,0.3141987
If the sun is shining down on you today.....thank george harrison and smile because little darlin' it's alright.,2,2,0.014673481,0.060508866,0.9248176
horrible headache! day of packing ready for my trip to scotland tomorrow!,0,0,0.94270134,0.038720403,0.018578252
@user Fuck CC. Curtis may have been the villain but let's not forget just how complacent CC was in throwing Effie under the bus,0,0,0.9514479,0.038044125,0.010507882
Peyton Manning may have been in the Calvin Fitness Center this afternoon #LookalikeAlert,1,1,0.027099134,0.88262486,0.09027594
The complete 5th season of #Dexter is available on DVD today! Or you could just watch it On Demand..,2,2,0.00902673,0.2156227,0.7753506
"@user Thanks! The result may be more Sidney Crosby than Lanny McDonald, but I will post my pics with pride either way ;)""",2,2,0.014585701,0.084789656,0.90062463
"""Jersey Friday, Danny elfman, does it get any better? @user @user",2,2,0.015627459,0.08318164,0.9011909
@user @user @user well if thats the case the Kane and Eriksen got us out of the shit last season and got us 5th not Poch,1,0,0.82146096,0.15271975,0.025819331
Smart money says Rick Perry will be the first to call it quits. He may be a winner in Texas but not nationally.,1,0,0.65172136,0.28807214,0.060206555
Holy shit. Rebecca black donated all her earnings from Friday to help the Japan Earthquake. This changes everything.,2,1,0.23920129,0.44471014,0.3160886
Read all about @user defending his WBO title at the Staples Center in LA on November 10: #boxing,1,1,0.011187057,0.76835334,0.22045961
"""How did Dylan Quirk not make the Vic 19's. He kept to James Pattinson, Darren Pattinson and Peter Siddle in a 1st grade Grand Final at 15.""",0,1,0.18844509,0.76022357,0.05133127
"""Piers Newbery : @user  Murray breaks back in the 3rd, huge roar, crowd loving it. Not sure Lamps expe......",2,2,0.011180348,0.091938674,0.89688104
"@user you think mr.Calle let practice with you guys ,cause I don't have practice tomorrow ??..""",0,1,0.10059774,0.8394205,0.059981726
I\u2019m going to Romeo Santos at ESTADIO OLIMPICO in Santo Domingo\u002c Dominican Republic - Dec 15,1,1,0.022098891,0.8844629,0.09343817
can't wait to see the anderson silva fight saturday woop woop,2,2,0.011226411,0.044055786,0.9447178
check this out Cyborg says she wants to fight Rousey in April: Cyborg says she wants to fight ... #sports #online,1,1,0.02071195,0.8594535,0.11983459
Diego Costa a doubt for tomorrow. Then again he's been a doubt for half Chelsea's games this season. #cfc,0,0,0.70624936,0.26891416,0.024836445
"Everytime I watch the 4th Harry Potter, a part of me still thinks that maybe Cedric will return to the port-key... But he never does *cries*",0,0,0.79546297,0.1539818,0.05055515
"""OK, So Hulk Hogan may have took it a bit too far this time...",0,0,0.8863589,0.094661325,0.018979738
Danny Care may be the best scrum half England have but he\u2019s still a massive c-bomb,0,0,0.5424864,0.22724889,0.2302647
I can\u2019t wait til Saturday! I\u2019ll be there 4 the pregame show tomorrow\u002ci love college gameday &I\u2019m glad Gameday is here at LSU!! GEAUX TIGERS!,2,2,0.015233218,0.030280082,0.9544867
@user it comes out NOV 13 if it does come out.  Nintendo is notorious for rumors trust me ha,1,1,0.3641438,0.5524135,0.0834427
"Who would you rather have as a 5th Member: Michelle Obama, an Ewok or The Sneezing Panda. #iHeart5SOS",1,1,0.053092584,0.83865786,0.10824958
Floyd Mayweather may have beaten Pacquiao but I bet you a billion dollars he couldn't beat Kelly Robinson,1,0,0.5803102,0.360059,0.0596308
I may have threw up in my mouth and screamed a little when the trailer came on before Paper Towns,0,0,0.8196557,0.14271326,0.037631057
"""(via @user Alessio Cerci thought he'd scored for Atleti, ref deemed handball, 2nd yellow, off. Harsh.",1,0,0.7072492,0.2663525,0.026398238
Great to see Paul Dunne &amp; Padraig Harrington in with a chance to win the 2015 British Open at St.Andrews on Monday.,2,2,0.009112975,0.06857222,0.9223148
Democrats call on Lt. Gov. Ard to resign: Democrats called Thursday for the immediate resignation of Lt. G...,0,0,0.7685752,0.20945095,0.021973802
Mass with the bishop of the Diocese of Raleigh tomorrow. I feel like I need it.,1,2,0.019838251,0.116613775,0.863548
ugh why everyone going to Athens Saturday night. go Friday!,0,0,0.8946731,0.083829306,0.021497631
@user No way she makes it past the 1st rd. She has had a rough transition to MMA she is in no way near prepared for Rousey,1,0,0.8966635,0.085631035,0.017705511
Come scoop meRT @user I gotta go shopping tomorrow! I keep putin it off. Ima fuck around &amp; ain\u2019t gone have shit to wear to Gotti,0,0,0.93561304,0.049585674,0.014801337
Can it be thursday yet i wanna watch tom brady fuck somebody up,0,0,0.48858985,0.32110047,0.19030961
June 7-8 Red Sox at Giants. Who's down to go and boo from the 3rd baseline?,0,1,0.023400512,0.85691935,0.119680144
@user hey Lou I got a good deal on a bunker I can sell you on Nov 7th  #rightwingparanoia,2,1,0.08557761,0.61768967,0.29673275
Iqaluit just wouldn\u2019t be Iqaluit without the drunks screaming at each other on a Saturday morning ... depressing buggers.,0,0,0.9625971,0.026030876,0.0113720475
"""Wondering what you made of 1st episode of Jimmy McGovern's 2nd series of 'Accused'? In my view, Sean Bean good but Stephen Graham excellent.""",2,2,0.017160993,0.20758876,0.77525026
Double Eviction Night tomorrow! A week of Big Brother in just one night! Gotta see it tomorrow!  #BB17,2,2,0.011336652,0.18766934,0.800994
Could be an Iron Bowl Sunday in Greensboro on PGA Tour with Bud Cauley and Jason Dufner near the lead. And UGA\u2019s Harris English.,1,1,0.018746328,0.91033286,0.07092083
anyssa just said that when the boys started singing c'mon c'mon at WWA all she thought about was me,1,2,0.026381562,0.46353242,0.51008606
Imma cry if Cena win the WWE Title this Sunday. There is no way he should tie Ric Flair's record for most world title reigns,0,0,0.74981785,0.18205392,0.06812831
"""Meet recruiters from Deloitte and Touche LLP, FedBid, IRC, and more at the Job Search Crash Course next Tuesday:",1,1,0.01260057,0.8396296,0.14776988
On my way to see Paper Towns for the 3rd time... I have to surrender my goal of seeing it 9 times because I'm moving:(,1,0,0.93351895,0.047812235,0.018668767
Ice Cube son and @user to do an our generation Friday would be the DOPEST thing ever!!!,2,2,0.016245425,0.050579853,0.9331747
Windows 7 brain damage this evening. Apple should just buy Microsoft and crush the life out of it. Please.,0,0,0.9621297,0.02612007,0.011750265
"""Oddly, Dustin Johnson may be better served to play the final round chasing not being chased. He can play to win, not play NOT to lose.""",0,1,0.3633608,0.5759896,0.0606496
"""remember when ashton tweeted me about the 1st atlanta meetup :,)""",2,2,0.018661074,0.23883101,0.74250793
Wouldn't it be an irony if Yakub's hanging goes ahead as planned tomorrow coinciding with Kalam's funeral? Just asking! @user,1,0,0.7999804,0.18003157,0.01998804
Kinda want to go to Anatomy tomorrow but I don\u2019t at the same time.,0,0,0.75918645,0.19889356,0.04192
It\u2019s been in the 50-60s all week. This weekend its gone be back in the 70s then on Monday its droppin back down to the 50s. fuck ATL weather,0,0,0.9271898,0.057058234,0.015751932
"""Came 6 hours before the Ed Sheeran concert began,i waited in the hot sun and almost passed out with barely any water.But it was so worth it""",2,2,0.033219613,0.09228384,0.8744965
Damn Drexel and Penn have canceled classes for Monday and Tuesday due to the hurricane.,0,0,0.9375783,0.049086954,0.013334713
"""RT @user Fire up the outrage machine, because Channel 4 are showing Four Lions as part of a 9/11 anniversary season: ...""",0,0,0.63793004,0.3284584,0.033611532
The best thing about a Thursday night is definitely Celebrity Juice #hilarious,2,2,0.018633462,0.036786642,0.9445799
i wanna party with justin and get really drunk then fuck like theres no tomorrow,2,2,0.21053769,0.39449018,0.39497206
The problem with America is not the politicians. It's the Christians that won't come to Sunday night church and Saturday soul winning.,0,0,0.94038,0.04802274,0.011597346
"""Today Rugby will take on Dollar with 16:30 KOs. At HOME we have 1st, 2nd &amp; S Colts XVs, while Colts A, JCA, Colts B &amp; JCB XVs are AWAY.""",1,1,0.016083963,0.8998578,0.08405819
Mighty Quinn: November 14: And the the winner is ... Curtis The Boxer:,1,1,0.013670203,0.74128306,0.24504675
"""Seriously, you's fault is that Alonso doesn't have his 3rd (and possibly 4th) WDC yet?? I am sure we all know the answer.""",0,0,0.91344965,0.073872134,0.012678207
"""#MCFashion Make your Friday morning a happy one, watch as Brad Pitt breakdances with Jimmy Fallon:",2,2,0.008879813,0.06748995,0.9236302
Just bought my ticket to go m watch the Romeo Santos concert in theater. Nov 5 needs to hurry up!! I\u2019m so excited,2,2,0.013722363,0.036401603,0.94987607
@user Glam Girls want to invited everyone to enjoy Halloween with them tomorrow at The Grenader on Riverview and Rosedale from 5-8pm,2,2,0.0085223485,0.14396875,0.84750885
Nirvana on the raido. Nice start to friday.,2,2,0.011545014,0.054144904,0.9343101
@user  well they believed the sun when it talks shit about ZAYN but now the sun is the ultimate liar.,1,0,0.9424932,0.04579224,0.01171457
@user the DBS I get there name tomorrow and ray Lewis is still talking bout u Anit going in the middle lmfao,1,1,0.1255376,0.80355906,0.07090326
"""Was going to play DA but man I'm so fucking tired I may just go the fuck to bed. But Twilight is up to 22k, yay ^_^""",1,0,0.589904,0.15246461,0.25763133
Happy Saturday! Today we're listening to @user cover of Sam Smith! Listen to it with us!,2,2,0.008262168,0.0588831,0.93285465
Did you know that 'Rahul Gandhi' was Trending Topic on Thursday 20 for 8 hours in Hyderabad? #trndnl,2,1,0.013748911,0.6302742,0.3559769
@user JELLY. Mine won't be here until Friday because Amazon are tight with shipping dates :(.,0,0,0.75762343,0.09231494,0.15006159
"@user @user Not just Christians, you are in the prayers of """"all of us"""" humans.May you stay safe and be free soon!God bless.""",2,2,0.063790336,0.09634691,0.83986276
Nokia n97 microcosm - bear down upon the whole direct over and above utterly comprehensive march: OUYtuJ,1,1,0.041091416,0.83834046,0.12056816
Drake\u002c lil Wayne\u002c dr dre\u002c wiz\u002c Mac\u002c all dem haters gonna be jealous of our tweets in the sun rise motha fuckas @user,0,0,0.61921173,0.3223427,0.05844556
@user wanna go see legally blonde at north at 2 on saturday? i told your mom already but i need to make sure they have tickets if ya want,1,1,0.022211703,0.77689624,0.20089205
"My 9th Grade Art Teacher had her iPhone stolen from the classroom, someone took the SIM card out so she couldn't track it",0,0,0.92143977,0.063073255,0.0154869845
"Michelle Obama, Barack Obama: Honor Colored Girls on February 28th (the last day of black history mon... via @user",2,1,0.035295684,0.6999895,0.26471484
This new shirt\u002c with a quote from Dr. Seuss\u002c reminds us that weird we may be\u002c but love is just as weird!,1,1,0.07752935,0.5170386,0.4054321
@user why doesnt Sony promote 1st party games? AC3 commercials are on tv all the time. And no one (cont),0,1,0.46340618,0.49740505,0.039188724
Dallas Stars forward Jamie Benn has signed with the Hamburg Freezers in Germany. He could make his debut against Mannheim on Friday.,1,1,0.014578219,0.8810294,0.10439236
Why Oracle just bought a marketing company called Maxymiser  Oracle on Thursday announced that it was buying New...,1,1,0.03048752,0.86609715,0.1034153
(cont.) weeks and Hyung Jun didn't even perform on the major music shows,0,0,0.5398497,0.42580697,0.034343336
Kendrick giving a free concert in watts the 22nd.... Who's going w me,2,1,0.01676129,0.5715597,0.41167906
"""Military seizes vehicle laden with Boko Haram fuel, drugs: Nigerian troops said on Tuesday it had made a numbe...",0,0,0.83559704,0.14795147,0.016451426
21st of August and still wondering where Zayn is I hope he's okay,1,0,0.6236806,0.26290494,0.113414414
@user Cuba. :) I'll tell you more after I book it tomorrow and before I leave Sunday!,2,2,0.011280469,0.25875595,0.7299636
Apparently it's National Hot Dog Day today! May have to get some for dinner.,2,2,0.010507321,0.07632827,0.91316444
Paul McCartney playing as the sun sets in Chicago was definitely one of the most beautiful things I've ever witnessed ok,2,2,0.02325793,0.04407119,0.9326709
@user The night Matt has a place in Ypsi and we are going to State Saturday,1,1,0.01572072,0.86759216,0.11668712
"@user how was the series, SAC 2nd gig? Love music, coz its Yoko Kanno! Cowboy Bebop music creater!""",2,2,0.011781198,0.05049262,0.9377262
might be going to the spurs match on saturday,1,1,0.018906413,0.7530047,0.22808892
Trying to keep up with Scott Walker's position on the issue of the 14th Amendment is about as easy as herding cats.,0,0,0.89576614,0.086871274,0.017362626
Chris's boss gave us tickets to the Sam Smith concert tomorrow. We're probably not going to go but what a nice gift.,2,2,0.015870433,0.04905175,0.9350778
May have smoked a blunt with Jay-Z at the @user show last nigh trying to remember..No big deal but i want his connect shits fire !!!,2,2,0.050233196,0.1570507,0.79271615
Kendrick Lamar getting all 11 Grammys on Sunday would be the best birthday gift ever.....,2,2,0.019717049,0.058591813,0.9216912
Hillary will not make history as 1st female Pres. She'll make history by being 1st Pres candidate to be indicted on criminal charges.,0,0,0.8806726,0.10094221,0.018385189
Dustin Johnson doing it again on a major Sunday. Unreal.,2,1,0.06561213,0.55124456,0.38314328
Walking through Glasgow in the pissing rain then George Harrison's dulcet tones appear on my earphones with 'Here Comes The Sun'. Nice.,2,2,0.01593641,0.13743451,0.84662914
"""RT @user RT @user Nigeria play England in the Round of 16 on Wednesday 10th, at 11PM Nigeria time #U20WorldCup""",1,1,0.019186487,0.8995211,0.08129251
@user I'm about that Xbox life fam. But I'm thinking about finding a deal for a PS4 on Black Friday. You?,1,1,0.026351245,0.5841445,0.3895043
Sunday night lounging! Jett Lounge is the destination! Big LEO celebration! Everybody free all night! Pool t,2,2,0.00838347,0.19609626,0.79552025
"happy bday to the amazing @user #Beyday big love to you, Jay-Z and Blue Ivy. may ur family continue to amaze this world. loves x",2,2,0.016795255,0.031546652,0.95165807
A piece of me will die tomorrow morning if Sam Smith is singing the new Bond theme,1,0,0.7743297,0.17582951,0.04984079
"""#IWishICouldForget about my """"Katy Perry"""" headgear I had in 9th Grade :((  I do love my teeth now tho;)",1,2,0.36861134,0.16331092,0.46807772
Duchess of Cambridge reveals Prince George thinks he is three: Prince George may have just turned two but his ...,1,1,0.020192398,0.6919308,0.28787687
Frank Gifford was the only sportcaster to do both play by play and color commentary for Monday Night Football. #funfact,2,1,0.020485917,0.6837212,0.2957929
@user Bobby Jindal may care about Planned Parenthood but he's a crappy La. Governor,0,0,0.95227075,0.03636885,0.011360455
@user I\u2019m not sure I\u2019m going to Brownsville tomorrow,0,1,0.41813168,0.54269016,0.039178204
"Reserve your spot for our next Party Camp! Programming &amp; video creation with Minecraft! Starting Aug 31, grades 1-3",2,2,0.00907393,0.40831792,0.58260816
@user lmao i sat here for five minutes like what the fuck did i do to courtney???? Ha damn........ -__-,0,0,0.9254714,0.057905875,0.016622746
Damn Rivergate Skate Center used 2 b the spot to b on Friday the 13th.,1,0,0.5765232,0.32825252,0.095224224
@user No one can hold a candle to queen coco. If she\u2019s still doing shows in August for my wedding we HAVE to go!!!,2,2,0.048527043,0.08625573,0.8652172
No! R u sure? I didnt even know Milan is polluted . I thought all time is cleaned. To know I'm in LA to take the sun .,1,0,0.68277705,0.28014275,0.037080172
"""AP Top Stories December 15 A: Here's the latest for Tuesday, December 15th: Saudi Arabia forms coun... #USA #News""",1,1,0.02207144,0.8756343,0.10229429
@user | That way\u002c the Orange Bowl would always be a part of me. I think it was a wise choice. Shit\u002c is it Thursday yet? Game time!,2,2,0.06618224,0.13226335,0.8015544
In Context: Scott Walker and 'birthright citizenship' - If it's Tuesday it must be... via @user,1,1,0.3562153,0.5949484,0.04883634
Harper Lee's second novel Go Set a Watchman may be block-buster; but the big read is Charles Dickens' All the Year Round.,2,1,0.01678579,0.5871147,0.39609954
Tune into Reelz tomorrow at 7pm CT to support Alpha Mu's Rebecca Dunn in the Miss USA pageant. Go Becca! We love you!,2,2,0.010182945,0.04868697,0.9411301
"Oh is there really a 2 hour delay tomorrow oh didn't know so keep posting it""",0,0,0.51932997,0.43264705,0.048023
I'm coming back to to Dayton November 15th for half the day. Pretty excited to see everyone again,2,2,0.010630626,0.03802155,0.95134777
A woman called Nicki a wee bitch and spat because she sat down in front of her on the 11,1,0,0.91518015,0.070056126,0.014763646
New post: Monsanto wants to replace the bees they are killing with genetically engineered flying ants,0,0,0.9216293,0.06456651,0.013804177
Sam Smith's Bond Theme Song For 'Spectre' Drops September 8: Report: Adele sang the theme song for Daniel Crai...,1,1,0.012387408,0.7723926,0.21522002
CHICAGOANS: Happy Casimir Pulaski Day!!!!! Wherever you are\u002c find yourself a pierogi and celebrate!!! #Pulaskiday,2,2,0.010581819,0.04520853,0.9442097
"""Charlie Sheen's \""""winning\"""" ways get roasted on TV: LOS ANGELES (Reuters) - He may have looked like he was \""""...",1,2,0.02609519,0.4394313,0.53447354
@user watch adele release it late december and block the charts... and then when she's done sam smith is coming,2,1,0.18730819,0.7282654,0.08442642
"@user  - when is the last time Christian hung gays?  i'll tell you the last time Islam hung gays,  yesterday, today &amp; tomorrow, etc, etc""",0,0,0.55990666,0.40803945,0.032053888
Sick of a Congress beholden to special interests? Voice your concerns at the FEC public forum on October 9th RSVP:,0,0,0.91753995,0.070236765,0.012223212
Not making it to the main debate stage may not be such a bad thing for Carly Fiorina,0,0,0.7935291,0.17673635,0.029734574
I really hope the weather picks up for Saturday and Sunday! A wedding and Foo Fighters,2,2,0.010751082,0.06217103,0.9270779
*counts down the days until October 6th and blesses Amazon Prime shipping* @user,2,2,0.01481542,0.1473466,0.837838
"""ffs Louis is the fucking sun, Niall is holding his damn guitar, Liam is the only one singing seriously &amp; no one knows wtf Harry's doing""",0,0,0.7583924,0.198822,0.04278557
@user @user Does practice of ALMAJIRI in d north make it ISLAMIC. MUSLIMS may at times not practice ISLAM,1,0,0.8519102,0.12957853,0.018511267
Omigod omigod omigod... the biker jacket I've had made in Hoi An is PERFECT! A few alterations to the dresses to check tomorrow. Can't wait!,2,2,0.0147554325,0.03784526,0.9473993
49ersParadise HOP: Pick your poison: Eliminating Vernon Davis comes with a price [BEE-BLOG]: Mon\u002c 29 Oct 2012 8:...,0,0,0.70099473,0.27411166,0.024893574
i honestly cant wait to get out of greensboro with @user  tomorrow!,2,2,0.022312429,0.058128927,0.9195587
"""Just out of curiosity, why doesn't Dean Ambrose have a match Sunday? And why did we get gypped out of seeing him wrestle tonight?""",1,1,0.3620814,0.60282964,0.035088893
"""According to rolling stone, Kurt Cobain is the 12th greatest guitarist of all time... Somebody actually thinks this and it hurts me.""",0,0,0.7883639,0.13015035,0.08148578
I don't agree with Germany bailing out Greece for the 3rd time.Angela Merkel is retarded and this New World Order is a senseless stupid idea,0,0,0.96185845,0.027905624,0.010235873
"@user @user Supporter of Israel who backed Israels assault on Gaza. Now has the nerve to say """"it may have been too much""""""",0,0,0.9467147,0.04321051,0.010074717
Who are the danger men Newcastle Utd have to look out for on Sunday against West Brom ?,0,1,0.3827458,0.5864743,0.030779941
I really want the Kurt Cobain album coming out in November,2,2,0.022412885,0.111545585,0.86604154
LIES!You said that on Lana Del Rey's new album there was a collab with Sam Smith and guess what? It's a fucking lie!,0,0,0.93169135,0.052511122,0.015797522
Ah bollocks. I liked this guy's Israel stuff but looks like he's a dud.,0,0,0.9555714,0.03184697,0.012581549
National award won by our amazing events team - our annual conference was rated best association conference in the UK!,2,2,0.012375785,0.037529103,0.95009506
"""Ancelotti says Khedira recovered and is ready to play, although not completely match fit. Imagine he could get minutes tomorrow #realmadrid""",2,1,0.036663763,0.8080002,0.15533604
Is it coincidence that the Jets wear green?  Celebrate Halfway to St Patrick's Day this Sunday with NFL Football!...,1,2,0.009701064,0.15702662,0.8332724
@user I think we all knew it would come to this. We sat through 4 yrs of watching a hatred for the POTUS build up. And here we are,0,0,0.9460353,0.0428644,0.0111002475
Rt @user #Mariners drop Cactus League game to the #Whitesox 5-0. Return to Peoria tomorrow to face Colorado on @user ...,1,1,0.28883237,0.6681211,0.043046545
Lorax is on for the 3rd time today! Dammit I was tryna hold off on finishing this book\u002c Can\u2019t put it down #Reading,0,0,0.6706056,0.14502864,0.18436572
When you were gonna get some Netflix and Chill sex tomorrow but you start your period,0,1,0.34371868,0.51271796,0.1435634
Down to 2 at the final table. Merson and Sylvia. No shame for the kid Balsiger. 3rd place and $3.8 million is great for the 21 yr old.,2,2,0.018290678,0.1383052,0.8434041
Kerry hopeful Israeli-Palestinian talks can be relaunched: US Secretary of State John Kerry said Wednesday he ...,2,1,0.03419486,0.82846564,0.13733953
Sat next to a woman on the plane today who flipped through photos of her cat on her iPad the whole time. #spiritanimal,2,1,0.37110758,0.5246248,0.104267605
@user well I figured out that you have to get on the computer to make a league. The boys will have to help us tomorrow! Hahaha,1,1,0.028274836,0.66460896,0.30711618
@user is this one of your little jokes like Elvis playing at the Marquee  next Tuesday?,0,1,0.033052884,0.86249346,0.10445367
Sharknado 3 may have overdone it just a little bit. And that's saying something for a Sharknado movie.,0,0,0.9164827,0.06694316,0.01657421
Floyd Mayweather fights next Saturday and no one is talking about it lmao,1,1,0.09497777,0.6647717,0.24025057
"If Cena ties Ric Flair's 16th World Titles, that will truly be a slap in the face of Flair. Ridiculous #RAW",0,0,0.94767094,0.040376406,0.011952739
Jiujitsu test tomorrow... I think it might be the first time im nervous about... Anything in almost a year,0,0,0.92121434,0.06159709,0.017188618
"""Where vanished """"candle brigade"""" which used to march on every terror attack, demanding justice? Wud U march with candles to """"HANG"""" Yakub?""",0,0,0.84510684,0.13892317,0.015970018
You mean the Iraqi's that have decided to side with Iran and are basically a satellite of that country? Yawn.,0,0,0.93823856,0.050458573,0.011302896
Learnt a valuable lesson on Saturday. When your in Oldham and you tell the the taxi driver to take you to town\u002c he won\u2019t think you mean Mcr!,1,1,0.2718393,0.554587,0.17357375
They tried to pull a fast one and say today is Margarita Day but that is false. We may be drinking margaritas but it is not Margarita Day!,0,0,0.890066,0.0905936,0.01934036
Sorry by Justin Bieber has come on and I'm having flashbacks of screaming and stomping along to it with @user last Wednesday,1,2,0.105373986,0.42946708,0.4651589
@user Yes!!!! Lol. I think Andy mentioned her on the July 12th show and Audrey actually mentioned him on Big Brother too lol. Loves him.,2,2,0.011108956,0.05039836,0.93849266
I really thought HISD didn\u2019t have school tomorrow because it was Christopher Columbus day.,0,0,0.59757495,0.35284334,0.049581707
"""There you, go, Vermalen. You don't clear it, and disaster strikes, especially if Van Persie is in the area. ManU up, 1-0, in the 3rd minute.""",0,0,0.93603206,0.05400684,0.009961035
Off to Swansea tonight.  Hoping for sun on the beach tomorrow #optomistic,2,2,0.010253932,0.18309139,0.80665463
Kirko Bangz is the weakest nigga in the game i smoke weed with that nigga in 8th grade off  edgebrook i thought he was lame then n still do,0,0,0.9580108,0.02990609,0.012083153
"""Due to me watching Paper Towns tomorrow, I made it my goal to read the book today. I finished it in approximately 10 hours. #ExcitedAF""",2,2,0.01173476,0.058784813,0.9294804
Kendrick Perkins may have the worst goatee in all of sports.,0,0,0.95163304,0.0335312,0.014835852
"""Never mind TFI Friday, I wish he  would bloody end his Chris Evans &amp; His Celebrity Chums Chat Show on Radio 2.""",0,0,0.954797,0.03420587,0.0109971
Intrigued by the mentions of alternate realities in this review of David Bowie's Lazarus:,1,2,0.025432177,0.36972997,0.6048379
February 13 is going to kill me @user @user @user thanks for skipping Indiana -.-,0,0,0.95863473,0.026229305,0.015135949
Chelsea need to beat Ajax to keep up there battle with Ajax for 2nd place #NextGenSeries,1,1,0.0437175,0.80735546,0.14892703
"""Why is there rumours going around saying Lady Gaga's 5th album is titled 'Scorpio Moon""""""",1,1,0.14912756,0.7747242,0.07614831
@user Bobbi Kristina just favorited my tweet retweeted me and tweeted me all in the same day. she helped me to say hello 2 September,2,2,0.01211714,0.09589804,0.8919848
"""First day back at work proper and it has been manic and fuck it, I'm booking that to go see the Milan derby in Jan as a late bday trip!""",1,0,0.8737834,0.098347425,0.02786914
well...i wanted to go to the black forest tomorrow and take pics of the leaves. now i\u2019ll have to take pics of the snow. #thanksweather,0,1,0.24808404,0.5861108,0.16580519
"For sure just Missed my exit because was singing to Mariah Carey way too full out. Happy Friday, all.",1,2,0.056572687,0.14316434,0.800263
i suspect RBI may be next in line.. either there is going to be rate custs.. of RBI gov on way out ! @user @user,0,0,0.70027,0.27289394,0.026836079
Need a Friday marathon one of these weekends. Just laugh while Ice Cube's belly gradually grows and his mean mug gets meaner with each movie,1,1,0.29869688,0.42676812,0.274535
"""Also this: Multiple sources told me the Red Sox did confiscate signs in support of Orsillo at Fenway last Monday, despite denial from Sox.""",1,1,0.24690315,0.71078444,0.0423124
@user make u register for the undergrad summit in ATL jan 25-26,1,1,0.046119235,0.8796044,0.07427634
Oh goodie: that game no one liked about the blind girl hits PS4 tomorrow.,0,0,0.5151619,0.3717826,0.11305559
E L James\u2019 writing caliber is that of a 2nd grader. Throw in some bondage though and you\u2019ve got a best seller,2,2,0.11648207,0.4316227,0.45189518
'Game of Thrones' just cast a character who may have a huge role next season #GameOfThrones #GOT #GOTonUBOx #UBox,2,1,0.010649223,0.56851405,0.42083666
Chris Brown for the 5th touchdown of the night!! 38-3 #GoIrish,2,2,0.011022562,0.30903062,0.67994684
Google results are localised so I may well only show up so high if you're in the UK.,1,1,0.18363847,0.75754523,0.058816306
"""Also Monday night, eat at Maverik Center as we debut Little Italy at the back of the concourse with seating for 70 people. Check it out!""",1,1,0.009433626,0.716486,0.2740803
"""PSYCHED that Jeff Shaara just released the 1st of 3 new books! """"""""Blaze of Glory"""""""" about the Shiloh &amp; the Western theatre of the Civil War!""",2,2,0.01015989,0.049923338,0.9399168
"""If it weren't for Christians, the Aztecs would never have stopped killing babies (like Planned Parenthood does.)",1,0,0.9360927,0.050515532,0.013391822
"""Kris Bryant is the 4th best base runner in the league, according to the stat BsR... Didn't expect that""",1,2,0.04842867,0.22588113,0.7256902
Durant will demand a trade after the Heat win their 3rd straight title,1,1,0.092073634,0.7942306,0.11369576
"I don't go to the Stampede parade either, but, I still support it. Pride parade isn't a mandatory event.",1,1,0.33145955,0.5378806,0.13065986
Sharon Stone Gets 'Persuasive' at amfAR Gala: Saturday night's event at the Permanente Museum drew a mix of film...,1,1,0.01274453,0.70816725,0.27908823
The crisis b/w Turkey &amp; Russia may be the proximate cause for Ankara for renewal of ties with Israel @user,1,0,0.8494231,0.13352339,0.01705348
"@user @user tomorrow morning u will get reply, yakub will be hanged. India is not going to be govern by presstitutes,""",0,0,0.89462405,0.09080223,0.0145736635
""":""""Scott Walker 14th Amendment Days after saying he wanted to end birthright citizenship, the Wisconsin governor says he doesn't."""" Flip-flop""",1,0,0.8947334,0.09191746,0.013349082
&lt;Desiree&gt; The Royalton Riviera Cancun is very kid-friendly! Curtis just found out that he may not get to go on...,2,2,0.075689934,0.32838097,0.5959291
@user this is the exact reason why I don't preorder Friday releases from Amazon. They always push it back to the Monday delivery.,0,0,0.9425379,0.044083085,0.013379093
"BREAKING PROPHECY NEWS:  Today, I present to you the 2 Horns of the False Prophet. Yesterday Friday, Erdogan was...",0,1,0.3903365,0.55613613,0.053527355
#tbt WWA Concert back in August. Best day of my life!,2,2,0.017777655,0.04237653,0.9398458
"#parttimeproblems Call in tomorrow. Call in- No, goddammit I don't want to know who wrote Jurassic World, CALL IN TOMORROW. TOMO-",1,0,0.9434735,0.04460342,0.011923062
"""so @user her ex texted her &amp; spelled Nicki """"niki"""" that's his first problem. 2nd problem is he doesn't know I go to CA &amp; I always tweet?""",1,0,0.8357165,0.14404503,0.020238493
"""Want a copy of Book Of Souls the new IRON MAIDEN CD on release on Sep 4th! To enter, follow us + RT! @user",1,2,0.009101028,0.23911439,0.7517846
"@user those photos you're sharing of Parish with the """"Not Afraid"""" are pictures from back in January after the Charlie Hebdo attack""",1,1,0.36932242,0.5916181,0.03905957
Crazy I was in a meeting with an old NBA player that was picked 3rd before Larry Bird,1,1,0.038581178,0.63743484,0.32398406
Demi Lovato will perform at the 2013 Houston Rodeo on March 3rd!! Get your tickets!,2,2,0.0073010297,0.21981816,0.7728808
Love a good bit of 'Tony Blair shame on you' on a Saturday. #DontBombSyria,2,0,0.74759275,0.112759456,0.13964787
Eric Church plays new *never heard before* song about his son in Nashville July 30th. Performance HERE,2,1,0.011619222,0.72237444,0.26600635
"""Blog Post: MTV\u2019s \""""""""Teen Mom 2\"""""""" Returns for an Intense Third Season with Chelsea\u002c Jenelle\u002c Kailyn and Leah on Monday\u002c...",1,1,0.019409869,0.89239293,0.08819723
This song says everything about a break up ...Rope To Hang by Neil McSweeney: Dir. Sat Johal of Crows Nest Films,1,0,0.62826335,0.3248266,0.046910096
Gucci unmentionables jivatma esoterica february plan the two yours connotative from mutual attraction in conte...,1,1,0.05916266,0.88264877,0.058188576
I have a lot of plans for my day tomorrow. And by that I mean I'm going to accidentally play Dark Souls for 5 hours. &amp; still whine about it.,2,0,0.8563543,0.115105405,0.028540296
C\u2019mon Tyran why would u even hang out with Jordan Jefferson that\u2019s ur first problem,0,0,0.94995433,0.039807312,0.01023835
"""Wow, walk off win for the Cubs.....Kris Bryant HR with 2 outs in the bottom of the 9th inning""",2,2,0.011518006,0.12556551,0.86291647
"""The rejuvenation of TFI Friday, ergo giving Chris Evans the opportunity to appear on TV more, is very disheartening.""",0,0,0.929685,0.05824057,0.0120745
I have loads to tell you guys that will make yall super proud but I'm using my iPod now and it's super laggy so I'll tell later or tomorrow,2,2,0.06810811,0.15698957,0.7749023
I want to go watch Denzel\u2019s new movie tomorrow! Someone take meeeeeeeeeee.,1,2,0.024205804,0.09197836,0.8838158
"""You may love George Harrison already, but wait till you see him lead...",2,2,0.019670121,0.11569784,0.864632
I mean I'm ok with watching randy Orton and Shia labeouf for 2nd period,2,1,0.053636517,0.5515853,0.3947781
I haven\u2019t been able to look at Todd Bertuzzi the same way since the Steve Moore incident,0,0,0.8287714,0.14610392,0.02512468
I know more about Islam than a lot of Muslims mate. And I've lived with Muslims and seen ISocs at universities.,1,1,0.33897284,0.58340913,0.077617966
@user but tomorrow will be 18 months since the best night ever spent with you in Milan Really hope we can do it again one day,2,2,0.017844066,0.036954906,0.94520104
Justin Is lost in the 1st minute. No experience #elxn42,0,0,0.9247215,0.06266745,0.012611016
@user while the met may not be perfect why don't you piss off to somewhere like Mexico City if you don't like it!!?? #tottenham,0,0,0.9440493,0.04211126,0.013839436
"October 6th can't come any faster... I will be eating a McMuffin at noon while reading the new, fully illustrated Harry Potter book. #nerd",2,2,0.01219452,0.075988084,0.91181743
Dammn yung Tracy McGrady goin to play in China really wish injuries didnt slow him down was one the best in the @user my 2nd favorite player,0,2,0.14866629,0.09023673,0.76109695
Gucci inexpressibles pneuma probability october open the team thine exclusive invasive procurement versus gown...,1,1,0.03388462,0.8954938,0.07062162
@user @user @user Anyone else noticed the uncanny resemblance between tgun and Petraeus? tgun's Dad may have a confession to make.,1,0,0.5330327,0.42705086,0.039916348
@user well shit! I hope your back for the morning show. I need you on my drive to Cupertino on Monday! Have fun!,2,2,0.21430355,0.12478871,0.6609077
So disappointed with the movie Ghost Rider: Spirit of Vengeance. So not better than the 1st Ghost Rider movie,0,0,0.9577542,0.02732906,0.014916706
Happy 22nd bday @user I hope your day is spoon free and filled with lots of pints from Niall!!,2,2,0.014140476,0.043619577,0.94224
"Friday night home alone - it started Fleetwood Mac, it's gone Afghan Whigs. I'm nothing if not predictable",2,1,0.12690969,0.5949025,0.27818775
@user What's annoying is that the one I pre-ordered just came today...Steve Jobs just looted my card.,0,0,0.958827,0.029138442,0.012034542
"""\""""""""SOUL TRAIN\"""""""" party Oct 27 Perform by~T.dot all stars..Drell~ + many more new kids on the block taking over T.dothttp://youtu.be/c2nozLNRf4M""",1,1,0.0141915865,0.7916613,0.1941471
Don\u2019t flirt with disaster! Get you tickets quick for MOLLY HATCHET at UNDERWORLD - 1 Dec,1,1,0.2802576,0.57885444,0.14088798
"@user @user lol I will take Nat's word & give it a try. I may go back 2 Supernatural later, watching Arrow, Last Resort now 2""",2,2,0.02012647,0.40306833,0.5768052
I have an extra ticket to a Sam smith concert tomorrow at 8. Anyone wanna go with me????,2,1,0.014732486,0.56263614,0.42263135
@user My #WildestDreams came true when I saw you &amp; @user make magic at MetLife on July 10th!,2,2,0.015206649,0.035686057,0.9491073
"""Paul Dunne will make bogey on the 2nd. Tough start for the amateur, but after a boat of provisionals, could be worse... #TheOpen2015""",1,0,0.52661425,0.42604896,0.04733683
Im picking @user  and @user is keeping the title till Royal Rumble on Sunday January 27 2013 #HelInACell,1,1,0.018927168,0.8417812,0.13929164
ATTENTION DIRECTIONERS! Beliebers are posting this picture! Tomorrow we\u2019ll replay the video all day! #Jealousy! #Hate!,0,0,0.92766064,0.057563048,0.014776197
4 the Record: Ryan Braun smacks 252nd career hr-1 more than Robin Yount; wild #Brewers Marlins Wed matinee; the story on #FOX 6 SPORTS 5P,1,1,0.017978158,0.85865617,0.12336562
@user Have you seen #thefilmTruth   Outstanding performances.  Cate Blanchett may win AA for her very strong performance.,2,2,0.01612765,0.041954674,0.9419177
"""Balotelli in his 2nd Milan debut:a goal in 3 minutes, assisted the 2nd, and won a penalty. Final score:3-2",2,1,0.013300591,0.7052213,0.2814781
"""There can be no tolerance of those who question the dignity of other people."" - Angela Merkel stood up to be counted",1,0,0.8453643,0.13123304,0.02340275
"@user I understand, you enjoy Ant-Man and assure you it will start on time when you return tomorrow""",2,2,0.014892567,0.052876133,0.9322313
Snow White and the Huntsman director Rupert Sanders may direct Tom Cruise in Van Helsing,1,1,0.01955693,0.81948924,0.16095386
"Sweet lord baby Jesus, David Beckham is one fine piece of ass may his life be filled with happiness and me. amen.",2,2,0.03446665,0.043020293,0.92251307
#StarWars #TheForceAwakens is opening at 500 less cinemas in the US than the 3rd Twilight movie - What??,0,0,0.46381843,0.45953533,0.07664621
"""do I want to go and see James Bay March 29th and then The Vamps April 1st? Well, yeah actually..""",2,1,0.029033016,0.83694786,0.13401909
Hot Mess Monday! I'm feeling it! #runninglate #crazyday #blah #happymonday #lovemylife,0,2,0.045469556,0.073660366,0.8808701
Should be happy David Wright is back but the Mets fan in me is dreading the news tomorrow that deGrom has a dead arm and is going to the DL,2,0,0.89240956,0.07602289,0.031567506
@user @user 3rd??! :O where have I been I thought Careless World was the 1st one. No?,0,1,0.12442462,0.5212956,0.35427973
Had such a great time lastnight at the PIPA 2nd Year solos - fantastic to see new talent on stage :D,2,2,0.013304575,0.031853743,0.9548417
#afc Preview followed by live coverage of Saturday\u2019s game between Man Utd and Arsenal in the Premier League.,1,1,0.018003456,0.90908515,0.07291143
When you really bought a ticket and had planned to come from AZ for Frank Ocean &amp; could give a shit less about Kanye,0,0,0.9185078,0.0653452,0.016147008
"""and it's saturday, so no school Katy Perry made teenage dream so cool #ShesKindaHotVMA""",2,2,0.011894461,0.053307276,0.9347982
@user ah! The old Rohypnol in a glass of milk ruse. Your gunna be sore when you wake up tomorrow.,0,0,0.8612404,0.10885473,0.029904895
anyone want to go to Foo Fighters - Sat 5 Sep - Milton Keynes?,1,1,0.018046848,0.85106343,0.13088974
The Giff was the main reason I once loved Monday night football. RIP USC and NFL legend Frank Gifford.,2,2,0.10568082,0.10808137,0.78623784
"""I hate the White Sox with the white-hot heat of 1000 suns.  Do better tomorrow, Royals.""",0,0,0.95964324,0.02677477,0.013582051
Watching the brilliant rick stein making paella on Saturday kitchen live....,1,2,0.010293254,0.131095,0.8586117
"@user New Batman movie is the best! #batman #movie #hollywood #chillin #saturday agree... excelent message! """"""""Without the rope...""""""""""",2,2,0.016643668,0.033818707,0.9495376
I had such a great time tonight that I\u2019ve decided to keep celebrating! Join me at Volare this Wed and Thurs! Bring your food donation!,2,2,0.014304689,0.031581752,0.95411354
"I have to decide am I going to go to a Madonna concert on Saturday. Could be interesting. That's gotta be a 3-4 hour show, right?",2,2,0.013278514,0.2799153,0.70680624
I\u2019m not dealing with anyone\u2019s shit tomorrow so Fernando and Jacob fuck off .,0,0,0.9597437,0.027803512,0.012452728
"""Oliseh pleased with home-based players after win in test game: Super Eagles coach, Sunday Oliseh, ... via @user",2,2,0.014503449,0.43645418,0.54904234
Andy Rooney is really sucking it up on the pitch today. Who misses PKs by falling over?,0,0,0.95764565,0.029953137,0.012401261
"""Rasheed Wallace said he\u2019s ready to play \""""30 minutes if needed\"""" in tomorrow\u2019s home opener at MSG against the Heat.""",2,1,0.0230968,0.89683664,0.08006655
British and Europeans also thought Hitler was not a threat either. Russians were nice and Muslims just misunderstood,0,0,0.74388444,0.21475872,0.041356817
Jerm &amp; Curtis record a scene from the women's march for Zuma for City Press.,1,1,0.03031692,0.90346485,0.06621824
omg the music video comes out tomorrow! Btw I still can\u2019t get over Harry\u2019s voice :\u2019),0,2,0.03846103,0.077579685,0.88395935
@user @user @user @user Maybe she did.  She may not like being blamed for the accuser going to Kane's house.,0,0,0.8091103,0.17210136,0.018788405
"""Chris Archer (TB): 4th Rays pitcher with 200 strikeouts in a season (joins Scott Kazmir, David Price &amp; James Shields)""",2,1,0.016339462,0.8202415,0.16341902
30 million viewers for the Cowboys game this past Sunday...AMERICA'S TEAM,1,1,0.019759217,0.49682084,0.48341992
George Zimmerman is not going to win this trial he may as well plead guilty,0,0,0.95364636,0.035283588,0.011069994
Turkey to pull troops from Iraq: Turkey announced Saturday it would withdraw its troops from Ira... ff: gospelgee,1,0,0.53069574,0.43632528,0.03297892
I feel like a kid waiting for christmas when it comes to bike parts I want. Please Kenda release your Honey Badger soon.http://t.co/0KZrV2nk,1,2,0.24743849,0.29371497,0.4588465
Honestly frank ocean said July. Is he okay? What's taking so long?,1,0,0.51481825,0.43692055,0.04826113
"""The name Friday comes from Freya, the goddess of love and fertility. Freya had two black cats who were a gift from Thor, god of Thunder.""",1,1,0.018136175,0.54417765,0.43768623
Rahul Gandhi at the 31st plenary session of Indian National Trade Union Congress (INTUC) in Delhi #RGwithWorkers,1,1,0.0208564,0.8877031,0.09144047
@user Thor just layed on the couch even he heard him. He sat up and juat ate by himself.. on the balcony..right around him no rain,2,1,0.09958191,0.8277046,0.072713524
I Stayed Up All Night For The 4th DLC For Advanced Warfare On PS4 And its 3am About To Be 4am And it's Still Not in The PlayStation Store?,0,0,0.52983415,0.41022456,0.059941243
@user you may be going to LSU but not me,1,1,0.42733324,0.49619958,0.076467134
"@user i know, me too. This was the kakkest fake Monday ever. It could have been worse... It could have had a photo of Caitlyn Jenner""",0,0,0.95462394,0.034874193,0.010501854
Family\u002c friends and fans make Shahrukh\u2019s 47th birthday memorable: Mumbai\u002c Nov 2 (ANI): As Bollywood superstar Sh...,2,2,0.012010212,0.14436279,0.843627
Possibly going to Comic Con in Santa Fe. Can I make a Mikasa scout outfit before the 24th it's on!,2,1,0.015355413,0.83185285,0.15279168
"believe it or don't, but this version of informix isn't supported by anyone anymore. I don't even know whether IBM or Sun own this thing",0,0,0.92222416,0.06536976,0.012406178
I dont understand the obsession with Sharknado.... watched the first two and they sucked. Im sure the 3rd one is just as bad.,0,0,0.96049225,0.02642166,0.013086059
What are you doing this Thursday night? Want to find your true self? Zen out and reach nirvana with a little free...,1,2,0.017842436,0.46377158,0.51838607
Super Saturday was a blast!! What classes did you try?,2,2,0.015956158,0.036541846,0.9475021
I think a big part of Rick Perry's fall is simply that he is not a sitting governor this time around. May be Jeb's downfall too.,0,0,0.9553936,0.034596898,0.010009451
Unplanned 6th Day of Eid with Bestie! #Eid2015,1,2,0.017880559,0.45134395,0.5307755
There is not need to Wine about it:)  Briana's wine pick for this week will make your Wine Wednesday the best one...,2,2,0.014160752,0.04408927,0.94175
"""RT @user CBS says commentator Andy Rooney will make his final weekly \""""""""60 Minutes\"""""""" appearance on this Sunday's edition: ...""",1,1,0.020796623,0.91236544,0.06683795
"""Akin Gump, has been tapped to raise money for the presidential campaign of Gov. John Kasich, R-Ohio, who kicked off his candidacy on Tuesday""",1,1,0.021241667,0.8961897,0.0825687
All my friends are going to the Sam Smith concert tomorrow and I got offered a ticket but ya girl ain't got $145 so I'm maddddd,0,0,0.84616804,0.10778852,0.046043433
"""Is there a decent karaoke spot in Tulsa on a Wednesday? I feel the need to do """"Number of the Beast"""" by Iron Maiden in honor of @user",1,1,0.034641128,0.8360057,0.12935318
NO14 - DEN 34; Peyton and Eli may meet in the Super Bowl if both Denver and the New York Giants keep winning like they did Sunday,2,1,0.017024586,0.59663117,0.38634422
"""Worth reading. Another troubling argument for why the publication of """"Watchman"""" may have been an act of elder abuse.",1,0,0.9343145,0.05385512,0.0118304
"""News Alarm: Matt Adams (1B - StL) Matt Adams went 1-for-3 with a home run, a walk, and an RBI on Thursday in Game 5 of the NLCS.""",1,1,0.017664667,0.8486414,0.13369395
#NoFucksGivinFebruary Just don\u2019t give a shit about anything\u002c this may pose a problem on Valentines though,0,0,0.9601997,0.029799305,0.010001031
"Aww it's Labor Day on the movie, that was just Monday haha",2,2,0.030637084,0.3694285,0.5999345
today I wore my neon Nike pros to rush. today I also discovered that in the sun you can see my neon Nike pros through my dress #geauxgreek,2,2,0.01953912,0.39475998,0.58570087
French president Hollande to meet with World Bank: French President Francois Hollande holds talks on Monday with...,1,1,0.019222004,0.8863486,0.09442941
Go to the AHS football game tomorrow to buy Halloween fun run tickets,1,1,0.018102005,0.816165,0.16573302
"""Apple is expected to announce the iPhone 6S at 1PM tomorrow.""  Translation: At 1:00 PM tomorrow, the Internet will lose its shit.",2,0,0.8858228,0.09370757,0.020469557
Thank you to all the awesome people who supported the cast tonight! Game Of Thrones is amazing! Might have a suprise game tomorrow.,2,2,0.014591548,0.03191759,0.9534909
"""And tomorrow Nicki is going to be seen as """"a raging angry black women"""" for calling Miley out of something that she is GUILTY for""",0,0,0.9406091,0.048245993,0.011144887
"""\""""""""under the cherry moon\u002c my niggas carry heat\u002c enough to bury June\"""""""" shaaaataaaaaaaaap""",0,0,0.486359,0.45957696,0.05406406
Gotta have a Callahan's Hot Dog Thursday for National Hot Dog Day with all the trimmings Fries or Onion Rings and Root Beer.,2,1,0.018679103,0.6119577,0.3693632
"@user #bbcsportsday c'mon guys, what about #LFC away 1-0 win at FC Gomel in #Belarus? I was there, I'm sure we won!""",2,2,0.020136336,0.27486923,0.7049945
Did you know that 'Sarah Palin' was Trending Topic on Friday 28 for 5 hours in Phoenix? #trndnl,2,1,0.02338381,0.7827287,0.19388755
from the time i dropped off mar'i to the time i got home i blasted justin bieber &amp; i have no shame,2,1,0.1142072,0.5972353,0.28855744
"@user Channel 4, Friday, 10.25pm I think. Looks like it's going to be a really good documentary. Obama's involved!""",2,2,0.01282113,0.03503914,0.95213974
my 1st gen moto G is more solid than Nokia 3310. I love the stock android on Moto G,2,2,0.018776907,0.045043457,0.9361797
not only should everyone be upset with frank ocean but adele too. she's just now releasing something in november after 4 years of waiting.,1,0,0.9397286,0.04922356,0.011047805
"""Thursday is a good day. The Vampire Diaries, Grey's Anatomy, Reign, Scandal and How To Get Away With Murder. #TGIT""",2,2,0.011605179,0.03814493,0.95024985
Why wait until september to see Stan Walker in Sydney when he\u2019s coming to Newcastle Panthers on 24 August!,1,1,0.041134592,0.8086491,0.15021634
"""Still yet unanswered, are the SATs still on for Saturday?""",0,1,0.34736544,0.61864144,0.033993136
Christmas Family Twilight tomorrow from 4pm including our 'Young Brumbies' Club. Who will spot 'Bernie the...,1,1,0.012357343,0.8266451,0.16099754
#Trayvon My daily tweet (9-09) in memory of Trayvon Martin- killed 197 days ago. ~May you Rest in Peace~ (Praying and hoping for the family),1,0,0.6665392,0.22922777,0.104233146
GOOD morning! 1st day of school for Prince George's Co...how on fleek is your first day of school outfit? #firstdayofschoolthoughts,2,2,0.010536792,0.12753661,0.86192656
"""Listening to the liverpudlian accent on the tv, actually can't wait to pick it up in September if I make it to uni #ohyes ;)""",2,2,0.011762945,0.042775687,0.9454614
im so excited for civil war in may i just want chris evans in my life 24/7,2,2,0.020691482,0.04090952,0.938399
"""SOPA Is Back!  As a Ransomware Virus: \""""After historic Internet protests in January the SOPA anti-piracy... #infosec""",0,0,0.9143821,0.0715151,0.014102803
I got tomorrow off!! Woooop!! (@ Adrienne Arsht Center for the Performing Arts),1,2,0.009812899,0.0823714,0.90781575
Katy Perry was all smiles&amp;#160;when she&amp;#160;headed out for a Broadway show Wednesday night in New York City.&amp;#160; The singer wore a,2,2,0.009233427,0.24425699,0.74650955
@user @user @user when Neb comes down here tomorrow I'm gonna knock the sled of his head then beat the fuck outta him with it,0,0,0.94621795,0.039883755,0.013898346
yeah. its just that the other day my feed was plastered with hate to briana and I did,0,0,0.9116947,0.073263675,0.0150414985
John Kasich may end up blowing by Jeb Bush before this is all over. Has a lot of the things pure insiders (which I am not) like.,0,0,0.94334936,0.04653289,0.010117641
Saudi Arabia leading the coalition to fight terrorism is like Israelis giving their shawarma Tuesday's to the Palestinians,0,0,0.9073902,0.0783249,0.014284932
"""The canopy survived the winds today! Hoping to see a lot of people tomorrow at the New Earth Festival in Atlanta, IN""",2,2,0.008868952,0.07937808,0.911753
Always fun reading about Rousey's love for Pokemon and DBZ,2,2,0.015590856,0.044937756,0.9394714
I have to start packing tomorrow for Auburn just so I won't forget anything Saturday morning.,2,1,0.43349504,0.48882157,0.07768344
Silent house was ass\u002c when a stranger calls was ass\u002c the woman in black was ass and Friday the 13th is also ass,0,0,0.9624935,0.027051702,0.010454854
@user She's just following Madonna's playbook. Like A Virgin was a hit when I was in 10th grade or so--so this all looks familiar.,2,2,0.023357844,0.3072289,0.66941327
Hard to be excited about Eric church at wefest for the 3rd time in 5 years. Does literally no one else want to headline?!,0,0,0.9174155,0.065699145,0.016885297
Buzzing for the game tomorrow\u002c gong to be a great atmosphere and a possible upset is on the cards! Bring on Aston Villa! #stfc,2,2,0.012014994,0.038164932,0.9498201
"@user Goodnight April all the way from Vanuatu,the south pacific! #1Love""",2,2,0.0142520275,0.07690478,0.90884316
"@user you're welcome! in the words of snoop Dogg to say may our paths cross again, until the next episode, Karen ;)",2,2,0.013106105,0.059068244,0.9278256
Tyrann mathieu may have fucked up his career we know Jordan Jefferson bum ass did cuz he can\u2019t throw smh.,0,0,0.96373427,0.025198203,0.011067565
Just the 8th game into d season and d so called experts already know Chelsea will go unbeaten and my dear @user will drop from top 4 #afc,1,1,0.38115868,0.5241717,0.094669655
"""Just caught up on Tuesday nights Accused, @user was quality in the last two. All 4 have been quality Jimmy McGovern = great writer""",2,2,0.014026485,0.04307823,0.94289523
@user I may have to violate the Democrat's Iran Deal...because I will never let Iran get a nuke. #TrumpIsRight,0,0,0.92226154,0.06395167,0.013786693
Time to finalize weekend plans. Grizzlies host SFO Fri and Sat at Maverik Center. $5 off with can of food both nights.,1,1,0.0118378615,0.7630462,0.22511593
"""FIRE IN THE ASHES: 25 Years Among the Poorest Children in America by Jonathan Kozol comes out Tues, avail for pre-order""",1,1,0.2848107,0.6378474,0.0773419
it may be 2:30 am &amp; i may be eating christmas cookies.. but im still jamming to justin bieber's new album. problem?,2,2,0.06416525,0.45729512,0.47853968
"""Martin Atkinson is referee tomorrow. If you don\u2019t remember\u002c he\u2019s the one who \""""""""missed\"""""""" Balotelli\u2019s shocking tackle on Song.""",0,0,0.8804962,0.10610804,0.013395767
i am so excited for tomorrow's gala its gonna be awesome like everyone are going to be dressed super chic i feel like an adult,2,2,0.014886513,0.031162806,0.95395064
28 January 2016 - Workshop in Milan - Digital Transformation the door to success!,2,2,0.0107907895,0.35404202,0.6351672
Biden gauging his 'emotional fuel': Vice President Joe Biden revealed to members of the Democratic National Committee Wednesday...  #news,1,1,0.04068894,0.8914687,0.06784236
@user Rock Im Park busted me on Sunday... I got in illegally. Soon I may get a problem.. Was for 5 hours with the police...,0,0,0.9528348,0.03649716,0.010668058
"""Caitlyn Jenner may be charged with manslaughter: When you are involved in a motor vehicle accident, you suffer...",0,0,0.9207014,0.06585402,0.013444542
Katy Perry will be hosting this years MTV EMA's on her 31st birthday! This is going to be some show!,2,2,0.009694951,0.042985506,0.9473195
"Finland's Nokia agrees on China joint venture with Huaxin: HELSINKI, Aug 28 (Reuters) - Finnish telecom equipm...",1,1,0.017613139,0.7230576,0.2593292
"Best of luck to the kerry minors tomorrow , going for 4 in a row, would be a great achievement that shouldn't be overshadowed by football!",2,2,0.017044958,0.03859942,0.9443556
The Yankees win 8-6 and pull with a game of 1st place could be .5 if the Red Sox beat Toronto,1,1,0.023066655,0.72888285,0.24805045
I'm still dying over the fact Fourth of July by Fall Out Boy was in Paper Towns omg,2,2,0.025615362,0.108544685,0.86583996
&gt;Gamergate is a hate group &gt;Amazon Prime Day is going to be bigger than Black Friday  What do these two things have in common....,0,0,0.9475088,0.04142785,0.011063384
Floyd Mayweather's next opponent may confirm a popular theory about his final fight -,1,1,0.026132623,0.8687807,0.10508673
I can not wait to be at the game on Sunday with my boy @user Eli vs Big Ben,2,2,0.015475102,0.035492115,0.9490328
Just remember Michelle Obama told Barack Obama she may not vote for him for senate just because she didn't want him in politics.,1,0,0.8306077,0.15232109,0.017071187
Scott Walker has decided that maybe gutting the 14th Amendment is a bad idea.   I'm already over this election cycle.,0,0,0.9629762,0.025964947,0.0110588595
"""#News: nirvananews:  August 28th, 1993 - Nirvana meet with Youri...: nirvananews:  August 28th, 19... #KeepGrunge""",1,1,0.015091385,0.8534443,0.13146436
Prince George may be a little reptilian fuck who's from a family of inbreds but he's bloody ADORABLE COS HE DRESSES LIKE AN OLD MAN,0,0,0.45663565,0.14730985,0.39605448
On Tuesday night at Neighborhood Theatre\u002c the crowd chanted for an encore. So\u002c naturally\u002c,1,1,0.020462133,0.87861043,0.100927375
@user So the Royals who won the wild card and made the playoffs for the 1st time in 29 years are the most talented team in the AL? Ahaha,2,2,0.019350782,0.21069849,0.76995075
Tuesday will be my last day in Florida :-(,0,0,0.8985639,0.068449125,0.032986894
Tiffany will be one of the MCs along with CNBlue\u2019s Yonghwa and Beast\u2019s Gikwang for SBS KPOP Super Concert on November 10  cr: ForeverJeTi,1,1,0.015659096,0.8872806,0.097060226
RT @user I copped the New StraightStuntin today last issue..... Dayum!!! Detroit models you know who to come to when u want to b ...,1,2,0.023635995,0.21550322,0.7608608
"""Carlo Ancelotti: Isco is a very important player. Tomorrow, James Rodriguez will start - he rested Wednesday.""",1,2,0.012806018,0.20567195,0.78152204
White Sox could further explore Robertson trade in offseason via @user They can't get to the 9th to use him.,1,1,0.27660504,0.6826013,0.040793717
NEW || Niall at the U.S. Open today today (Sept 2) #2,1,1,0.012456914,0.8060919,0.18145122
"""Obama signed a law TODAY making gifts of up to $100,000 from an IRA tax-free again. If you want to give to the Foundation, call us Monday.""",2,0,0.68271685,0.2816266,0.03565651
Trey Songz will be here December 7 at the Fox Theatre,1,1,0.012982736,0.7892179,0.19779938
tbt when i got my ipod stolen in 8th grade and i was only upset bc i thought whoever stole it was gonna leak the lesbian porn i had on it,0,0,0.92619014,0.05730367,0.016506195
"""I may be failing AP Lang but I got a 99 in AP Stats, so it's gucci""",1,2,0.1264523,0.30070722,0.5728405
Sunday is National Ice Cream Day. BUT ... we think it's fine to celebrate early.,2,2,0.011313413,0.068637945,0.92004865
I'll hate on Kendrick all fucking day but that Black Friday freestyle is fucking legendary,0,0,0.6856878,0.12690143,0.18741085
Amy Schumer will be here Friday &amp; I want to go!,2,2,0.013667001,0.057680875,0.92865217
Don\u2019t forget that the exclusive screening of Skyfall takes place this Thursday at Cineplex Oasis Mall.Red Carpet...,1,1,0.018046943,0.8281119,0.15384118
Speaking of Chris Jericho\u002c it is Wednesday today is it not? Time for some catching up on wrestling.,1,2,0.012126968,0.29669285,0.69118017
Brock Lesnar on sportscenter talking about his fight with the Undertaker this Sunday.... What a time to be alive,2,2,0.014256766,0.18264139,0.8031019
Meek Mill really dated Nicki &amp; thought.. I'MON TOP OF THE WORLD. Thats what Love does to you man,2,2,0.028247442,0.15506165,0.8166909
"""Dear Dana White, do you know how you can make it up to Calgary? Cowboy vs McGregor in March for the title (if Donald wins)""",1,1,0.044639442,0.8775496,0.07781093
Dustin Johnson off to a flyer yet again! All he needs to do is stay off the coke on Saturday night.,0,2,0.019154958,0.19679281,0.78405225
RT: TV show ratings: Rookie Blue dips to a new low on Thursday: Big Brother and Under the Dome hold t... #xfactor,1,0,0.86585444,0.116880655,0.017264938
Ruby Tuesday Streamlines Hiring and Onboarding of Team Members with Oracle Talent Management Cloud #HCM,1,1,0.019498508,0.7758287,0.20467272
Milan dropping points against sides in the relegation zone if we had those points we would be top 5 *cries in 8th place*,0,0,0.81516224,0.1521953,0.032642458
"""Total rainfall @ BDR since September 1 is 7.64\"""""""" which is more than double the normal (3.72\"""""""") through the same period.""",1,1,0.05240951,0.8508173,0.096773125
"@user  not support. They said need to talk to those groups to end conflict, as UK gov did with IRA. Please stop believing Sun.""",0,0,0.9180395,0.07062761,0.011332891
"""HEROES! Well, almost. These four lucky residents scored gigs in 'Ant-Man.' Check out the story tomorrow!",2,2,0.01078328,0.05754443,0.93167233
National hot dog day is July 23rd! Make sure you make plans to get some dogs! We will have them ready for you! :-),2,2,0.008368897,0.066810064,0.9248211
"""London's Sweeney Tood with Michael Ball and Imelda Staunton, will close Sept 22; Broadway transfer rumored""",1,1,0.03911835,0.88599277,0.0748889
wow there\u2019s two @user just put the previews on iTunes already they\u2019ll all be leaked by Monday,0,1,0.27638686,0.6141461,0.10946703
Watching Crossfire Hurricane for the 5th time @user,1,1,0.016985357,0.546238,0.43677667
We add our regrets for yesterday's tragedy at the Pride Parade. May Peace Happen during our time.  Shabbat Shalimar,1,0,0.84911436,0.11621295,0.034672666
"dj khaled // hold you down ft. chris brown, august alsina, future, jeremih",1,1,0.022368781,0.78010154,0.1975297
Katy Perry performing at the Super Bowl halftime show in Feb. Damn sure wouldn't mind a wardrobe malfunction..,2,0,0.91695625,0.06608441,0.016959453
"#day #God #known #Sunday #week Question and Answer #prayer #church""",1,1,0.022667695,0.79052603,0.18680619
Tannehill may join Quinn and Rodgers\u002c slide out of Top 20: Texas A&M\u2019s Ryan Tannehill will be the third quarterb...,1,1,0.046281803,0.9054044,0.04831382
"""I just took Airtime, the new video chat service from start-up stars Shawn Fanning and Sean Parker, for a spin on Tuesday, its first ...""",1,1,0.011537828,0.79321927,0.19524287
I miss that trip to Knott's from 8th grades with my friends. Dang good times,2,2,0.08846207,0.102018274,0.80951965
"""Foo Fighters were exceptional last night, Dave Grohl can still command a presence despite being sat on a throne! Goosebumps at the old stuff""",2,2,0.01944011,0.04113463,0.93942523
@user Man I\u2019m thinking as hard as a 12 inch dick on a Saturday morning that has to pee as bad a race horse at the Kentucky derby,0,0,0.94978976,0.03935594,0.010854297
If Yakub is not dead by this time tomorrow- let the judges who delayed it pay for his upkeep.My tax money is not meant to for terrorists,0,0,0.92497885,0.06245576,0.012565346
"@user yeah, we have the option to use the QB as a flex back. i activated Weeden & Sat Reggie Wayne for the 1st time""",2,1,0.02429827,0.89066434,0.08503736
#HelloKarachi #EidMubarak Which #Food would you prefer to eat on Eid 3rd Day?,1,1,0.016634414,0.6716355,0.3117301
@user I want the Gucci trainers by tomorrow.,1,1,0.04449218,0.77112657,0.1843812
Kendrick Lamar may (or may not) have brought out the best (or worst) of me.,1,2,0.18438481,0.32840067,0.48721457
Im on that zan with that lean and nun but Irene today at band camp jus to laugh at these poo ass freshman snare drummers,0,0,0.780745,0.17420776,0.045047145
@user best get ya tongue ready  I warned you!! No sweets..No kebab eastenders and Waterloo road for you tomorrow then! disappointed!!,0,0,0.9506642,0.036396246,0.012939516
Last day on our Disney Premier Annual Passes. Gonna get different APs tomorrow. The Premier AP is too much hassle when we go to Disneyland.,1,0,0.8358933,0.13076456,0.03334211
@user She may be my favorite Libertarian writer right now. Her response to the Planned Parenthood controversy was on POINT.,2,2,0.026757007,0.05546767,0.91777533
Tomorrow is National Ice Cream Day! Sunday July 19th #IceCreamDay Come on down for a FREE Homemade waffle cone with every Ice Cream order!,2,2,0.0074540065,0.105365306,0.8871806
"""JBid sounded a bit like James Murphy last night \""""""""I was there ...\"""""""" (\""""""""when Ronald Reagan ...\""""""""/\""""""""at the 1st Can show\"""""""")",1,1,0.06837915,0.8461469,0.08547402
"@user IRA and others killed innocent civilians but the good Friday was meant to be about moving on, noew it rears its ugly head""",0,0,0.9334366,0.055174664,0.011388715
@user @user OCTOBER  people have principles..& argue passionately for them\u002c about them & ACT on them.  Ghandi\u002c Sadat\u002c ADT\u002c me!,2,0,0.61875594,0.34237754,0.0388665
@user Bernie's there like crossing his fingers that Saudi Arabia is going to wake up tomorrow and decide to take out ISIS,1,0,0.8297264,0.14846241,0.021811211
"""Tomorrow is the day Ladies &amp; Gentlemen, please all hail the Vampire Diaries is on tom""",2,2,0.011693634,0.15235043,0.8359559
"@user   ""Arkham Knight, sir. I may be new to you but I'm not to then Batman. We have something in common. We both want his head.""",0,1,0.05615144,0.5319702,0.41187838
Is the news about Netflix and Kunle Afolayan's October 1 true?,1,1,0.034361538,0.90191114,0.063727334
LAST CHANCE!!! I have 2 Eric Church tickets for tomorrow night at the State Fair. PLEASE text or message me if interested!,2,2,0.013220015,0.35228723,0.6344927
@user Germany will be crying in two yrs time as Islam swallows it turning it 3rd world.,0,0,0.9530772,0.035452437,0.011470448
"""Thur. Kick: Tebow's new girlfriend, Mario Williams didn't want to leave HOU, more legal troubles for D. Bryant",0,0,0.6735912,0.297158,0.029250734
Looking forward to the @user tomorrow in Grand Bend! See you there,2,2,0.011348079,0.036489233,0.95216274
Fierce fighting erupts between Chadian army and Boko Haram: Heavy fighting pitted the Chadian army on Monday a...,0,0,0.7669135,0.20999546,0.023091031
@user oh wow! Did you just trade Elvis? I\u2019m just saying @user may not like you! :),0,0,0.85735583,0.10515804,0.037486102
Merson has predicted us to finish 8th this season and Arsenal 3rd..... Sky Sports home of the biased mofos!,1,0,0.8901143,0.09020125,0.0196844
"""Let's Get it On"" is playing at IHop right now... it's 11:30 on a Sunday and everyone just left church. Wtf IHop...",1,0,0.8534631,0.123276144,0.023260655
@user 2 hell with Jeb bush with Spanish speaking We dont tell Mexico 2 speak English And I'm half Hispanic! English 1st N the USA,0,0,0.92470044,0.060221203,0.015078334
"""All he said is that it was funny, and weren't you up Nicki's ass in July?",1,1,0.21340239,0.5146827,0.27191487
"""I'm being taunted :( don't get my PS4 until September 15, and I can't play this until Halloween god damn it",0,0,0.96033293,0.027096618,0.012570371
Lots of crime action in Hannibal the past two days... check it out in tomorrow's @user,1,1,0.09336452,0.81645226,0.09018322
"""No, you ppl on Twitter have proven how stupid you are with the Hulk Hogan thing, don't try pretending like you understand the 2nd amendment.""",0,0,0.9601256,0.029135197,0.010739194
Everybody is finally starting to watch naruto where the fuck you guys been. I have been watching it every Thursday since 9th grade. #rookies,1,0,0.768432,0.17441577,0.05715228
I didn't call Tom Brady the GOAT until he won his 4th Superbowl Ring so idk what this tweet means,1,1,0.3705898,0.47300893,0.15640125
Angela Merkel is expected to go see Tristan &amp; Isolde at Bayreuth. I want her job,1,2,0.016986595,0.2050782,0.77793527
See Traversive Territories until it's too late! On view now until September 7. Free admission sponsored by IBM....,2,2,0.010937335,0.47377706,0.51528555
"""That """"Not afraid,"""" photo of Paris is from the reaction to the Charlie Hebdo attack in January. It is not tonight.""",1,0,0.4854091,0.4821022,0.03248864
@user @user @user @user the other picture is bobby jindal or nikki haley or an anchor/tourist baby/14th Amendment,1,0,0.6542784,0.315771,0.029950576
@user tmz reporting live how do you feel about kris Jenner attending the hs homecoming game tomorrow,1,1,0.06735052,0.88371044,0.04893901
REMINDER!!! Join Prince George's County Council Chairman Mel Franklin on Sunday August 30th from 3pm to 6pm as he...,1,1,0.011212098,0.7715787,0.21720913
Kim Kardashian launches Kimojis including image of her bum: It may just be the ideal last-minute... Daily Mail UK,2,2,0.015856832,0.21035689,0.7737863
Why am England playing on a Thursday have they got that shit that they're in the Europa League?,0,0,0.94599926,0.04305154,0.010949101
"@user RT: """"Congratulations Miss USA 1st runner up! So proud to have @user represent the RG...""""",2,2,0.013877784,0.039456986,0.9466652
The biggest victory for the IRA was Bloody Sunday. Membership surged. Bombing Syria will only do the same. Membership of ISIS will rocket.,0,0,0.9505099,0.03877516,0.010715026
"""The video was shot during the Floyd Mayweather vs. Andre Berto press conference yesterday, the 6th.""",1,1,0.019237872,0.8992917,0.08147044
"""Milky Way Ransacks Nearby Dwarf Galaxies: Washington DC (SPX) Oct 17, 2014  Astronomers using the National Sci...",1,1,0.04584757,0.88646024,0.06769218
Gucci raft conscience pomposity june wave the bifurcated thine body at accruement until special pleading vivid...,1,1,0.09029338,0.84545976,0.06424681
"""#noagenda Russian NGOs to lose American funding as USAID closes. (Euronews video): In July, the Russian par... #itm""",0,0,0.881319,0.10632881,0.01235229
If I'm Dustin Johnson I wouldn't care about my Sunday meltdowns going home to Paulina. #sheesh,0,0,0.91260296,0.071953334,0.0154436715
Hate to admit it but Arod is good in the booth. Interrupted Harold talking about Thor costumes for the 8th time and provides real insight,1,2,0.02497392,0.104071505,0.87095463
Everything about Brownsville is just bad and depressing. Can\u2019t wait to go back home tomorrow.,0,0,0.96466774,0.022291504,0.013040667
Rg is cleared for the Vikings game Sunday #goodmood   p.s. thank God we got rid of Cuntsniff or is it Cundiff?,2,2,0.029640831,0.091344774,0.8790144
"""out Castle sun. and staying there until Tues. Mother said \""""""""It aint safe up dere in that New York wit Sandy all thru dere\"""""""" Fvck you\u002c Sandy.""",0,0,0.95070386,0.039509397,0.009786763
"""'IS 'blows up' major Palmyra temple' (via Islam may be peace, it's not culture.""",0,0,0.90730566,0.0802238,0.012470552
What even is Kanye west and who gave him a mic? I'll probs wake up tomorrow and he'll still be talking,0,0,0.7778174,0.19142848,0.030754093
"""Happy 2nd Birthday Prince George! We, at SwimFin, think it's the perfect time for George to pop on a SwimFin and...",2,2,0.011180086,0.039694954,0.94912493
This is why the Red Sox are last place in the division. Poor defence in this 10th inning @user,0,0,0.95912564,0.029795054,0.011079368
"@user noooo not yet. We had a birthday date night last night. Plus I watch it on hulu, which means no Hannibal until Sunday :/",0,0,0.8507728,0.12174532,0.02748191
"@user planning on AC/DC live in Moncton? Coming up sooner than later, in Montreal on the 31st. At the big ""O"".",2,1,0.018213792,0.8914096,0.09037662
"""You'll have a beautiful day - in @user U2 ride tomorrow, 10:45! #mysteriousways",2,2,0.013924705,0.035281267,0.950794
"""May the hammer of thor fall on the head of any @user player that tweets some shit like """".....we failed the fans,but we have to move on""""""",0,0,0.9612715,0.028647704,0.010080872
I gave $2200 to the Santorum campaign. Put me in debt. Romney gets my vote anyway  though. 3rd party people just don\u2019t get how bad BHO is.,0,0,0.9639186,0.02548766,0.010593755
"""Welp, blue jays saying fuck pitch counts. David Price back in for the 8th.""",0,0,0.8616736,0.11973054,0.018595861
Sen. Bernie Sanders braves the summer heat at fairgrounds Thursday night,2,1,0.01390467,0.6778618,0.30823347
"Yo, if you paid $57-$77 to go see Eric Church at the State Fair...may the Lord have mercy on your souls.",0,0,0.91590506,0.0642125,0.019882394
My friday night consists of bingewatching Inside Amy Schumer on my pc with my flatmate next to me on my bed watching something scary on hers,1,1,0.1845866,0.65971,0.15570337
@user @user @user see if you can get Norm to live tweet Big Brother on Wednesday. Thanks.,1,1,0.026727833,0.8322909,0.14098132
"""Well, guess who's probably NOT gonna be the 6th man? Randy Orton. #RawBaltimore #RAW""",1,1,0.47224522,0.47316846,0.054586332
Innovation for jobs is just around the corner - to be exact next Wednesday 8/19 at @user,2,2,0.009860191,0.39540547,0.5947344
It's not really a Sunday until you've listened to some frank ocean,2,2,0.034409903,0.34786728,0.61772275
"Vice President Joe Biden will meet with AFL-CIO Richard Trumka later Thursday, further fueling talk that he may...",1,1,0.035326406,0.8960795,0.06859399
"@user Hilarious. Give the doping convictions, the '99 Maillot Jaune devolves to the kid to who was 17th at the '99 Tour l'Avenir""",0,0,0.50685686,0.44490355,0.048239484
"""Zac Brown Band is about to put on an amazing show, and I'm hyped to see it on the 15th.""",2,2,0.014395787,0.030091427,0.95551276
I hope Tom Brady gets fucking clobbered about 699 times next Sunday,0,0,0.9436377,0.040126123,0.016236184
when you realize Tomorrow is when you will witness grace and beauty...    I'm talking about sam smith....,2,2,0.01712064,0.15392289,0.8289564
"""Tracy McGrady signed with a team in China today.  Clearly, that team does not have aspirations of reaching the 2nd round""",0,0,0.8045017,0.17737395,0.018124314
I remember watching Friday I would always think Ice Cube was cute but now he's old :/,1,0,0.57091105,0.19802545,0.23106347
"""The 20th anniversary PS4 controller looks really nice, but I barely play my PS4 so I don't want to waste any money. LOL""",1,2,0.14788978,0.12417135,0.72793895
Thoughts on the Seth Rollins vs Orton Title match &amp; them really peaking at Wrestlemania... #RAW,1,1,0.024859237,0.84110266,0.13403808
HOW DEEP IS YOUR LOVE by BEE GEES was no.3 in the UK charts on 10 December 1977,1,2,0.01428984,0.29584104,0.68986917
@user Watched Paper Towns (Cidades de Papel in Brazil) for the 3rd time yesterday. It's really addictive!,2,2,0.012576992,0.041480713,0.94594234
Funny how when Holly Holm's manager talks about quick turnaround he gets mocked by Dana White. But McG it's OK? SMH,2,0,0.8024748,0.16880436,0.02872082
Tomorrow kicks off Muslim Awareness Week! Come to our first event tomorrow at 11:00 a.m.: the Brown Bag on Islam.,2,1,0.012081865,0.72165656,0.26626152
"""Tom Brady will play Thursday night with all his weapons Gronk, Amendola, etc. Should be good. Goodell must be pissed!""",2,2,0.11961714,0.34088233,0.53950053
Another Estella video you may not have seen,1,1,0.15256561,0.7148183,0.13261604
Some members of the Boko Haram sect have been killed by troops of the 26th Task Force Brigade in Gwoza,0,0,0.9479709,0.041549373,0.01047971
Do you know what tomorrow is??? It's NATIONAL HOT DOG DAY!! What JCI dog are you coming to enjoy with us tomorrow??,2,2,0.008046477,0.09753678,0.8944168
Watching the news about sandy.. makes my problem seem so small. Yet I had a headache all day. =\ on another note tom is my friday!,0,0,0.9127194,0.065155715,0.022124862
"""Ed Sheeran s """"X"""" returns to the top of the World Album Charts for the 3rd time",2,1,0.012700476,0.4975063,0.48979315
"""July 42, Frank Ocean album still hasn't dropped the album""",1,1,0.05475047,0.8228277,0.12242191
@user oh snap. You guys know who @user is? I'll have to meet the Big Brother fan who runs this acct. I'll be @ setup on Friday!,2,2,0.011585791,0.35831767,0.63009655
Activists in Deir Ezzor captured this image of Musab Bin Umair Mosque after regime forces set it on fire Wednesday.,0,0,0.819595,0.16172308,0.018681997
@user my liver needs a rest. I'm going to the Foo Fighters concert tomorrow. LOL,1,1,0.40195996,0.47664055,0.121399514
@user Thought Paul Dunne might have done that on the 2nd tee,1,1,0.048057865,0.89928955,0.052652538
Im gonna fail tomorrow so fuck it i dont care anymore.. Im gonna try to cheer myself up a little and watch The big bang Theory.,0,0,0.8979617,0.06961628,0.032422036
@user yeah. I just expect cyborg to accuse the UFC and Rousey of being afraid of her when the dec fight doesn't get booked.,1,0,0.8459219,0.13652161,0.017556548
"You'll love this. @user #BlastFromThePast, Federer, Murray, Serena, Djokovic. Its got it all. #WorthTheRead",2,2,0.012926711,0.037349924,0.94972336
This will be me when Nash's new video with Skylynn is up tomorrow,2,1,0.03476646,0.6144475,0.35078606
"""just out in Pinellas: Steve Miller Band, Metallica (MINT 1st pressing), Rolling Stones, T.Rex, Doors, Band, Neil Young, Iron Maiden, Hendrix""",2,1,0.012665421,0.83738315,0.14995137
"""ITMA 2015, held in Milan from 12 to 19 November at the Fiera Milano trade fair grounds, closed its doors with...",1,1,0.23712796,0.71044385,0.052428197
I'm in love with Efteling! Like a quirky crazy non-PC version of Disneyland. Can't wait to go back tomorrow!,2,2,0.01757721,0.030208008,0.95221484
Im just so happy that Zayn is fully living his thotty dteams on this Tuesday morning. Also my hamgover is mild. #Blessed,2,2,0.016237136,0.040069737,0.9436931
No iPod until 10th grade began... Brother is still in elementary and succeeded in convincing dad he 'needs' one.,1,1,0.26455212,0.6103526,0.12509531
Cupid did so much work da 1st time that he don\u2019t wanna be my friend no more,0,0,0.9221727,0.065637976,0.012189326
Sunday morning up at the lark a think I'll take a bomb to Hyde park hey hey hey it's the IRA,0,0,0.811033,0.15982619,0.029140731
@user and yeah I agree berahino may go on to be massive but with Kane at the club I'd focus on devolving him even more!,1,2,0.05110393,0.46356174,0.48533434
"""TONIGHT (FRIDAY!) AT UPTOWN BILL'S COFFEE HOUSE 7 pm. Victorian Christmas Concert with Curtis and Loretta,...",2,1,0.011088659,0.7425012,0.24641009
The reason TFI isn't as good now is cos the 1st time around Chris Evans was on the verge of a breakdown and it was incredible watching him,2,0,0.48905876,0.25771588,0.2532253
National Hot Dog Day is Saturday #CapitalGMC #Saturday see you there.,1,2,0.008236592,0.24378383,0.7479796
@user @user let's not forget that the original point of this discussion was bc Shawn believed the 2nd amendment to be....,1,0,0.69375336,0.2721424,0.034104224
Come and watch the future Bees this Saturday as the Youth Team take on Leeds United at Jersey Road at 11am.  Then...,2,1,0.009712955,0.71570295,0.27458405
Trent Richardson is the bad-weather back the Cleveland Browns have long needed: Bill Livingston\u2019s Mon... #cleveland,0,0,0.8667447,0.11595577,0.017299576
Who wants to go to a Pride Parade with me Saturday?,2,1,0.020505087,0.7137107,0.2657842
@user def not. She made a slight run in the 3rd but serena was up too much already,1,1,0.15095675,0.7915363,0.057506926
The only thing I'm looking forward to tomorrow is the new iPhone and iPad Pro,2,2,0.0151783405,0.033773422,0.95104825
"""#JohnKerry says #ISIS had a """"rationale"""" for the Charlie Hebdo killings in January (pic of Muhammad), but Friday night in Paris was different""",0,0,0.7209673,0.25807494,0.020957736
Coaches like Gonzaga\u2019s chances - Mon\u002c 29 Oct 2012 PST: Don\u2019t count the Zags out after their run of WCC basketball...,2,1,0.105219305,0.8272099,0.06757078
If Chris bosh drinks a beer he won\u2019t burp till tomorrow\u002c long neck modafacka,0,0,0.86915964,0.1127839,0.018056458
Watching Friday After Next on VH1 sucks... Every other damn word is bleeped out. We all know what it really says. Just let it be. Damn,0,0,0.96002847,0.028849138,0.011122334
Floyd Mayweather Vs Andre Berto Sept 12th ..... I'm pretty sure we know the outcome lol but hey anything's possible.,1,2,0.02131082,0.45475635,0.52393275
@user I'm so tired of you dressing like you ain't got no money. You went from wearing Gucci loafers to 6th grade boy Sketchers.,0,0,0.9512794,0.035645686,0.013074953
If you are not entertained when turning WWE on a Monday night  then there's something wrong with you. - Brock Lesnar. I agree.,2,0,0.81669736,0.13829508,0.04500759
Back from Ant-Man for the 2nd time! Love that film.,2,2,0.014006422,0.036135286,0.9498583
Needed the loo since Bethnal Green... Now the other side of Romford This suit might be getting dry cleaned tomorrow,0,1,0.31153274,0.6297745,0.058692675
"""also, a musing: i want to dance to david bowie and the soundtrack to saturday night fever. i'd like there to be disco lights""",2,1,0.03612504,0.6428379,0.32103708
"""Flying around the world for free sounds great, but this Rolling Stone profile may make you change your mind.",1,2,0.23942351,0.37464836,0.38592806
"""I may not be a fan of the Spurs, but they play some amazing basketball.""",2,2,0.03677087,0.051226083,0.9120031
@user btw yakub was a good terrorist !! may he never rest in peace ..,0,0,0.9510768,0.03510271,0.013820452
I just want it to be Saturday so Amy Schumer can make me laugh and feel good about my life compared to hers.,2,2,0.024094867,0.052116584,0.92378855
"""WASHINGTON -- Wisconsin Gov. Scott Walker (R) unveiled his health care plan on Tuesday,&amp;#160;promising to do on day one of his presidency""",1,1,0.039839044,0.87029463,0.089866385
"Darcis stops the bleeding by winning his 1st game since 1-0 in the first serve. Well, one kind of bleeding because Federer's still leading.",2,1,0.028243301,0.58186996,0.38988677
"If you wanna watch #apple unveil their new iPhones, a new huge iPad, and a revamped Apple TV then go here:",2,2,0.0097558405,0.3279965,0.66224766
@user @user Seth Rollins great match with Neville on Monday night raw very entertaining match,2,2,0.014783128,0.042505726,0.9427112
@user Or do you want to wait for tomorrow so Vanessa can hang too?,1,1,0.048828755,0.83888143,0.1122898
Axl Rose needs to just give up. Now. Not later\u002c not soon\u002c not tomorrow. NOW!,0,0,0.9493537,0.039996393,0.010649864
@user @user @user @user or is she hoping that that gay man needs to be available to be her 5th husband.,0,0,0.5400893,0.42330045,0.03661025
I like it when a celebrity that's crap at cooking goes on Saturday Kitchen. Chris Evans looks like he's never used a whisk in his life.,0,0,0.66373533,0.20652118,0.12974347
@user @user and IOS and he said thats it was no longer the 8th he said he Jinxed it and now is going to take longer.,2,0,0.8448595,0.13779332,0.017347148
"ugh also i forgot hannibal is ending...i never kept up with it but i still feel pretty sad it was a damn good show, 1st season",1,0,0.8908125,0.052156217,0.057031218
This guy that just sat behind me smells like body odor and curry... So i didn't have to turn around to see who it was. Obviously Joseph Kony,0,0,0.9459506,0.043238927,0.010810423
"""27 December 1997- Just hours after Billy Wrights death, the LVF retaliate by killing ex IRA prisoner Seamus Dillon",1,0,0.746545,0.23240088,0.021054126
@user I\u2019ll let him know if he text me\u002c otherwise just drop it mate\u002c I\u2019ve got road tax and CBA to get it till Monday lol,1,0,0.8764988,0.10769646,0.015804747
"""Day 19 Sat in HVAR with 30degree sunshine and countless beaches, but would rather be at home watchin Super Sunday, find me a bar #unmissable""",1,2,0.112762116,0.4191667,0.46807113
@user @user CAITLYN Jenner may have saved/helped mils of trans people around the globe.why can't you just be happy for her?,1,2,0.11950053,0.26376772,0.6167317
In rugby news\u002c @user are winning 26-5 at Cobham\u002c with the four-try bonus point in the bag. See The Monday Gazette for a full report.,2,1,0.011280171,0.69177264,0.29694715
"Kurt Cobain solo album release in November is exciting (and he's dead), far more exciting than neanderthal Ed Sheeran  #AlisaReal #NME",2,2,0.031447317,0.084734656,0.8838181
"""I got the practice CAHSEE tomorrow at school. dear practice CAHSEE, can you not. sincerely, me.""",0,0,0.90359235,0.08033555,0.016072046
I\u2019m definitely going to that cypress game Friday.,2,1,0.049653236,0.6521397,0.29820707
"""Pattaya Mail: SONGKHLA, Dec 16 - Hotels in Hat Yai, the business center of this southern province, have been ful...",1,1,0.019964973,0.89402807,0.08600699
"""Clocked in. PC on. Headphones in. Pearl Jam, Nirvana, David Bowie, Barry Manilow (Don't judge me) playlist on .. Right Monday bring it on""",2,2,0.012521035,0.25620162,0.73127735
Celebrate the life and music of George Harrison with a free special streaming event on 25th February.,2,2,0.0087890355,0.15066482,0.8405461
Glad to see John CENA is healthy. That was a nasty bump he took Friday night,2,2,0.17234612,0.25505328,0.57260054
"@user Yesterday, did you see Kris Bryant go over to field 2nd base for a few pitches &amp; then go back to 3rd? Never seen that ever before""",1,1,0.125747,0.82660633,0.04764668
Damn near thinking about selling my ticket to Chris Brown show on the 19th,0,0,0.58100325,0.34991008,0.06908667
It's NFL kickoff but you don't like Tom Brady so come to @user and my show next Thursday 9/10@7pm! Get tix,1,1,0.27665815,0.5626811,0.16066076
I wanna go to the kendrick concert tomorrow but thats like a death trap,0,0,0.929157,0.055528417,0.015314637
@user @user the IRA were founded by the united Ulster Men = you read The Sun cause you no FA about reality,0,0,0.9220052,0.06409017,0.013904533
Saudi to raise petrol prices by up to 40%: Riyadh (AFP) - Saudi Arabia said Monday it was raising petrol price...,0,1,0.08764407,0.8368389,0.07551703
Tim Tebow may be availible ! Wow Jerry \u002c what the heck you waiting for !,2,2,0.039348412,0.19985214,0.7607994
The weeknd released the new album and Ed Sheeran is on it. Happy Friday everyone,2,2,0.009567341,0.053754613,0.9366781
Seahawks are 31st in passing avging 182.2 per game but remember Russell Wilson is the best QB in the league if you listen to any analyst.,2,2,0.046865452,0.2711445,0.6819901
"@user Cant believe we didnt even take a trip to the beds today, PALEY saturday now me defo boooooo""",0,0,0.9430917,0.0445636,0.01234469
@user They launched the day of the Carling Cup Final\u002c did you not see the Dont Buy The Sun posters? #DontBuyTheSunANYDAY #JFT96,1,0,0.7993839,0.17588022,0.024735892
Nothing to do with importing Muslims &amp; Mexicans or dumbing down kids by liberals. Move on.,0,0,0.9416356,0.046312474,0.012051871
"""Deals to acquire David Price, Troy #Tulowitzki &amp; Ben #Revere at the trade deadline have helped spark the #BlueJays 17-4 surge since July 29.""",1,1,0.014286853,0.76719284,0.21852027
@user I'm conflicted. I don't particularly like the Sun or David Cameron but I always enjoy a David Bowie pun/reference.,0,0,0.8023864,0.14263591,0.054977622
"some days I want to blast fleetwood Mac, some days I want to blast biggie and others blast taking back Sunday.",1,1,0.058454562,0.7086536,0.2328918
May nakita akong 5SOS at The Vamps shirts! I want I want I want!,2,2,0.017456103,0.1504484,0.8320955
The Marching Band is playing the 3rd Quarter dance song right now and I can hear it from my class. I gotta do it\u002c can\u2019t stop...,2,2,0.2954212,0.3103082,0.39427057
@user Come SUPPORT the SHOW/MOVEMENT at Parkdale High School Oct 26th from 8-11 w/ AJA\u002c DREAMTEAM\u002c HQB\u002c DSB & HIB .,1,1,0.012871704,0.7314804,0.25564784
On last sunday i was hearing the speech of kanye west at vma's and that was vry amazing and heart touching. I just loved it!!@kanyewest,2,2,0.016531698,0.034776155,0.94869214
What is the point of this post the only thing Bobby Jindal Is guilty of is standing up for the 2nd Amendment,1,0,0.9498365,0.04017335,0.009990178
What is chilling? I get more stick from Muslims than I ever do from non-Muslims - am sorry it is the truth world - as much as it may pain,0,0,0.95145255,0.036178265,0.012369284
"""10 Dec 1971-Third UDR soldier in four days, along with one who recently resigned, was shot dead by the IRA in Clady",0,0,0.8805573,0.10559369,0.013848976
@user I mean can you blame her? I'd hide behind Beyonce too if I knew a 10-hit combo may or may not came my way.,2,0,0.6232068,0.3325215,0.044271767
Tomorrow is the first day of the week after Eid holidays wich means a huge # of ppl with a little # of ppl to serve them . Oh well.#vacation,2,0,0.815031,0.15694372,0.028025335
SummerSlam results: John Cena wins his 16th World Championship. Following night: loses the U.S. title due to a distraction from Seth Rollins,1,0,0.506091,0.4496873,0.044221736
Happy Veteran Day! Back in the day! 2nd 75th Ranger,2,2,0.0126114935,0.0526446,0.93474394
"@user With this sweet and sudden u-turn frin Israel, don't we all understand how the term """"doenmeah"""" was coined in the 1st place?""",2,0,0.7083565,0.26263362,0.029009838
US football down 7-3 at Chardon tonight after 1st Q,1,1,0.45005634,0.51197666,0.03796697
"""Just to let you know, Antonio Carluccio might mention us on The Great British Food Revival, BBC2 at 7pm tomorrow.""",2,1,0.012335583,0.81477964,0.17288467
"Louisiana Gov. Bobby Jindal spoke from just outside a Lafayette movie theater after a deadly shooting took place there Thursday, saying he",1,0,0.5485368,0.42449772,0.02696552
"Shock of shocks, the posts about Bobby Jindal's birthright citizenship/""anchor baby"" status are bullshit (http://t.co/YFv7FEr9Z2) ...",0,0,0.95505446,0.034652233,0.010293318
"""Good morning Thursday. \""""""""Life is fragile. We\u2019re not guaranteed a tomorrow so give it everything you\u2019ve got.\"""""""" - Tim Cook [Do it for Jobs!]""",2,2,0.020878833,0.10338577,0.8757354
TOMORROW come see ALL IN! at LA\u2019s Comedy Central space. It\u2019s FREE but you need a reservation- call 323-960-5519,1,1,0.009942457,0.50155467,0.48850292
Seriously all of you people are dumb saying that all of the schools in CNY are going to be closed tomorrow...,0,0,0.9552389,0.034221698,0.010539452
"""Paul Dunne: """"The ball does what you tell it to do."""" We all know he's one to watch now! Brilliant #TheOpen",2,2,0.014090608,0.043317437,0.9425919
@user Italy miss you :) x come back as soon as March to Milan! We are waiting only you and @user,2,2,0.02393851,0.074259706,0.90180176
"@user @user Dear David, I hope Erdogan's mentors won't translate into the Turkish ,otherwise he may use it against Egpytian leader :)",0,0,0.8651843,0.11661212,0.01820351
I wish I was going to MetLife tonight but I'm not upset about it cause I'm going to Baltimore on Saturday....,2,0,0.67432743,0.23696055,0.08871202
@user @user #Surface the Florida Mall\u002c Orlando\u002c FL is the closest $MSFT store to me. ;-) can\u2019t wait to be there tomorrow!,2,2,0.014480988,0.03647637,0.9490427
Get your growler from @user and fill it up with pennies by June 22! #yyc #charity,2,1,0.015704446,0.6574172,0.32687843
@user interesting that Jack Kemp and @user were both announced on the same date -- 11 August.,2,1,0.01580879,0.5411894,0.44300184
@user Sounds like April may know the person that has taken her but just hope we DON'T have another Tia Sharp case on our hands!!,0,0,0.8031346,0.16991524,0.026950208
"""Fly Yoga with Sabah and Piper, Arms and Core, Wednesday 8:15pm and Thursday 11am.",1,1,0.018888477,0.87865806,0.10245349
Thank you Baltimore for a GREAT Holiday Heap! My best ever today! Join us tomorrow at the Creative Alliance 3134...,2,2,0.014086144,0.03437335,0.9515405
Someone said that they might snub Kendrick on all 11 nominations or he may get just 1. If that happens then it's clearly rigged.,0,0,0.91647077,0.07169597,0.011833338
Not even started this essay thats to be in for tomorrow. Christmas opening night at the garden centre was much more fun!,2,2,0.092786625,0.19568737,0.711526
Selling two Jason Aldean tickets for Friday! Text or dm me if you're interested,1,1,0.017153556,0.6275447,0.35530168
Report: Steelers can\u2019t find hotel\u002c to travel Sun.: The Pittsburgh Steelers will fly to New York only hours before playing the Giants ...,0,0,0.5211504,0.44991833,0.02893134
LIVE: Sunderland v Newcastle: It may not have the glamour of El Clasico or the title implications of the Manches...,0,1,0.09858068,0.85160714,0.049812112
"""Sunday Oliseh Woes Jordan Ibe For Super Eagles: Super Eagles head coach, Sunday Oliseh, has revealed that he m...",1,0,0.7926341,0.18746446,0.019901427
@user the pieces that made the Fall show will be posted on the MPAC FB page\u002c Twitter & posted up in the Murphy Center tomorrow!,1,1,0.01356813,0.83779263,0.1486393
@user Or Hillary or Sanders.  We may have to rethink this whole democracy thing if someone does not step up after the pre-season. :D,0,0,0.9223487,0.06521917,0.012432111
"""my infant son is def keeping wife and up \""""""""Up All Night\"""""""" - a little sleepy today. The book \""""""""Happiest Baby on the Block\"""""""" has been very helpful""",2,2,0.036652528,0.09590867,0.86743873
Happy Valentines Day <3... only if you live in Brazil\u002c otherwise its just another irritating Monday.,2,0,0.61160904,0.13956831,0.24882261
"@user @user Monday was the Labor Day holiday. We are catching up with the 11,000 tons of trash that didn't get picked up.",0,0,0.89521515,0.088768244,0.016016614
"""Circoloco what a send off for the summer! Back to pompey tomorrow, don't know how im feeling about it.. #shortstraw #singlebed #dropmeout""",0,0,0.63346505,0.12639202,0.2401429
"""First Kim Kardashian tries to break the Internet and now this!The 35-year-old reality star launched her emoji app, Kimoji, on Monday and""",2,1,0.03907775,0.60592985,0.35499236
"""The most unrealistic thing in any movie was in """"Compton"""" when Ice Cube was sitting in front a Mac with Final Draft open writing """"Friday.""""""",0,0,0.7722667,0.20241919,0.02531409
Caitlyn Jenner &amp; Kris Jenner Come Face-To-Face: The cameras were rolling as Caitlyn Jenner sat down with Kris ...,1,1,0.020621402,0.8802762,0.0991024
Who will be evicted. Steve or Johnny Mac. Find out tomorrow at 8/7c. And who will return to the game? Find out on Big Brother! #BB17,1,1,0.06809771,0.8758045,0.05609777
@user you think AJ is a 1st rd pick in the League?,1,1,0.061622117,0.87467545,0.063702516
Book Swap\u002c Saturday at 2pm! We\u2019ll bring the cookies....,1,1,0.01612552,0.7545384,0.22933602
Why take the elevator from the 1st floor of Pope to the 2nd? Why?,0,0,0.6866121,0.28048095,0.032906942
Love taking a youtube break next day HD TV will be here and Saturday will be a BEAST VID,2,2,0.013920758,0.058479942,0.9275993
"""Well, 15 August must be a Shameful day 4 #India because Hindus never wanted to give freedom to Muslims. y celebrate?  #FreedomForKhalistan""",0,0,0.9541808,0.03542423,0.010394968
Martin must be dreading it. It\u2019s make or break for him tomorrow. It\u2019s the nature of the beast,0,0,0.93904096,0.04842496,0.012534099
@user Plays Lt. Joe Bishop on the hit new series #BeautyandtheBeast !! Check it out every Thur. 9/8c on CW Network!!,1,2,0.0081955725,0.3595467,0.63225776
"""On a break from the law world ... At Roskilde Festival, soaking up pre-fest sun and writing a piece on Danish ethos !",2,1,0.013095717,0.5661657,0.4207386
Sold Out OSU NIKE WEEK ZERO v6 amp Available. Men's Size 10 for $230. Local pickup in the Buckeye City. Available before Monday's Game.,1,1,0.059100613,0.8791437,0.061755724
i need to figure out what shoes im going to buy tomorrow NIKE OR ADIDAS SUPERSTAR BC MY BROTHER HAS ONE AND I WANT TO HAVE IT TOO,2,2,0.020360947,0.29542747,0.68421155
If I'm Holly Holm I think I go to Dana White &amp; hold him hostage. But I may just enjoy chaos a little too much,1,0,0.48050871,0.37518108,0.14431012
"""Before you go to bed, can you tell Saudi Arabia to stop beheading kids please? Someone might listen to you",0,0,0.8126362,0.16390227,0.02346152
TV fundraiser 4 Sandy Friday night. During Katrina telethon Kanye said Bush was killing black people...doubt we\u2019ll hear opposite about Obama,0,0,0.8942943,0.092723,0.0129826395
The IRA terrorist may be suspected of Killing 4 British Soldiers but he probably killed a lot more. The IRA...,0,0,0.94139385,0.04737543,0.011230695
A warm Thursday for CenLa with highs in the 80s for the sixth straight day. Natchitoches and Colfax led the way with 88.#KALB5,1,1,0.012256995,0.6105132,0.37722984
"""Opening today \""""""""The Inbetweeners\"""""""" (15) 20.45 and Cowboys & Aliens (12a) 20.20 Remember it's Super Saver Day,so you...",2,1,0.011422775,0.79146874,0.19710837
"""#WWE debuting new children's series """"""""Saturday Morning Slam"""""""" on the CW Network at 10 a.m. EST today. .""",1,1,0.013528363,0.8584935,0.12797806
"""Foo fighters next monday with me mum, might have to score MD &amp; get mashed up""",2,2,0.029735796,0.36832038,0.6019438
We\u2019re thrilled that Grandpa\u2019s Workshop is a main feature in the Education category of the App Store for a 2nd week!,2,2,0.01024135,0.04599951,0.94375914
Rahul Gandhi talking about politics and policies is like studying for CAT from a 2nd grade teacher. @user  #FakeIntolerance,0,0,0.9428015,0.044833574,0.012365018
Haven't made your plans or Friday night? Come out and hang with us The Slackers at Schooners from 7-10! Will b a great time! Bring Friends!,2,2,0.01354975,0.043931764,0.94251853
This Sunday\u002c come watch the Ravens take on the Browns\u002c and help support the Baltimore Humane Society! CAPTAIN...,2,1,0.011422308,0.5428844,0.4456932
"""I guess, SP or Congress ruled States may create TERRORISTS WELFARE MINISTRY soon. Yakub's wife will be the 1st minister""",0,0,0.9338306,0.05554945,0.010619932
We have added a second night of Yoga which will start this Thursday at 7:30pm! Hope to see you there! #YMCA,2,2,0.007244208,0.113540016,0.8792158
"""Rahul Gandhi's inaugural address at the 31st Plenary Session of INTUC, today, at Talkatora Stadium. #RGwithWorkers",1,1,0.01640465,0.88522863,0.09836671
Brian May confirms that Sacha Baron Cohen will play Freddie Mercury in a film about the late\u002c great Queen singer:,2,1,0.01344938,0.5207047,0.4658459
Irish SunSport Tuesday: Robbie Keane rallies the troops ahead of vital Faroes clash @user #roi,1,1,0.014080043,0.85092235,0.13499752
@user is creeping! RT me Justin LOVE YA so excited for the concert in october MEXICO LOVES YOU<3 u inspire me,2,2,0.013898228,0.03433133,0.9517705
"""S-LINE NEWS Katy Perry, Taylor Swift - Taylor Swift may have dissed Katy Perry in her track, """"Bad Blood,"""" but it a...",1,1,0.24816132,0.705911,0.045927644
B2ST\u2019s current nominated position for MAMA 2012 Best Male Group (5th place) Best Global Group (4th place) Artist of the Year (8th place),1,1,0.018414253,0.6730084,0.30857736
Same old same old good till the last 3rd no support for Kane no width fuck knows what Poch is doing ain't got a fucking clue,0,0,0.93735117,0.05105491,0.011593909
A district judge on Monday held Kane on charges for allegedly lying about leaking secret grand jury information to get back at her critics&gt;,1,0,0.8240776,0.15700941,0.018913021
So Shawn is meeting up with the jacks tomorrow I'm expecting some hot ass pics,2,2,0.017140511,0.116503134,0.8663564
@user you won! Conor McGregor knocks out Chad Mendes in 2nd round for interim title,2,2,0.012392733,0.15045924,0.837148
@user @user Kyle you fall in 5th place in the Mario party standings: 1st Bryan 2nd Bfish 3rd Fish 4th Andre 5th Kyle,1,1,0.1846287,0.7461698,0.06920157
Boruto: Naruto the Movie just wait brooo. im coming to you in november. Hall pasti dipenuhi dgn org dh besar hahaha,2,2,0.020120036,0.39016116,0.5897188
I feel do bad.. My boo Asia bday event maybe cancelled for this Sunday!... I was soooo looking forward to it,0,0,0.945481,0.03489618,0.019622833
@user Vitali\u2019s may have more power on it but he tends to push it. Paulie\u2019s controls fights with that upjab,1,1,0.09893062,0.82833594,0.07273346
"""Boko Haram member Mahamat Moustapha, a Nigerian, alleged to have been the mastermind of the June suicide attack in...",0,0,0.8716952,0.11356777,0.014737005
Negros at Richwood do sh-t like : Fw/ the same hoes & bet who gone hit her 1st o_O,0,0,0.9425166,0.04552584,0.011957588
"""HOLD ME, THRILL ME, KISS ME, KILL ME by U2 was no.13 in the UK charts on 16 August 1995",1,1,0.051365566,0.61246,0.33617443
Daniel Descalso robs Kris Bryant of a hit to end the 7th for the #Cubs,1,1,0.32954484,0.62934846,0.04110663
The fact he sees the rationale of Charlie Hebdo attack is why his policies are impotent against ISIS,0,0,0.94877934,0.041605115,0.009615529
Sat for 3 hours in a restaurant to watch Rousey for 34 sec. &amp; I would do it again!!! #Rousey #BestFight @user @user,2,2,0.017491747,0.06497385,0.9175344
CNET Update - Amazon may be cooking up a $50 tablet  Oh My God! Welcome back @user I missed you so much!!,2,2,0.014935292,0.039138474,0.9459262
I'm telling you if Bernie Sanders picked Kanye as his running mate right now he would win the election tomorrow BUT NO ONE LISTENS TO ME,1,0,0.5930775,0.33595112,0.07097149
@user Here's the link - I am the 4th poem down (it's only short!!) Called 'Songbird' - about Fleetwood Mac,1,1,0.014630141,0.64813524,0.33723468
Kinda pissed that I just found out that Breakout Kings got cancelled in may #taptotweet,0,0,0.9558119,0.032515008,0.011673108
If I said Lady Gaga is at Britney Spears' concert tonight.... would you hold it against me??? #BritneyGaga #clicheHIAMplug,1,1,0.0899669,0.79991096,0.11012215
Because Sunday just screams Pancake Day,1,2,0.04428775,0.3162485,0.6394637
Tip to Apple CEO: u may want to stop outsourcing your mapping apps to China. While UR @ it how bout bring all those manufacturing jobs back.,1,0,0.8061352,0.16565375,0.02821101
@user @user Interesting enough why is it Islam is the one culture/ religion 3rd wave feminism refuses to criticize?,0,0,0.7818762,0.18868247,0.029441332
Went to the Shepard Fairey exhibition yesterday at Stolen Gallery just off Brick Lane. Fantastic art - on till Nov 4th so still time to go!!,2,2,0.011016119,0.037194334,0.95178956
"""Twitter-owned blog service Posterous loses multiple databases, down 6 hours+: As you may notice from the n... #TNXW""",1,0,0.9098308,0.07763955,0.0125297075
@user @user it may have have gotten a higher score never denied that fact....but Nicki's album is STILL critically acclaimed. Lol,2,2,0.056757994,0.28986394,0.653378
Tomorrow belongs to those who can hear it coming. David Bowie   The internet/media has the power to make the...,2,2,0.018378172,0.2374026,0.7442192
Tank top Tuesday with my boy RIC FLAIR.,2,2,0.016133385,0.39995015,0.5839164
@user bought a Samsung Galaxy Note 4 Friday for 800$ and don't like it and tried to return it and was refused because of usage. B.S excuse,0,0,0.9610434,0.026462654,0.01249397
Oh shit I just remember the Sam smith concert is on the 30th,1,1,0.117322624,0.51137114,0.37130627
Today is the day. As Bob Marley put it The Sun is Shining. See you at 17:00,2,2,0.00837389,0.09297066,0.8986555
Check out the Miche and Younique display at Elmsdale District School on Oct 18 from 9-2 #miche #younique #3dmascara,1,1,0.011777524,0.7994839,0.18873857
"""If the NFL wants better Thursday games, they'll need to get QBs other than Christian Ponder and Ryan Fitzpatrick playing #ugly #blowout""",0,0,0.8994661,0.08401134,0.016522631
The @user bucket list. 1. Get an insurmountable lead. Check 2. Get swept by the 4th place White Sox. Check 3. Make your fans sweat. Check,1,0,0.6619342,0.2849377,0.053128056
"""Coach Brian Kelly yelling """""""" hold the fucking ball"""""""" after 4th quarter touchdown by folston #ND""",1,0,0.6751126,0.28370532,0.041182134
"""Will Fuller said it got """"""""annoying"""""""" after Brian Kelly played the Florida State fight song during practice on Wednesday.""",0,0,0.89548653,0.09110082,0.01341261
[ABS-CBN News] Aquino on Enrile\u2019s memoirs: May all of us seek in this book the lessons that will allow us to advance as a people,1,1,0.039681144,0.65817434,0.3021445
Promoted again! I just guided Milan to 2nd place in Non-League A,2,2,0.01097067,0.26014546,0.72888386
"""Kim Davis, KY Clerk Blocking Gay Marriage, Held in CMPT. a state employee, &amp; broke the law. Have fun in prison may u find a nice woman!""",0,0,0.950184,0.03550048,0.014315504
"""'America's Got Talent' semifinals begin Tuesday: We want different singers than American Idol and X Factor, said...",0,1,0.038914293,0.88482076,0.07626493
"""Go Set a Watchman, the only other novel by Harper Lee set to be a hit as it's released in stores tomorrow! #goodreads",2,2,0.01014011,0.051773056,0.93808687
Saw an iPod nano 5th(?) Gen 16GB one at the cash converter's place,1,1,0.025160104,0.82428586,0.15055405
You may think I have mono-cellular Zulu imbongis at the rate some of these folks are thrown profanity at me.,0,0,0.9133613,0.068031006,0.018607726
Sophia Grace and Rosie a few of the cookies & creme may be really like at the moment!,2,2,0.010106008,0.12522322,0.8646708
All this is just banter. Wait and see when Real Madrid announce the transfer at noon tomorrow.,1,0,0.5436994,0.41342276,0.04287794
#Hydrogen Car News Lexus may reveal a new hydrogen fuel cell car: Lexus has plans to reveal the new ge... #carkit,2,1,0.017508807,0.812889,0.16960223
"@user This must be the 20th time this old advice to Hillary has been recycled as ""news.""  She is who she is. That's her problem.",0,0,0.94982344,0.03939579,0.010780732
Ravens sign Ricky Williams ohhhhh leeeeee dueeetttttt #blackbirdgang...they bout to smokeout the locker room tonight,2,1,0.038447224,0.5433338,0.41821897
"@user @user those that impose!! Tony Blair has made it clear in his apology but no ICC for him ne.1st world warlords,Teflon Don""",0,0,0.948741,0.04129984,0.0099591855
Fans jeer Milan after they draw against bottom club Verona: Milan's inconsistent season worsened Sunday as it ...,0,0,0.83809865,0.14052701,0.021374326
@user @user I don't think Thursday is the worst my any means...Rolling Stone? C'mon,0,0,0.88155216,0.09203442,0.026413405
"Square Cash adds convenient money transfer to Apple Watch:  Cash, the iPhone app that lets you easily send mon...",1,2,0.017617036,0.37337273,0.6090102
"""Sadly, the BJP may still find itself on the backfoot next elections despite best efforts by Rahul Gandhi""",0,0,0.89775515,0.08486066,0.017384194
Alan rickman reading return of the native- perfect Sunday listening #bliss,2,2,0.012617797,0.046675235,0.940707
@user Harper will issue an apology through the team no later than tomorrow.,1,1,0.20368268,0.7561266,0.040190812
TL;DR: I'm literally the 2nd biggest piece of shit in Africa right now next to Boko Haram.,0,0,0.9639862,0.024801912,0.011211896
Diablo III [Full PC Game] with Crack: Release date:  World: 15 May 2012 | USA: 15 May 2012 | Europe: 15 May 2012...,1,1,0.015170328,0.77961063,0.20521902
@user @user I'm gonna dm you the user and password for the snapchat account and you just post on it tomorrow at digi,2,1,0.029955534,0.8410701,0.12897441
"AC/DC tonight...One Direction on saturday, lets get itttttt #BigOsBumping",2,2,0.009508255,0.13958639,0.85090536
For any of those who went to see the Dancing On Ice tour this year the DVD of the tour comes out November 26th 2012,1,1,0.0122270165,0.7204096,0.26736346
Hope everyone enjoyed our Open Twilight Race Meet held on Saturday. A quick update on the two youngster's that...,2,2,0.009033555,0.06951868,0.92144775
Ant-Man takes a second week at the top of the box office:   While it may not be setting th... via @user,1,1,0.023077229,0.77624744,0.20067528
true story: munibond sales guy was freaking out &amp; wanting to liquidate his IRA at depths in aug/sep (talked him out of it for the most part),0,0,0.6144982,0.34927675,0.036225066
"Oracle lead at the bottom gate, didn't see where it happened, but ETNZ go past us and are 2nd at the gate... @user  #BringTheCupHome",1,1,0.027222095,0.7932189,0.17955893
Im so upset i dont get to see shawn on tuesday like hes my everyythingg(besides nash cam and twins) and im just really sad:(,0,0,0.9315905,0.04504205,0.023367506
"""This #GOP race is seriously getting out of hand. Who in the blue heck is John Kasich? Or red heck, as the case may be here.""",0,0,0.9493549,0.04001598,0.010629096
"Ohio has defined marriage as one man and one woman, if SCOTUS now writes law, guess Ohio has no law and you may marry who/what you wish.",0,0,0.47756866,0.4543661,0.06806518
"""GOAL Neymar! 0-2, reminds me of the game before between Valencia &amp; Atleti just at the end of the 1st half! #fcblive #rayfcb""",2,2,0.012344375,0.42507386,0.5625817
Dj Mix N Match spinning live to air with z103.5 this Wednesday October 31st at City Nightclub!,1,1,0.012094821,0.8170236,0.17088157
"""Motorola has launched the Moto G 3rd generation smartphone at the company's launch event in New Delhi, India....",1,1,0.012937767,0.8067092,0.18035305
Might fuk with Greenville tomorrow night !!,0,1,0.059688926,0.64485747,0.29545358
These White Sox untucked unis may be the most atrocious uniform I've ever seen,0,0,0.9563566,0.027395984,0.016247442
If anyone comes to school with the Galaxy Foams tomorrow \u002c I\u2019m mugging them .,0,0,0.95043707,0.037818592,0.011744291
"Saturday,  washing clothes, grocery shoppin', cleanin' out my LEXUS. As much as it cost, you bet I keep it clean, when able. Hate bein' sick",0,0,0.894971,0.07949139,0.025537571
Laker fans should take it as a sign that they got beat by the Sacramento Kings twice in the preaseason...and their starters played the 4th,0,0,0.65783006,0.29319596,0.04897404
"""Best attitude for living:   \""""My Pain may be the Reason for Somebody\u2019s Laugh\u002c But My Laugh Must Never Be the...",2,2,0.04261756,0.1548171,0.80256534
"As things stand, the bottom 3 in Serie A are Bologna (18th), Empoli (19th); and Juventus (20th).",0,1,0.29138067,0.6625949,0.046024397
Why won\u2019t NBC\u002c CBS\u002c ABC and CNN cover the breaking news in the Benghazi story? Information came out last Tuesday\u002c...,0,0,0.7402339,0.23862329,0.021142857
I didn't exactly want to spend my Tuesday morning memorizing the geographical features in Saudi Arabia.. But okay,0,0,0.8000551,0.16904432,0.030900562
"@user Game 3 of the Finals will be played this coming Friday,1pm at the Smart Araneta Coliseum. Game will be aired LIVE over at TV5.""",1,1,0.012749595,0.88167864,0.105571784
"@user Hey doll, I will be riding with the cast of Sons of Anarchy for a charity event supporting the military on Aug 28th.""",1,1,0.012020898,0.5575547,0.43042433
If you still don\u2019t want to listen\u002c wait until Monday on iTunes at 5pm (GMT) you can listen all of the TMH songs.,1,1,0.23224276,0.6898979,0.077859275
"""4th of July Mayhem , The Bikini Tops Edition Going Down July 4th @ Club Crucial ! #Breadhead bouta turn it upp ! @user",1,2,0.013942745,0.3201368,0.66592044
The weather in Farmington Hills tomorrow is 75/54 and sunny. In Minneapolis it is 43/30 and a chance of snow. Alrighty then.,1,1,0.07221427,0.8357823,0.09200337
Ugh someone just hang out with me tomorrow. All my friends are either always working or still at LSU,0,0,0.82667875,0.12727147,0.04604968
@user That was the revelation I mentioned on sunday evening. I am still in Abj. How are u & where have u been again?,2,1,0.075963974,0.8103342,0.113701835
These PAUL McCartney tix are burning a hole in my pocket. Want em? Call 313-298-1043 after the 2nd Paul/Beatles song. It WILL happen.,1,0,0.41356745,0.3932823,0.19315019
Can we just keep Hutchison away from David Price...his suck may be contagious #BlueJays,0,0,0.9572889,0.031609595,0.011101431
Tomorrow im doing a poll at 5pm-Which series of Dancing on ice is ur fave The celeb+pro that won the series will get a shoutout,1,2,0.012812222,0.4723978,0.51478994
I can't wait for the @user Cinderalla Collection! I know what I'm doing on Friday (pay day)!,2,2,0.01254774,0.036308087,0.9511441
@user how excited i was because dec 9th i was going to see Asking Alexndria\u002c SS and MMF but i came home and found out what,0,2,0.023255296,0.117625356,0.85911936
"""On this day in September 3, 2012~ #RAW: John Cena vs. Alberto Del Rio",1,1,0.013383006,0.7985941,0.1880229
"""Just like the 2nd coming, am moving creepy - Hot Jam""",0,1,0.1489682,0.74862254,0.10240926
"""September 6 D&G will be four in the international city of _New York Fashion Week_, Paris, London, Milan, and the two...",1,1,0.0142457,0.8676862,0.11806818
@user Millsap\u002c Al... Favors is getting there and Kanter will.  Is Jeremy Evans your 5th? Idk about that. If Evans is legit\u002c I think,1,1,0.11008685,0.82503825,0.06487491
Just did Spartacus 2.0 and sauna...imma be sore tomorrow but so worth it,2,2,0.024579026,0.08756674,0.8878542
@user I personally think the IRA was political- injustice against Catholics may've been the motivating force. Islamists mad dogs.,0,0,0.9501461,0.039370704,0.010483261
@user I love you Maria :* you have to text me tomorrow I have to tell you something\u002c you might pee your pants \u002c just a warning xoxox,2,2,0.1504284,0.1375027,0.712069
I might wear my Nike slides tomorrow just for that tweet,1,2,0.067860655,0.43437222,0.4977671
"""Federal Reserve sticks with stimulus: The Federal Reserve made no major policy changes Wednesday, deciding to stick to its plan of st...""",2,1,0.07844403,0.81501424,0.10654182
"""Kanye West, 4th member of the new day. Kan-ye sucks.""",0,0,0.9475517,0.040450253,0.011998011
I just sat here and watch @user  snap about Kobe Bryant  I'm too done @user  should know better,0,0,0.9247702,0.058258895,0.016970871
"""Following Trump, Scott Walker and Ted Cruz, said they support revoking 14th amendment rights for the children of immigrants.""",1,0,0.8378947,0.14395185,0.018153459
Damn I forgot to go off on Bernie Sanders supporters today. I guess I'll just hold off until tomorrow,0,0,0.94271743,0.044350587,0.01293199
I'm probably jynxing it. But David Price has a no hitter going into the 4th,0,1,0.047946688,0.882868,0.06918534
"@user And then it's Niall on September 13, it's hard to forget!!!""",2,2,0.017821576,0.0482552,0.93392324
"""Celebrity Juice is decent tonight :) Alex Reid, good answer on the last question.""",2,2,0.013674246,0.040704332,0.9456215
APPLICATIONS ARE DUE THIS FRIDAY NOVEMBER 2!!!    Let this video of YES PREP Senior Signing Day inspire you as...,2,2,0.007979559,0.21535617,0.77666426
Enjoy your networking? Cocktails with Pandas or beers at Adelaide Oval on the agenda at #innovationgeneration,2,2,0.0083391685,0.132695,0.8589658
Damn i just gave her a reason to ground me 4 da whole festve season... Omigod wont evn go ta my pensdown on mon:( shidd!,0,0,0.95827127,0.030429844,0.011298854
@user we were discussing lugging those around and the glorious click of classic IBM mechanical keyboards at after work drinks Friday,2,2,0.013647935,0.30986816,0.67648387
Awhh I can\u2019t wait for Stevie Tv! I wish it was March 4 already!,2,2,0.024165852,0.033814106,0.94202
An incredible day in West Liberty\u002c Ky. A small but strong community moving forward after March 2 tornadoes.,2,2,0.017151037,0.04551914,0.9373298
"""Your claims are based on hawaa. No knowledge of Deen, no adab about how to talk with Muslims. May Allaah disgrace u.",0,0,0.9586218,0.031026218,0.010351965
Northern elders ask Dasuki not to go to court so as not to reveal the activities of Boko Haram sponsors... Enjoy!!,1,0,0.80543923,0.17148791,0.023072775
@user What a shame about Punchestown. Unlikely to race at all tomorrow. I had 2 out as well in Quevega and Lietenant (2 miler!!!),0,0,0.94476265,0.042390738,0.012846638
"""RT @user RT @user Free agent WR Jerricho Cotchery, traveling to Baltimore tonite to begin visit with Ravens. Visit ...""",1,1,0.017627468,0.9103183,0.07205412
Lol @ when Frank Ocean decides to lowkey drop his album on Spotify and say it was released June 30th  Shits fire tho,2,2,0.028485658,0.24541856,0.7260958
Details about NC State's Saturday exhibition against Belmont Abbey. Game will start 30 minutes after football.,1,1,0.016943255,0.9071779,0.07587881
All home based players have been released from the Super Eagles camp for this weekend NPFL games. They are expected to resume on Monday,1,1,0.06075248,0.8931872,0.04606035
"""And, last night, I tweeted this article I wrote after Charlie Hebdo in January. Here I am doing it again. (1/4)""",1,1,0.020782065,0.84982276,0.12939522
uhh Oracle if there is no spoon what am I eating this 4th can of Spaghettios with?,1,0,0.5992529,0.36028472,0.040462323
"""No amount of effort can save you from oblivion."" --Kurt Cobain #MONTAGEOFHECK // AUG 7 //",1,1,0.22846805,0.68458205,0.08694989
@user I have 1 question. Did you actually sing the song waiting for the sun by approaching Nirvana???,1,1,0.10138798,0.82399905,0.07461293
Damn Foo Fighters and #RickRoll still in my news feed. Now the 2nd night in a row I go to bed with that song in my head. On loop for 7 hrs.,0,0,0.8366307,0.12435405,0.03901527
@user @user HELP!! Bobby Jindal has just doomed Louisana.,0,0,0.9543026,0.033363592,0.012333856
guys remember that tomorrow is the last day you can donate to Pennies for Polio!!,1,1,0.3805198,0.52329314,0.096186996
When you're really excited that the boss is buying you Dunkin after a long Friday .... @user,2,2,0.015053278,0.069861025,0.9150857
A Florida player would never get away from a cop with pot and a gun in his car. Michael Dyer did - then got dismissed -,0,0,0.88272107,0.102927245,0.014351703
"@user @user Good morning, you two. Have you heard about Obama, the UN, and #Agenda21? He's a traitor.""",0,0,0.9117231,0.064169474,0.02410752
#FunFacts about Arlene Foster 1st DUP leader to have been involved in an IRA bomb.  1st DUP leader to hail from West of the Bann.,0,1,0.45899695,0.49267235,0.048330702
It was weird seeing Robert Griffin the 3rd and Justin Tuck playing football and not eating subway sandwiches,1,1,0.36263838,0.53203374,0.10532786
"""John Kasich - the most PC, and least 1st Amendment friendly, of the 17 GOP candidates. My article in The Federalist.",1,0,0.9139,0.07207319,0.01402671
iPhone 6S launches tomorrow. As does the Mahindra TUV300. Too tired to care. All the best #kthxbye,1,0,0.7413759,0.1704246,0.08819952
I am looking for to the release of Go Set a Watchman tomorrow by Harper Lee . I am NOT happy with all the spoilers  telling me about  it.,1,0,0.92331445,0.060101587,0.016584005
@user show some bloody respect. Google+? he may not be world class but you'll have been singing his praises a few seasons ago,0,0,0.75872535,0.19103545,0.050239224
@user Hope the forecast clears up for Sat.  Heading up there to see Foo Fighters at Wrigley.,2,2,0.0129761975,0.40367767,0.5833462
"""\""""I saw my father march with Martin Luther King\"""" & \""""My father and I marched with MLK Jr. through the streets of Detroit\""""",1,1,0.04308877,0.8323058,0.12460542
Selling Day for a Night Free Press Passes Ft. Kendrick Lamar. $40 for 2 day pass. Kendrick performs tomorrow at 9:30 p.m. Hmu if interested,2,1,0.014544416,0.8257315,0.15972401
Before We Go (Chris Evans) opens at Ster-Kinekor on the 27th. See trailer here,1,1,0.012152228,0.78330964,0.20453818
"""De La Soul were disappointing. Lazy &amp; uninvolving performance that seemed to be made up on the spot. C'mon, guys. Entertainment, right? #FIB""",0,0,0.9599379,0.028973462,0.01108875
Nothing ruins a Friday morning more than hearing U2 - Beautiful Day on the radio,0,0,0.9520071,0.032559987,0.015432909
Saudi Arabia sentences woman to death by stoning for adultery but the man gets off with just 100 lashes: A mar...,0,0,0.8751521,0.10729497,0.01755288
So I asked a diehard FSU fan about the game against Dook on Sat & they are kinda worried about Coach Cut & his Coastal division leading team,1,0,0.6953982,0.2717905,0.032811325
Benny Benassi at #ExchangeLA Tonight!  Armin Van Buuren at #ExchangLa Tomorrow Night! #EDM WEEKENED. @user see worth the late night job.,2,2,0.01131705,0.23088863,0.7577943
@user you going to Shawn jawn tomorrow,1,1,0.044313356,0.86520445,0.09048222
"@user Shikari walks into Ichiraku's Ramen shop as he saw Naruto sitting at the bar. He sat down next to him, staying quiet.""",1,1,0.056164198,0.8603019,0.08353387
Tune into BBC Four this Sunday for an exciting look into the origins of ballet:,2,2,0.0075428546,0.17184232,0.8206148
Go get it Serena!!!  Congrats!,2,2,0.014072027,0.04916419,0.93676376
"The mobile game ""Snake"" may end up being the most lucrative part of Microsoft's Nokia purchase.",2,2,0.014985565,0.139208,0.8458064
cant wait to see the iPad HD ..,2,2,0.020272192,0.060344532,0.91938335
@user Watch: even tho that was Nicki responding 2 Miley putting her on blast 1st the media will make it out like Nicki picking a fight.,1,0,0.7997924,0.17780547,0.022402149
Nothing like a Merseyside Derby to start a Sunday off! Let us know your thoughts about todays big EPL Matchups!,2,2,0.008812666,0.10447715,0.88671017
"""Can\u2019t watch Rafa\u2019s \""""""""I\u2019ll be back\"""""""" video til the end\u002c it\u2019s too heartbreaking :( plus it just reminded me he was up 5/1 in AO 5th set...""",0,0,0.9481935,0.04087488,0.010931713
Absolutely awesome interview with Paul Dunne just now. Kinda pulling for the amateur to lift the jug tomorrow.,2,2,0.014217331,0.0421148,0.9436678
"""\""""""""@Rican_Amor: Who wants to go to a A$AP Rocky concert with me on the 14th or 15th ?!?!?\"""""""" you don\u2019t have a choice on who you taking we going!""",1,1,0.039970007,0.8364318,0.12359816
Interested in serving in the church? There will be  training for Altar Servers in Madonna on September 2 at 6pm #AltarServer #Ramblers #LUC,1,1,0.012157249,0.8140544,0.17378828
"How in the HECK am I expected to go to class tomorrow, or even LIVE, after Beyonce has just killed me like this??????",1,0,0.94933015,0.03760891,0.01306091
"@user Shawn, do you live in a hoose or a house?  It's the latter!  C'mon ...""",1,0,0.59028494,0.3641082,0.045606878
@user jan can you confirm for me that Real Madrid have made contact previously with reus and were told no sale,1,1,0.14238743,0.81013364,0.04747889
"@user dinner at Hulk Hogan's place with @user Saturday night. Hulk's cooking spaghetti. You in?""",1,1,0.013376883,0.80842716,0.1781959
Just seen @user at Radio City and now get to see then again on the 28th!! SO EXCITED!!!,2,2,0.010406055,0.038119566,0.95147437
My 3rd autograph!My lil sis was the one who came up to Toni Gonzaga! Left photo\u002ccredits to: allenvalladares,1,2,0.011669675,0.43961522,0.5487152
Quick reminder to folks agreeing with Jon. Ric Flair's 16th reign came via Kevin Nash handing him the title. He lost it about an hour later.,1,1,0.4107038,0.53985995,0.04943629
"""It sounds weird the thought of someone dancing to 'TIHTY' on a club but c'mon, not everyone knows what the song is about #MTVStars Lady Gaga""",1,0,0.69306463,0.2644098,0.04252566
Everyone in my feminist studies class was team Nicki AND the Mitski tinydesk was released today WHAT A MONDAY !!!!,2,2,0.01118891,0.07175084,0.91706026
Cannot believe I've just downloaded an avenged sevenfold track to play alongside mariah Carey and bow wow tomorrow lol,1,2,0.018874222,0.29466644,0.6864594
"@user come on, you know most white people know about Friday. It was the only movie that I wasn't scared of Ice Cube.""",1,1,0.30340916,0.37972507,0.31686577
Remarkable Honda may leave milan - if he chose Lazio instead he may still have been playing football #Lazio #wrongchoice #SerieA,0,0,0.85791945,0.12338397,0.018696537
"""We have a """"5th column"""" in this country too. When it was the IRA they were called """"sleeper cells"""" Who are they now?",0,0,0.9379182,0.051436212,0.010645605
Its done! My brother just got married...we turnin up at jett lounge tonight and at grannys house tomorrow,1,2,0.013769531,0.29297155,0.69325894
@user I see a bit of Christian in him\u002c at 1st I wnt him for the role until I saw Matt. I loved him more wen I got 2 watch White Collar.,2,2,0.02513832,0.082626864,0.8922348
"@user got Amazon last Thursday, got IOS last night but the update isn't showing in Google play store yet...",1,0,0.4667814,0.4656432,0.067575395
@user you in london on wednesday? we're being tourists with my brother's Merlin pass!! hope you're having a good break :),2,2,0.012315468,0.04866108,0.93902344
"""Selena's greatest hits album is set to come out November 24th, &amp; it's called 'For You' it will include 2 new...",1,1,0.010229259,0.51854837,0.4712224
"""Super Eagles coach, Sunday Ogorchukwu Oliseh has downplayed the absence of Lille Metropole of France keeper, Vincent Enyeama from his squad""",1,1,0.29952696,0.66615397,0.034319047
Hulk Hogan hates black people??? Stop sitting out in the sun to look like me# makeupyourmind,0,0,0.95704854,0.03263666,0.010314809
"""Stoops admits he wouldn't believe they'd be 2nd in the country in interceptions. """"""""I gotta be honest there.""""""""""",0,1,0.4054067,0.54500186,0.049591355
"""Dear lovely Christians, I wish to inform you, tomorrow we got one Mass @ 10am as we'll be submitting our parish family day collection!""",2,2,0.009165099,0.2947436,0.6960913
"""Roll call: who's going to the Foo Fighters show tomorrow? I'll be there with my mom, who will tell me to ease up on the beer, JUSTINE RUTH.""",2,1,0.031434737,0.8348152,0.13375004
@user thank you Gucci! We on tomorrow and all weekend!,2,2,0.013210155,0.08917973,0.8976101
Finally watched PLL Halloween special. Yikes!! I def cannot wait for the season premier Jan 8th!!!,2,2,0.055992745,0.0766452,0.8673621
James Pattinson may not make it to the ODI tour of England despite his expected recovery as the selectors ponder ...  #Australia #CRICKET,0,0,0.77855015,0.20151643,0.019933352
Ready for the Pride Parade on Sunday? Here's the route so you can plan ahead: -#PEAKMornings,2,1,0.011045969,0.5507303,0.43822372
Mansbridge interview with Trudeau may not have been a classic but I did find Justin believable. And I dont feel like I need a shower #elxn42,1,0,0.67141396,0.27320322,0.05538278
Busy day with dog walks tomorrow. I love all my little odd jobs. Happy it\u2019s finally cooled off in Los Angeles.,2,2,0.01597452,0.0326498,0.9513757
I just remembered im not going to the Ed Sheeran concert tomorrow so nobody talk to me tomorrow its gonna be a horrible day.,0,0,0.953969,0.03170056,0.014330484
Just Dance by Lady Gaga brings the 8th grader in me back to life,2,2,0.020789783,0.15361689,0.82559335
frank ocean's verse on Sunday is just perfection,2,2,0.019459326,0.057474088,0.9230666
@user oooh nice .. Tis tempting to go up the lakes with my Nikon ...  Hmmmm I may do that ..,2,2,0.036077894,0.14918318,0.814739
@user 1st using the Pacers...never even practiced with em.,0,1,0.45028314,0.4887777,0.060939193
"""Found it! Evanescence Live @ Rock im Park in Germany - were to have streamed live today, but they performed on Friday.",2,1,0.010706457,0.5698974,0.4193961
@user goodnight to you too Ira. see you tomorrow. :),2,2,0.016963992,0.0685175,0.91451854
@user 1. When did you get into Kpop? Oct 8 '13,1,1,0.025119487,0.82779133,0.14708915
Kurt may have been drugged again with Rohypnol\u002c possibly in the Root Beer can found at the scene. After he was incapacitated\u002c the murderer,0,0,0.7860855,0.19509973,0.018814798
Someone may want to check on Dana White.... He's somewhere sick right now,0,0,0.6682021,0.3019185,0.029879386
"""Both Real Madrid and Manchester United will push for the deal to go through tomorrow, but personally I don't think the transfer will happen.""",1,0,0.6763517,0.29823017,0.025418144
@user I\u2019ll see you tomorrow! I\u2019ll be with my friend from Germany who came for her first hockey game! :) shed like to meet you! :),2,2,0.010118768,0.06467485,0.9252064
@user fans.. We play NY this weekend on SATURDAY @ RFK in DC. Nov 3rd. I can't wait to see all of DC out to support us. Love you guys,2,2,0.012292705,0.03472918,0.95297813
@user YUP. And did you watch Degrassi from friday yet? looool awkward campbell,0,1,0.11241993,0.7563402,0.13123983
"""\""""""""@Peter_Owen1: Bulls season tips off Wednesday night vs Sacramento Kings. Excited is not the word.\"""""""" Frustrated is the right one...""",0,0,0.8175873,0.14735678,0.03505589
"""I see Jimmy made it into sharknado, so wnci should be hilarious tomorrow.""",2,2,0.014762288,0.11033991,0.87489784
I just stumbled across a video montage on some tv channel of clips of Camilla Parker Bowles set to Uptown Girl. So..that\u2019s my Saturday. You?,1,2,0.011359785,0.3047922,0.683848
How do y\u2019all feel about moving Presidents Day to August? August lacks a three day weekend. Then make Lincoln\u2019s b-day a day off too. #boom,1,0,0.78152156,0.19245754,0.026020871
I may be in love with Snoop Dogg,2,2,0.03733275,0.07912997,0.8835373
Racist Mad Libs: Islam is _______ with _____,1,0,0.8980633,0.08104197,0.02089476
Is it tomorrow night yet? I'm ready for David Wright.,2,2,0.014682132,0.07607905,0.9092388
"""I just want to watch Friday with every human that I can't stand. Just so Ice Cube and Chris Tucker can """"Bye Felicia"""" all you dumb bitches.""",0,0,0.9580152,0.029184937,0.012799857
May or may not just met 80% of the ppl in Christians building,1,1,0.40306494,0.5402686,0.05666652
"""Today, life will be just like an episode of 60 Minutes...but with a young, cheerful Andy Rooney.""",1,1,0.029006364,0.49687356,0.47412005
I just sat in the same spot for an hour &amp; a half straight watching Beyonce's performance from last night and I honestly have no shame,2,2,0.11038307,0.44279942,0.44681746
RT @user RT @user Former teammates of Pavol Demitra reflect on their fallen friend after the Lokomotiv plane crash in Russia ...,1,1,0.43022645,0.5278972,0.041876376
Here's what a Charlie Hebdo cartoonist drew after the 2nd Paris attack in less than a year... @user,1,1,0.30691195,0.64799005,0.045097925
"@user @user If Israel withdrew from West Bank tomorrow it would be taken over by Hamas, ISIS or Iran in a week.""",1,0,0.9103703,0.07704341,0.012586206
I've been left in the car park. May or may not be rocking out to AC/DC,1,1,0.07057524,0.6327268,0.2966979
"@user good man! Need your support on Saturday, those are the ones that will matter. Not a glamour tie with Chelsea!",2,2,0.023777338,0.0848555,0.89136714
"""#MP3 2ne1 - i am the best (dj marcelo rocha 1st kpop mix) MP3 Download. Music Database, Songs, Video, File #music #song""",2,1,0.018731272,0.6974159,0.28385288
"""Saturday ill be at the LSU game with a """"""""fire Les Miles"""""""" sign big faded""",0,1,0.20661281,0.75042635,0.04296088
"@user today was all about Ozil not being happy and leaving Arsenal in Jan. Welbeck's good though np, we can't be that unlucky""",0,0,0.5767303,0.25714383,0.1661259
@user U going to chalmers tomorrow?,1,1,0.054471884,0.8752768,0.07025133
Gonna record me and Ciarans mash up of fleetwood Mac songs tomorrow ha! So bad!! But it's fun,2,2,0.04537045,0.13134786,0.8232817
@user  yeah this Sunday it's in St Patrick's hall then prob go out after#getinvolved b good to get everyone together,2,2,0.009482735,0.12684661,0.8636706
Jenna is gonna meet shawn tomorrow... And she's getting me a video JDKKFLF,1,2,0.014816301,0.2726873,0.7124964
all I'm saying is if Charles Darwin is a short answer on this exam tomorrow that short answer box wouldn't be ready for the anal penetration,0,0,0.8608483,0.11914226,0.020009348
Like if you\u2019re proactive about your health!   Don\u2019t miss THIS SUNDAY\u2019S live Google+ Hangout about genetic...,2,2,0.030788328,0.3544244,0.6147873
Anyone down to pregame before the Obama speech tomorrow @user @user @user,2,1,0.029502206,0.8834892,0.08700869
If Jacob tweets one more time tonight I\u2019m beating his ass in school tomorrow #DontBeThatGuy,0,0,0.9499096,0.03721161,0.01287884
I may have just bought the Kimoji app for $1.99 JUST so I could text Kim Kardashian's ugly crying face.,0,0,0.6898906,0.22592433,0.08418506
Serena has no mercy for her sister . 6-3 on the 3rd set and match #USOpen,1,1,0.044683553,0.60196024,0.35335618
Fake Democrats lose in Wisconsin primary recalls All six fake Democrats lost to Democrats supported by the party in primaries Tuesday that,0,0,0.9299987,0.058317143,0.011684113
@user @user LeBlanc was nominated for an Emmy and won a Golden Globe\u002c so that may have something to do with it.,1,1,0.01868035,0.6042782,0.3770414
The bullet riddled vehicle in which UDR Lance Cpl David Halligan was killed by the IRA outside Armagh on 17 Nov 1989,1,0,0.88337576,0.10212095,0.014503292
When Amy schumer is friends with ur 2nd grade teacher &amp; updates u on her life (she taught the other class but still),1,1,0.029038757,0.5463183,0.42464292
Good result tonight\u002c though! Part one of Rodgers\u2019 Gamble paid off. Have to wait for Sunday for part two. If we win that\u002c we\u2019re off! #LFC,2,2,0.014799747,0.053334985,0.9318652
@user yeah. I've always said Milan is being run as if it was a 3rd world country. Can't say Galliani is the main issue tho.,0,0,0.9159505,0.071655266,0.012394191
Have Brock Lesnar vs The Undertaker Summerslam simulation coming for you tomorrow :),2,2,0.008753542,0.42424783,0.5669986
Leftist communists want it rewritten to show Yakub as an innocent saviour unlike what was originally written!,0,0,0.8759094,0.10316675,0.020923808
That scrap between The Undertaker and Brock Lesnar on Monday Night Raw last night looked like the best craic ever,2,2,0.013210526,0.05339635,0.93339306
"""The US is so weak, Iran is now letting uranium fall into the hands of the Russians. #makeamericagreatagain",0,0,0.9498431,0.038880628,0.011276299
I reckon the match between Bolton and Man City should be good tomorrow! #footballseason,2,2,0.011390169,0.045892663,0.94271713
Sorry but on September 12 I will be watching the Oklahoma Tennessee game not Floyd Mayweather hugging someone for an hour.,0,0,0.8155823,0.16014741,0.024270313
OH SNAP! Another Sunday Pool Party at Shore Club in Miami with Ryan Morales\u002c Jason Vernau and Ollie Sanders!!! We\u2019ll see you out there!,2,2,0.0073163067,0.11506264,0.8776211
good morning to my clique @user @user @user @user loving the friday Addition of Flava in da morning,2,2,0.013189335,0.03838889,0.9484217
Nintendo releases new 3DS with new Animal Crossings bundle. #klgg #nintendo3ds #gaming,2,1,0.0124335475,0.5984971,0.38906932
@user that's horrible news that UMBC will wait until 6 am tomorrow to let us know about closing.  Hhhhmmmm,0,0,0.95934194,0.030538311,0.010119759
2Nd the fuck of all Georgetown has been running this same offense for like 10 years. These muthafuckas can't even win the Big East,0,0,0.9595158,0.029604109,0.010880113
"""I'm really dying to hear that track with Beyonce and the full version of \""""That's My Bitch\"""" off Watch the Throne. Monday must come sooner""",2,2,0.058981884,0.14410481,0.7969133
Tech News: Apple software\u002c retail chiefs out in overhaul - Apple Inc CEO Tim Cook on Monday replaced the heads of it...,1,1,0.11214859,0.8276612,0.060190234
@user - congratulations on the 20th Birth Anniversary of @user 95.  20 years since we've come to love you (&amp; backward compatibility),2,2,0.015342908,0.032639924,0.9520172
If Frank Ocean's next album is as good as the 2nd half of Pyramids then it's going to be a instant classic,2,2,0.015632972,0.052422885,0.93194413
"Kremlin support of Assad regime may lead to possible""confrontation"" with US led coalition:Kerry #RAAF @user",0,0,0.8984321,0.089098096,0.01246977
@user I go to church every Sunday since I was little. I\u2019ve sinned\u002c but idk. Young Life is great but they have the wrong idea about,0,0,0.8798645,0.08648264,0.03365279
@user it's good! Drink in my hand- eric church may be about my life though.. #requestingasongviatwitter,2,2,0.013696018,0.05658853,0.92971545
Stuffed Pork Chop dinner 5-8p Sat night at Eagles Club in Cedar Rapids..1735 11th Street NW. I\u2019m guest bartending.I DON\u2019T make fufu drinks!,1,0,0.6618948,0.30141425,0.03669089
@user Is it a gaffe? Rick Perry may be on military time.,1,0,0.73973316,0.23840366,0.021863207
What an achievement by Paul Dunne today. To lead the open in these circumstances is amazing. Everybody will be shouting for him tomorrow!,2,2,0.0143318,0.0381112,0.947557
Paul George with a silky smooth 1st Q #PacerNation,1,2,0.0122312065,0.16233855,0.8254302
Excited to see the Foo Fighters today but cannot be arsed for getting back early hours of the morning and being tired tomorrow,2,2,0.36173108,0.13488883,0.50338006
The Uncut Ultimate Music Guide dedicated to Fleetwood Mac (on sale in the UK on Thursday Sept 10  Read more at...,1,1,0.01136557,0.73046005,0.25817445
I'll believe it when I see it...Frank Ocean got my trust fucked up,0,0,0.94799685,0.038729332,0.0132738575
"""\""""""""Happy Valentines Day\"""""""" awkward cuz its def not february 14th in the U.S....""",2,2,0.13540268,0.3852558,0.47934154
We should have listened to Zayn about the 21st of August,1,1,0.1852602,0.74553,0.069209784
"@user surprise, surprise! Barca has the upperhand, but it seems Malaga has their 12th man, the ref is so bias. #CampNou #FCBMalaga",2,0,0.66156065,0.28262976,0.055809576
"@user I like the 3 better. &amp; actually, based on 2015 consumer reports, Mazda's ranked 2nd in best car brands.A few points behind Lexus",2,2,0.019309523,0.09291111,0.8877794
This nigga Dwight Howard has end of the game stats in the 3rd quarter,1,1,0.29825795,0.6307958,0.07094632
@user Reggie isn\u2019t interested in dealing picks like the old regime.  Can\u2019t see him parting with anything other than a 6th or 7th,0,0,0.9046971,0.08191013,0.013392697
From the BBC:  Free childcare scheme 'may backfire',1,0,0.92030615,0.06608338,0.013610467
Everything under the sun is a weapon against Muslims!,0,0,0.9525456,0.033612553,0.013841795
[INFO] Tomorrow EXO M will be going to Nanjing (via: sotea123),1,1,0.015891675,0.86174506,0.122363254
Anybody going to Long Beach Comic Con this Saturday?,1,1,0.02060575,0.8450852,0.134309
It's the FINAL day to get your #tickets for our Annual Gala on Sat.! Join us &amp; follow along online with #RethinkingHunger #nyc...,1,2,0.010632298,0.41730538,0.5720623
"@user @user no. Congress makes laws and the SCOTUS settles disputes. In this case, the 1st Amendment lost.",0,0,0.8718531,0.111910954,0.016235862
"""To Kpop fans, we song along to vocals, 2nd voices, raps, fanchants, do the instruments &amp; even perform its own choreo",2,1,0.03203624,0.8667229,0.101240866
Show your LOVE for your local field & it might win an award!  Gallagher Park #Bedlington current 4th in National Award,2,2,0.009694387,0.07218538,0.91812027
T-4 hours. If you don't want to be inundated with Apple tweets... I'd unfollow me until tomorrow morning...,1,0,0.9312988,0.055088636,0.013612579
@user May there be no injuries so we can beat the Brits.,2,1,0.12390598,0.46853048,0.40756354
The Vamps are on TFI Friday and look about 14 years old...,1,1,0.027444365,0.57995015,0.39260554
@user That 4th down play in the Colts game back in 09 is one of the dumbest decisions I've ever seen,0,0,0.95489573,0.033976346,0.011127881
Transgender is a difficult subject but it has been timed well with the Caitlyn Jenner thing so that may give it some appeal.,2,0,0.85671955,0.12495326,0.01832716
Pray for a better day tomorrow. Maybe we will wake up and #Obama and #Extremist Muslims will be gone! #CCOT #TCOT,1,0,0.6387913,0.1961088,0.16509986
"@user bro \""""""""This nigga said Zimmerman was charge with a 2nd degree murder. Who he kill the 1st time?\"""""""" Lol""",0,0,0.8348477,0.14614123,0.019011095
If we\u2019re still 3rd favourites at the end of the day then odds have more shit than White Hart Lane and Anfield put together.,0,0,0.95530504,0.034899075,0.009795789
Caught up on True Blood!! I love it... Now time for bed! Night peeps.. be safe tonight :)!!!,2,2,0.013717823,0.033003896,0.9532783
"""14th amendment fiasco, crazy shit about Muslims, now proposing to cancel state visits. Careening all over the place...""",0,0,0.96089363,0.02935851,0.009747818
I am so behind. Frank Gifford passed away?  @user though the sorrow may last through the night. His joy comes in the morning.,1,0,0.76037323,0.18307388,0.056552902
"""Aaron Rodgers: good in the 4th Qtr, but too cautious overall?",1,1,0.096268706,0.79200304,0.11172821
"""Hahaha 2nd place in Miss USA was Miss Texas from @user , wonder if the organization just placed her there just for being Mexican""",0,1,0.045754988,0.7574378,0.19680712
Gandhi protested successfully never once resorting to violence. People today make me sick @user,0,0,0.9461258,0.04019265,0.013681539
@user please stop by Cincinnati fire engine 3 at 329 east 9th after your show! Everyday At the firehouse revolves around Seinfeld!,2,1,0.017240293,0.63256836,0.35019135
"""Congrats James Franklin...that was the dumbest call I've seen not only today but maybe ever. 4th &amp; 11 fake punt sweep, up 3 at midfield lol""",0,0,0.9577876,0.031889673,0.010322775
"""If it seems to smb that I say about one band more pleasant things than about another so it means that I love 1st more than 2nd,you're wrong.""",2,1,0.33407024,0.3659315,0.29999828
"@user @user may have always been """"Israel"""" but no reason Zionists had to kill for it.""",0,0,0.847138,0.13652192,0.016340086
Its been a hard days fishing  today my 1st fish a ruffe a good start I thought I'd been blessed by the pope!,1,2,0.03302683,0.062034536,0.9049386
@user I may have enough to share...if I can get them by Laurin haha she was pumped!,1,2,0.013446357,0.10273214,0.8838215
So it's the start of October. 30 days till Halloween. Trust some dickhead to dress up as Joseph Kony on the 31st.,0,0,0.89160323,0.08858293,0.01981384
@user i am going to the london grand prix on the saturday next year! Might meet you there!!,1,2,0.0094310455,0.2969946,0.69357437
"""Going to go watch the """"Paper Towns"""" movie tomorrow. Excited! Have you guys seen it, yet? Is it good? I've never read the book before.""",2,2,0.009896721,0.054649696,0.9354536
RT @user RT if you love the song called last night on earth by Green Day.#IndoWantsGreenDay,1,2,0.01102811,0.08509101,0.90388083
George Osborne will on Tuesday reject calls for the UK to take part in latest Greek bailout: FT,0,0,0.61028606,0.35736996,0.032343976
i hope john cena comes to school on tuesday and five knuckle shuffles the fuck out of yall,0,0,0.66101766,0.27217668,0.0668057
United's best business of the last 3 September transfer windows was sabotaging the De Gea deal with Real Madrid. Ed Woodward : Comedy genius,1,2,0.05124393,0.24823005,0.70052606
Having a really hard time processing that Connor Howell sat on the Curtis side at the game last night.,0,0,0.8933325,0.0871231,0.019544486
@user I really want @user to tweet me since I bought 4 tickets to his concert October 9th Irving Plaza NYC,2,2,0.016008234,0.14181164,0.8421801
@user @user nirvana may be the face of grunge but they didn't create it. Df may have many hands in but they aint 90% responsible,1,0,0.7464769,0.22950418,0.024018904
Baseball game with Brentley tomorrow #goddoesgoodthing  @user we r. Back @user @user,2,2,0.012015228,0.11721466,0.8707701
"""Tom Brady may be considered great but he will always have an * by his name,just like Barry bonds.""",1,2,0.031020036,0.17130312,0.7976769
"""Received the Blood Moon image today, 16x24 matte paper, and it looks great! I may have found a new online vendor...",2,2,0.011012847,0.04396262,0.94502455
Gambled on Chocolate Day as a successful theme day at work..turns out chdn DO like chocolate. Wed. is Gross Day. Hope kids like gross stuff.,2,2,0.05910594,0.22224131,0.7186528
"""My piece on Mehdi Hasan &amp; abortion on @user """"""""Yes, being pro-life does make you less of a lefty""""""""",1,0,0.6472833,0.31871203,0.034004573
Don't miss the FREE Roxane Gay lecture Thursday at 7 pm at Trinity United Methodist Church in Savannah! @user @user @user,1,2,0.007877706,0.12835605,0.8637663
Albion write off Nottingham loss: Plymouth Albion winger Jack Arnott says the club will 'write off' Saturday's 3...,1,0,0.7363481,0.24128535,0.022366455
This Thursday\u002c DESTRUCTO\u002c creator of HOLY SHIP\u002c comes to Ignition at Firestone Live! Surrender your booty\u002c it\u2019s...,1,1,0.047756966,0.7874968,0.16474621
In honor of National Margarita Day  come and enjoy $3 Margarita\u2019s\u002c and the usual wednesday specials $1 drafts and free food buffett!!!,2,2,0.008559129,0.1386103,0.8528306
"""We get it, Randy Orton &amp; Sheamus dont like each other, this is the 4th time within 3 weeks.""",0,0,0.9126355,0.07335719,0.014007302
"On September 3 2009, Madonna's Sticky And Sweet world tour was named the highest-grossing for a solo artist ever....",2,2,0.01645363,0.25462803,0.7289183
"Second Thoughts Careful now, or you might get a bad rap: Snoop Dogg is shown in a June 27 file photo. Sno... #Rap",1,0,0.90181184,0.0846014,0.013586727
"""An apologist through and through! Tackle the hate that is Islam, then you may start to address the root cause!",0,0,0.9542886,0.034964226,0.010747123
"""Briana sextape """"End of the day"""" """"Album out on Friday"""" """"Break is soon""""  Us:",1,1,0.18916418,0.7524176,0.058418196
"""Cena and dolph will make 0 sense bc Ziggler will end up losing, like usual. Then he may cash in Who cares about tht if he loses 2 cena?""",0,0,0.9328469,0.056186177,0.010966901
sam smith tonight hoping tomorrow's gonna be a better day :),2,2,0.017360184,0.047676247,0.9349635
@user Happy Birthday Beyonce!!! May God bless you and all your family very much!,2,2,0.016774906,0.036425706,0.94679934
Signing flat papers today and then skating with my new Derby chickas tommorrow #nervousmuch!,1,0,0.7018974,0.22681814,0.07128442
"@user OK, then I probably watched that one too.  I remember Ric Flair.  I loved the Monday Night Wars.",2,2,0.019622713,0.06309594,0.9172814
Wisconsin Gov. Scott Walker is prepared to call out members of his own party Tuesday as he unveils his own plan...,1,1,0.23727423,0.7131419,0.04958383
Woop! Can't wait to see Magic Mike XXL this Friday with the girls @user @user,2,2,0.012497133,0.03276518,0.9547377
I may be late.. But Kanye West just wasted 10 mins of my life ill never get back with the STUPIDEST speech known to man...wow lol,0,0,0.9582208,0.029162707,0.012616432
Does anyone want a ticket to see Ed Sheeran tomorrow?!? DM ME,1,1,0.015791824,0.6800645,0.30414367
"""Defund PP!""   Says Bobby Jindal, governor of the State with the 5th highest teen pregnancy rate in the nation...  Maybe no, Bobby.",0,0,0.95070153,0.037516404,0.011782026
@user Hellyeaa ahaha\u002c One of the 1st streets on Niggas !,2,1,0.039648373,0.65956026,0.3007914
I may need a co-owner but she has to be good in english\u002c and to post a lot of Lou\u002c Lux\u002c Tom\u002c etc.. pics ! :),2,1,0.03372282,0.7475548,0.21872248
Sharknado was funny the first time. We humored them for the 2nd. But a THIRD? Even I'm not enough of a fan of bad movies to watch that shit.,0,0,0.90806997,0.06413119,0.027798813
"""I'm just sat in my room listening to Big Brother downstairs. Not doing anything really, just listening to the telly. What is life.""",1,0,0.5854313,0.32310858,0.09146016
The game 1st album 1 song he say he rap like Eazy-E then Nas then 50 cent then dr Dre then Jay-Z then Eazy-E again then like his dead bro,2,1,0.17752625,0.7695403,0.052933455
New Orleans Saints defensive end Martez Wilson's helmet Sunday night during the Broncos' 34-14 victory.,2,1,0.021685017,0.84945107,0.12886387
"""See what Max Hastings was trying2say with 'Boris Bikes' comment, just wish he'd said 'Cycle Super Highways' instead!",2,0,0.64770156,0.31481794,0.037480496
"@user Lexus, Infinity, something sporty I'm thinking. You're starting the new person tomorrow?",2,1,0.022461077,0.8145243,0.16301458
"@user @user @user  Kendrick had the best album, Coles was 2nd""",2,2,0.021476548,0.072423995,0.90609944
Career Fair tomorrow in the Murphy Center from 10 to 2pm. Dress in business attire and bring your resumes.,1,1,0.013270461,0.7996494,0.18708007
@user True.  I just can't get into Seth Rollins and I never will.  So I'm salty I have to hear his whining tomorrow on #RAW,0,0,0.96123374,0.026403354,0.0123629235
"""Define religious liberty. Do you mean just Christians, or liberty for all religions, like in the Constitution.",1,1,0.35749668,0.5934554,0.049047932
One for your diary. We have reindeer's coming to the garden centre on Saturday the 8th of December.,1,1,0.011393335,0.75180846,0.23679815
Freestyle Wednesday - #NP Big L\u002c Jay Z\u002c Mos Def\u002c Black Thought\u002c Eminem\u002c Yelawolf... Love it,2,2,0.0100110965,0.16625264,0.82373625
THIS JUST IN!  We will be going to Kentucky Aug 25th for a big pool party show! Time to get nekkid!  Woo Hoo!...,2,2,0.007527671,0.091259114,0.9012132
We may see negative poll Numbers for most of the republican candidates by nov.. -11 Ted cruz -5 Scott walker -1 Jeb bush  LOL #MeetThePress,1,0,0.9176136,0.0703282,0.012058203
They didn't bitch when Deron Williams passed the ball to Jordan Farmar to win the game...but Lebron can't pass in the 4th stfu,0,0,0.7380421,0.22641289,0.03554494
The weeknd and Ed Sheeran mixed together is the 8th wonder of the world,2,2,0.020091776,0.078442916,0.9014653
"""Totally worth watching Nirvana's 1st interview w/ MTV, if only for @user banter towards the end.",2,2,0.02000934,0.13000232,0.84998834
Had a dream last night that EJ started Sunday against the Vikings and threw for over 400 yards and 5 TDs...a man can dream right?,2,2,0.019597601,0.3269673,0.653435
Former Gov. Rick Perry said Wednesday financial woes won't be the death knell for his second bid for the White House:,2,0,0.62822056,0.3390651,0.03271433
"@user Should we not be trying to talk to IS? If we hadn't sat down with the IRA, we would still be losing lives in NI.""",0,0,0.9425994,0.047447685,0.009952862
Marijuana on a Thursday with a new episode of Naruto,2,1,0.020137414,0.5188438,0.46101883
@user if I fade 1st colony later on the h60d ima hit you with some spliff Nike's,2,1,0.06914373,0.8276656,0.10319062
Happy 20th Birthday @user God Bless You! Hope God Makes aoo your dreams come true! Love you! Happy Swift Day!,2,2,0.015605999,0.03292517,0.9514688
"""I had a feeling Cassadee Pope would be at House Of Blues today. Too bad she couldn\u2019t do \""""""""Remembering Sunday\"""""""" with ATL""",0,0,0.8608177,0.12091081,0.018271523
"""Kris jenner had an affair w Lionel Richie in the 80s an he may b khloes dad...that makes sense doe? """"""""Why cus she's dancin on the ceilin?""""""""""",1,1,0.13028756,0.8004497,0.06926281
Ground hog day is such a good film\u002c Sunday is for food and films #sunday,2,2,0.01624137,0.037050016,0.9467086
"""Tomorrow 7-14-15 the new Harper Lee novel """"Go set a Watchman"""" is released !!!""",2,2,0.008493273,0.27608797,0.71541876
a bleeding threesome with Lady Gaga and Matt Bomer. It's so simple. C'mon.,1,1,0.23899889,0.62944764,0.13155341
"""Better value phone that Moto G 3rd generation? But Android only, people. I see you, you iTits.""",1,1,0.3480953,0.5286481,0.12325659
Real Madrid will sign De Gea tomorrow with help of FIFA!,1,1,0.011638596,0.6195145,0.36884683
"@user You say anything that may offend Muslims, you better watch out. You could be suspended, fired, or prosecuted.""",0,0,0.95585966,0.033077113,0.0110632265
Even the Pope thinks Cameron is a douche,0,0,0.94812405,0.038003888,0.013872049
Get your sweat suits! It\u2019s November and its time to lax! Practice tonight\u002c game at @user tomorrow. #FallBall,2,1,0.0118542025,0.49720907,0.49093673
@user I'm thinking Dustin Johnson should get the 4th spot in the #GrandSlamofGolf,2,1,0.02854449,0.77755266,0.19390288
Ryan Braun steals 2nd and he records his 4th 20/20 season of his career. #MILvsPIT,2,1,0.01723494,0.8119817,0.17078334
"""Kinda, yes! I went to see Equalizer tonite! I like it. It was very interesting modern day John Wayne movie...U may like it. @user",2,2,0.01497723,0.034585867,0.95043683
If you need convincing that bombing Syria wrong/flawed/unethical then Tony Blair's support for bombing might assist,0,0,0.92786,0.060841467,0.011298588
@user Palestinian citizens of Israel are treated as 3rd class citizens. You just proved that calling them Arabs instead of Israeli,0,0,0.953935,0.03466235,0.011402559
Shows how little people paid attn to the Charlie Hebdo stuff 11mo ago when they're tweeting the pic of people in the streets from January.,1,0,0.8461745,0.13547485,0.018350758
Homegrown talent missing on Signing Day: Throughout most of the day on Wednesday\u002c the video scoreboard ... #Raleigh,0,0,0.68340045,0.2925666,0.024032926
Soccer Saturday with our son. They\u2019re playing the hardest team in the league. Then the All-star game. #proudparents,2,2,0.016905058,0.083250254,0.8998447
@user I saw Tenth Avenue North Saturday night and he sang part of Bad Blood (talking about unforgiveness) and Shut-up and Dance.,1,1,0.14733596,0.7484165,0.10424754
When you feel like Zayn is going to follow you soon and end of the day you're like well maybe tomorrow,1,2,0.027129624,0.23169035,0.74118
"@user Any of the NY Times' long-form coverage of Ebola, especially the hospitals in Africa. Or the chemweaps piece from Sunday.""",1,0,0.7883321,0.19257692,0.019090988
Of course Nigeria blames the U.S. for not being able to fight Boko Haram. 3rd world countries don't want to progress. Just depend on others.,0,0,0.95947474,0.030677054,0.009848158
That moment you realise Justin Bieber may be better at freestyling than Young Thug  Don't forget to Like our page...,2,2,0.042702403,0.27547944,0.6818182
Negotiation with Boko Haram may not be a good idea as it will spark uprising in other parts of the country,0,0,0.9440987,0.04553551,0.010365801
"@user But i guess the PS4 may have it too. We have a ''media player'', and we can transfer songs to Share Factory using a USB drive.""",1,1,0.024265008,0.7795851,0.19614989
Just realized I don't miss you that much.  The sun is out. Nothing is better than today. I have reached nirvana. I think I need to pee.,2,2,0.030044932,0.0416522,0.9283029
I don't wanna see Ice cube son re do all ice cube parts.I saw Boyz in da hood 2.A remake of Friday.What's next.All about the Benjamin's 2?!,0,0,0.92172587,0.06498446,0.01328971
"No, Sam. The ""we"" in Kerry's statement is UNHCR, not the US government. Important distinction.",0,1,0.35378546,0.5862918,0.05992273
"@user @user If the election were held tomorrow, I'd only vote for Bernie Sanders.",2,0,0.6175423,0.33657265,0.045885
"""I now feel bad for buying a Thor novel for $4.95 at Barnes &amp; Noble, but now I know why it was $4.95. #LCD",0,0,0.8868396,0.09426284,0.018897533
I see shawn tomorrow with my best friend ohmvx,2,2,0.0115833115,0.08779878,0.9006179
@user Cubs fans still complaining that Kris Bryant didnt come up til May now number in the dozens.,0,0,0.8527533,0.12820347,0.019043246
"""Going to see Foo Fighters in concert tonight, Kenney Chesney tomorrow night + the MTV VMAS with Miley Cyrus hosting in Hollywood on Sunday!!""",1,2,0.008019347,0.33341768,0.65856296
the fact that we are going to be Sophia grace and rosie at the studio on tuesday makes me soo happy! @user #accents #cuties,2,2,0.012475603,0.03814714,0.94937724
Nick Gillespie on Real Time with Bill Maher\u002c Friday 12/22\u002c With Kirk Douglas\u002c Rachel Maddow\u002c Mort Zuckerman\u002c &amp; M...,1,1,0.027797922,0.91248554,0.059716582
Omigod im so fuckin sick of this family. Why the hell r u inviting us to ur house ruining MY saturday when ur kids arent even gonna be here!,0,0,0.96192616,0.0258103,0.012263569
Saying jumbo shrimp on the menu when it is CLEARLY not is just as offensive as homegirl from Friday saying she looked like Janet Jackson.,1,0,0.9154493,0.06985467,0.014696054
So tired of Chelsea and their mind games with Costa injuries. Watch him start and play 90 minutes tomorrow.,0,0,0.9522944,0.03672667,0.010978992
I have 2 passes for Looper in Pico Rivera on Thursday. Message or text me if you want them.,2,1,0.013426082,0.6233386,0.36323527
Oct. 2 is almost too far away for me to wait for the return of #Dexter!,0,2,0.032570135,0.059178818,0.908251
"""Andy Rooney will make his last appearance on 60 Minutes this Sunday. If anything, this proves there is a God.""",2,2,0.015502923,0.11799364,0.8665035
Devo Brown: Thanks for another great night everyone!! Don't forget tomorrow Roz and Mocha speak with Lloyd Robertson & Jason Priestley!,2,2,0.01260044,0.039693706,0.94770586
@user I got you homie and yeah a lot people haven't Curtis saw me fight 2 oils riggers in CS lol but I might fight Dec 14th,1,1,0.056945942,0.742826,0.2002281
How can Tony Blair get invited at 'Remembrance' Sunday and there was no invite for the Merchant Navy by David Cameron ? 'Disgusting'!,0,0,0.9314234,0.056526642,0.012049917
I have to rewrite an essay for tomorrow and I have no motivation to do it and I'm just sitting with my head on my arm with David Bowie on,1,0,0.84704196,0.12195352,0.03100452
I wish Nicki would have flew across the stage and slapped that hoe !,0,0,0.9034669,0.070626915,0.025906181
Scott Walker convinced Canadian wall will shade his bald spot from the hot northern sun.,1,0,0.7423926,0.22746967,0.030137695
Kendrick's Black Friday track destroyed Cole's but they was just warming us up for ROTD2,1,1,0.19273272,0.7186284,0.08863891
Caitlyn Jenner may be responsible for the death of Jon Benet Ramsey (and someone else) via @user #LGBT,0,0,0.93686086,0.05220006,0.010939056
"""My presentation for the DG Agri event for #EUYoungFarmers in Milan, Monday. On new technolgies + chain organisation",1,1,0.01847379,0.8737534,0.10777274
Google Wallet is coming to MetroPCS\u002c so now you won\u2019t need to sign a contract to have your identity stolen. More jokes:,0,0,0.6111442,0.31543607,0.0734197
"was a part of it, still crying, still saying goodbye...Ric Flair may you live forever...way too much loss lately :(",0,0,0.9100362,0.058518548,0.031445313
"@user Does anyone else find it odd #McCann jumped on April Jones bandwagon,but didnt say  word about Tia Sharp where FAMILY involved ?""",0,0,0.7780219,0.20405217,0.017925905
I can not change yesterday. I can only make the most to day\u002c and look with hope toward tomorrow. (Anonymous),0,2,0.09278495,0.31446272,0.59275234
it\u2019s officially November 2 here in the Philippines.. so.. umm.. HAPPY BIRTHDAY Kendall! i love you! @user @user,2,2,0.0118994145,0.040039565,0.94806105
@user well then you need to take Kendrick Lamar off cause his last album wasn't good you probably just going off of Black Friday ....,0,0,0.94820505,0.040438633,0.011356225
"$SYT: Syngenta comments on Monsanto (MON) announcement, confirms revised proposal, which it rejected saying it...",1,1,0.10289594,0.8325876,0.064516515
@user @user @user has said his protest is about the successful operation of terminating IRA operatives on a Sunday,1,1,0.46427354,0.48229688,0.05342958
Hillary can take her phony apology and shove it where the sun doesn't shine. She is only sorry she was caught it's all about power.,0,0,0.9585335,0.029907802,0.01155867
"@user Thanks, Israel! The base-band version will determine if the device is up-to-date. May we please have the model""",2,2,0.017559912,0.34689322,0.6355468
Kendrick leads all with 11 #Grammy nominations.  Don't miss out on February 16th!,2,2,0.008895413,0.09431883,0.8967858
Still time to order your #Halloween treats! Deadline: 2PM CST TODAY (with Overnight Shipping) to arrive tomorrow! --->,2,2,0.009280284,0.28173813,0.70898163
"Tomorrow, I pray the Persian people will stand with Trump in Washington and stop Obama's nuclear insanity.",1,0,0.74841833,0.20183095,0.049750704
@user please please cover #HR1599 on Sunday! I want to see @user take on Monsanto!!,1,2,0.027900048,0.25675204,0.7153479
How about a Day of Action and Meetups on Sat Oct 18th  with Jacqui Gingras  9:30 AM for Coffee @ Cafe Mazzega in #Lumby we'll be there :),2,1,0.009784363,0.6412393,0.34897637
Kinda sucks\u002c he missed my classes graduation over something he may or may not have done,0,0,0.95250046,0.036235802,0.011263762
yes the Caitlyn Jenner fancy dress is absolutely disgusting but what's worse is how close to October we actually are already,0,0,0.95405143,0.03388007,0.012068519
"""David Price out of the 1st.  OMG you guys, Ivan Nova is a Yankee!  #BlueJays""",2,2,0.017983235,0.32283303,0.6591838
"""Tea Time at the James P. Nix Center, Thursday, August 18 ; 2 p.m. Topic: Birding in Coastal Alabama & the Alabama...",1,1,0.016429417,0.89876944,0.08480112
@user I may have missed it if u posted it but what's ur take on #KimDavis situation &amp; @user claims about SCOTUS ruling,2,0,0.52007234,0.44332358,0.036604065
"ICYMI the AFHS Labor Day Sale has been EXTENDED, but don't wait it absolutely ends MONDAY! #ThisIsHome",2,2,0.009859877,0.1060425,0.8840976
".@RubenKihuen also didn't budge on backing Planned Parenthood, came out for boots on the ground to defeat ISIS. Back to 5:30 everywhere Fri.",1,0,0.84594774,0.13448505,0.019567227
Starting off my sunday with Resident evil operation raccoon city,1,1,0.016215466,0.63333815,0.35044637
@user @user @user One dude sat by his truck with Israel flags flying preaching from his Christian Bible. Really????,1,0,0.8449602,0.13357437,0.021465307
Heather to the rescue! Just agreed to do 4Sight at Oldham tomorrow :-) #4networking #oldham,1,2,0.009966784,0.09109792,0.8989353
Kane will be featured in the ACHiever for the Nov/Dec issue. Photo courtesy @user  @user,1,1,0.011399363,0.7937127,0.19488792
@user thanks I am! :)I saw the hollywood sign today!!!!! And in Disney I got to meet a really hot Aladdin lol :),2,2,0.010238383,0.040731553,0.9490301
Orange horizon when the sun is coming up but dark eerie sky? Welcome to Raccoon City,2,1,0.05105662,0.7908985,0.15804489
And to think I wrote this Dustin Johnson Tweet after the second round of the British Open,1,1,0.07606829,0.83150136,0.09243037
Kanye West really may be the most ignorant human walking the earth lol,0,0,0.9512413,0.032661133,0.016097534
"""\"""": #Patriots Tom Brady wins AFC offensive player of the week for 22nd time.\""""... --#NFL""",2,2,0.014304767,0.4131762,0.57251906
.@tonyortegamusic @user @user SCOTUS ruled that the 14th amendment applies to same sex marriage.,1,1,0.25766248,0.64644027,0.09589729
"""Naruto is like crack. I keep saying saying one more episode, until """"Oh look, the sun."""" #NARUTO""",2,1,0.38971502,0.4763245,0.13396046
Special Notice for lefties who try to watch the best show on TV\u002c Justified.  (2nd try melts tv),0,2,0.051070023,0.19478811,0.75414187
"@user Milan , rates go into effect tomorrow , do you see nzdusd lower ? . TY""",1,1,0.15723336,0.7948015,0.047965173
Finally saw the Galaxy Foams in person on saturday... Let\u2019s just say <<<<<< SMMFH Ugly ass shoes!,0,0,0.9626164,0.025230495,0.012153105
#WorldSeries #Mlb #Fox #Fs1 #Kc #metsvsroyals I wonder how many kids will be #Thor tomorrow night ..Thor with a #Mets Hat ON ;),1,1,0.0155950375,0.54867136,0.43573356
"""A 355-pound woman works to lose weight so she can start a family on #EMWL, ABC Sunday at 9pm""",1,1,0.04692841,0.81097126,0.14210033
Watching Red Tails ... for the 1st time,1,1,0.02998781,0.5441519,0.42586026
I'll bet Scott Walker thinks about March 31st a lot.,1,1,0.41888678,0.50527394,0.07583928
Giant iPad anyone? Don't forget to check out the Apple Event at 1pm EST. #apple #charlotte,2,2,0.008668403,0.40918884,0.58214283
@user I use to have about 50 band shirts I may still have them in a box somewhere Nirvana b182 Mcr GD XD I want to find them now,1,2,0.049195297,0.42602134,0.5247834
@user I can't wait for Tuesday's PS4 release! It feels like this was designed just for me. Will it support Vita remote play?,2,2,0.013670541,0.038190506,0.94813895
National hot dog day is tomorrow. Now is your chance to grab a weiner for only $1. And we all know  everyone loves cheap weiners.,2,2,0.012991365,0.15287444,0.83413416
Kim Kardashian on the cover of Rolling Stone? It's the death of rock'n'roll ... - The Guardian,0,0,0.9140961,0.06958133,0.016322508
Right down to an uncomfortably close win over the Jets the Pats and Packers are mirror teams...both will be bounced by Championship Sunday,0,0,0.8751876,0.10601689,0.018795509
Justin's gonna be on Ellen on Friday I'm SO EXCITED I love when he's there,2,2,0.012242424,0.0331001,0.9546575
Ice Cube raw asf I never knew he's the creator of friday and boyz n the hood..  GOAT,1,2,0.032431964,0.08066277,0.88690525
Mayweather insists Berto will be his last foe: Floyd Mayweather insists his September 12 showdown with Andre B...,1,1,0.1370522,0.795449,0.0674988
Very gruesome terrible injury for Marcus Lattimore (2nd year in a row) be strong\u002c the injury was similar to Mcgahee from 2003 Fiesta Bowl.,0,0,0.9368325,0.04777155,0.015395974
The force was not with him when Jeb Bush tried to get social on #ForceFriday  #marketing #millennials,0,0,0.58846486,0.37920013,0.03233499
"""Michael Jackson's Doctor, Conrad Murray is scheduled to go on trial on September 8th.  Can he receive a fair trial...",1,1,0.1531323,0.79300815,0.053859584
Live at D-tronics 20th Anniversary with Locations valley wide McAllen\u002cEdinburg\u002cHarlingen\u002cBrownsville they have...,1,1,0.01807515,0.8968018,0.085123114
"""ONE Fighting Championship takes place October 6 at the Singapore Indoor Stadium, this is gonna be an incredible...",2,2,0.010201237,0.055228207,0.93457055
Pancakes for a dollar tomorrow at Ihop... you're welcome,2,2,0.013339425,0.25120538,0.7354552
"I may not be religious anymore but, I'm really convinced that Donald Trump is the antichrist",0,0,0.94905436,0.03833954,0.012606052
PLL Halloween episode with @user + Mcdo = Fun friday night!!!!,2,2,0.011511889,0.04495604,0.9435321
"""Ya know, John Kasich actually seems like a real human being with a real record.. Too bad that may or may not mean anything""",0,0,0.8539828,0.11710778,0.028909462
@user looking forward to watching you in Sharknado 3 tomorrow night !!,2,2,0.012399906,0.035653282,0.95194685
@user  Went to Metlife just to see @user and it was totally worth it. Seeing him again in Dutchess on the 27th.,2,2,0.014493414,0.038428217,0.94707835
"@user Ive been working all weekend, still at work now. Watching Chuck Norris movies haha I'll be at Ciecmate on Friday. See you there.""",1,1,0.012992413,0.5508353,0.43617234
DTN Kazakhstan: : Capello Ill Tweak Lineup for Azerbaijan GameCoach Fabio Capello said Monday he will tweak the ...,1,1,0.026093528,0.9135621,0.060344283
"Even the SCOTUS says the 2nd A can and should be restricted, David!",1,0,0.75317675,0.214371,0.032452215
@user oiler fans are unhappy with\u002c 45 points each season\u002c Gagner as their 2nd line C. Habs fans should hate 28 point Eller as a 2C.,0,0,0.93877846,0.049438614,0.011782906
@user we are from Sydney :p oh thank you!! Since you're local you should come see us play at The Lair Dec 1st!! Gonna be a HUGE show :),2,2,0.010056953,0.04305015,0.946893
Party tonight Friday Oct 26 @ Kwames Fusion 476 Cosburn Ave East York. On M2J 2N5    Playing the best in old school reggae and hip hop.,2,2,0.009967447,0.33806908,0.6519635
Got my @user tickets in the mail today!! So excited to see Mario Lemieux drop the 1st puck! #Hockeyisback,2,2,0.010330878,0.037659843,0.9520093
So is Modi ji going to Nagpur tomorrow to click selfie with the hangman and Yakub ?,1,1,0.072027974,0.8779089,0.05006314
@user 'Ruben the 2nd' or 'Percy Porker' for Moo's Minecraft pet house pig?  :-D,2,1,0.020817505,0.7439442,0.23523825
@user @user oml so this just happend 1st time ever but love you guys and Calibraska is bae asf,2,2,0.020296304,0.039236933,0.94046676
I think the Hawks defense allow to many 3rd and longs\u002c The offense does not convert enough 3rd downs. An elite defense should d able 2 hold,0,0,0.9262267,0.06037954,0.013393786
Ghost Rider: Spirit of Vengeance was a lost cause. You had nowhere to go but up after the 1st movie. And then you decided to dig a hole...,0,0,0.94522357,0.044598963,0.0101774195
John Kasich may be the only Republican Presidential candidate who I feel like wouldn't completely ruin America if elected.,2,0,0.81252104,0.13147974,0.055999182
"""I'm leaving for Milan tomorrow, and realizing I should be sleeping cuz it's 5am there rn, and still night here.....""",1,1,0.343718,0.5934566,0.06282535
When Kanye West told George Bush that Black Lives Matter...As much as I may not like him. It was the TRUTH!,1,0,0.7808947,0.16815005,0.050955266
"""Saturday movie reviews: """"Ant-man"""" is fun &amp; light while """"Woman in Gold"""" is tugs at the heart",2,2,0.012517476,0.20315942,0.78432316
"""the only pandora stations to choose from at my work are Ed Sheeran, Coldplay &amp; Jack Johnson I may commit suicide before the end of the day""",1,0,0.9397317,0.047084417,0.013183854
@user I\u2019m from salem mass and I just moved to plymouth so I\u2019m starting on monday,1,1,0.037419133,0.8491641,0.11341673
"""So far I have drafted Aaron Rodgers at #9 overall, and then at #16 in the 2nd round, Matt Forte. Not bad.""",2,2,0.014188221,0.24807726,0.7377345
"""Just got word from peacecamp that george osborne is going to be at faslane tomorrow, show up tomorrow 7am and give him a piece of your mind""",2,1,0.041636296,0.8798519,0.07851186
"""Hey! Our August book, Go Set a Watchman by Harper Lee is out tomorrow for all you eager readers!""",2,2,0.0070543946,0.124981105,0.8679645
Can it be Sunday already. I can't wait to see Cam Newton destroy the Packers. Sorry @user  lol,2,2,0.04782754,0.08005696,0.87211555
0  You know plans for Tuesday  .= Now Much showing off in the Yoga class....:,1,1,0.026736323,0.8506357,0.122628
Still time to ask Saturday Kitchen legend James Martin a question\u002c he\u2019s just given us the lowdown on Strictly,1,1,0.016196782,0.82105803,0.16274516
@user best moment of the night Melissa McCarthy I am trying to find the clip to write about it on my website...big fan of u both,2,2,0.020679297,0.042389743,0.93693095
Frank ocean is like Monday and the weeknd is like Friday nobody wants Monday's. @user,0,1,0.33721992,0.5618491,0.10093093
I'm pretty sure U2 invented the 3rd world so they had someone who actually looked them.,0,1,0.36786446,0.5435357,0.08859988
Send me Lwanga's hw packet and I will buy you Dunkin tomorrow morning,1,1,0.043231387,0.65865487,0.29811373
"""Kim Kardashian emoji crash Apple store via @user  Dear Santa, for Xmas please may I have a ticket off the planet.""",1,0,0.60009885,0.34117553,0.05872559
"""Determined to share the Gospel with many Christians on Sept 30.  This is #GoEverywhere 2015.  On Sept 30, the...",2,2,0.013221163,0.3409783,0.64580053
@user Agree Ron ..... John Kasich will get the chat after its all said and Done ! Carly Ferino will get the chat frm the 1st debate,2,1,0.062170334,0.85823494,0.07959475
"""yes. it may have ruined my social life, but I don't regret finding out about Shawn one bit.",1,0,0.738772,0.15152654,0.10970147
"""Nice 1st pitch from @user but HE should have been the one signing the ball for Josh Hamilton, instead of the other way around ##1""",1,2,0.034862112,0.29239616,0.6727418
Loads of goodies from House of Wilde\u002c Stylestalker\u002c Staple the Label\u002c Fairground and Piper Lane will be available tomorrow! Stay tuned! Xx,2,2,0.007214128,0.15568249,0.83710337
"And @user Mail, Calendar, Music, and Video apps have been rewritten for the third time in four years...",0,1,0.15476003,0.75804514,0.08719485
New link with times:  @user Shishi-Odori (Deer Dance) from Tohoku @user in London on 8&9 Sept.,1,1,0.014273665,0.8676932,0.11803311
I don't want Rousey to be Captain Marvel! She may be strong enough but she's not pretty enough.,0,0,0.9454179,0.039404996,0.015177151
"@user doesn't this make you love them even more RT @user SURPRISE GREEN DAY SHOW Thursday August 11th,",2,2,0.011548139,0.04379555,0.9446564
We are ranked 42. in life expediencies when Monsanto is in the top 5 with the most life expectancy,1,1,0.27743852,0.6099519,0.11260961
Lechlade's view on the upcoming clash with Marlborough CC on Saturday,1,1,0.0355483,0.9168027,0.04764897
6th floor. David Mack assaults Jennifer Lawrence with a hemorrhoid. Amitabh Bachchan mows Lisa Kudrow all the while.,0,0,0.7525316,0.22233932,0.02512916
"@user  I have not read the links yet, will do. Agree Erdogan is problem, Turkish people not stupid.  May not last til election.",0,0,0.9029424,0.08246288,0.014594705
#Climate - 'cutting it close' : A Warning from Islam by Bill McKibben via @user @user @user @user,0,0,0.90692174,0.080878004,0.012200323
"First it turns out Meek Mill is an Arsenal fan, now this. I'm finding a new club. This is a Barcelona account now.",0,0,0.8155098,0.15308484,0.031405326
May God bless the people of Israel and keep them safe.,2,2,0.054629598,0.09081974,0.8545507
"""Everyone came to the VMAs looking boring or like trash (from what I see so far), and then Nicki showed up looking like a sun goddess.""",1,0,0.7799659,0.17387466,0.046159454
@user how does Ryan Braun get to step out of the batter's box after every pitch? Didn't we go over this in May?,0,1,0.22638533,0.73328286,0.04033183
@user @user Negative! 90\u2019s would be the Poetic Justice look or how they dressed in Friday.,0,0,0.5022554,0.44977936,0.047965206
@user @user I may be a career college student trying to get my Bachelor's degree too! Unless you'd like to write me a check for 50k,1,1,0.108154744,0.7496438,0.14220145
@user when we make that restaurant the picture of the ruby yacht beating Kendrick shall hang on the with our 1st dollar,1,1,0.1092854,0.7973291,0.09338552
"@user Jay Bruce on the first pitch from Tim Byrdak in the bottom of the 9th September 28, 2010 vs. Astros to win 3-2!""",2,1,0.014814823,0.84602594,0.13915916
"""Another huge fireworks show @ dearborn homecoming, big enough to rival detroit s, & it happen again tomorrow night!""",2,2,0.012185565,0.31136775,0.6764467
But it's not just about overall nmbrs. Murray &amp;Mathews will put #Eagles in a lot of 3rd and manageable situations.  And finish at goal line,1,1,0.09513617,0.77470106,0.13016279
Why would the sun publish such a big announcement of 1D splitting up and not like what they did with Zayn on FB?,0,0,0.8478337,0.13650067,0.0156657
If you want to put junk bonds into your IRA you may benefit from working with a financial advisor.. a human one :),1,1,0.058639508,0.49822766,0.44313285
"""Last night for @user Lloyd Robertson. A sad day for news, will miss that deep voice. #legendary""",0,0,0.85789704,0.077796265,0.0643067
(Times Pic) LSU Coach Les Miles says he may let Jordan Jefferson talk to the team #LSU,1,1,0.022011623,0.8913548,0.08663361
"""To put things into perspective, 12 people died during the Charlie Hebdo attack in January. Today, the death toll is at 120 and rising #Paris""",0,0,0.8819124,0.10283924,0.015248415
Going in at five tomorrow morning just for an hour earlier finish. Things I do for Leeds United... and my liver.,1,1,0.14171442,0.62040746,0.23787808
"Mass Mayor Puts Jindal On Blast - Bobby Jindal may not make the first Republican primary debate, but he has found ...",1,0,0.7854167,0.19393688,0.020646432
"@user sorry about that, I didn't see it! I'm going to peep the article, are you gonna buy """"Watchman"""" tomorrow? And yes by the way.""",1,0,0.5144125,0.39163113,0.093956344
Fucking part time fans. Where were you at Boro away on Saturday?,0,0,0.95386064,0.034914434,0.011224902
Tomorrow's Times leads with government child abuse cover up. #newsnight go with Allegra Stratton's love letter to George Osborne,1,0,0.67468435,0.29727715,0.028038565
Can\u2019t wait to go to the WVU vs. TCU game on Saturday,2,2,0.016691929,0.041192062,0.94211596
"""in 8th grade, i was dead ready to fight niggas for saying Frank Ocean was gay bc like....he's bi. n apparently people can't get it through""",1,0,0.9435686,0.043959238,0.012472138
Taylor and Nicki performing together may be the best thing,2,2,0.017655855,0.04528437,0.9370598
@user @user @user Haha Edge is my 2nd favorite wrestler all-time to HBK. So it's worth it for me,2,2,0.015204132,0.0413897,0.94340616
going to a Red Sox game tomorrow even though im a Yankee fan its fine :),2,2,0.013934978,0.07814165,0.90792334
If you want a good laugh..or just another confirmation that Kanye West may be the biggest idiot ..ever...or Both...,0,0,0.92677575,0.055278037,0.01794615
@user  MIsrepresentation. What was said was that a lot of Christians may not have full understanding of the Trinitarian confession.,0,0,0.81737924,0.16356598,0.019054707
@user I\u2019m actually touring the new addition tomorrow between meetings. They do have WBB tonight & Men\u2019s Hockey tomorrow.,1,1,0.020616848,0.8809416,0.098441556
@user might have been. I guess we will see tomorrow. How about Seth Rollins tho? Amazing match. Gets better and better!,2,2,0.016718639,0.048827887,0.9344534
@user How fragile is it? I'm still on Moto G 1st gen and this has lasted all holocausts. Looking at Mi now.,1,0,0.9002349,0.08482541,0.014939711
"""Come on Kane, I have put you on my squad for 3 gameweek. Hahahah. And I will give you 4th,and 5th chance to prove.",1,1,0.025473854,0.54785573,0.42667046
"@user 'cause Lovatics r more... Lovatics may not be registered in twitter, it's normal""",0,1,0.2290399,0.6727544,0.09820567
I really want to go see Sam Smith in Austin this Saturday,2,2,0.025487304,0.09084698,0.88366574
Absolutely mortified and gutted that Sam Smith may be doing the new Bond song :(,0,0,0.95950764,0.028331077,0.012161269
Today is National Bratwurst Day. Also another Recall Election day in Wisconsin. GET OUT THE BRAT! I mean VOTE! #WI #holiday #vote,1,1,0.09003941,0.5523668,0.35759383
@user are you going to The Pack AD tomorrow in Edmonton?,1,1,0.02652213,0.9026395,0.070838414
Any Joey fans that want a cover for all NNS wins may take this.,2,1,0.030255796,0.7833613,0.18638287
"""Vincent Jackson limited in Monday practice estimates, fantasy value just fine for Thursday: Tampa Bay Buccaneers...",2,1,0.09610009,0.8379158,0.06598409
Our Tuesday TV pick is the grand finale of @user Styled To Rock - and they've got a RiRi challenge!,1,2,0.0076963603,0.35281464,0.639489
@user Do you know how long Alexandra Burke will be on stage on Thursday at Hype Park?,1,1,0.021979038,0.90758955,0.070431456
"@user @user Disastrous? Gore was asking a State Court to violate the 12th Amendment, the SCOTUS stopped them. You disapprove?",0,0,0.9224511,0.06575403,0.011794806
At last ! a little bit of Indian #Summer for the #Netherlands Bob Marley &amp; Funk Star Deluxe - Sun is shining (REMIX),2,2,0.008476778,0.13694192,0.85458136
"""she call me baby, I call her bae, sorry 4 the wait, Carter IV on the way! august 29th. hellllll yeahhh! (;""",2,2,0.02551555,0.17057762,0.80390686
"""Sadly the fair at Splash Dance on Sunday has been cancelled due to flooding, but you can still get your fix of...",0,0,0.67529076,0.28551757,0.03919165
Milan draw 20th place team Silvio makes public statement about coach New Mr. Bee rumors Management deflects responsibility again #MilanCycle,1,0,0.5757817,0.39073646,0.0334818
@user @user @user BAD example she worked Th since January(&amp;her mom worked there4 35 yrs) BEFORE SCOTUS gave homos special rights,0,0,0.9153243,0.07130969,0.013366023
Did you know that @user is airing Miss USA tomorrow? Here's why:,1,1,0.013018896,0.72059244,0.26638868
"""C'mon, let's make Heart's """"Magic Man"""" Kris Bryant's new walkup music",1,1,0.030578826,0.7430308,0.2263904
"""if Twilight wins all the awards at the TCA's tonight, I will burn my Twilight posters k? ok.""",0,0,0.5376345,0.33041933,0.13194613
@user I work at the LA in Alsip but that xsport offered me a job. Got an interview tomorrow,1,1,0.02243657,0.80651575,0.17104766
Gunna have a dank trim and maybe treat myself to a KFC tomorrow\u002c get me in the mood for the weekend...,1,2,0.02105774,0.37071452,0.6082278
New Story: Norfolk woman dies in crash: A woman from northeast Nebraska died Saturday morning when the car she w...,0,0,0.60119057,0.3614497,0.037359666
'Gucci' appeared on Thursday 3 at the 9th place in the Top20 of Memphis's Trends: #trndnl,1,1,0.0133824125,0.7487127,0.2379049
Going to get drunk and watch the badness that is Sharknado 3. This is going to be a good Sunday night.,2,2,0.019611485,0.050104138,0.9302844
Rousey still going to KO her in the 2nd round,1,1,0.1077979,0.7941946,0.09800743
Shooting Tvshow Sons of Anarchy at my studio today. They closed off all the streets for a giant gun battle! Fun.,2,2,0.011347676,0.11492969,0.8737226
"hi New York peeps. did you know that you can see Oracle, Summon The Apgrod and a whole host of other #altgames at @user on the 10th?",2,1,0.009539854,0.6101356,0.38032457
Sun 12/13:  Thor the Elf was checking out Tanner's toy box for gift ideas. #ThortheElf2015,1,1,0.014088462,0.7874451,0.1984664
Wow Drew Peterson was just convicted on september 6th for murder of his 3rd wide and they never found the body of his 4th wide Smfh,0,0,0.9191624,0.06705699,0.013780679
Nuit Blanche is this weekend and with it comes seeing people I miss a lot. WHY ISN'T IT SATURDAY YET?!?! #fb,0,0,0.8972804,0.066963896,0.035755787
"@user Big fan of your work! Star Trek, Threshold, Fresh Hell, Alphas, etc and may meet you in person at DSTL! Yay! You Rock!""",2,2,0.012427594,0.03443117,0.9531412
Last day of PSSAs tomorrow :) #yes #yeahbuddy !!!,2,2,0.013159752,0.08123063,0.90560967
"Some low hanging Monday fruit:  ""Sarah Palin says immigrants to the US should 'speak American'""",0,0,0.7929218,0.18126418,0.025814075
"""Paul Rudd stars as ANT-MAN, showing tonight, tomorrow and Sunday. Rated PG-13. Showtimes are at 7:15 each night....",2,1,0.0110986335,0.81065094,0.17825036
"Friday night. Got new red lipstick. I just put it on. I have nowhere to go. Lying in bed listening to Fleetwood Mac, w/ lipstick on. #lonely",1,1,0.14171211,0.563776,0.29451185
Super Sunday indeed. After the footy & cricket\u002c SS4 has Buffalo-NY Jets & Houston-Denver; C4 airs NE-Baltimore; @user has Houston-Denver,2,2,0.009871439,0.3469622,0.64316636
@user Rodgers has been down by 9 + in the 2nd half a total of SEVEN times. What a worthless article,0,0,0.94751906,0.0414283,0.011052705
Anyone wanna go to the Red Sox with me tomorrow,1,1,0.022736996,0.7692975,0.20796551
"""I'm a bit annoyed about what miley said about nicki. Taylor started the pop star against pop star war, nicki didn't even sat her name""",0,0,0.94264317,0.045956336,0.011400404
Jesus Shuttlesworth Heat Vs Lakers Ralph McQuarrie #top100femalelies Is Lamar Odom really going to the D League ?http://t.co/Mz75m6JH,1,0,0.6105893,0.3561536,0.0332571
My teachers call themselves givng us candy....wasn\u2019t even the GOOD stuff. I might go to Walmart or CVS tomorrow/,0,0,0.9363457,0.05157613,0.012078159
8am in UK then 4am here in the Philippines but the same date. Nov/3/2012,1,1,0.038529094,0.88465935,0.07681155
Red Cross: Syria conflict is now a civil war: The International Committee of the Red Cross said on Sunday it now considers the confli...,1,0,0.7472192,0.23063156,0.022149255
Awesome show today with Jimmy Bryson. Tomorrow though we have Trent Anderson and Rhonda Rousey also more REO tickets to giveaway. #listenup,2,2,0.0101547055,0.055896603,0.93394876
"@user George Harrison composed """"Here Comes the Sun"""" at Eric Clapton's house in Surrey.""",1,1,0.018117698,0.808934,0.1729483
@user and @user open tonight for Nuit Blanche!,1,1,0.0103988545,0.61870784,0.3708933
Try out the 1st lab series for IBM #MobileFirst Platform 7.1 #mobile #ibmmobile,2,1,0.015309738,0.85236967,0.13232054
A bit of Sunday fun\u002c shot in Whitstable\u002c Kent and Muscat\u002c Oman! \u2019Down Poured the Heavens\u2019: via @user,2,2,0.012283393,0.41519818,0.57251847
"""HEAT Parade- Monday, June 25th. Starts at Calle Ocho, through Brickell Avenue, through Biscayne Boulevard, and ends at the AAA.""",1,1,0.014190978,0.883987,0.101821944
Thor is still a great movie after the 3rd time.,2,2,0.021787522,0.03903057,0.939182
"""Hannibal"" may have ended but you can still express your love for your ""murder husband"" and Hannibal with this...",1,1,0.29561523,0.46393397,0.24045084
"I have much to do before tomorrow, so the logical thing to do is watch Netflix all day, obviously",2,1,0.10137684,0.6857175,0.21290565
"""Musical awareness: Great Big Beautiful Tomorrow has an ending, Now is the time does not""",2,1,0.1623553,0.7534776,0.084167145
Where the fuck are all the celebrities like Gaga and Jason Derulo supporting Kesha like they did in January..THIS IS EVEN WORSE THAN JANUARY,0,0,0.95186347,0.037562255,0.010574248
"I just saw a commercial that said Jurassic World opens Friday, am I missing something here?",1,1,0.30181193,0.611018,0.08717004
Monsanto Hits All the Wrong Notes - NationofChange,0,0,0.94134474,0.045602646,0.013052623
So hype to give a presentation in management class tomorrow about why Tom Brady can go fuck himself,0,0,0.573326,0.18459307,0.24208087
"I may or may not be getting sick...perfect. #idontwantit""",0,0,0.9066122,0.066513844,0.026874023
When Mr.Craig said sunday night was officially the last day of Marching Band. < <,0,0,0.8480286,0.13175315,0.02021826
@user no JK.. Wait when are you available???!!! Rafa is pwede on Friday and you said Friday greenbelt.. Am I roight? =)),2,1,0.048398312,0.7689992,0.18260247
Tomorrow is #PitBull Awareness Day! Help us change the perception so many people have about this wonderful breed.,2,2,0.015093167,0.07008036,0.91482645
On the plus side @user have a gig on Saturday night at the Lexington - come along :),2,2,0.008445107,0.06376432,0.9277905
What works for Kim Kardashian may not work the same way for you girls! #Facts,0,0,0.8166617,0.15667333,0.02666495
From the @user -- Clerk in gay marriage fight back at work Friday or Monday; office to grant licenses in her absence,1,1,0.210734,0.7409635,0.048302468
she gave me her Netflix password . . . I've crossed over to 3rd base.,2,1,0.04588834,0.59334815,0.36076355
wish I can meet her on the 31st but I am going to digi,1,1,0.09800409,0.5162702,0.38572568
It is an insanely good treat to be bringing Destructo @ popscene Thu\u002c May 17. DESTRUCTO\u002c the mastermind of  HARD...,2,2,0.014565605,0.034567732,0.95086664
"""Since Midnight Memories, I knew that Zayn will be the 1st to left, I watched almost all of their performance &amp; Zayn is not that into them.""",1,0,0.6453609,0.3126099,0.042029187
@user Bummed We don't get to see Arrow until Saturday because of the Chicago Bulls game.,0,0,0.9409039,0.04067964,0.018416503
"""Slider to center by Mark Trumbo and that will do for the top 3rd. Mariners lead White Sox, 4-0.""",1,1,0.017019201,0.86866665,0.11431412
"""And that Nicki and Miley """"beef"""" looked toooo staged, Nicki smiled, Miley response was too instant (like she been practisin it).. c'mon MTV""",0,1,0.34209725,0.5710896,0.08681307
Wish @user was in the 574 so we could go to IHOP tomorrow,2,1,0.14395058,0.5340584,0.32199106
A Red Carpet for Radicals at the White House  by Steve Emerson and John Rossomando IPT News October 21\u002c 2012 A...,1,1,0.052489676,0.9026574,0.044852976
"@user Aside going to the hockey viewing partying tonight, I'm going to my aunt &amp; uncle's early Halloween party tomorrow night. :)""",2,2,0.011018445,0.27248362,0.71649796
School tomorrow is gonna be fired up HA! you got something to say bad about Nicki? Prepare your argument you're bout to get shut down,1,0,0.9565508,0.031050019,0.0123991845
Tomorrow?? Who promised you tomorrow?? Give yourself to the lord today!! The Winans.,1,2,0.028895402,0.4528838,0.5182207
Frank Ocean playing omg it's like November already,2,2,0.016181702,0.10118958,0.8826287
@user I wish you a very happy and peaceful Eid. May Allah accept your good deeds.,2,2,0.018380754,0.041624416,0.9399949
@user i think i go tomorrow. Cuz im on my way to my dad first cuz i have no money to go to interlaken T.T i just hope hes there tomorow,0,0,0.71270895,0.2477833,0.039507676
"""Sure the Trump tweet was in January, but it is still relevant because it was about Charlie Hebdo.""",1,1,0.24624625,0.6687337,0.08501995
Tom Brady was going in the 6th round in #FF and now those picks are about to prosper.,1,2,0.015661122,0.34078762,0.64355123
@user LIES. Isn't there a curfew in place?A quick google search indicates that this image was from the Charlie Hebdo march.,0,0,0.84652346,0.13649784,0.016978677
We may be the only place on the planet to still sell Hulk Hogan merch. But we made these bags by hand long before...,1,1,0.11605729,0.7095499,0.17439285
If anyone else seen it. I thought it was pretty stupid when Doug Baldwin was yelling at Russell Wilson during the game this Sunday.,0,0,0.92576844,0.06211354,0.012117936
"Added psychotic to my library when year 12 starts tomorrow #smartmove #gonnafail""",0,0,0.9521661,0.035941187,0.011892726
#BreakingNews American football star and broadcaster Frank Gifford dies at 84: 10 August 2015 From the section...,1,1,0.23136899,0.69907445,0.06955655
now watching Denzel Washington talking about his new movie flight it\u2019s comming out Nov 2nd 2012 #LateShow With David Letterman,1,1,0.014395464,0.8391109,0.14649358
