user_id,location,language,account_created,follower_count,location_was_null,language_was_null,account_created_was_null,total_posts,total_likes,total_shares,total_comments,avg_likes,platforms_used,engagement_score
user_guglt5jp,"Berlin, Germany",ja,2023-10-23,38963.0,0,0,0,9.0,18670.0,10349.0,4805.0,2074.4444444444443,5.0,5102.9222222222215
user_b1p3wz81,"Munich, Germany",zh,2023-05-06,24644.0,0,0,0,8.0,20504.0,6826.0,2644.0,2563.0,3.0,3858.1000000000004
user_jm2grmis,"Dubai, UAE",en,2023-01-03,45842.0,0,0,0,5.0,19154.0,4206.0,3105.0,3830.8,3.0,3798.2
user_ykoqww5l,"Paris, France",fr,2023-10-11,665.0,0,0,0,7.0,12704.0,8240.0,3611.0,1814.857142857143,3.0,4101.628571428571
user_3zzvv8vp,"Los Angeles, USA",ru,2023-05-23,42908.0,0,0,0,13.0,30175.0,11198.0,6722.0,2321.153846153846,5.0,5864.376923076923
user_s4nmuyvf,"Mumbai, India",zh,2023-03-17,43412.0,0,0,0,4.0,6629.0,5092.0,1505.0,1657.25,3.0,2657.225
user_9vo7he3z,"Rio de Janeiro, Brazil",en,2023-12-01,36257.0,0,0,0,11.0,23272.0,13072.0,4972.0,2115.6363636363635,3.0,5973.818181818182
user_guruu55k,"Mexico City, Mexico",en,2023-03-30,11260.0,0,0,0,12.0,20371.0,12288.0,5499.0,1697.5833333333333,5.0,5634.991666666667
user_8nvzxsuj,"Vancouver, Canada",es,2023-12-03,36383.0,0,0,0,9.0,18105.0,11133.0,3792.0,2011.6666666666667,3.0,5104.133333333333
user_rgmvy3e1,"London, UK",ja,2023-12-21,13458.0,0,0,0,4.0,7349.0,4048.0,2374.0,1837.25,3.0,2607.825
user_j0akync6,"Houston, USA",en,2023-10-23,28544.0,0,0,0,13.0,31778.0,12151.0,4459.0,2444.4615384615386,5.0,5759.330769230769
user_dxhhp9fo,"Manchester, UK",fr,2023-03-03,3852.0,0,0,0,9.0,24267.0,9551.0,4594.0,2696.3333333333335,3.0,5132.266666666666
user_eci1w7hz,"Seoul, South Korea",ru,2023-02-04,43692.0,0,0,0,3.0,4617.0,3691.0,2136.0,1539.0,2.0,2304.0
user_cefi5hpb,"Johannesburg, South Africa",es,2023-07-26,15895.0,0,0,0,11.0,27539.0,10704.0,6145.0,2503.5454545454545,4.0,5691.972727272727
user_wzdzaxo6,"Dubai, UAE",de,2023-03-27,13486.0,0,0,0,3.0,6287.0,1389.0,567.0,2095.6666666666665,3.0,1577.9333333333334
user_urkhf34q,"Manchester, UK",ar,2023-02-18,24177.0,0,0,0,10.0,20926.0,9033.0,4680.0,2092.6,5.0,4692.2
user_4y5xrp4d,"São Paulo, Brazil",ar,2023-07-02,18904.0,0,0,0,7.0,14187.0,9817.0,4559.0,2026.7142857142858,4.0,4870.257142857143
user_5805b7s5,"Osaka, Japan",de,2023-07-29,29193.0,0,0,0,7.0,22667.0,7915.0,4092.0,3238.1428571428573,4.0,4811.971428571429
user_ju8hqhh7,"São Paulo, Brazil",pt,2023-08-10,11133.0,0,0,0,10.0,20082.0,9412.0,5313.0,2008.2,5.0,4890.3
user_0xtn0q1z,"Mexico City, Mexico",zh,2023-02-13,4956.0,0,0,0,8.0,13646.0,5658.0,5171.0,1705.75,5.0,3584.4749999999995
user_vdzbq60d,"São Paulo, Brazil",de,2023-05-21,25387.0,0,0,0,6.0,12028.0,5868.0,2563.0,2004.6666666666667,4.0,3275.333333333333
user_3nei5tio,"Rome, Italy",ja,2023-06-06,27945.0,0,0,0,8.0,18791.0,7864.0,2920.0,2348.875,3.0,4117.6375
user_8hs083wf,"Mexico City, Mexico",ja,2023-11-26,36208.0,0,0,0,5.0,5560.0,4333.0,2080.0,1112.0,4.0,2271.8999999999996
user_g62nc9bm,"Osaka, Japan",pt,2023-05-18,29261.0,0,0,0,10.0,23516.0,10927.0,5002.0,2351.6,5.0,5454.299999999999
user_u6wmhba1,"Rio de Janeiro, Brazil",fr,2023-05-07,26788.0,0,0,0,7.0,9630.0,5169.0,4041.0,1375.7142857142858,5.0,3046.7571428571428
user_rawskkbp,"Mexico City, Mexico",ja,2023-04-03,19554.0,0,0,0,11.0,30995.0,12599.0,5738.0,2817.7272727272725,4.0,6336.163636363636
user_6wra58f7,"Johannesburg, South Africa",en,2023-12-29,4953.0,0,0,0,14.0,25128.0,16270.0,7128.0,1794.857142857143,5.0,7204.028571428572
user_20v16n7o,"Osaka, Japan",es,2023-06-23,35772.0,0,0,0,8.0,15349.0,7655.0,4143.0,1918.625,4.0,4084.4125
user_8hwimj2y,"Barcelona, Spain",hi,2023-07-09,34130.0,0,0,0,5.0,11102.0,6007.0,2130.0,2220.4,4.0,3338.3
user_34h6otv1,"Mumbai, India",hi,2023-09-01,825.0,0,0,0,7.0,21368.0,4923.0,3046.0,3052.5714285714284,4.0,3612.385714285714
user_rd4m435g,"Mumbai, India",en,2023-05-09,41448.0,0,0,0,10.0,24539.0,11826.0,4105.0,2453.9,5.0,5595.75
user_baflpt2a,"Shanghai, China",zh,2023-05-14,2528.0,0,0,0,4.0,13914.0,4374.0,1853.0,3478.5,3.0,3422.0499999999997
user_3rnkw0w0,"London, UK",en,2023-08-30,16930.0,0,0,0,9.0,22975.0,7293.0,3723.0,2552.777777777778,4.0,4208.88888888889
user_wdvt8sn8,"Lagos, Nigeria",hi,2023-10-18,44991.0,0,0,0,7.0,7610.0,10189.0,2852.0,1087.142857142857,3.0,4170.671428571428
user_6ftbnlhg,"Seoul, South Korea",ru,2023-04-22,42376.0,0,0,0,9.0,24730.0,9036.0,4797.0,2747.777777777778,3.0,5044.088888888889
user_p9zkwsde,"Tokyo, Japan",zh,2023-01-28,22530.0,0,0,0,12.0,21158.0,11940.0,5269.0,1763.1666666666667,5.0,5517.383333333333
user_jqhen223,"Rome, Italy",pt,2023-08-25,1386.0,0,0,0,7.0,12897.0,5604.0,2518.0,1842.4285714285713,4.0,3106.0142857142855
user_qjq1xtnb,"Vancouver, Canada",ar,2023-06-20,9994.0,0,0,0,8.0,16652.0,7274.0,3106.0,2081.5,3.0,3844.1499999999996
user_giqj8qez,"New York, USA",pt,2023-03-08,30904.0,0,0,0,7.0,23383.0,6072.0,2887.0,3340.4285714285716,5.0,4069.214285714286
user_yhkk65jx,"Dubai, UAE",zh,2023-03-04,19947.0,0,0,0,7.0,7525.0,6755.0,4474.0,1075.0,5.0,3458.8
user_n7owi8hd,"Beijing, China",fr,2023-12-29,40734.0,0,0,0,6.0,9008.0,4627.0,2317.0,1501.3333333333333,4.0,2602.1666666666665
user_q3dvjt5a,"Barcelona, Spain",en,2023-01-02,25339.0,0,0,0,7.0,13524.0,5728.0,3866.0,1932.0,4.0,3457.5999999999995
user_uwu8hunq,"Melbourne, Australia",es,2023-04-12,47367.0,0,0,0,11.0,29764.0,11532.0,4328.0,2705.818181818182,5.0,5678.109090909091
user_weam2ohn,"Lyon, France",en,2023-04-14,12261.0,0,0,0,10.0,23292.0,10632.0,4935.0,2329.2,4.0,5341.2
user_v4objqex,"Madrid, Spain",hi,2023-11-15,16772.0,0,0,0,12.0,23308.0,10776.0,7895.0,1942.3333333333333,5.0,5782.966666666666
user_lgnt3fch,"Johannesburg, South Africa",fr,2023-03-29,46078.0,0,0,0,9.0,15516.0,6882.0,5258.0,1724.0,4.0,3978.2
user_d1drdipk,"Berlin, Germany",fr,2023-03-14,12883.0,0,0,0,6.0,18354.0,6468.0,3129.0,3059.0,3.0,4095.7
user_ll36h5wt,"Tokyo, Japan",ru,2023-07-02,29890.0,0,0,0,5.0,11980.0,3332.0,3511.0,2396.0,2.0,2899.8
user_abawq3v4,"Barcelona, Spain",fr,2023-11-16,27400.0,0,0,0,5.0,12370.0,4484.0,4283.0,2474.0,3.0,3438.7999999999997
user_668nidxi,"São Paulo, Brazil",pt,2023-07-24,17277.0,0,0,0,6.0,15159.0,6418.0,3272.0,2526.5,3.0,3843.0499999999997
user_tbi3l8f9,"Milan, Italy",pt,2023-03-11,5446.0,0,0,0,8.0,11565.0,7344.0,6082.0,1445.625,4.0,4142.4125
user_jxoe2fqh,"Shanghai, China",de,2023-06-17,3525.0,0,0,0,10.0,10271.0,8804.0,4688.0,1027.1,5.0,4092.35
user_sd7unhlc,"Tokyo, Japan",hi,2023-06-27,7258.0,0,0,0,7.0,16846.0,9204.0,3635.0,2406.5714285714284,3.0,4691.4857142857145
user_y1nqrc5b,"Beijing, China",ru,2023-09-23,27900.0,0,0,0,5.0,7687.0,7512.0,1603.0,1537.4,3.0,3342.9
user_q6b92sgq,"Munich, Germany",hi,2023-07-21,38254.0,0,0,0,9.0,27001.0,10385.0,5554.0,3000.1111111111113,4.0,5726.355555555556
user_sh3by87q,"Manchester, UK",hi,2023-10-14,30340.0,0,0,0,6.0,7526.0,3967.0,3547.0,1254.3333333333333,3.0,2526.6666666666665
user_udakufz1,"Houston, USA",pt,2023-03-04,30349.0,0,0,0,13.0,28268.0,12593.0,4616.0,2174.4615384615386,5.0,5788.330769230769
user_siuvpkza,"Chicago, USA",en,2023-09-05,49905.0,0,0,0,9.0,17134.0,10505.0,3690.0,1903.7777777777778,4.0,4841.388888888889
user_a2t91ioa,"São Paulo, Brazil",ar,2023-03-23,5217.0,0,0,0,6.0,11505.0,4758.0,2988.0,1917.5,3.0,2983.7499999999995
user_kxujr0gz,"Los Angeles, USA",pt,2023-02-04,34963.0,0,0,0,11.0,35465.0,15312.0,6296.0,3224.090909090909,5.0,7464.845454545454
user_ggnjpujh,Singapore,hi,2023-10-22,35532.0,0,0,0,14.0,34721.0,16679.0,6684.0,2480.0714285714284,5.0,7580.535714285715
user_mkqbrm43,"Houston, USA",de,2023-01-14,16581.0,0,0,0,1.0,2387.0,1711.0,627.0,2387.0,1.0,1832.2
user_ysboqq66,Singapore,pt,2023-01-07,22756.0,0,0,0,3.0,7857.0,4165.0,2050.0,2619.0,3.0,2969.0
user_cyqqg8x5,"Mexico City, Mexico",zh,2023-12-04,44679.0,0,0,0,13.0,26219.0,13116.0,7196.0,2016.8461538461538,4.0,6382.423076923076
user_icpx666o,"Chicago, USA",es,2023-02-28,36087.0,0,0,0,7.0,12520.0,4538.0,2600.0,1788.5714285714287,3.0,2775.6857142857143
user_v7kjzia8,"Shanghai, China",de,2023-08-09,36584.0,0,0,0,6.0,15487.0,5692.0,3995.0,2581.1666666666665,5.0,3797.1833333333334
user_m6q38p8n,"Rio de Janeiro, Brazil",ru,2023-08-20,19975.0,0,0,0,4.0,10511.0,4550.0,2645.0,2627.75,3.0,3207.875
user_i16blt5c,"Lagos, Nigeria",fr,2023-01-12,15494.0,0,0,0,7.0,15809.0,6896.0,3316.0,2258.4285714285716,3.0,3861.2142857142853
user_c48hfo1e,"Tokyo, Japan",ja,2023-04-02,30991.0,0,0,0,10.0,25087.0,11955.0,6034.0,2508.7,4.0,6047.650000000001
user_gbfw65um,"Dubai, UAE",ja,2023-01-21,3210.0,0,0,0,6.0,11571.0,8053.0,3563.0,1928.5,3.0,4092.75
user_tndo3hfx,"Berlin, Germany",de,2023-05-31,43803.0,0,0,0,9.0,15483.0,5838.0,5107.0,1720.3333333333333,5.0,3632.9666666666667
user_j7hru6kk,"Lyon, France",ar,2023-02-25,26012.0,0,0,0,4.0,4852.0,4681.0,2554.0,1213.0,3.0,2521.6
user_85468fb8,"Delhi, India",pt,2023-09-22,16049.0,0,0,0,6.0,14142.0,6093.0,4203.0,2357.0,3.0,3846.9999999999995
user_zzq2044c,"Delhi, India",ar,2023-02-09,34915.0,0,0,0,12.0,23587.0,10673.0,5186.0,1965.5833333333333,4.0,5221.891666666666
user_9jvugme4,"Berlin, Germany",en,2023-08-25,47684.0,0,0,0,6.0,12328.0,5364.0,2282.0,2054.6666666666665,4.0,3092.9333333333334
user_wwk361ip,"Paris, France",fr,2023-02-17,25982.0,0,0,0,8.0,24584.0,7515.0,5036.0,3073.0,4.0,4798.2
user_wjb4dk42,"Sydney, Australia",de,2023-05-24,35720.0,0,0,0,8.0,19452.0,8393.0,5153.0,2431.5,4.0,4764.25
user_bq4m0de9,"Munich, Germany",zh,2023-08-21,47615.0,0,0,0,10.0,17995.0,9969.0,4846.0,1799.5,3.0,4859.65
user_zq5mipiu,"New York, USA",ja,2023-11-11,38518.0,0,0,0,5.0,13469.0,6000.0,3418.0,2693.8,1.0,3830.5
user_ny9vh0cg,"Chicago, USA",ja,2023-03-30,6479.0,0,0,0,8.0,17272.0,8487.0,3103.0,2159.0,3.0,4246.2
user_g6l0e61e,"London, UK",de,2023-03-04,48312.0,0,0,0,6.0,9780.0,4411.0,4046.0,1630.0,3.0,2947.5
user_sniodvjg,"São Paulo, Brazil",es,2023-09-16,23961.0,0,0,0,11.0,13573.0,11979.0,6324.0,1233.909090909091,5.0,5475.454545454545
user_xwnpfnpm,"Delhi, India",es,2023-02-21,35374.0,0,0,0,9.0,11428.0,11239.0,3596.0,1269.7777777777778,5.0,4725.788888888888
user_x8d4tmgt,"Seoul, South Korea",hi,2023-10-13,3965.0,0,0,0,8.0,12273.0,10910.0,4336.0,1534.125,4.0,4907.2625
user_v1jddj2m,"Osaka, Japan",fr,2023-09-29,40890.0,0,0,0,8.0,21303.0,7510.0,3085.0,2662.875,4.0,4201.4375
user_3xgp44s2,"Beijing, China",es,2023-09-19,11935.0,0,0,0,11.0,20944.0,11915.0,5966.0,1904.0,4.0,5719.7
user_0e2how9t,"Melbourne, Australia",hi,2023-09-03,23563.0,0,0,0,6.0,20853.0,7466.0,2497.0,3475.5,3.0,4476.95
user_k7t9n4sb,"Rio de Janeiro, Brazil",hi,2023-02-25,4767.0,0,0,0,7.0,14958.0,3973.0,3718.0,2136.8571428571427,3.0,3003.928571428571
user_ipc8wvdz,"Houston, USA",fr,2023-09-24,9612.0,0,0,0,6.0,10713.0,8903.0,2400.0,1785.5,4.0,4043.65
user_k9blda2m,"Shanghai, China",ar,2023-08-20,42330.0,0,0,0,4.0,3527.0,2096.0,2361.0,881.75,3.0,1541.875
user_zp2gw1bo,"Chicago, USA",de,2023-01-20,4869.0,0,0,0,7.0,23240.0,6409.0,2758.0,3320.0,4.0,4134.3
user_ceim4vux,"Seoul, South Korea",hi,2023-11-13,40811.0,0,0,0,12.0,28441.0,11324.0,5392.0,2370.0833333333335,4.0,5660.641666666666
user_uwheu707,"Osaka, Japan",ja,2023-02-11,9366.0,0,0,0,8.0,16622.0,8071.0,5127.0,2077.75,5.0,4485.575
user_0eufcipi,"Beijing, China",pt,2023-08-18,27089.0,0,0,0,7.0,16224.0,5322.0,4341.0,2317.714285714286,3.0,3623.6571428571424
user_ymg2zu9s,"São Paulo, Brazil",ru,2023-09-14,43449.0,0,0,0,11.0,28925.0,9874.0,4656.0,2629.5454545454545,4.0,5208.172727272727
user_xa1s1sd5,"Milan, Italy",es,2023-11-26,37758.0,0,0,0,12.0,24109.0,14864.0,7213.0,2009.0833333333333,5.0,6906.341666666667
user_a7p5u7lh,"Osaka, Japan",es,2023-07-25,25497.0,0,0,0,9.0,26856.0,7914.0,4470.0,2984.0,5.0,4760.2
user_hkiyc5fm,"Paris, France",ar,2023-10-21,125.0,0,0,0,9.0,14263.0,9418.0,3027.0,1584.7777777777778,5.0,4223.188888888889
user_9iukejuf,"Manchester, UK",en,2023-04-03,13279.0,0,0,0,6.0,14075.0,3904.0,3668.0,2345.8333333333335,3.0,3077.7166666666667
user_n020jpbl,"Rome, Italy",en,2023-09-08,14263.0,0,0,0,9.0,9158.0,7042.0,4441.0,1017.5555555555555,3.0,3509.5777777777776
user_jsmxpwu0,"Lagos, Nigeria",ar,2023-09-09,31041.0,0,0,0,5.0,14491.0,6807.0,2146.0,2898.2,3.0,3920.3999999999996
user_tyvzn6ay,"London, UK",fr,2023-09-05,46141.0,0,0,0,15.0,43905.0,12019.0,6970.0,2927.0,5.0,6463.2
user_i2p1s57x,"Seoul, South Korea",es,2023-04-25,33834.0,0,0,0,7.0,17881.0,8409.0,3531.0,2554.4285714285716,4.0,4506.114285714286
user_8wm37pk5,"Dubai, UAE",pt,2023-07-03,5193.0,0,0,0,6.0,15909.0,6448.0,3885.0,2651.5,3.0,4037.1499999999996
user_ien1skk9,"London, UK",pt,2023-01-23,23189.0,0,0,0,9.0,18699.0,7873.0,3446.0,2077.6666666666665,4.0,4089.9333333333334
user_romhzbq7,"Johannesburg, South Africa",fr,2023-06-14,39722.0,0,0,0,8.0,14354.0,8036.0,2947.0,1794.25,4.0,3897.325
user_dbqn2wg3,"Osaka, Japan",zh,2023-06-21,14408.0,0,0,0,7.0,21218.0,7574.0,2514.0,3031.1428571428573,5.0,4290.571428571428
user_pfk3usin,"Mumbai, India",es,2023-10-24,12664.0,0,0,0,6.0,11953.0,7944.0,2846.0,1992.1666666666667,4.0,3948.4833333333336
user_8c6s6m9l,"Johannesburg, South Africa",fr,2023-05-27,45852.0,0,0,0,7.0,18674.0,4571.0,2995.0,2667.714285714286,4.0,3304.157142857143
user_d6tjszz8,"Melbourne, Australia",fr,2023-03-24,37186.0,0,0,0,14.0,36967.0,12993.0,8060.0,2640.5,5.0,6830.15
user_kjuts840,"Seoul, South Korea",zh,2023-11-16,21560.0,0,0,0,2.0,3288.0,2853.0,801.0,1644.0,1.0,1838.1000000000001
user_5dciucw4,Singapore,fr,2023-12-21,19889.0,0,0,0,5.0,13898.0,6755.0,3385.0,2779.6,3.0,4093.3
user_0c5vu9wm,"Lagos, Nigeria",ru,2023-09-27,43214.0,0,0,0,4.0,9264.0,5069.0,2538.0,2316.0,2.0,3186.2999999999997
user_yimb5r96,"Lyon, France",en,2023-06-19,24755.0,0,0,0,6.0,13313.0,1675.0,3817.0,2218.8333333333335,4.0,2375.3166666666666
user_2c5wzose,"Lagos, Nigeria",zh,2023-07-21,28647.0,0,0,0,3.0,12031.0,2991.0,1489.0,4010.3333333333335,3.0,3200.266666666667
user_zyptgxi8,"Shanghai, China",ar,2023-02-17,47455.0,0,0,0,12.0,40261.0,10556.0,5041.0,3355.0833333333335,3.0,5852.541666666666
user_hdas0iau,"Rio de Janeiro, Brazil",ja,2023-10-31,1620.0,0,0,0,16.0,34687.0,20331.0,8829.0,2167.9375,5.0,8949.06875
user_6qlz8pe6,"Milan, Italy",fr,2023-10-01,17169.0,0,0,0,4.0,84.0,4139.0,2392.0,21.0,3.0,1730.6000000000001
user_tzroeifo,"Melbourne, Australia",pt,2023-11-09,6268.0,0,0,0,7.0,21720.0,6697.0,3482.0,3102.8571428571427,4.0,4256.928571428571
user_7b09zod9,"Munich, Germany",ru,2023-06-17,23147.0,0,0,0,8.0,20888.0,6972.0,4132.0,2611.0,4.0,4223.5
user_py58gal3,"Chicago, USA",fr,2023-11-10,46803.0,0,0,0,8.0,6918.0,6005.0,4576.0,864.75,4.0,3149.075
user_jh1l7apn,"Lyon, France",de,2023-12-02,13388.0,0,0,0,10.0,21733.0,8001.0,5524.0,2173.3,5.0,4591.75
user_m0adcouo,"Beijing, China",hi,2023-12-23,19858.0,0,0,0,10.0,25741.0,8620.0,4057.0,2574.1,4.0,4684.450000000001
user_emlc2ijs,"Mumbai, India",zh,2023-07-15,42097.0,0,0,0,6.0,17162.0,5595.0,4514.0,2860.3333333333335,4.0,4011.466666666667
user_z3z18l5y,"Johannesburg, South Africa",fr,2023-04-11,46150.0,0,0,0,11.0,30327.0,12826.0,7081.0,2757.0,4.0,6642.499999999999
user_x7umkbiv,"New York, USA",pt,2023-07-25,19280.0,0,0,0,11.0,25603.0,12400.0,5444.0,2327.5454545454545,5.0,5972.572727272727
user_zqv2vrf5,"Vancouver, Canada",es,2023-09-17,13531.0,0,0,0,22.0,55303.0,23066.0,12016.0,2513.7727272727275,5.0,10579.886363636364
user_otp3d47s,"Mumbai, India",de,2023-05-13,45599.0,0,0,0,3.0,6549.0,3297.0,2636.0,2183.0,2.0,2607.8
user_btviyu88,"Barcelona, Spain",hi,2023-05-15,8121.0,0,0,0,5.0,13548.0,3442.0,2162.0,2709.6,2.0,2819.7999999999997
user_jhknjb2o,"Manchester, UK",ar,2023-12-09,26342.0,0,0,0,6.0,11827.0,6892.0,2643.0,1971.1666666666667,3.0,3581.7833333333333
user_j6qnfn0n,"Sydney, Australia",fr,2023-07-16,10053.0,0,0,0,4.0,12209.0,4259.0,2682.0,3052.25,2.0,3340.225
user_dvoklay9,"Rio de Janeiro, Brazil",en,2023-04-01,47705.0,0,0,0,5.0,13767.0,4779.0,2953.0,2753.4,4.0,3401.0
user_6f3gl5ci,"Los Angeles, USA",fr,2023-11-16,11240.0,0,0,0,3.0,6108.0,4453.0,1177.0,2036.0,2.0,2589.2999999999997
user_va78mz39,"Vancouver, Canada",ru,2023-12-13,34585.0,0,0,0,12.0,35128.0,11094.0,7516.0,2927.3333333333335,5.0,6295.066666666667
user_shca6bkp,"London, UK",zh,2023-10-27,33313.0,0,0,0,6.0,19429.0,5620.0,3468.0,3238.1666666666665,4.0,3998.683333333333
user_6kjv32kv,"Los Angeles, USA",de,2023-01-30,15858.0,0,0,0,7.0,13823.0,6503.0,4145.0,1974.7142857142858,5.0,3767.2571428571428
user_tj1hwx21,"Lyon, France",en,2023-03-06,24706.0,0,0,0,10.0,14540.0,8319.0,4839.0,1454.0,5.0,4190.5
user_k7tyv3h1,"Mumbai, India",en,2023-12-13,24378.0,0,0,0,4.0,6548.0,3694.0,2268.0,1637.0,2.0,2380.3
user_y9bjiho1,"Mumbai, India",zh,2023-11-12,24858.0,0,0,0,13.0,36169.0,18539.0,7248.0,2782.230769230769,5.0,8402.415384615384
user_1tqy94o2,"Paris, France",hi,2023-04-25,28391.0,0,0,0,4.0,-2924.0,3927.0,3391.0,-731.0,2.0,1490.8
user_t6hlzu33,"Seoul, South Korea",es,2023-12-24,18568.0,0,0,0,9.0,18508.0,10766.0,2975.0,2056.4444444444443,4.0,4853.022222222222
user_xm374vm6,"Lyon, France",de,2023-05-27,15594.0,0,0,0,6.0,17895.0,6894.0,2685.0,2982.5,4.0,4096.45
user_3k0yqpvo,"Tokyo, Japan",es,2023-12-14,247.0,0,0,0,4.0,10388.0,2187.0,1904.0,2597.0,2.0,2335.4
user_y0n4ki5k,"Rome, Italy",hi,2023-04-16,45836.0,0,0,0,6.0,5689.0,3751.0,2210.0,948.1666666666666,3.0,2041.3833333333332
user_6sfxy8pg,"Cairo, Egypt",ru,2023-08-12,20348.0,0,0,0,5.0,13341.0,5171.0,3021.0,2668.2,4.0,3489.5999999999995
user_eyak9wgy,"Cairo, Egypt",fr,2023-03-18,34393.0,0,0,0,6.0,11789.0,5362.0,3225.0,1964.8333333333333,3.0,3236.0166666666664
user_74ipdtjp,"Tokyo, Japan",fr,2023-04-01,42718.0,0,0,0,12.0,23760.0,13368.0,7286.0,1980.0,5.0,6457.599999999999
user_0osqp2dw,"New York, USA",hi,2023-03-20,6432.0,0,0,0,7.0,21498.0,7530.0,3103.0,3071.1428571428573,3.0,4415.171428571429
user_xk2789p4,"Barcelona, Spain",hi,2023-04-05,42164.0,0,0,0,7.0,22785.0,6453.0,3095.0,3255.0,4.0,4182.4
user_y5wi0qgb,"Rio de Janeiro, Brazil",ar,2023-01-26,43746.0,0,0,0,10.0,15123.0,11428.0,3994.0,1512.3,5.0,4983.35
user_v3iny1iu,"Seoul, South Korea",de,2023-03-25,39123.0,0,0,0,8.0,14096.0,6651.0,4082.0,1762.0,5.0,3692.7000000000003
user_1xh81tt1,"Rio de Janeiro, Brazil",en,2023-10-25,12104.0,0,0,0,6.0,8660.0,7261.0,2237.0,1443.3333333333333,2.0,3347.3666666666663
user_ke2aznap,"Dubai, UAE",ru,2023-07-19,25705.0,0,0,0,7.0,5598.0,7887.0,3623.0,799.7142857142857,4.0,3490.5571428571425
user_nqv4azql,"Mexico City, Mexico",de,2023-04-18,22949.0,0,0,0,8.0,16951.0,10543.0,2624.0,2118.875,3.0,4747.1375
user_z9g0ws77,"Milan, Italy",es,2023-11-28,36413.0,0,0,0,8.0,18192.0,9753.0,5038.0,2274.0,4.0,5070.5
user_w66b5uk0,"Manchester, UK",hi,2023-09-02,17208.0,0,0,0,11.0,27359.0,9320.0,5227.0,2487.181818181818,5.0,5084.99090909091
user_hftncqwg,"Osaka, Japan",en,2023-05-05,35741.0,0,0,0,11.0,21885.0,10430.0,4987.0,1989.5454545454545,5.0,5121.172727272728
user_puoma5kg,"Shanghai, China",pt,2023-10-20,33595.0,0,0,0,7.0,18391.0,6415.0,3465.0,2627.285714285714,3.0,3931.142857142857
user_3ec3xlij,"Mumbai, India",ar,2023-10-20,42106.0,0,0,0,7.0,19183.0,7131.0,3780.0,2740.4285714285716,2.0,4265.5142857142855
user_7ctvaq92,"Shanghai, China",de,2023-06-23,40739.0,0,0,0,6.0,10029.0,8309.0,2926.0,1671.5,4.0,3913.6499999999996
user_bouxcpei,"Milan, Italy",fr,2023-05-04,10486.0,0,0,0,12.0,27686.0,11479.0,5494.0,2307.1666666666665,4.0,5696.083333333333
user_r94xmwwi,"São Paulo, Brazil",ja,2023-09-23,13366.0,0,0,0,13.0,28618.0,13916.0,6719.0,2201.3846153846152,5.0,6619.292307692308
user_30jx467t,"Rio de Janeiro, Brazil",zh,2023-03-16,26128.0,0,0,0,3.0,3379.0,2661.0,2220.0,1126.3333333333333,2.0,1805.4666666666667
user_ze3qol7q,"Mumbai, India",de,2023-02-18,16102.0,0,0,0,5.0,10174.0,4257.0,1792.0,2034.8,3.0,2652.9
user_cgajq4il,"Lyon, France",hi,2023-03-23,13722.0,0,0,0,8.0,24461.0,8794.0,4795.0,3057.625,4.0,5126.0125
user_qtpvdjjh,"Osaka, Japan",ar,2023-12-24,11385.0,0,0,0,8.0,15046.0,9237.0,5164.0,1880.75,4.0,4744.275
user_d6tkz8qs,"Rio de Janeiro, Brazil",fr,2023-04-09,43203.0,0,0,0,12.0,29379.0,12180.0,4979.0,2448.25,5.0,5873.925
user_8t4e9hnl,"Paris, France",ar,2023-02-02,18137.0,0,0,0,7.0,24513.0,5931.0,3329.0,3501.8571428571427,4.0,4196.028571428571
user_7qv6le3v,"Barcelona, Spain",hi,2023-12-21,48814.0,0,0,0,11.0,21702.0,7240.0,6482.0,1972.909090909091,4.0,4454.854545454546
user_d3z3d8ys,"Mumbai, India",en,2023-03-12,25077.0,0,0,0,11.0,27138.0,12438.0,5644.0,2467.090909090909,4.0,6093.745454545454
user_vw9pi7nt,"Toronto, Canada",zh,2023-10-16,31294.0,0,0,0,9.0,17032.0,11725.0,5166.0,1892.4444444444443,3.0,5496.922222222222
user_ur1cqbvt,"Vancouver, Canada",hi,2023-09-20,16616.0,0,0,0,4.0,6542.0,2497.0,1480.0,1635.5,3.0,1862.85
user_bxx2q7ss,"Manchester, UK",zh,2023-03-01,32190.0,0,0,0,7.0,17480.0,7027.0,3049.0,2497.1428571428573,5.0,3966.471428571429
user_e33tyryb,"Berlin, Germany",hi,2023-02-16,40671.0,0,0,0,12.0,29571.0,9404.0,6683.0,2464.25,4.0,5389.925
user_yx0kbvbm,"Houston, USA",fr,2023-12-13,33957.0,0,0,0,7.0,15416.0,6717.0,4431.0,2202.285714285714,5.0,4002.442857142857
user_eskzkba8,"Toronto, Canada",de,2023-09-15,4021.0,0,0,0,3.0,6054.0,3917.0,2115.0,2018.0,2.0,2607.1
user_zqzqyysg,Singapore,ru,2023-02-07,30088.0,0,0,0,8.0,27244.0,11044.0,4454.0,3405.5,3.0,5906.75
user_4wxjuaif,"New York, USA",en,2023-12-27,39522.0,0,0,0,8.0,17762.0,7752.0,3616.0,2220.25,2.0,4158.925
user_yotuyqas,"Seoul, South Korea",fr,2023-01-31,19591.0,0,0,0,3.0,5612.0,2548.0,1748.0,1870.6666666666667,1.0,2049.3333333333335
user_uer432k7,"Los Angeles, USA",ja,2023-10-28,2023.0,0,0,0,11.0,25538.0,10016.0,5072.0,2321.6363636363635,4.0,5180.018181818181
user_rkw2mic0,"Chicago, USA",ar,2023-01-23,21014.0,0,0,0,6.0,19203.0,5295.0,3836.0,3200.5,4.0,3955.95
user_yd705rj9,"Los Angeles, USA",zh,2023-02-11,46165.0,0,0,0,7.0,15338.0,8005.0,2492.0,2191.1428571428573,4.0,3995.4714285714285
user_nudota2x,Singapore,pt,2023-12-01,17212.0,0,0,0,12.0,25496.0,13400.0,5711.0,2124.6666666666665,5.0,6224.533333333333
user_p9rj0hnr,"Madrid, Spain",zh,2023-05-15,48134.0,0,0,0,10.0,20606.0,13667.0,5139.0,2060.6,4.0,6158.2
user_q3vs0uj7,"Manchester, UK",ja,2023-01-12,32714.0,0,0,0,18.0,36549.0,18703.0,8654.0,2030.5,5.0,8356.95
user_vdr1clyk,"Berlin, Germany",ru,2023-09-05,42746.0,0,0,0,10.0,21386.0,9263.0,3595.0,2138.6,5.0,4567.2
user_xnin9vng,"Munich, Germany",es,2023-12-31,35176.0,0,0,0,4.0,8777.0,5420.0,2206.0,2194.25,3.0,3164.325
user_g2dekwc7,"Madrid, Spain",es,2023-06-06,3698.0,0,0,0,6.0,16694.0,5956.0,3617.0,2782.3333333333335,4.0,3901.366666666667
user_r3r59q7h,"Los Angeles, USA",ja,2023-06-09,32753.0,0,0,0,8.0,22155.0,7703.0,3732.0,2769.375,4.0,4441.9875
user_4k5n0jkk,"Munich, Germany",pt,2023-11-17,9309.0,0,0,0,8.0,21805.0,11313.0,5306.0,2725.625,3.0,5817.912499999999
user_4tziovr6,"São Paulo, Brazil",zh,2023-01-27,7972.0,0,0,0,5.0,15131.0,5296.0,3375.0,3026.2,3.0,3776.8999999999996
user_b6y23bbq,"Cairo, Egypt",fr,2023-09-15,17181.0,0,0,0,4.0,11957.0,5175.0,2437.0,2989.25,4.0,3534.525
user_60ypl1q4,"Los Angeles, USA",hi,2023-05-12,44700.0,0,0,0,8.0,23617.0,4665.0,4237.0,2952.125,3.0,3722.9625
user_bnum1ru1,"Milan, Italy",zh,2023-06-22,13604.0,0,0,0,3.0,996.0,1766.0,1915.0,332.0,2.0,1078.8
user_45yefmlp,"Paris, France",en,2023-10-22,37589.0,0,0,0,12.0,33812.0,11015.0,7788.0,2817.6666666666665,5.0,6270.933333333333
user_eank0miq,"London, UK",es,2023-12-24,8837.0,0,0,0,6.0,17502.0,7364.0,2229.0,2917.0,3.0,4113.5
user_1qpr9tga,"Dubai, UAE",pt,2023-06-03,31853.0,0,0,0,9.0,30903.0,10543.0,4413.0,3433.6666666666665,3.0,5762.333333333334
user_k2v87420,"Barcelona, Spain",ru,2023-12-21,14719.0,0,0,0,5.0,16752.0,5211.0,2126.0,3350.4,3.0,3663.7
user_sjm4thcl,"Dubai, UAE",en,2023-04-06,49721.0,0,0,0,10.0,29831.0,9964.0,4515.0,2983.1,5.0,5383.75
user_viynjlsr,"Mumbai, India",hi,2023-06-27,46004.0,0,0,0,8.0,12731.0,6631.0,3189.0,1591.375,4.0,3422.7875000000004
user_b6i17ydd,"Chicago, USA",ru,2023-09-14,45937.0,0,0,0,6.0,4811.0,7497.0,2297.0,801.8333333333334,4.0,3109.4166666666665
user_lk8wtuqr,"Vancouver, Canada",ja,2023-09-21,32276.0,0,0,0,14.0,37420.0,8491.0,5666.0,2672.8571428571427,5.0,5016.928571428571
user_de1ix2nc,"Houston, USA",de,2023-04-02,5659.0,0,0,0,6.0,21673.0,5754.0,2697.0,3612.1666666666665,3.0,4071.6833333333334
user_dotzarnx,"Munich, Germany",de,2023-11-09,8257.0,0,0,0,11.0,14296.0,10080.0,4929.0,1299.6363636363637,4.0,4659.618181818182
user_zdot1vfk,"Barcelona, Spain",fr,2023-12-26,448.0,0,0,0,9.0,24931.0,11316.0,4269.0,2770.1111111111113,3.0,5633.655555555556
user_eyryqg4c,Singapore,en,2023-08-14,42446.0,0,0,0,7.0,12887.0,5803.0,4429.0,1841.0,4.0,3547.2
user_oo2afkvn,"Madrid, Spain",es,2023-11-04,19226.0,0,0,0,12.0,32243.0,13665.0,5780.0,2686.9166666666665,5.0,6598.958333333333
user_9odm77d5,"Madrid, Spain",de,2023-01-26,13443.0,0,0,0,7.0,20045.0,8076.0,3333.0,2863.5714285714284,4.0,4521.185714285714
user_ishux5fb,Singapore,de,2023-05-18,27779.0,0,0,0,9.0,17896.0,9409.0,5003.0,1988.4444444444443,4.0,4817.522222222222
user_hdcwy7rw,"Houston, USA",hi,2023-06-12,2595.0,0,0,0,12.0,22709.0,11760.0,6033.0,1892.4166666666667,4.0,5680.808333333333
user_m5z8a3sg,"Berlin, Germany",ar,2023-04-01,34800.0,0,0,0,13.0,36003.0,15858.0,6864.0,2769.4615384615386,5.0,7514.930769230769
user_a9a7r18l,"Houston, USA",ja,2023-12-30,2091.0,0,0,0,11.0,19771.0,11919.0,5824.0,1797.3636363636363,5.0,5639.181818181818
user_uo7cfsb2,"Munich, Germany",de,2023-04-11,3966.0,0,0,0,8.0,17789.0,5982.0,4019.0,2223.625,4.0,3710.2125
user_ghc11hqx,"Beijing, China",fr,2023-12-11,8863.0,0,0,0,6.0,17427.0,7973.0,2961.0,2904.5,3.0,4436.35
user_n3yjfvxy,"New York, USA",hi,2023-06-10,45548.0,0,0,0,6.0,7456.0,6880.0,2422.0,1242.6666666666667,4.0,3169.7333333333336
user_vs99hcpu,"Manchester, UK",de,2023-02-24,40430.0,0,0,0,2.0,6135.0,2450.0,409.0,3067.5,2.0,2350.55
user_jl5j801v,"Los Angeles, USA",ru,2023-02-24,24657.0,0,0,0,10.0,18823.0,10634.0,4717.0,1882.3,4.0,5074.75
user_1q9s4tw9,"Berlin, Germany",ja,2023-02-18,29011.0,0,0,0,9.0,20006.0,8835.0,4814.0,2222.8888888888887,4.0,4724.7444444444445
user_4o1z3322,"Tokyo, Japan",ar,2023-08-22,48982.0,0,0,0,3.0,1271.0,3997.0,2048.0,423.6666666666667,3.0,1820.5333333333333
user_zsoad3v2,"Mumbai, India",fr,2023-03-07,16574.0,0,0,0,6.0,13522.0,6224.0,2724.0,2253.6666666666665,3.0,3538.833333333333
user_gtz1vf91,"Barcelona, Spain",ja,2023-07-28,27386.0,0,0,0,8.0,22917.0,8012.0,3633.0,2864.625,3.0,4562.5125
user_upih2le3,"Tokyo, Japan",de,2023-05-03,1775.0,0,0,0,9.0,20138.0,7374.0,3182.0,2237.5555555555557,3.0,3967.3777777777777
user_27aje6ur,"Berlin, Germany",hi,2023-08-08,15671.0,0,0,0,10.0,14366.0,8158.0,4196.0,1436.6,4.0,4004.8999999999996
user_k05n8c60,"Mumbai, India",zh,2023-01-25,4399.0,0,0,0,7.0,12334.0,7254.0,3712.0,1762.0,3.0,3799.6
user_a19f44ms,"New York, USA",zh,2023-08-19,21298.0,0,0,0,5.0,10750.0,2555.0,2760.0,2150.0,2.0,2393.5
user_brh0oqpe,"Lagos, Nigeria",pt,2023-04-06,45102.0,0,0,0,7.0,17598.0,7374.0,4370.0,2514.0,5.0,4343.2
user_96h74y72,"Johannesburg, South Africa",zh,2023-01-05,11114.0,0,0,0,10.0,14343.0,7239.0,4164.0,1434.3,4.0,3721.65
user_0riqrfz9,"Dubai, UAE",fr,2023-05-01,12825.0,0,0,0,2.0,4873.0,1381.0,242.0,2436.5,2.0,1680.95
user_0irp4abu,"Toronto, Canada",hi,2023-12-14,44206.0,0,0,0,17.0,35123.0,13248.0,10187.0,2066.0588235294117,5.0,7044.829411764706
user_8euzbrz1,"Madrid, Spain",de,2023-12-29,25029.0,0,0,0,9.0,21329.0,9018.0,4821.0,2369.8888888888887,4.0,4854.544444444445
user_pg6yqnrb,"Delhi, India",hi,2023-04-30,30432.0,0,0,0,6.0,16839.0,6664.0,3095.0,2806.5,4.0,4021.45
user_mc4gyg3z,"Madrid, Spain",pt,2023-12-23,34238.0,0,0,0,6.0,14916.0,4143.0,2215.0,2486.0,3.0,2928.8999999999996
user_zhouqige,"Munich, Germany",zh,2023-02-14,38584.0,0,0,0,7.0,21228.0,5434.0,3782.0,3032.5714285714284,4.0,3902.8857142857146
user_il88ti8o,"Los Angeles, USA",en,2023-04-03,33527.0,0,0,0,10.0,24601.0,7794.0,5600.0,2460.1,4.0,4688.25
user_e5q8f7ve,"Rio de Janeiro, Brazil",fr,2023-06-12,43303.0,0,0,0,6.0,13190.0,6228.0,2034.0,2198.3333333333335,4.0,3374.366666666667
user_jw3kd43r,"Dubai, UAE",hi,2023-11-06,12146.0,0,0,0,11.0,29866.0,10183.0,7398.0,2715.090909090909,3.0,5892.045454545455
user_ygorm9b4,"Sydney, Australia",de,2023-12-27,7165.0,0,0,0,4.0,5131.0,3693.0,3017.0,1282.75,3.0,2352.6749999999997
user_ijzzygde,"Johannesburg, South Africa",ar,2023-03-03,7394.0,0,0,0,5.0,9837.0,7231.0,2300.0,1967.4,3.0,3613.0
user_oj02wstg,"Toronto, Canada",zh,2023-11-06,36121.0,0,0,0,9.0,17790.0,9386.0,3903.0,1976.6666666666667,5.0,4584.733333333334
user_r7o639pp,"Johannesburg, South Africa",pt,2023-06-04,36970.0,0,0,0,6.0,15703.0,4207.0,3686.0,2617.1666666666665,3.0,3307.883333333333
user_uc87frzx,"Rio de Janeiro, Brazil",hi,2023-07-29,45923.0,0,0,0,6.0,8551.0,4233.0,2895.0,1425.1666666666667,3.0,2561.483333333333
user_zdwf8afd,"Paris, France",zh,2023-10-12,13554.0,0,0,0,9.0,19085.0,9889.0,4212.0,2120.5555555555557,5.0,4869.377777777778
user_fpnt3iw9,"Rio de Janeiro, Brazil",ru,2023-01-02,8979.0,0,0,0,11.0,25146.0,11067.0,3928.0,2286.0,3.0,5248.700000000001
user_ttlouvlq,"Beijing, China",ru,2023-12-07,19373.0,0,0,0,12.0,26936.0,12360.0,5713.0,2244.6666666666665,5.0,5972.933333333333
user_njyhr041,"Manchester, UK",fr,2023-03-06,38346.0,0,0,0,12.0,15995.0,9874.0,5693.0,1332.9166666666667,4.0,4767.258333333333
user_54fu8vw0,"Delhi, India",hi,2023-01-05,19805.0,0,0,0,8.0,23652.0,9903.0,4663.0,2956.5,4.0,5381.75
user_n52gcr0a,"Paris, France",hi,2023-05-02,10771.0,0,0,0,6.0,17693.0,5296.0,2649.0,2948.8333333333335,3.0,3593.016666666667
user_jodbszof,"Mumbai, India",zh,2023-05-30,31286.0,0,0,0,9.0,18211.0,8348.0,4330.0,2023.4444444444443,4.0,4382.122222222222
user_tb4fgpus,"Toronto, Canada",pt,2023-10-20,6623.0,0,0,0,10.0,21021.0,11061.0,5047.0,2102.1,4.0,5378.75
user_tple0w0i,"Shanghai, China",pt,2023-01-13,26162.0,0,0,0,13.0,29749.0,13193.0,7722.0,2288.3846153846152,4.0,6646.492307692308
user_0281t7ll,"Houston, USA",de,2023-07-30,20201.0,0,0,0,12.0,20628.0,10585.0,3841.0,1719.0,5.0,4803.2
user_o14tbxsc,"Barcelona, Spain",fr,2023-06-22,33313.0,0,0,0,8.0,22533.0,7947.0,4084.0,2816.625,4.0,4609.2125
user_7kpmi03n,"Melbourne, Australia",ru,2023-11-02,13017.0,0,0,0,9.0,10555.0,8269.0,6227.0,1172.7777777777778,5.0,4312.488888888889
user_7e3umebc,"Madrid, Spain",zh,2023-06-09,7547.0,0,0,0,10.0,13420.0,9456.0,4370.0,1342.0,5.0,4381.799999999999
user_c4e9we1i,"Munich, Germany",zh,2023-09-01,33992.0,0,0,0,12.0,29725.0,12804.0,4467.0,2477.0833333333335,5.0,5973.141666666666
user_wawwrvtc,"Berlin, Germany",en,2023-05-02,35269.0,0,0,0,10.0,15028.0,10641.0,6666.0,1502.8,4.0,5276.9
user_eaft49ay,"Toronto, Canada",es,2023-01-28,31061.0,0,0,0,3.0,7643.0,3910.0,1726.0,2547.6666666666665,2.0,2792.033333333333
user_ivpaj0jp,"Tokyo, Japan",fr,2023-07-23,10547.0,0,0,0,11.0,30735.0,12827.0,8363.0,2794.090909090909,5.0,6917.745454545455
user_hz0arhtv,"Toronto, Canada",en,2023-10-16,12039.0,0,0,0,8.0,22421.0,8585.0,4842.0,2802.625,5.0,4945.2125
user_xe1x9bhy,Singapore,ru,2023-02-26,36140.0,0,0,0,5.0,8418.0,5253.0,1823.0,1683.6,2.0,2782.2999999999997
user_4ne7qun0,"Rome, Italy",pt,2023-04-09,48020.0,0,0,0,6.0,17683.0,4396.0,2573.0,2947.1666666666665,4.0,3306.983333333333
user_ywvdig0e,"Barcelona, Spain",zh,2023-06-19,3061.0,0,0,0,9.0,16511.0,7831.0,4333.0,1834.5555555555557,4.0,4133.177777777778
user_d0hubs9a,"Chicago, USA",pt,2023-11-21,38107.0,0,0,0,10.0,22623.0,9877.0,5556.0,2262.3,2.0,5205.45
user_8l7rv5oe,"Vancouver, Canada",ru,2023-07-04,48345.0,0,0,0,5.0,9115.0,7613.0,1732.0,1823.0,4.0,3541.8
user_n0t4gjjd,"Osaka, Japan",de,2023-08-18,8868.0,0,0,0,7.0,18049.0,8812.0,3481.0,2578.4285714285716,4.0,4629.0142857142855
user_mwro4svc,"New York, USA",ar,2023-06-29,18052.0,0,0,0,4.0,9988.0,3321.0,2066.0,2497.0,3.0,2658.0
user_i2rk6iik,"Osaka, Japan",en,2023-03-17,40792.0,0,0,0,5.0,2195.0,5249.0,865.0,439.0,4.0,1967.2
user_gzmfd48k,"Johannesburg, South Africa",es,2023-08-11,30865.0,0,0,0,10.0,25340.0,8442.0,3761.0,2534.0,4.0,4551.8
user_3ycqpch5,"Houston, USA",ru,2023-07-06,14024.0,0,0,0,7.0,17270.0,6885.0,3426.0,2467.1428571428573,4.0,3984.2714285714283
user_5ucdzep1,"Rio de Janeiro, Brazil",de,2023-05-28,40859.0,0,0,0,11.0,26019.0,10474.0,5304.0,2365.3636363636365,5.0,5385.681818181818
user_sr1ug159,"Mexico City, Mexico",en,2023-10-02,26249.0,0,0,0,11.0,12977.0,10188.0,4472.0,1179.7272727272727,4.0,4540.663636363637
user_168r2uhp,"Los Angeles, USA",ja,2023-02-07,11610.0,0,0,0,9.0,21341.0,9368.0,6500.0,2371.222222222222,4.0,5296.011111111111
user_8s0d1h4k,"New York, USA",en,2023-04-13,15522.0,0,0,0,8.0,20512.0,7969.0,4791.0,2564.0,4.0,4630.9
user_s1avt2xw,"Johannesburg, South Africa",ru,2023-01-31,8604.0,0,0,0,6.0,16153.0,3637.0,3182.0,2692.1666666666665,4.0,3073.5833333333335
user_d1fuzi94,"Cairo, Egypt",ja,2023-01-27,36438.0,0,0,0,9.0,17976.0,8381.0,4707.0,1997.3333333333333,3.0,4454.366666666667
user_wb863i99,"Dubai, UAE",fr,2023-01-23,36734.0,0,0,0,7.0,13396.0,7804.0,3376.0,1913.7142857142858,4.0,3973.2571428571428
user_8bslqcpy,"Madrid, Spain",ru,2023-10-26,2241.0,0,0,0,10.0,27496.0,10765.0,4844.0,2749.6,4.0,5573.1
user_63jwqml9,"Chicago, USA",en,2023-06-09,25724.0,0,0,0,7.0,13637.0,7431.0,3739.0,1948.142857142857,4.0,3951.1714285714284
user_v4th5er7,"Lyon, France",ja,2023-04-28,13337.0,0,0,0,13.0,21593.0,13107.0,6262.0,1661.0,5.0,6015.0
user_5e47gk4r,"Milan, Italy",en,2023-12-31,41079.0,0,0,0,11.0,18950.0,9734.0,4330.0,1722.7272727272727,5.0,4647.563636363637
user_rsrg2sgy,"Dubai, UAE",de,2023-01-19,32791.0,0,0,0,12.0,39489.0,11359.0,6044.0,3290.75,5.0,6261.875
user_fgjkkrie,"Lyon, France",zh,2023-07-13,2211.0,0,0,0,14.0,31763.0,17857.0,5818.0,2268.785714285714,4.0,7655.092857142857
user_x2etbjko,"Barcelona, Spain",pt,2023-03-26,36825.0,0,0,0,4.0,8808.0,3900.0,2844.0,2202.0,3.0,2839.8
user_as9qc2ya,"Paris, France",es,2023-12-02,10803.0,0,0,0,7.0,18047.0,8166.0,3299.0,2578.1428571428573,3.0,4398.671428571429
user_pe5yckyb,"Madrid, Spain",ru,2023-07-26,33737.0,0,0,0,8.0,26728.0,9564.0,4942.0,3341.0,4.0,5528.1
user_4aitv3ib,"Rio de Janeiro, Brazil",ja,2023-06-25,47961.0,0,0,0,6.0,20561.0,6862.0,1808.0,3426.8333333333335,4.0,4133.616666666667
user_al9p1gnu,"Munich, Germany",pt,2023-04-19,49268.0,0,0,0,13.0,43874.0,8463.0,6704.0,3374.923076923077,5.0,5567.161538461539
user_l0y6e71z,"Dubai, UAE",ja,2023-11-15,9788.0,0,0,0,6.0,14884.0,5472.0,2187.0,2480.6666666666665,3.0,3319.3333333333335
user_lialzqfp,"Lagos, Nigeria",ru,2023-01-26,47637.0,0,0,0,9.0,12710.0,10828.0,3843.0,1412.2222222222222,5.0,4723.111111111111
user_yz6mibaj,"Dubai, UAE",ar,2023-04-17,10415.0,0,0,0,11.0,33740.0,12737.0,5382.0,3067.2727272727275,4.0,6431.136363636364
user_c01tfali,"Milan, Italy",fr,2023-10-29,28971.0,0,0,0,6.0,13953.0,4306.0,2914.0,2325.5,4.0,3037.3500000000004
user_6w7t1ijr,"Milan, Italy",en,2023-08-14,27442.0,0,0,0,8.0,19800.0,9058.0,3148.0,2475.0,4.0,4584.5
user_k3y9gbsz,"Berlin, Germany",es,2023-05-06,12496.0,0,0,0,7.0,20383.0,6538.0,3070.0,2911.8571428571427,3.0,4031.328571428571
user_nfo3ih5u,"Barcelona, Spain",ar,2023-10-29,40429.0,0,0,0,19.0,42734.0,22580.0,7231.0,2249.157894736842,5.0,9344.77894736842
user_0ovhak73,"New York, USA",hi,2023-12-15,32045.0,0,0,0,12.0,16004.0,12521.0,6094.0,1333.6666666666667,5.0,5641.933333333333
user_dalm2g0s,"Sydney, Australia",hi,2023-05-25,47363.0,0,0,0,9.0,18763.0,12078.0,4792.0,2084.777777777778,5.0,5624.18888888889
user_vc1szta6,"Chicago, USA",ru,2023-08-18,16685.0,0,0,0,10.0,19499.0,10787.0,5360.0,1949.9,3.0,5283.05
user_47o2zlmp,"Tokyo, Japan",pt,2023-10-22,9632.0,0,0,0,6.0,11970.0,5933.0,1718.0,1995.0,4.0,3120.9999999999995
user_n6p8x5xw,"Vancouver, Canada",pt,2023-05-16,20355.0,0,0,0,10.0,28818.0,9871.0,4775.0,2881.8,3.0,5357.2
user_6laec67f,"Chicago, USA",es,2023-06-16,6536.0,0,0,0,5.0,13753.0,6489.0,2164.0,2750.6,3.0,3754.8
user_oo2yuqwk,"Mumbai, India",zh,2023-02-08,29705.0,0,0,0,6.0,7478.0,4423.0,3181.0,1246.3333333333333,3.0,2586.2666666666664
user_om9fk7q9,"Beijing, China",ar,2023-07-21,30691.0,0,0,0,6.0,6522.0,5020.0,3042.0,1087.0,4.0,2657.9
user_9asov0m8,Singapore,hi,2023-10-09,49763.0,0,0,0,9.0,21780.0,10409.0,3955.0,2420.0,3.0,5123.7
user_jyq7ygu9,"Delhi, India",pt,2023-03-02,9216.0,0,0,0,3.0,5105.0,3678.0,1500.0,1701.6666666666667,2.0,2254.233333333333
user_osog5p0m,"Berlin, Germany",pt,2023-03-20,21275.0,0,0,0,6.0,17721.0,4879.0,4217.0,2953.5,3.0,3783.85
user_aroc3ncd,"Rio de Janeiro, Brazil",hi,2023-03-24,10428.0,0,0,0,12.0,31860.0,16791.0,5555.0,2655.0,5.0,7475.8
user_2pjp6tpj,"São Paulo, Brazil",de,2023-03-30,44592.0,0,0,0,6.0,1953.0,6051.0,3598.0,325.5,4.0,2697.65
user_h5lkwga3,"Johannesburg, South Africa",ru,2023-04-30,26321.0,0,0,0,7.0,12555.0,8346.0,2906.0,1793.5714285714287,4.0,3981.7857142857138
user_ivpoy0x1,"Seoul, South Korea",hi,2023-05-12,28950.0,0,0,0,11.0,23455.0,13436.0,6294.0,2132.2727272727275,4.0,6355.736363636363
user_g612w4ko,"Munich, Germany",de,2023-02-19,13591.0,0,0,0,13.0,28952.0,15612.0,5807.0,2227.076923076923,5.0,6958.538461538461
user_z8vlb7d2,"Rome, Italy",hi,2023-09-21,418.0,0,0,0,10.0,21848.0,9359.0,4943.0,2184.8,5.0,4888.7
user_kn46rm8k,"Mumbai, India",en,2023-01-26,12679.0,0,0,0,7.0,11668.0,5878.0,4194.0,1666.857142857143,3.0,3435.6285714285714
user_eg2telg5,Singapore,hi,2023-12-25,10015.0,0,0,0,7.0,14266.0,4788.0,4467.0,2038.0,2.0,3348.7999999999997
user_jioz08hb,"Melbourne, Australia",ja,2023-12-30,11969.0,0,0,0,8.0,8444.0,7375.0,3636.0,1055.5,4.0,3467.45
user_aqwezplu,"Cairo, Egypt",hi,2023-02-06,40191.0,0,0,0,10.0,29793.0,10925.0,4489.0,2979.3,5.0,5664.95
user_lsi8z95w,Singapore,ja,2023-02-12,9000.0,0,0,0,5.0,17024.0,6603.0,1663.0,3404.8,2.0,4015.9
user_wq8mex2l,"Madrid, Spain",ru,2023-01-31,5897.0,0,0,0,10.0,32794.0,11822.0,5184.0,3279.4,5.0,6223.1
user_zw0wri6o,"Sydney, Australia",de,2023-12-14,7304.0,0,0,0,11.0,21192.0,11828.0,7933.0,1926.5454545454545,4.0,6098.272727272728
user_qxhiayyr,"Berlin, Germany",hi,2023-06-07,12943.0,0,0,0,5.0,1587.0,3781.0,1577.0,317.4,3.0,1608.4
user_veuczwoc,"Seoul, South Korea",pt,2023-03-14,11391.0,0,0,0,10.0,19422.0,10849.0,4456.0,1942.2,5.0,5117.0
user_cqaitbuv,"Johannesburg, South Africa",ja,2023-06-30,3382.0,0,0,0,11.0,25976.0,12949.0,5332.0,2361.4545454545455,4.0,6131.827272727272
user_140m58n3,"Osaka, Japan",fr,2023-06-10,28999.0,0,0,0,6.0,2477.0,7341.0,3261.0,412.8333333333333,4.0,3060.916666666666
user_sek60h67,"Vancouver, Canada",ru,2023-02-28,12772.0,0,0,0,10.0,17145.0,9693.0,3692.0,1714.5,5.0,4503.55
user_5t2f5iez,"Mumbai, India",en,2023-07-15,29412.0,0,0,0,9.0,23250.0,8146.0,3347.0,2583.3333333333335,4.0,4404.866666666667
user_sxyhv9rg,"Madrid, Spain",hi,2023-09-30,23637.0,0,0,0,5.0,11948.0,5597.0,2212.0,2389.6,3.0,3316.2999999999997
user_ukkkyp0o,"Toronto, Canada",es,2023-02-28,28045.0,0,0,0,11.0,30972.0,13327.0,6064.0,2815.6363636363635,4.0,6618.718181818182
user_84k7x6zn,"Barcelona, Spain",ja,2023-10-23,49736.0,0,0,0,13.0,38555.0,12060.0,6380.0,2965.769230769231,5.0,6376.884615384615
user_i7dvhf8q,Singapore,pt,2023-01-03,4409.0,0,0,0,7.0,14049.0,6735.0,4331.0,2007.0,4.0,3890.2
user_taeychos,"Barcelona, Spain",es,2023-10-12,38460.0,0,0,0,6.0,12980.0,6823.0,3573.0,2163.3333333333335,3.0,3843.1666666666665
user_dfogxwx0,"London, UK",ar,2023-09-09,9419.0,0,0,0,6.0,16239.0,5209.0,4167.0,2706.5,4.0,3749.35
user_oc9vdes0,"Beijing, China",zh,2023-09-06,18354.0,0,0,0,7.0,17423.0,5770.0,3947.0,2489.0,3.0,3764.9
user_24wzfb8b,"Barcelona, Spain",zh,2023-02-27,38633.0,0,0,0,14.0,33350.0,17506.0,6957.0,2382.1428571428573,5.0,7834.271428571428
user_119tublg,"Berlin, Germany",zh,2023-11-02,26429.0,0,0,0,5.0,12316.0,4892.0,1883.0,2463.2,1.0,3075.7999999999997
user_3bumtqzs,"Munich, Germany",ar,2023-06-18,23677.0,0,0,0,10.0,30981.0,8586.0,6310.0,3098.1,5.0,5386.849999999999
user_xw2x8wg8,"Sydney, Australia",fr,2023-01-05,36009.0,0,0,0,7.0,21161.0,4588.0,2043.0,3023.0,4.0,3296.4999999999995
user_ehd44os3,"Melbourne, Australia",zh,2023-09-12,44782.0,0,0,0,7.0,22486.0,7898.0,2468.0,3212.285714285714,4.0,4469.142857142858
user_lyfad7uf,"Melbourne, Australia",es,2023-03-29,49092.0,0,0,0,8.0,13856.0,9152.0,4616.0,1732.0,3.0,4534.8
user_lynilnsu,"Paris, France",ar,2023-12-14,5827.0,0,0,0,7.0,20610.0,7473.0,3641.0,2944.285714285714,3.0,4442.242857142857
user_cntp6452,"Shanghai, China",pt,2023-10-04,11329.0,0,0,0,15.0,30137.0,17895.0,9181.0,2009.1333333333334,5.0,8209.266666666666
user_vl9qiy9k,"Rome, Italy",pt,2023-06-11,35120.0,0,0,0,8.0,19484.0,8012.0,3845.0,2435.5,3.0,4390.35
user_aasqf25g,"Osaka, Japan",fr,2023-02-18,48132.0,0,0,0,7.0,5486.0,6795.0,4523.0,783.7142857142857,3.0,3334.9571428571426
user_ouh6yqhh,"Melbourne, Australia",de,2023-07-20,10787.0,0,0,0,7.0,13635.0,8485.0,4336.0,1947.857142857143,3.0,4386.628571428571
user_a3lly7yh,"Sydney, Australia",ar,2023-09-11,41868.0,0,0,0,7.0,17665.0,8381.0,2572.0,2523.5714285714284,4.0,4290.485714285714
user_0j9a7ict,"Beijing, China",de,2023-12-01,23031.0,0,0,0,6.0,8876.0,7897.0,2775.0,1479.3333333333333,3.0,3663.7666666666664
user_xzpx4dgt,"Madrid, Spain",ar,2023-12-30,11850.0,0,0,0,7.0,18968.0,6054.0,3116.0,2709.714285714286,2.0,3794.2571428571428
user_hk65gky5,"Lagos, Nigeria",pt,2023-05-17,23277.0,0,0,0,11.0,27006.0,11953.0,4725.0,2455.090909090909,5.0,5758.445454545455
user_56ztj4ej,Singapore,zh,2023-01-20,33410.0,0,0,0,9.0,18771.0,10254.0,3076.0,2085.6666666666665,4.0,4734.233333333333
user_t69el5p0,"Dubai, UAE",ru,2023-09-30,47601.0,0,0,0,10.0,21754.0,10948.0,4306.0,2175.4,5.0,5233.3
user_qiay963n,"Vancouver, Canada",en,2023-09-22,11551.0,0,0,0,7.0,16459.0,6143.0,4191.0,2351.285714285714,2.0,3856.7428571428572
user_8u9g9kjp,"Los Angeles, USA",pt,2023-06-23,37049.0,0,0,0,7.0,15510.0,9321.0,3475.0,2215.714285714286,3.0,4599.157142857142
user_adh72fga,"Beijing, China",ru,2023-06-19,11085.0,0,0,0,8.0,18940.0,6499.0,4534.0,2367.5,4.0,4040.25
user_axfqrey3,"Rome, Italy",pt,2023-11-20,43157.0,0,0,0,7.0,15135.0,6274.0,4360.0,2162.1428571428573,2.0,3835.2714285714283
user_rmzhp5so,Singapore,ru,2023-12-06,22119.0,0,0,0,8.0,19338.0,3925.0,4584.0,2417.25,4.0,3302.925
user_q3u3lr0c,"Osaka, Japan",de,2023-11-02,14862.0,0,0,0,7.0,10189.0,8022.0,4107.0,1455.5714285714287,3.0,3955.785714285714
user_permtl48,"Cairo, Egypt",hi,2023-03-17,23881.0,0,0,0,9.0,16805.0,10571.0,4767.0,1867.2222222222222,4.0,5058.31111111111
user_4vtz5fph,"Berlin, Germany",de,2023-05-22,4310.0,0,0,0,7.0,14400.0,6259.0,3767.0,2057.1428571428573,4.0,3659.6714285714284
user_9b00jr3x,"Johannesburg, South Africa",es,2023-03-16,31847.0,0,0,0,6.0,16263.0,4077.0,2880.0,2710.5,3.0,3154.35
user_ph0q514v,"Paris, France",pt,2023-01-16,31556.0,0,0,0,6.0,13254.0,7907.0,1836.0,2209.0,4.0,3843.8
user_74ri5vbc,"New York, USA",hi,2023-09-23,24934.0,0,0,0,15.0,28280.0,13904.0,7792.0,1885.3333333333333,4.0,6672.266666666666
user_vy7kbd6u,"Cairo, Egypt",hi,2023-06-14,26320.0,0,0,0,7.0,18744.0,8125.0,4446.0,2677.714285714286,5.0,4665.557142857143
user_tmp5lmrb,"São Paulo, Brazil",fr,2023-03-12,20446.0,0,0,0,10.0,16304.0,10532.0,6887.0,1630.4,4.0,5352.200000000001
user_a3njsw7g,"Los Angeles, USA",zh,2023-12-03,4222.0,0,0,0,11.0,21317.0,12466.0,4167.0,1937.909090909091,4.0,5542.154545454545
user_a7y7wdlm,"Delhi, India",ar,2023-01-28,38573.0,0,0,0,8.0,16475.0,8183.0,3911.0,2059.375,5.0,4266.7875
user_qpmg4srk,"Rio de Janeiro, Brazil",zh,2023-03-02,33780.0,0,0,0,9.0,26802.0,10056.0,4045.0,2978.0,5.0,5314.799999999999
user_zfu8q0ih,Singapore,en,2023-09-30,27732.0,0,0,0,3.0,8125.0,3236.0,1728.0,2708.3333333333335,2.0,2670.5666666666666
user_dcrkgrb5,Singapore,ja,2023-03-10,27599.0,0,0,0,8.0,17860.0,9750.0,4965.0,2232.5,4.0,5034.25
user_hen7rrkk,"Munich, Germany",hi,2023-04-17,1688.0,0,0,0,4.0,2958.0,5167.0,771.0,739.5,2.0,2074.0499999999997
user_i8ncp2ai,"Delhi, India",fr,2023-02-12,49722.0,0,0,0,6.0,13642.0,4176.0,2832.0,2273.6666666666665,3.0,2956.0333333333333
user_bkblavjw,"London, UK",es,2023-09-23,32729.0,0,0,0,8.0,16751.0,8622.0,4319.0,2093.875,4.0,4497.3375
user_t8lwlzoc,"Lyon, France",es,2023-08-03,21891.0,0,0,0,10.0,15958.0,12570.0,4620.0,1595.8,5.0,5492.9
user_qfevrky0,"Munich, Germany",zh,2023-02-08,6197.0,0,0,0,12.0,22518.0,13128.0,6098.0,1876.5,5.0,6096.25
user_wy6vq77l,"Tokyo, Japan",pt,2023-02-12,39627.0,0,0,0,7.0,16095.0,5286.0,3247.0,2299.285714285714,4.0,3384.842857142857
user_y4xv4is3,"Shanghai, China",en,2023-09-15,41063.0,0,0,0,8.0,27528.0,5995.0,4219.0,3441.0,4.0,4362.8
user_a0oggtxs,"New York, USA",ar,2023-02-21,27627.0,0,0,0,8.0,23058.0,8293.0,3736.0,2882.25,4.0,4676.225
user_aoke8xi4,"Chicago, USA",de,2023-09-09,34362.0,0,0,0,6.0,16898.0,6033.0,2306.0,2816.3333333333335,3.0,3679.2666666666664
user_3uo85im0,"New York, USA",hi,2023-04-12,36466.0,0,0,0,8.0,19072.0,7965.0,3393.0,2384.0,4.0,4260.1
user_mcchsnr8,"Munich, Germany",ar,2023-02-17,2602.0,0,0,0,7.0,17684.0,11229.0,2476.0,2526.285714285714,4.0,5127.0428571428565
user_81otnxj4,"Johannesburg, South Africa",de,2023-06-08,35715.0,0,0,0,10.0,22659.0,9427.0,4916.0,2265.9,5.0,4944.25
user_bqp8mrav,"Shanghai, China",ar,2023-09-26,17025.0,0,0,0,12.0,29822.0,9235.0,6062.0,2485.1666666666665,5.0,5225.483333333334
user_5oe5t3js,"London, UK",ja,2023-02-08,3151.0,0,0,0,13.0,36012.0,11906.0,7239.0,2770.153846153846,4.0,6404.676923076923
user_yhe9m0z0,"Beijing, China",ar,2023-06-30,1655.0,0,0,0,7.0,21202.0,11110.0,4584.0,3028.8571428571427,5.0,5764.228571428572
user_2rs485d7,"Sydney, Australia",hi,2023-07-15,37090.0,0,0,0,9.0,27267.0,7496.0,5883.0,3029.6666666666665,4.0,4940.233333333334
user_01hav2yk,"Barcelona, Spain",es,2023-11-20,14971.0,0,0,0,8.0,16301.0,8845.0,2766.0,2037.625,5.0,4225.5125
user_sp9dve47,"Chicago, USA",es,2023-08-06,5574.0,0,0,0,8.0,21514.0,8870.0,3917.0,2689.25,4.0,4789.025
user_e3cwapff,"Los Angeles, USA",zh,2023-07-10,14722.0,0,0,0,9.0,18003.0,9789.0,3389.0,2000.3333333333333,5.0,4614.666666666666
user_yq0h1va1,"Rome, Italy",pt,2023-09-07,2141.0,0,0,0,3.0,6557.0,3172.0,1476.0,2185.6666666666665,1.0,2339.633333333333
user_eh4ki1e0,"Paris, France",hi,2023-04-07,35006.0,0,0,0,9.0,20931.0,7281.0,5509.0,2325.6666666666665,4.0,4448.933333333333
user_lq24e3b9,"Toronto, Canada",ja,2023-02-26,28620.0,0,0,0,2.0,6263.0,2324.0,1865.0,3131.5,1.0,2635.95
user_x6318ftx,"New York, USA",ja,2023-05-10,721.0,0,0,0,7.0,19492.0,8885.0,3691.0,2784.5714285714284,5.0,4795.9857142857145
user_d71eor1s,"Milan, Italy",de,2023-05-10,21073.0,0,0,0,12.0,23729.0,12102.0,5901.0,1977.4166666666667,4.0,5799.508333333333
user_44de7ixg,"New York, USA",hi,2023-03-13,41901.0,0,0,0,9.0,10679.0,8762.0,2889.0,1186.5555555555557,4.0,3799.677777777778
user_sf86dv0x,"Lyon, France",zh,2023-08-24,42384.0,0,0,0,9.0,19917.0,7502.0,5089.0,2213.0,4.0,4374.9
user_52uwmqq1,"New York, USA",es,2023-12-11,19204.0,0,0,0,5.0,13382.0,4399.0,3243.0,2676.4,3.0,3306.5
user_ufyrd68a,"Munich, Germany",zh,2023-02-06,24756.0,0,0,0,8.0,9148.0,5147.0,4148.0,1143.5,3.0,2945.45
user_5cycq2el,"Berlin, Germany",hi,2023-07-26,37223.0,0,0,0,3.0,7804.0,2609.0,1487.0,2601.3333333333335,2.0,2380.766666666667
user_b92nfvv0,"Dubai, UAE",zh,2023-01-06,21546.0,0,0,0,7.0,18885.0,7191.0,4101.0,2697.8571428571427,4.0,4326.428571428571
user_nuzypbfw,"Rome, Italy",es,2023-01-04,20169.0,0,0,0,7.0,12931.0,6952.0,4013.0,1847.2857142857142,3.0,3811.842857142857
user_zwe31kzt,"Rio de Janeiro, Brazil",en,2023-03-27,31220.0,0,0,0,12.0,26959.0,12627.0,6374.0,2246.5833333333335,4.0,6186.191666666667
user_mtuzxdlb,"Melbourne, Australia",fr,2023-04-06,49341.0,0,0,0,14.0,36364.0,15611.0,6545.0,2597.4285714285716,5.0,7291.0142857142855
user_790dw1c4,"Vancouver, Canada",ru,2023-07-23,31515.0,0,0,0,11.0,25159.0,7499.0,6048.0,2287.181818181818,4.0,4602.890909090909
user_94mzsiik,"Cairo, Egypt",en,2023-10-29,43471.0,0,0,0,6.0,20853.0,7084.0,2419.0,3475.5,4.0,4346.75
user_maie4mnu,"Delhi, India",ru,2023-07-20,27256.0,0,0,0,8.0,28330.0,8643.0,4218.0,3541.25,3.0,5207.125
user_8v39sv2i,"London, UK",pt,2023-06-26,36198.0,0,0,0,13.0,31434.0,9857.0,4758.0,2418.0,4.0,5117.700000000001
user_cl1v5t2j,"Dubai, UAE",en,2023-01-23,11334.0,0,0,0,10.0,24597.0,10510.0,5988.0,2459.7,4.0,5580.450000000001
user_r9mokwet,"Barcelona, Spain",ja,2023-02-26,22734.0,0,0,0,5.0,16439.0,5513.0,2737.0,3287.8,3.0,3845.2000000000003
user_hjd27rwd,"Barcelona, Spain",pt,2023-09-27,46289.0,0,0,0,13.0,28533.0,12681.0,6914.0,2194.846153846154,5.0,6284.523076923077
user_s87enj6b,"Mexico City, Mexico",ar,2023-03-11,43476.0,0,0,0,14.0,41168.0,16974.0,6891.0,2940.5714285714284,5.0,7940.685714285714
user_86o3waw2,"Paris, France",zh,2023-07-16,23964.0,0,0,0,7.0,20725.0,6678.0,3350.0,2960.714285714286,4.0,4153.757142857143
user_vws4jlpy,"Delhi, India",ar,2023-07-16,28204.0,0,0,0,8.0,14652.0,6589.0,2530.0,1831.5,4.0,3398.45
user_v8gtqwd5,"São Paulo, Brazil",ru,2023-07-16,11255.0,0,0,0,9.0,23926.0,10250.0,4484.0,2658.4444444444443,5.0,5301.022222222223
user_3jedn9am,"Beijing, China",pt,2023-01-21,29196.0,0,0,0,12.0,33349.0,12423.0,5212.0,2779.0833333333335,4.0,6158.841666666667
user_siav2csw,"Tokyo, Japan",zh,2023-06-16,36855.0,0,0,0,6.0,14881.0,7922.0,2865.0,2480.1666666666665,5.0,4189.683333333333
user_5idgm0pl,"London, UK",fr,2023-04-21,19110.0,0,0,0,10.0,10858.0,9214.0,3431.0,1085.8,5.0,3993.3
user_iie5vu9r,"Los Angeles, USA",fr,2023-12-19,46501.0,0,0,0,3.0,9993.0,2710.0,1849.0,3331.0,1.0,2848.3
user_w1ocsyld,"Johannesburg, South Africa",fr,2023-02-01,39536.0,0,0,0,5.0,6447.0,4772.0,2083.0,1289.4,3.0,2492.9
user_si0cvlcp,"Los Angeles, USA",ar,2023-07-17,8005.0,0,0,0,8.0,12173.0,8797.0,3143.0,1521.625,4.0,4028.5125
user_drbocr22,"Rio de Janeiro, Brazil",pt,2023-08-11,33828.0,0,0,0,4.0,9390.0,4402.0,1869.0,2347.5,2.0,2868.15
user_atwknpoi,"Lyon, France",ar,2023-07-10,41077.0,0,0,0,4.0,11305.0,3171.0,1902.0,2826.25,3.0,2744.8250000000003
user_cpgiv9pb,"Berlin, Germany",pt,2023-12-17,22450.0,0,0,0,5.0,13481.0,6740.0,3191.0,2696.2,2.0,4008.3
user_wshujk0v,"New York, USA",zh,2023-12-23,33066.0,0,0,0,9.0,15060.0,6702.0,4504.0,1673.3333333333333,5.0,3748.0666666666666
user_b7x51z27,"Manchester, UK",hi,2023-03-07,16267.0,0,0,0,4.0,7455.0,3003.0,1880.0,1863.75,2.0,2208.775
user_fq6l7e80,"Dubai, UAE",ja,2023-08-08,39668.0,0,0,0,6.0,15825.0,5723.0,2824.0,2637.5,5.0,3600.45
user_m80j4x3i,"Toronto, Canada",pt,2023-12-18,17803.0,0,0,0,8.0,15880.0,7339.0,3269.0,1985.0,3.0,3848.0
user_f45gw6pp,"Mexico City, Mexico",ar,2023-10-09,40345.0,0,0,0,10.0,23628.0,10798.0,4221.0,2362.8,4.0,5265.0
user_pi32ijrq,"Barcelona, Spain",ru,2023-12-25,15386.0,0,0,0,11.0,23853.0,8461.0,6484.0,2168.4545454545455,5.0,4919.327272727272
user_y5k6wncp,"Osaka, Japan",ar,2023-04-08,5760.0,0,0,0,7.0,4767.0,9113.0,2660.0,681.0,3.0,3606.4
user_vuu7r75n,"Milan, Italy",ja,2023-06-15,19196.0,0,0,0,6.0,14864.0,7445.0,3806.0,2477.3333333333335,3.0,4233.366666666667
user_h229sw58,"Delhi, India",es,2023-08-09,34951.0,0,0,0,3.0,5448.0,3386.0,2792.0,1816.0,2.0,2482.2
user_hdl625jh,"Vancouver, Canada",pt,2023-03-10,33417.0,0,0,0,7.0,12219.0,6310.0,5306.0,1745.5714285714287,4.0,3826.9857142857145
user_nyopcp6t,"Milan, Italy",ru,2023-05-29,15140.0,0,0,0,11.0,15687.0,12470.0,5727.0,1426.090909090909,5.0,5599.445454545454
user_11phoejb,"Seoul, South Korea",es,2023-06-02,37944.0,0,0,0,9.0,28146.0,6620.0,5159.0,3127.3333333333335,3.0,4581.466666666667
user_bnf5t5ap,"Houston, USA",hi,2023-12-05,32253.0,0,0,0,7.0,21038.0,6636.0,3858.0,3005.4285714285716,3.0,4265.114285714286
user_lv0eohsw,Singapore,de,2023-04-07,25133.0,0,0,0,6.0,15188.0,6540.0,2119.0,2531.3333333333335,3.0,3651.466666666667
user_jxfroxq0,"Paris, France",ru,2023-11-24,36948.0,0,0,0,6.0,16728.0,7379.0,2520.0,2788.0,4.0,4111.7
user_uod57rwt,"Barcelona, Spain",en,2023-04-16,46440.0,0,0,0,7.0,9414.0,7579.0,2551.0,1344.857142857143,3.0,3456.328571428571
user_7nf5hu9v,"Shanghai, China",ar,2023-07-11,45013.0,0,0,0,8.0,21354.0,9148.0,3189.0,2669.25,4.0,4716.825
user_9rojnpuf,"Milan, Italy",en,2023-05-12,46823.0,0,0,0,8.0,22589.0,8432.0,3940.0,2823.625,4.0,4729.4125
user_jf5qblgx,"Munich, Germany",ja,2023-07-25,18368.0,0,0,0,6.0,13797.0,4186.0,4061.0,2299.5,2.0,3217.75
user_tejbqww7,"Johannesburg, South Africa",en,2023-03-20,2818.0,0,0,0,3.0,9106.0,3356.0,977.0,3035.3333333333335,2.0,2719.866666666667
user_7apw5kiv,"Melbourne, Australia",ru,2023-01-16,17878.0,0,0,0,9.0,14519.0,8296.0,4699.0,1613.2222222222222,4.0,4235.211111111111
user_1tx7gaza,"Vancouver, Canada",ru,2023-01-02,41034.0,0,0,0,5.0,9091.0,4393.0,1569.0,1818.2,3.0,2540.8
user_7qyvw1tf,"New York, USA",fr,2023-10-13,17660.0,0,0,0,9.0,21821.0,8618.0,5721.0,2424.5555555555557,3.0,4941.877777777778
user_7ydlrbx2,"Johannesburg, South Africa",ar,2023-06-20,10358.0,0,0,0,5.0,14446.0,5623.0,3489.0,2889.2,3.0,3829.3
user_9uy1b9et,"Johannesburg, South Africa",hi,2023-09-28,31376.0,0,0,0,3.0,7174.0,3721.0,2364.0,2391.3333333333335,2.0,2784.766666666667
user_ecizeoah,"Munich, Germany",de,2023-09-30,39544.0,0,0,0,8.0,22469.0,6616.0,3873.0,2808.625,3.0,4163.712500000001
user_mjgvhs2g,"Los Angeles, USA",pt,2023-06-10,42942.0,0,0,0,7.0,9173.0,7065.0,3600.0,1310.4285714285713,4.0,3494.714285714286
user_26vqb3hm,"Berlin, Germany",en,2023-11-10,8736.0,0,0,0,5.0,12117.0,4629.0,2057.0,2423.4,3.0,3011.8
user_mivsrvu3,"New York, USA",ja,2023-02-28,27855.0,0,0,0,2.0,2657.0,965.0,577.0,1328.5,1.0,1069.15
user_261d32en,"Seoul, South Korea",es,2023-01-15,12160.0,0,0,0,8.0,23812.0,8179.0,4608.0,2976.5,4.0,4863.55
user_pz96evl4,Singapore,hi,2023-05-10,30021.0,0,0,0,3.0,8889.0,2114.0,1130.0,2963.0,3.0,2341.7
user_1ufvqzqz,"Manchester, UK",ru,2023-06-12,40348.0,0,0,0,7.0,16926.0,6685.0,4288.0,2418.0,4.0,4072.1
user_mmusq9kc,"Osaka, Japan",zh,2023-08-14,29655.0,0,0,0,10.0,21516.0,9642.0,4895.0,2151.6,4.0,4947.4
user_m39invb2,"Rome, Italy",en,2023-11-23,47668.0,0,0,0,4.0,10776.0,5752.0,2619.0,2694.0,2.0,3596.4
user_xiajv4r3,"São Paulo, Brazil",ja,2023-09-30,40908.0,0,0,0,10.0,22346.0,4638.0,5101.0,2234.6,4.0,3528.8999999999996
user_9q2g628y,"Paris, France",de,2023-03-31,23755.0,0,0,0,11.0,20512.0,6385.0,4674.0,1864.7272727272727,5.0,3782.6636363636367
user_bijy5emr,"Barcelona, Spain",zh,2023-08-08,3165.0,0,0,0,5.0,12293.0,4145.0,2702.0,2458.6,4.0,3013.2000000000003
user_1d3vq03j,"Osaka, Japan",hi,2023-06-19,5068.0,0,0,0,9.0,22780.0,11104.0,5799.0,2531.1111111111113,3.0,5756.555555555556
user_j5okaapb,"Beijing, China",ar,2023-01-04,22563.0,0,0,0,7.0,18405.0,9122.0,3029.0,2629.285714285714,3.0,4657.042857142857
user_y2h9q3ov,"Houston, USA",en,2023-04-05,18336.0,0,0,0,10.0,16728.0,10017.0,6110.0,1672.8,5.0,5063.5
user_2u0k09bc,"Cairo, Egypt",zh,2023-05-25,11290.0,0,0,0,7.0,17847.0,7999.0,3715.0,2549.5714285714284,4.0,4417.4857142857145
user_2kmgah02,"Houston, USA",en,2023-04-15,49291.0,0,0,0,10.0,18758.0,7212.0,4708.0,1875.8,4.0,4043.1
user_4wra4ou1,"Cairo, Egypt",es,2023-10-29,6822.0,0,0,0,10.0,16747.0,9872.0,3388.0,1674.7,4.0,4476.55
user_63zia51r,"Shanghai, China",hi,2023-07-02,15126.0,0,0,0,4.0,7728.0,3099.0,2840.0,1932.0,4.0,2463.7
user_py6fq7ii,"Delhi, India",de,2023-04-19,18940.0,0,0,0,6.0,13492.0,7458.0,4593.0,2248.6666666666665,3.0,4280.333333333334
user_nqnv2wim,"Melbourne, Australia",ar,2023-02-10,1873.0,0,0,0,4.0,15144.0,5509.0,874.0,3786.0,3.0,3720.5
user_mvou9k6j,"Johannesburg, South Africa",pt,2023-01-14,19293.0,0,0,0,10.0,15361.0,11829.0,5161.0,1536.1,4.0,5348.95
user_wtde66xv,"Madrid, Spain",fr,2023-01-28,35473.0,0,0,0,3.0,6110.0,3161.0,1365.0,2036.6666666666667,2.0,2239.633333333333
user_pgj3c632,"Milan, Italy",de,2023-02-10,18655.0,0,0,0,2.0,6728.0,2121.0,203.0,3364.0,2.0,2358.9
user_sktr0cyy,"Delhi, India",ja,2023-04-06,42180.0,0,0,0,13.0,30844.0,13694.0,6531.0,2372.6153846153848,4.0,6600.707692307692
user_qvtjkfak,"Cairo, Egypt",pt,2023-10-04,25714.0,0,0,0,9.0,19986.0,9704.0,5142.0,2220.6666666666665,4.0,5049.9333333333325
user_732cckxx,"Tokyo, Japan",ja,2023-07-30,44573.0,0,0,0,9.0,28054.0,8796.0,4529.0,3117.1111111111113,5.0,5103.155555555556
user_ta69gmj0,"Lyon, France",hi,2023-01-21,21267.0,0,0,0,12.0,23760.0,8055.0,6530.0,1980.0,4.0,4712.5
user_q562no7n,"New York, USA",en,2023-04-27,18511.0,0,0,0,6.0,13572.0,6666.0,2732.0,2262.0,2.0,3677.2000000000003
user_bdhs7x3v,"Melbourne, Australia",ru,2023-10-12,15799.0,0,0,0,8.0,13160.0,8575.0,5369.0,1645.0,5.0,4468.8
user_fti0may3,Singapore,pt,2023-11-09,10669.0,0,0,0,7.0,21956.0,3724.0,3844.0,3136.5714285714284,4.0,3454.2857142857147
user_o8hhe4wa,"Johannesburg, South Africa",en,2023-03-23,6637.0,0,0,0,9.0,17181.0,9082.0,3589.0,1909.0,4.0,4396.9
user_pgqntl35,"Chicago, USA",ru,2023-07-15,47634.0,0,0,0,7.0,16080.0,6341.0,4347.0,2297.1428571428573,4.0,3920.2714285714287
user_wd54p4v2,"Paris, France",ar,2023-08-18,26645.0,0,0,0,5.0,8164.0,3677.0,3250.0,1632.8,4.0,2569.5
user_orpq5vct,"Chicago, USA",pt,2023-03-14,27107.0,0,0,0,4.0,13659.0,3062.0,1684.0,3414.75,3.0,2962.775
user_ieac3mj5,"Chicago, USA",de,2023-01-04,28812.0,0,0,0,11.0,25287.0,10466.0,6506.0,2298.818181818182,4.0,5590.409090909091
user_oeg9yiqz,"São Paulo, Brazil",pt,2023-12-23,7528.0,0,0,0,5.0,13848.0,7149.0,2171.0,2769.6,3.0,3963.7
user_2bd09win,"Rome, Italy",en,2023-08-10,11965.0,0,0,0,12.0,24869.0,11192.0,6714.0,2072.4166666666665,5.0,5736.608333333334
user_nq5irbxf,"Houston, USA",zh,2023-04-20,17046.0,0,0,0,10.0,4844.0,8797.0,5278.0,484.4,3.0,3936.8999999999996
user_w9qotuff,"Shanghai, China",ja,2023-05-18,11203.0,0,0,0,11.0,27709.0,6885.0,3440.0,2519.0,3.0,4013.0
user_3dxz5ulg,"Munich, Germany",pt,2023-10-07,24698.0,0,0,0,11.0,24202.0,9329.0,7657.0,2200.181818181818,5.0,5430.1909090909085
user_z0feut2e,"Milan, Italy",hi,2023-06-04,30461.0,0,0,0,9.0,27962.0,8107.0,4720.0,3106.8888888888887,4.0,4929.544444444444
user_t1ebprsv,"Shanghai, China",zh,2023-10-12,17682.0,0,0,0,8.0,23251.0,7730.0,5287.0,2906.375,4.0,4829.5875
user_vzrxsn7d,"Mexico City, Mexico",pt,2023-12-17,46857.0,0,0,0,14.0,27744.0,17298.0,8031.0,1981.7142857142858,5.0,7786.457142857143
user_46nz84dw,"Madrid, Spain",ja,2023-09-28,15483.0,0,0,0,10.0,29271.0,8120.0,4638.0,2927.1,4.0,4827.150000000001
user_vfxs1pry,"Melbourne, Australia",fr,2023-10-31,19932.0,0,0,0,13.0,35690.0,12910.0,5597.0,2745.3846153846152,5.0,6365.092307692308
user_o94skjzg,"Sydney, Australia",es,2023-07-15,37281.0,0,0,0,9.0,18353.0,11059.0,4027.0,2039.2222222222222,4.0,5142.711111111112
user_owfyy4u0,"Mexico City, Mexico",ru,2023-05-06,31183.0,0,0,0,11.0,20345.0,11681.0,5415.0,1849.5454545454545,4.0,5512.072727272727
user_x4incpcb,Singapore,en,2023-05-10,3061.0,0,0,0,7.0,15801.0,8252.0,5377.0,2257.285714285714,3.0,4679.642857142857
user_x9480750,"Cairo, Egypt",ru,2023-11-26,27437.0,0,0,0,8.0,21714.0,7727.0,4724.0,2714.25,3.0,4620.025
user_fdavvfs9,"Shanghai, China",hi,2023-10-14,28740.0,0,0,0,6.0,10988.0,4999.0,2737.0,1831.3333333333333,4.0,2962.766666666667
user_u51hbic9,"Milan, Italy",zh,2023-08-08,3531.0,0,0,0,4.0,5750.0,1530.0,1120.0,1437.5,4.0,1401.75
user_qq52pl85,"Shanghai, China",pt,2023-05-10,23934.0,0,0,0,12.0,32264.0,13582.0,6092.0,2688.6666666666665,5.0,6637.333333333334
user_7t2gp59a,"Berlin, Germany",zh,2023-11-05,37446.0,0,0,0,2.0,5498.0,3006.0,1134.0,2749.0,2.0,2503.1000000000004
user_2te8mebn,"Lyon, France",fr,2023-09-07,8398.0,0,0,0,7.0,14328.0,6917.0,4202.0,2046.857142857143,4.0,3938.9285714285716
user_0tn4l0qh,"Dubai, UAE",de,2023-08-22,26141.0,0,0,0,10.0,20911.0,10042.0,5014.0,2091.1,4.0,5060.95
user_azysdwyx,"Milan, Italy",es,2023-06-30,28547.0,0,0,0,11.0,22226.0,11107.0,5013.0,2020.5454545454545,4.0,5344.972727272728
user_rtd4u49d,"Toronto, Canada",pt,2023-11-05,10756.0,0,0,0,7.0,11670.0,5092.0,3005.0,1667.142857142857,4.0,2962.1714285714284
user_io0r2qdo,"Munich, Germany",zh,2023-03-26,13641.0,0,0,0,10.0,25112.0,11313.0,5513.0,2511.2,5.0,5752.1
user_q6c1cez7,"Madrid, Spain",pt,2023-12-03,28222.0,0,0,0,8.0,12425.0,8213.0,4757.0,1553.125,4.0,4191.8625
user_y1n8mr0y,"Tokyo, Japan",pt,2023-11-22,35073.0,0,0,0,10.0,19002.0,10393.0,7439.0,1900.2,2.0,5555.8
user_l1eyb03l,"Seoul, South Korea",ja,2023-06-01,32738.0,0,0,0,6.0,16046.0,8882.0,3248.0,2674.3333333333335,4.0,4651.366666666667
user_otg53r69,"Lagos, Nigeria",ar,2023-10-04,31825.0,0,0,0,6.0,2662.0,7675.0,2165.0,443.6666666666667,3.0,2957.3333333333335
user_wv5x4t03,"Houston, USA",ja,2023-01-01,28162.0,0,0,0,10.0,15645.0,10087.0,5859.0,1564.5,4.0,4980.15
user_ooywbljj,"Dubai, UAE",ja,2023-01-16,45700.0,0,0,0,8.0,19548.0,7946.0,4732.0,2443.5,3.0,4551.95
user_j3u6uwnr,"Chicago, USA",hi,2023-12-01,28369.0,0,0,0,10.0,21393.0,10507.0,5351.0,2139.3,5.0,5291.95
user_r4gwis5e,"Shanghai, China",en,2023-03-03,33811.0,0,0,0,10.0,18995.0,5972.0,5525.0,1899.5,4.0,3846.35
user_slqlepta,"Lagos, Nigeria",es,2023-12-24,40296.0,0,0,0,13.0,36315.0,14637.0,7023.0,2793.4615384615386,5.0,7192.430769230769
user_xkd9tkjq,"Sydney, Australia",ru,2023-03-15,5902.0,0,0,0,7.0,10089.0,7202.0,2256.0,1441.2857142857142,4.0,3332.442857142857
user_5udnicb6,"Beijing, China",pt,2023-01-25,21862.0,0,0,0,6.0,13674.0,4796.0,2929.0,2279.0,4.0,3164.1000000000004
user_wr37s6cm,"Los Angeles, USA",ja,2023-05-02,40667.0,0,0,0,8.0,23122.0,5003.0,3932.0,2890.25,3.0,3732.4249999999997
user_qmta1cuk,"Manchester, UK",zh,2023-11-26,44187.0,0,0,0,12.0,32877.0,14337.0,6781.0,2739.75,5.0,7027.174999999999
user_6mon7624,"Dubai, UAE",ja,2023-06-13,26804.0,0,0,0,5.0,14067.0,2031.0,1299.0,2813.4,4.0,2275.8
user_3318o2cp,"Cairo, Egypt",zh,2023-07-01,2374.0,0,0,0,7.0,26191.0,9727.0,4075.0,3741.5714285714284,3.0,5603.885714285714
user_4osioctr,"Barcelona, Spain",ja,2023-05-27,4284.0,0,0,0,4.0,8500.0,3045.0,2361.0,2125.0,3.0,2448.2
user_cyip1pki,"Houston, USA",zh,2023-02-07,19792.0,0,0,0,7.0,12751.0,5893.0,2169.0,1821.5714285714287,4.0,3112.4857142857145
user_zz4hfjm7,"São Paulo, Brazil",ja,2023-09-14,18075.0,0,0,0,10.0,25452.0,8434.0,5025.0,2545.2,5.0,4807.799999999999
user_soj0hvzl,"Milan, Italy",de,2023-03-30,14453.0,0,0,0,4.0,4682.0,3904.0,2094.0,1170.5,2.0,2175.25
user_w9frojsj,"Mexico City, Mexico",de,2023-08-31,15881.0,0,0,0,6.0,8448.0,4235.0,3729.0,1408.0,3.0,2720.3
user_sgrcs7xk,"Madrid, Spain",ja,2023-12-24,9814.0,0,0,0,10.0,20399.0,7458.0,3691.0,2039.9,4.0,3995.55
user_mvu6hdsm,"London, UK",fr,2023-07-31,7432.0,0,0,0,5.0,9294.0,4309.0,2639.0,1858.8,2.0,2749.9
user_6jacneh7,"Beijing, China",ja,2023-05-29,32844.0,0,0,0,8.0,18945.0,9222.0,4718.0,2368.125,4.0,4894.2625
user_jnbq8wan,"Cairo, Egypt",ja,2023-03-08,26014.0,0,0,0,4.0,12950.0,2855.0,1771.0,3237.5,2.0,2829.45
user_59i5fn0m,"Delhi, India",en,2023-12-10,37251.0,0,0,0,9.0,26448.0,9910.0,4264.0,2938.6666666666665,3.0,5295.133333333333
user_nh1o0jf3,"Seoul, South Korea",es,2023-03-24,23258.0,0,0,0,8.0,17997.0,7267.0,2911.0,2249.625,5.0,3887.1125
user_tzqt5z2m,"New York, USA",es,2023-10-06,32131.0,0,0,0,6.0,13219.0,4869.0,1888.0,2203.1666666666665,3.0,2939.883333333333
user_a9ysjusm,"Barcelona, Spain",zh,2023-07-22,21394.0,0,0,0,11.0,32189.0,10248.0,4958.0,2926.2727272727275,4.0,5529.136363636364
user_l35h2ubs,"São Paulo, Brazil",ar,2023-10-24,30281.0,0,0,0,5.0,7828.0,4448.0,2681.0,1565.6,3.0,2653.3999999999996
user_71fmq8vv,"Paris, France",hi,2023-07-24,30746.0,0,0,0,4.0,10274.0,6921.0,2018.0,2568.5,4.0,3764.1499999999996
user_muh53in5,"Vancouver, Canada",es,2023-03-12,20639.0,0,0,0,12.0,29834.0,8700.0,6855.0,2486.1666666666665,4.0,5224.083333333333
user_lq2eprhn,"Johannesburg, South Africa",de,2023-04-21,2434.0,0,0,0,7.0,11829.0,5007.0,3254.0,1689.857142857143,5.0,2997.8285714285716
user_bq4d19qm,"Shanghai, China",hi,2023-03-04,10193.0,0,0,0,9.0,21760.0,8344.0,4899.0,2417.777777777778,5.0,4691.888888888889
user_p6njk6q4,"London, UK",fr,2023-08-03,27586.0,0,0,0,7.0,19734.0,6083.0,3593.0,2819.1428571428573,3.0,3953.0714285714284
user_cpxksz4r,"Toronto, Canada",de,2023-09-17,49247.0,0,0,0,13.0,30879.0,15513.0,7402.0,2375.3076923076924,4.0,7321.953846153845
user_t59clgrj,"Milan, Italy",ar,2023-10-06,43441.0,0,0,0,12.0,30579.0,14433.0,5103.0,2548.25,3.0,6624.625
user_z9ike75w,"Cairo, Egypt",ru,2023-02-13,29257.0,0,0,0,5.0,12814.0,4320.0,2565.0,2562.8,2.0,3090.4
user_hydwb1c4,"Vancouver, Canada",de,2023-08-18,2516.0,0,0,0,11.0,24172.0,10644.0,4477.0,2197.4545454545455,4.0,5187.327272727272
user_po12745v,"Osaka, Japan",pt,2023-02-13,40728.0,0,0,0,9.0,24339.0,9208.0,5481.0,2704.3333333333335,4.0,5210.766666666666
user_dl3xyfx7,"Rome, Italy",hi,2023-06-05,16218.0,0,0,0,9.0,15136.0,9615.0,2974.0,1681.7777777777778,5.0,4320.188888888889
user_kjdhjed1,"Paris, France",en,2023-03-20,15413.0,0,0,0,5.0,14496.0,6468.0,1760.0,2899.2,4.0,3742.0
user_n4b1bcqh,"Melbourne, Australia",de,2023-10-31,640.0,0,0,0,9.0,18085.0,10781.0,4417.0,2009.4444444444443,4.0,5122.4222222222215
user_gcqp6ulk,"Houston, USA",zh,2023-11-21,42234.0,0,0,0,6.0,9841.0,8194.0,2382.0,1640.1666666666667,3.0,3754.6833333333334
user_gre0h06x,"Beijing, China",es,2023-11-17,23303.0,0,0,0,11.0,29486.0,13028.0,5184.0,2680.5454545454545,5.0,6285.472727272727
user_teahnr7h,"New York, USA",ja,2023-02-18,30953.0,0,0,0,11.0,21511.0,11504.0,5461.0,1955.5454545454545,5.0,5521.172727272727
user_gg2lzb94,"Cairo, Egypt",hi,2023-01-09,21301.0,0,0,0,5.0,6995.0,3354.0,2339.0,1399.0,3.0,2173.5
user_x6t03gzx,"Rome, Italy",ar,2023-10-24,5868.0,0,0,0,7.0,17163.0,6939.0,3830.0,2451.8571428571427,4.0,4073.6285714285714
user_2ytzut7i,"Mumbai, India",fr,2023-12-03,17064.0,0,0,0,14.0,40525.0,16653.0,7951.0,2894.6428571428573,5.0,8033.421428571428
user_27gl0vx8,"Shanghai, China",zh,2023-12-19,39885.0,0,0,0,5.0,4658.0,6002.0,899.0,931.6,3.0,2446.2000000000003
user_y21tyr3n,Singapore,hi,2023-06-20,26602.0,0,0,0,9.0,11696.0,13109.0,4665.0,1299.5555555555557,4.0,5515.477777777778
user_i45x0tl1,"Cairo, Egypt",ja,2023-06-10,34720.0,0,0,0,7.0,17961.0,5481.0,2839.0,2565.8571428571427,4.0,3495.0285714285715
user_bgppnqks,"Tokyo, Japan",en,2023-12-07,15171.0,0,0,0,7.0,14673.0,8143.0,3840.0,2096.1428571428573,4.0,4258.971428571429
user_cyhf4eor,"Houston, USA",es,2023-06-03,14374.0,0,0,0,9.0,24840.0,9242.0,4206.0,2760.0,2.0,4993.8
user_k050ttnw,"Shanghai, China",ru,2023-05-10,48576.0,0,0,0,6.0,12900.0,4040.0,4163.0,2150.0,3.0,3119.6
user_eveg7bqi,"Manchester, UK",ja,2023-04-27,2633.0,0,0,0,5.0,4826.0,6770.0,2636.0,965.2,3.0,3040.8
user_sb57kdx4,"Manchester, UK",pt,2023-06-04,27173.0,0,0,0,9.0,24254.0,11748.0,4184.0,2694.8888888888887,5.0,5708.644444444445
user_frdud4v4,"Dubai, UAE",ru,2023-04-15,10884.0,0,0,0,5.0,12077.0,4208.0,2636.0,2415.4,3.0,2997.3
user_5jgxm2om,"Mexico City, Mexico",en,2023-12-27,37353.0,0,0,0,7.0,23243.0,5762.0,3714.0,3320.4285714285716,4.0,4131.614285714286
user_l0mgj0v7,"Barcelona, Spain",ja,2023-10-16,35851.0,0,0,0,11.0,25064.0,9093.0,6711.0,2278.5454545454545,4.0,5209.372727272727
user_uumiilnv,"Houston, USA",es,2023-09-01,1568.0,0,0,0,12.0,23688.0,9979.0,6362.0,1974.0,4.0,5253.1
user_68enpikx,"Houston, USA",en,2023-07-26,9364.0,0,0,0,15.0,39859.0,14063.0,8272.0,2657.266666666667,4.0,7201.9333333333325
user_yt2525cx,"Beijing, China",ja,2023-10-09,13894.0,0,0,0,5.0,15450.0,7323.0,1616.0,3090.0,3.0,4065.1000000000004
user_xn2a0g8z,"Shanghai, China",ru,2023-06-14,45029.0,0,0,0,13.0,36761.0,10509.0,7040.0,2827.769230769231,5.0,5974.584615384615
user_as209gf7,"Rio de Janeiro, Brazil",ja,2023-08-27,46583.0,0,0,0,13.0,28118.0,13081.0,7176.0,2162.923076923077,4.0,6440.961538461538
user_sc6w53me,"Mexico City, Mexico",de,2023-02-04,11958.0,0,0,0,8.0,20514.0,8012.0,5113.0,2564.25,4.0,4708.325
user_i4197bhy,"New York, USA",es,2023-06-20,37933.0,0,0,0,5.0,9802.0,4214.0,2660.0,1960.4,3.0,2776.4
user_6k3wfv03,"Mexico City, Mexico",es,2023-06-09,13185.0,0,0,0,5.0,17728.0,4047.0,2582.0,3545.6,1.0,3503.2999999999997
user_vgdizrp5,"Rio de Janeiro, Brazil",ja,2023-01-14,37196.0,0,0,0,9.0,20916.0,6617.0,5008.0,2324.0,4.0,4148.7
user_i5ujajet,"São Paulo, Brazil",zh,2023-04-15,26833.0,0,0,0,11.0,17929.0,10939.0,5240.0,1629.909090909091,4.0,5144.654545454545
user_q58jkdaj,"Munich, Germany",en,2023-12-03,29659.0,0,0,0,6.0,9455.0,5517.0,2105.0,1575.8333333333333,2.0,2864.0166666666664
user_mlvgkgpu,"Seoul, South Korea",pt,2023-07-06,36362.0,0,0,0,8.0,21081.0,9777.0,3947.0,2635.125,4.0,5040.0625
user_096zrz0x,"Beijing, China",ru,2023-09-30,44273.0,0,0,0,7.0,24505.0,5610.0,2937.0,3500.714285714286,4.0,4020.757142857143
user_n2ondgx6,"Los Angeles, USA",zh,2023-07-03,44576.0,0,0,0,7.0,20535.0,7420.0,3406.0,2933.5714285714284,4.0,4373.9857142857145
user_gsa59ewq,"Houston, USA",de,2023-12-20,2194.0,0,0,0,8.0,20828.0,8146.0,3139.0,2603.5,5.0,4373.349999999999
user_7zljw927,"Lagos, Nigeria",ar,2023-06-19,15964.0,0,0,0,8.0,18889.0,9386.0,3145.0,2361.125,3.0,4625.362499999999
user_n0ok02rt,"Dubai, UAE",ru,2023-02-13,2531.0,0,0,0,18.0,34663.0,14996.0,10030.0,1925.7222222222222,5.0,7467.6611111111115
user_e36lw9zl,"Lyon, France",zh,2023-10-14,41399.0,0,0,0,11.0,25036.0,11164.0,4931.0,2276.0,4.0,5473.4
user_1ywmiv7e,"Manchester, UK",de,2023-12-15,41615.0,0,0,0,10.0,28047.0,7804.0,4612.0,2804.7,5.0,4665.95
user_0xmoolhz,"New York, USA",zh,2023-05-05,34501.0,0,0,0,9.0,15069.0,7665.0,3692.0,1674.3333333333333,4.0,3875.0666666666666
user_x47ltmhc,"Sydney, Australia",es,2023-06-11,30785.0,0,0,0,5.0,9051.0,5446.0,2545.0,1810.2,2.0,3047.9
user_v0ylmnbx,"Johannesburg, South Africa",de,2023-06-17,48811.0,0,0,0,9.0,9869.0,9063.0,4386.0,1096.5555555555557,5.0,4144.377777777778
user_y68rd0ph,"Johannesburg, South Africa",es,2023-06-04,11155.0,0,0,0,9.0,24820.0,9544.0,5444.0,2757.777777777778,5.0,5330.888888888889
user_nog4qbe8,"Shanghai, China",fr,2023-04-01,18710.0,0,0,0,6.0,16279.0,7934.0,2745.0,2713.1666666666665,4.0,4285.783333333333
user_gphppr64,"Chicago, USA",ar,2023-08-17,6219.0,0,0,0,5.0,7613.0,6123.0,2823.0,1522.6,3.0,3162.7999999999997
user_p84zb3bc,"São Paulo, Brazil",fr,2023-08-21,1245.0,0,0,0,5.0,15728.0,6997.0,2253.0,3145.6,3.0,4122.5
user_ct4c5m5p,"Manchester, UK",ru,2023-12-29,13416.0,0,0,0,12.0,18011.0,11906.0,4546.0,1500.9166666666667,5.0,5231.458333333333
user_vknr0v08,"Rome, Italy",fr,2023-06-16,15568.0,0,0,0,13.0,38830.0,8581.0,6567.0,2986.923076923077,5.0,5381.161538461538
user_839fxdlb,"Mexico City, Mexico",ar,2023-05-05,15843.0,0,0,0,6.0,18919.0,8192.0,3233.0,3153.1666666666665,2.0,4680.783333333334
user_cju18iix,"Shanghai, China",ja,2023-02-08,20584.0,0,0,0,9.0,20416.0,8510.0,5909.0,2268.4444444444443,4.0,4869.022222222222
user_acjcz2y7,"Tokyo, Japan",en,2023-06-11,35112.0,0,0,0,6.0,9464.0,6049.0,3790.0,1577.3333333333333,4.0,3361.366666666667
user_nwe87ftw,"Chicago, USA",zh,2023-12-16,20021.0,0,0,0,6.0,15216.0,5383.0,2686.0,2536.0,3.0,3420.0999999999995
user_tduwgto2,"London, UK",ja,2023-10-14,27272.0,0,0,0,11.0,23267.0,13014.0,6766.0,2115.181818181818,4.0,6314.990909090909
user_93hbc8xe,"Mumbai, India",zh,2023-12-23,33087.0,0,0,0,9.0,23053.0,8490.0,3459.0,2561.4444444444443,3.0,4519.522222222222
user_hm5gz5e1,"Vancouver, Canada",fr,2023-10-15,33552.0,0,0,0,9.0,20143.0,8159.0,5978.0,2238.1111111111113,3.0,4762.355555555556
user_kacnf91b,"São Paulo, Brazil",hi,2023-06-13,38771.0,0,0,0,7.0,16555.0,4492.0,3667.0,2365.0,3.0,3263.5
user_7ai9sd8e,"Munich, Germany",fr,2023-05-20,8361.0,0,0,0,6.0,11941.0,3801.0,2774.0,1990.1666666666667,4.0,2690.1833333333334
user_my2pinn7,"Chicago, USA",de,2023-06-05,1038.0,0,0,0,7.0,11075.0,6827.0,2661.0,1582.142857142857,4.0,3371.3714285714286
user_bmay5rsp,"Cairo, Egypt",pt,2023-11-08,30587.0,0,0,0,7.0,16919.0,9308.0,2574.0,2417.0,3.0,4515.7
user_01mu2x1s,"Toronto, Canada",es,2023-11-02,25887.0,0,0,0,9.0,27233.0,14972.0,4731.0,3025.8888888888887,5.0,6950.744444444444
user_brtwxcm4,"Seoul, South Korea",ar,2023-12-12,1802.0,0,0,0,7.0,17356.0,8342.0,4800.0,2479.4285714285716,4.0,4702.314285714286
user_hs5g35ed,"Lagos, Nigeria",fr,2023-11-13,14960.0,0,0,0,10.0,14483.0,10491.0,5168.0,1448.3,4.0,4905.05
user_qv5ox0hb,"Rio de Janeiro, Brazil",en,2023-03-01,7724.0,0,0,0,9.0,11500.0,9651.0,4707.0,1277.7777777777778,4.0,4475.588888888889
user_5gi9jn4u,Singapore,en,2023-08-09,16464.0,0,0,0,9.0,28796.0,9330.0,4927.0,3199.5555555555557,4.0,5384.177777777777
user_j7xaj4fm,"Barcelona, Spain",ar,2023-10-06,35153.0,0,0,0,7.0,9483.0,4287.0,2833.0,1354.7142857142858,2.0,2530.057142857143
user_xgtlx302,"Lagos, Nigeria",ru,2023-07-20,42854.0,0,0,0,3.0,7009.0,3224.0,1613.0,2336.3333333333335,3.0,2457.9666666666667
user_cax2bqkt,"Milan, Italy",es,2023-02-18,2589.0,0,0,0,8.0,21840.0,8618.0,4317.0,2730.0,4.0,4813.8
user_0z594tjp,"Lyon, France",zh,2023-02-25,36674.0,0,0,0,6.0,17736.0,3414.0,3150.0,2956.0,2.0,3132.2
user_bb3ygvae,Singapore,ja,2023-09-13,3302.0,0,0,0,7.0,8201.0,5400.0,3240.0,1171.5714285714287,4.0,2853.785714285714
user_yr80oaxg,"Osaka, Japan",fr,2023-01-09,30039.0,0,0,0,12.0,31078.0,13833.0,5815.0,2589.8333333333335,4.0,6607.816666666667
user_smlx8234,"Mumbai, India",ru,2023-03-07,23563.0,0,0,0,6.0,16358.0,3930.0,2633.0,2726.3333333333335,5.0,3068.766666666667
user_rbvbyj5y,"London, UK",ru,2023-08-24,2857.0,0,0,0,6.0,9270.0,7419.0,4702.0,1545.0,4.0,3938.6
user_t0w6rkg0,"Melbourne, Australia",ja,2023-06-24,36025.0,0,0,0,8.0,18400.0,10122.0,3383.0,2300.0,4.0,4863.200000000001
user_k323dctm,"Barcelona, Spain",ar,2023-07-24,13404.0,0,0,0,4.0,9671.0,2821.0,1529.0,2417.75,3.0,2360.9750000000004
user_ldp69jyi,"Houston, USA",en,2023-08-20,10057.0,0,0,0,9.0,17946.0,12826.0,5106.0,1994.0,4.0,5865.999999999999
user_716l1rz5,"Mexico City, Mexico",zh,2023-09-06,41236.0,0,0,0,13.0,33317.0,16643.0,8151.0,2562.846153846154,5.0,7904.523076923077
user_c598rgin,"Johannesburg, South Africa",ar,2023-09-23,34632.0,0,0,0,9.0,26668.0,10947.0,6281.0,2963.1111111111113,4.0,6021.855555555555
user_z05ow6gf,"Melbourne, Australia",ja,2023-08-31,40052.0,0,0,0,4.0,11282.0,3543.0,3001.0,2820.5,2.0,3073.3499999999995
user_pa5oa4sx,"Lagos, Nigeria",ar,2023-08-05,42422.0,0,0,0,4.0,15757.0,1878.0,1289.0,3939.25,2.0,2790.8250000000003
user_nfgm6ygg,"London, UK",hi,2023-11-23,44364.0,0,0,0,7.0,9618.0,9539.0,2473.0,1374.0,4.0,4043.2999999999997
user_w3hcoi82,"São Paulo, Brazil",zh,2023-04-17,11287.0,0,0,0,13.0,31120.0,12263.0,7387.0,2393.846153846154,4.0,6353.223076923077
user_f3mpmelw,"Lagos, Nigeria",es,2023-01-15,42636.0,0,0,0,5.0,9327.0,4785.0,1819.0,1865.4,3.0,2732.0
user_e4woaioc,"Mexico City, Mexico",ja,2023-05-16,19459.0,0,0,0,9.0,18166.0,10820.0,4244.0,2018.4444444444443,4.0,5104.022222222223
user_gv4hxtvt,"Mexico City, Mexico",pt,2023-09-29,42219.0,0,0,0,6.0,11656.0,6970.0,2462.0,1942.6666666666667,2.0,3554.7333333333336
user_qpyuqb17,"Madrid, Spain",es,2023-02-15,3564.0,0,0,0,7.0,20268.0,8538.0,4049.0,2895.4285714285716,4.0,4818.914285714286
user_8gk2so0l,"Melbourne, Australia",hi,2023-11-03,44235.0,0,0,0,10.0,28917.0,9944.0,4200.0,2891.7,5.0,5269.049999999999
user_ncbd7ffc,"Toronto, Canada",ar,2023-09-03,6667.0,0,0,0,9.0,26005.0,5905.0,5190.0,2889.4444444444443,5.0,4254.222222222223
user_edi9lmxp,"Madrid, Spain",de,2023-10-04,22782.0,0,0,0,13.0,25639.0,14694.0,6490.0,1972.2307692307693,5.0,6692.315384615385
user_vhbx0pma,"Rio de Janeiro, Brazil",zh,2023-10-01,12556.0,0,0,0,10.0,30925.0,10626.0,4854.0,3092.5,5.0,5704.849999999999
user_35tibb0k,"Shanghai, China",hi,2023-05-28,24318.0,0,0,0,10.0,21498.0,10528.0,5031.0,2149.8,5.0,5239.5
user_tv6wlfth,"Manchester, UK",pt,2023-01-31,34803.0,0,0,0,5.0,13695.0,5579.0,1456.0,2739.0,3.0,3334.3999999999996
user_bz6biydx,"Barcelona, Spain",hi,2023-11-24,15283.0,0,0,0,9.0,21436.0,6540.0,4070.0,2381.777777777778,4.0,3966.8888888888887
user_extpr91a,"Chicago, USA",fr,2023-02-27,3802.0,0,0,0,4.0,12132.0,3901.0,2793.0,3033.0,2.0,3245.4
user_98oho4g9,"Berlin, Germany",es,2023-10-21,27521.0,0,0,0,6.0,18646.0,5406.0,3707.0,3107.6666666666665,3.0,3917.0333333333333
user_qdztdeac,"Melbourne, Australia",zh,2023-08-27,14266.0,0,0,0,14.0,38786.0,14181.0,8523.0,2770.4285714285716,5.0,7344.114285714286
user_lud7izx7,"Paris, France",ru,2023-01-13,31791.0,0,0,0,5.0,11559.0,4194.0,1417.0,2311.8,3.0,2697.5000000000005
user_jzxknj0a,"Tokyo, Japan",en,2023-07-21,23133.0,0,0,0,5.0,14251.0,4610.0,2136.0,2850.2,4.0,3235.3
user_krbg23md,"Barcelona, Spain",ja,2023-01-25,31996.0,0,0,0,9.0,20336.0,10018.0,3928.0,2259.5555555555557,5.0,4920.777777777778
user_0j0vawcx,"Houston, USA",ja,2023-08-20,16446.0,0,0,0,8.0,19202.0,6730.0,4153.0,2400.25,5.0,4049.725
user_ral75hq0,"Shanghai, China",ja,2023-06-01,15628.0,0,0,0,10.0,21530.0,10582.0,4661.0,2153.0,4.0,5183.3
user_yh4mti67,"Milan, Italy",de,2023-11-04,28053.0,0,0,0,7.0,13580.0,7943.0,5175.0,1940.0,3.0,4387.9
user_v3gdku2a,"Melbourne, Australia",zh,2023-04-14,39286.0,0,0,0,7.0,18395.0,7581.0,5093.0,2627.8571428571427,3.0,4606.828571428571
user_q3gj5tmv,"Beijing, China",ja,2023-04-17,33820.0,0,0,0,7.0,15296.0,6440.0,3431.0,2185.1428571428573,5.0,3710.7714285714283
user_jca45sot,"Mumbai, India",zh,2023-12-07,35921.0,0,0,0,5.0,3465.0,3268.0,1334.0,693.0,3.0,1593.7
user_sfnffvo4,"Vancouver, Canada",en,2023-12-15,42582.0,0,0,0,7.0,17859.0,8043.0,3096.0,2551.285714285714,3.0,4307.742857142857
user_yox4craa,"Melbourne, Australia",ja,2023-04-22,24319.0,0,0,0,8.0,24694.0,7524.0,3360.0,3086.75,4.0,4472.575
user_yjzkhyez,"Tokyo, Japan",ar,2023-08-20,5089.0,0,0,0,10.0,22532.0,12015.0,4631.0,2253.2,5.0,5657.3
user_15fd58cq,"Lyon, France",de,2023-08-14,16272.0,0,0,0,8.0,20472.0,9703.0,4575.0,2559.0,3.0,5105.4
user_kiebkz7i,"Sydney, Australia",hi,2023-06-28,34969.0,0,0,0,11.0,29227.0,10831.0,6045.0,2657.0,4.0,5786.799999999999
user_us4gqp8w,"Cairo, Egypt",es,2023-06-21,23708.0,0,0,0,8.0,22348.0,9433.0,5430.0,2793.5,5.0,5312.65
user_oxswrjmr,"Delhi, India",ja,2023-12-12,48467.0,0,0,0,4.0,12361.0,2341.0,2335.0,3090.25,2.0,2714.425
user_94hehp26,"London, UK",ar,2023-05-02,33258.0,0,0,0,13.0,32028.0,14741.0,4609.0,2463.6923076923076,4.0,6575.946153846154
user_xqqs2vme,"Sydney, Australia",de,2023-05-11,24857.0,0,0,0,7.0,16858.0,8953.0,2816.0,2408.285714285714,4.0,4453.242857142857
user_sdb7mjpm,"Dubai, UAE",pt,2023-01-27,14894.0,0,0,0,9.0,17016.0,11379.0,3856.0,1890.6666666666667,3.0,5130.233333333333
user_ep20r6t6,"Shanghai, China",de,2023-04-27,12761.0,0,0,0,8.0,19658.0,11060.0,4197.0,2457.25,5.0,5386.025
user_c66mua3o,"Rome, Italy",hi,2023-05-09,34339.0,0,0,0,8.0,17283.0,6828.0,4416.0,2160.375,5.0,4011.7875000000004
user_7ttenau3,"Milan, Italy",pt,2023-12-10,37288.0,0,0,0,3.0,2584.0,2665.0,1629.0,861.3333333333334,3.0,1555.9666666666667
user_2suxlz6r,"Toronto, Canada",de,2023-06-26,24550.0,0,0,0,8.0,22430.0,6107.0,4295.0,2803.75,3.0,4092.975
user_34p96r93,"Tokyo, Japan",ru,2023-03-22,40540.0,0,0,0,11.0,23171.0,11762.0,5422.0,2106.4545454545455,4.0,5666.227272727272
user_3l8kzask,"Seoul, South Korea",es,2023-09-10,11009.0,0,0,0,10.0,10744.0,10469.0,4674.0,1074.4,4.0,4612.7
user_lpjugo20,"Beijing, China",zh,2023-10-30,15848.0,0,0,0,6.0,17374.0,8543.0,3221.0,2895.6666666666665,3.0,4654.933333333333
user_fmv8168w,"Munich, Germany",fr,2023-08-18,32817.0,0,0,0,11.0,24327.0,10276.0,3288.0,2211.5454545454545,5.0,4846.172727272728
user_bf5c7eq4,"Lyon, France",hi,2023-06-04,10579.0,0,0,0,8.0,8679.0,7500.0,3855.0,1084.875,2.0,3563.4375
user_6foacnhi,"Beijing, China",es,2023-04-17,48467.0,0,0,0,8.0,19494.0,9635.0,3635.0,2436.75,3.0,4835.875
user_ysobum87,"Seoul, South Korea",ar,2023-08-08,34867.0,0,0,0,9.0,26293.0,10999.0,5972.0,2921.4444444444443,4.0,5954.822222222221
user_uha46wkt,"Tokyo, Japan",es,2023-01-12,36894.0,0,0,0,10.0,22011.0,12029.0,4856.0,2201.1,3.0,5680.45
user_5e327fyv,"Shanghai, China",en,2023-03-27,14216.0,0,0,0,9.0,20162.0,7414.0,4782.0,2240.222222222222,4.0,4300.711111111112
user_qaysndm3,"Sydney, Australia",ar,2023-01-31,39448.0,0,0,0,8.0,12825.0,9752.0,4526.0,1603.125,2.0,4632.3625
user_dixsdewf,"Beijing, China",es,2023-09-13,45746.0,0,0,0,6.0,12631.0,5786.0,3264.0,2105.1666666666665,5.0,3441.1833333333334
user_nsycb2gi,"New York, USA",ja,2023-12-15,49104.0,0,0,0,6.0,4204.0,5218.0,2314.0,700.6666666666666,5.0,2378.5333333333333
user_irfxbf0q,"Johannesburg, South Africa",fr,2023-09-17,3238.0,0,0,0,8.0,18474.0,9929.0,5080.0,2309.25,4.0,5149.325
user_8i81i0p7,"Los Angeles, USA",en,2023-01-02,49518.0,0,0,0,9.0,21053.0,8527.0,3289.0,2339.222222222222,5.0,4385.511111111111
user_rbtp63n2,"Munich, Germany",en,2023-12-17,49119.0,0,0,0,11.0,23221.0,9825.0,5945.0,2111.0,5.0,5192.0
user_4irinnz8,"Los Angeles, USA",ru,2023-06-02,38751.0,0,0,0,7.0,19994.0,7335.0,4585.0,2856.285714285714,2.0,4545.642857142857
user_ihrxnz9u,"Mexico City, Mexico",fr,2023-12-09,18006.0,0,0,0,4.0,10825.0,3120.0,3154.0,2706.25,3.0,2919.925
user_ouqw1ta1,"Tokyo, Japan",es,2023-11-21,38452.0,0,0,0,6.0,12065.0,4773.0,2531.0,2010.8333333333333,2.0,2943.5166666666664
user_rr1uzkql,"Milan, Italy",de,2023-10-31,1069.0,0,0,0,14.0,26382.0,13789.0,6196.0,1884.4285714285713,5.0,6318.114285714285
user_azj09nr4,"London, UK",es,2023-05-02,40700.0,0,0,0,8.0,9961.0,7861.0,4402.0,1245.125,3.0,3861.2625
user_xg8l4fvi,"Rio de Janeiro, Brazil",hi,2023-06-13,18949.0,0,0,0,12.0,28277.0,12323.0,6892.0,2356.4166666666665,3.0,6253.508333333333
user_5r58l1kr,"Osaka, Japan",zh,2023-09-13,23520.0,0,0,0,11.0,31328.0,15703.0,6481.0,2848.0,4.0,7431.099999999999
user_2413uvvt,Singapore,es,2023-05-25,18809.0,0,0,0,8.0,22848.0,5982.0,2722.0,2856.0,3.0,3767.0
user_8776jund,"Delhi, India",en,2023-03-07,21147.0,0,0,0,12.0,28941.0,15641.0,5747.0,2411.75,5.0,7047.575000000001
user_4wv36fuu,"Osaka, Japan",fr,2023-03-31,23582.0,0,0,0,9.0,23903.0,10844.0,3776.0,2655.8888888888887,4.0,5336.344444444444
user_084pfdpp,"Melbourne, Australia",ar,2023-02-11,33781.0,0,0,0,5.0,10699.0,5811.0,1597.0,2139.8,3.0,3132.6
user_7m4jcssq,"Rome, Italy",hi,2023-02-26,1114.0,0,0,0,7.0,11395.0,6550.0,3508.0,1627.857142857143,4.0,3480.5285714285715
user_5wc8pv88,Singapore,zh,2023-12-08,39341.0,0,0,0,6.0,10308.0,6931.0,3811.0,1718.0,4.0,3700.5
user_1fg1p9nd,"Mumbai, India",de,2023-11-30,28852.0,0,0,0,5.0,14100.0,5068.0,2597.0,2820.0,3.0,3449.7999999999997
user_51vr42t3,"Osaka, Japan",ja,2023-08-04,26761.0,0,0,0,12.0,22991.0,13092.0,6030.0,1915.9166666666667,5.0,6091.558333333333
user_3g7d4564,"Johannesburg, South Africa",pt,2023-12-27,36459.0,0,0,0,5.0,15358.0,4385.0,2491.0,3071.6,3.0,3349.5
user_ofpvkxmw,"Paris, France",ar,2023-10-14,42898.0,0,0,0,10.0,22054.0,11208.0,5347.0,2205.4,4.0,5534.5
user_42iz424k,"Rio de Janeiro, Brazil",hi,2023-08-30,15154.0,0,0,0,12.0,29019.0,11386.0,4360.0,2418.25,4.0,5496.924999999999
user_g634p4h2,"Cairo, Egypt",ru,2023-04-15,25978.0,0,0,0,12.0,30152.0,11158.0,7034.0,2512.6666666666665,5.0,6010.533333333334
user_7djuqed1,"Shanghai, China",zh,2023-03-11,26907.0,0,0,0,7.0,13354.0,5471.0,3502.0,1907.7142857142858,3.0,3295.557142857143
user_y6jql5am,"Mexico City, Mexico",en,2023-06-02,46697.0,0,0,0,3.0,1597.0,3596.0,1277.0,532.3333333333334,2.0,1600.3666666666668
user_j3tr99n2,"Osaka, Japan",de,2023-12-17,23154.0,0,0,0,9.0,21651.0,8465.0,4474.0,2405.6666666666665,4.0,4637.133333333333
user_h39vyus8,"Berlin, Germany",pt,2023-01-28,38397.0,0,0,0,9.0,24824.0,10695.0,4072.0,2758.222222222222,4.0,5402.011111111111
user_kk7dutiy,"Rio de Janeiro, Brazil",en,2023-01-05,19785.0,0,0,0,8.0,22863.0,9062.0,4761.0,2857.875,4.0,5099.7375
user_jslp3nh3,"Paris, France",en,2023-01-08,30660.0,0,0,0,5.0,15464.0,6292.0,1790.0,3092.8,3.0,3792.0
user_gp93zm40,"Johannesburg, South Africa",es,2023-10-23,9875.0,0,0,0,6.0,14638.0,5193.0,3237.0,2439.6666666666665,3.0,3425.133333333333
user_i6bgsjcr,"Barcelona, Spain",pt,2023-01-14,1654.0,0,0,0,7.0,19747.0,5052.0,2685.0,2821.0,3.0,3463.1
user_kk8r2fjf,"Rio de Janeiro, Brazil",ar,2023-04-14,12935.0,0,0,0,10.0,5761.0,11735.0,5865.0,576.1,5.0,4981.55
user_hq1akhdd,"Osaka, Japan",ja,2023-09-05,10354.0,0,0,0,9.0,25511.0,9005.0,5577.0,2834.5555555555557,4.0,5234.177777777777
user_npcpkikb,"Osaka, Japan",ja,2023-12-20,27589.0,0,0,0,9.0,18296.0,10674.0,7225.0,2032.888888888889,4.0,5663.644444444444
user_u02jbwra,"London, UK",de,2023-01-24,8141.0,0,0,0,9.0,13467.0,7184.0,4565.0,1496.3333333333333,3.0,3816.3666666666663
user_1txxsoau,"Dubai, UAE",ru,2023-05-01,17465.0,0,0,0,6.0,14754.0,5179.0,4247.0,2459.0,4.0,3632.6
user_fxsobysv,"Sydney, Australia",es,2023-12-17,10948.0,0,0,0,8.0,18014.0,6422.0,3961.0,2251.75,4.0,3844.675
user_ha9bzru4,"Toronto, Canada",de,2023-04-09,608.0,0,0,0,10.0,26662.0,9223.0,5941.0,2666.2,5.0,5288.2
user_xe0wxe5p,"Osaka, Japan",de,2023-10-16,15012.0,0,0,0,5.0,13424.0,3526.0,1659.0,2684.8,3.0,2732.0
user_x87qma0e,"Lagos, Nigeria",fr,2023-03-28,39223.0,0,0,0,6.0,14431.0,5948.0,3238.0,2405.1666666666665,5.0,3634.583333333333
user_j5tr3n1z,"Osaka, Japan",de,2023-07-16,29666.0,0,0,0,11.0,27580.0,11253.0,5578.0,2507.2727272727275,4.0,5745.136363636364
user_m5o36yfr,"Rio de Janeiro, Brazil",ar,2023-08-11,36159.0,0,0,0,13.0,27025.0,10548.0,5595.0,2078.846153846154,5.0,5322.823076923077
user_248wgev4,"Osaka, Japan",zh,2023-03-16,9888.0,0,0,0,7.0,15497.0,8372.0,4405.0,2213.8571428571427,4.0,4499.528571428571
user_c4qqdoi5,"Sydney, Australia",de,2023-08-09,44786.0,0,0,0,7.0,20615.0,6440.0,2938.0,2945.0,5.0,3992.1
user_778m0v2w,"Toronto, Canada",hi,2023-11-18,36094.0,0,0,0,6.0,12509.0,4979.0,4065.0,2084.8333333333335,3.0,3349.116666666667
user_st7yzsas,"Lyon, France",ru,2023-08-29,9870.0,0,0,0,6.0,8059.0,5139.0,2780.0,1343.1666666666667,1.0,2769.2833333333333
user_cqevrtnt,"Johannesburg, South Africa",ja,2023-12-04,5823.0,0,0,0,5.0,8750.0,5232.0,2147.0,1750.0,3.0,2874.0
user_57r6dkm6,"Vancouver, Canada",hi,2023-01-19,6699.0,0,0,0,5.0,12786.0,5801.0,3075.0,2557.2,2.0,3633.8999999999996
user_dz860k6t,"Mexico City, Mexico",ru,2023-09-06,22727.0,0,0,0,8.0,18111.0,7855.0,3776.0,2263.875,4.0,4243.6375
user_ja1dmtpu,"Munich, Germany",ar,2023-06-17,32283.0,0,0,0,9.0,20274.0,9829.0,5260.0,2252.6666666666665,4.0,5127.033333333333
user_5jnvufdb,"Delhi, India",de,2023-11-28,47808.0,0,0,0,4.0,11015.0,4746.0,2121.0,2753.75,2.0,3224.875
user_ff1fie1h,"Munich, Germany",ru,2023-01-15,34366.0,0,0,0,5.0,5039.0,5534.0,1822.0,1007.8,2.0,2528.5
user_fw6e06ah,"Lyon, France",ja,2023-05-25,25305.0,0,0,0,8.0,15810.0,9370.0,6535.0,1976.25,4.0,5106.125
user_813rh2sb,"Mexico City, Mexico",de,2023-04-18,16274.0,0,0,0,6.0,13734.0,7266.0,2930.0,2289.0,4.0,3910.2999999999997
user_otnej75v,"Los Angeles, USA",en,2023-02-06,31079.0,0,0,0,8.0,14858.0,7850.0,4006.0,1857.25,5.0,4084.825
user_j2nrh7s5,"São Paulo, Brazil",ja,2023-07-25,3512.0,0,0,0,7.0,9646.0,5828.0,2883.0,1378.0,4.0,3013.9999999999995
user_s0cvgsc5,"Berlin, Germany",ru,2023-07-20,36087.0,0,0,0,8.0,18279.0,8807.0,3798.0,2284.875,4.0,4544.1375
user_cssz1rea,"Tokyo, Japan",hi,2023-09-09,7863.0,0,0,0,14.0,36413.0,13636.0,6977.0,2600.9285714285716,5.0,6786.664285714285
user_izlngxn6,"Shanghai, China",pt,2023-05-02,44716.0,0,0,0,8.0,13200.0,11261.0,5016.0,1650.0,3.0,5206.499999999999
user_zjpba9my,"Chicago, USA",es,2023-07-23,37507.0,0,0,0,5.0,13192.0,5681.0,1972.0,2638.4,4.0,3417.9
user_m41ak7tz,"Shanghai, China",hi,2023-08-30,1498.0,0,0,0,11.0,24097.0,10492.0,6805.0,2190.6363636363635,5.0,5603.918181818181
user_7tzoxyvz,"Paris, France",en,2023-04-01,29119.0,0,0,0,10.0,18643.0,10578.0,6743.0,1864.3,4.0,5454.150000000001
user_r0nd04lv,"Manchester, UK",hi,2023-08-17,39846.0,0,0,0,7.0,17038.0,6971.0,3552.0,2434.0,3.0,4018.7
user_58rc29a2,"Munich, Germany",fr,2023-09-28,29379.0,0,0,0,12.0,30612.0,11240.0,6539.0,2551.0,5.0,5955.3
user_bov4fbd2,"Beijing, China",en,2023-03-25,29205.0,0,0,0,6.0,14268.0,8045.0,3929.0,2378.0,3.0,4388.3
user_8js3zac5,"Barcelona, Spain",ru,2023-03-15,16218.0,0,0,0,8.0,19553.0,8492.0,3416.0,2444.125,5.0,4452.8625
user_3o7w66o2,"Berlin, Germany",ja,2023-11-28,49944.0,0,0,0,8.0,24131.0,5796.0,5467.0,3016.375,3.0,4340.387500000001
user_jck2yka1,"Berlin, Germany",en,2023-07-28,47158.0,0,0,0,11.0,28439.0,10457.0,4997.0,2585.3636363636365,5.0,5429.181818181818
user_6p4r01di,"Beijing, China",hi,2023-02-07,41418.0,0,0,0,5.0,13947.0,6433.0,2674.0,2789.4,3.0,3859.4
user_tssb52vk,"Mumbai, India",ru,2023-07-12,43273.0,0,0,0,9.0,25255.0,5836.0,5203.0,2806.1111111111113,4.0,4194.455555555556
user_i11d4wfo,"Shanghai, China",ar,2023-05-30,43184.0,0,0,0,8.0,20852.0,8771.0,4149.0,2606.5,4.0,4764.349999999999
user_zlwfitj0,"Chicago, USA",ja,2023-03-06,3699.0,0,0,0,4.0,7610.0,3694.0,2718.0,1902.5,3.0,2603.0499999999997
user_z9n3lwuk,"Mumbai, India",zh,2023-12-20,15158.0,0,0,0,11.0,27657.0,12242.0,5923.0,2514.2727272727275,4.0,6114.336363636364
user_suc2uijv,"Berlin, Germany",pt,2023-11-09,22923.0,0,0,0,8.0,22404.0,8139.0,3692.0,2800.5,4.0,4580.35
user_31qdm3s9,"Rio de Janeiro, Brazil",pt,2023-12-06,33635.0,0,0,0,13.0,34158.0,18514.0,5637.0,2627.5384615384614,5.0,7995.369230769231
user_t4asqy15,"Houston, USA",ja,2023-02-28,26040.0,0,0,0,15.0,24980.0,11149.0,8859.0,1665.3333333333333,5.0,5949.166666666667
user_ckgkg0br,"São Paulo, Brazil",zh,2023-02-23,16387.0,0,0,0,12.0,22250.0,12945.0,6331.0,1854.1666666666667,5.0,6076.783333333333
user_jnal1xxn,"Los Angeles, USA",zh,2023-10-28,8823.0,0,0,0,7.0,15216.0,6312.0,4103.0,2173.714285714286,4.0,3801.0571428571425
user_3wi6ruy5,"Seoul, South Korea",zh,2023-09-29,28743.0,0,0,0,8.0,12001.0,7523.0,4628.0,1500.125,4.0,3932.5625
user_58if8cys,"Madrid, Spain",ar,2023-12-10,12998.0,0,0,0,5.0,3040.0,5673.0,3126.0,608.0,3.0,2631.1
user_vmq5ek39,"Madrid, Spain",pt,2023-05-02,25187.0,0,0,0,7.0,12488.0,8277.0,3514.0,1784.0,3.0,4077.9
user_pt5esn7d,"Dubai, UAE",zh,2023-05-30,19081.0,0,0,0,11.0,15591.0,11394.0,6596.0,1417.3636363636363,5.0,5446.081818181818
user_0v6j8dal,"Chicago, USA",ru,2023-10-12,33723.0,0,0,0,13.0,31458.0,12215.0,6655.0,2419.846153846154,5.0,6205.423076923077
user_4glw6rrj,"Mexico City, Mexico",ar,2023-11-17,6004.0,0,0,0,8.0,17813.0,7490.0,4812.0,2226.625,3.0,4322.7125
user_kk1qdsq3,"New York, USA",ru,2023-12-27,32189.0,0,0,0,13.0,27503.0,15745.0,6555.0,2115.6153846153848,5.0,7092.307692307692
user_ipbdrtzc,"São Paulo, Brazil",pt,2023-02-18,27349.0,0,0,0,8.0,25786.0,6929.0,4240.0,3223.25,2.0,4538.325
user_z6hw1i3y,"Barcelona, Spain",zh,2023-03-25,47636.0,0,0,0,7.0,19942.0,6834.0,5125.0,2848.8571428571427,4.0,4499.628571428571
user_h4lueh1i,"Sydney, Australia",en,2023-12-09,17902.0,0,0,0,9.0,29675.0,9150.0,5123.0,3297.222222222222,3.0,5418.211111111112
user_0fraxbyo,"Melbourne, Australia",es,2023-11-30,15607.0,0,0,0,9.0,19763.0,9751.0,4762.0,2195.8888888888887,4.0,4975.644444444444
user_x0g342nz,"Houston, USA",ar,2023-02-14,9008.0,0,0,0,8.0,13157.0,7479.0,5659.0,1644.625,3.0,4197.8125
user_mqavwkbn,"Dubai, UAE",en,2023-05-25,36590.0,0,0,0,6.0,21146.0,5818.0,1817.0,3524.3333333333335,3.0,3870.9666666666667
user_v0r1gvuj,"Melbourne, Australia",zh,2023-12-25,47233.0,0,0,0,9.0,18023.0,11234.0,4034.0,2002.5555555555557,5.0,5178.277777777778
user_zeija5lf,"Munich, Germany",ar,2023-03-19,41461.0,0,0,0,8.0,18982.0,8697.0,5160.0,2372.75,3.0,4827.475
user_1qiu13dr,"Milan, Italy",fr,2023-05-14,32906.0,0,0,0,9.0,15943.0,6045.0,4139.0,1771.4444444444443,4.0,3527.0222222222224
user_lnbrfbja,"Melbourne, Australia",ru,2023-12-09,48769.0,0,0,0,3.0,7161.0,4607.0,1613.0,2387.0,2.0,2898.2
user_4si1kva2,"Johannesburg, South Africa",ar,2023-10-08,48682.0,0,0,0,5.0,15832.0,2638.0,3007.0,3166.4,2.0,2976.0
user_5hllls25,"Houston, USA",en,2023-07-18,44839.0,0,0,0,8.0,7324.0,8231.0,4161.0,915.5,4.0,3759.25
user_i7gbnt1o,"Tokyo, Japan",ru,2023-10-01,33650.0,0,0,0,3.0,4297.0,3696.0,1137.0,1432.3333333333333,2.0,2052.366666666667
user_go5yskr8,"Paris, France",pt,2023-06-16,4905.0,0,0,0,11.0,23593.0,12433.0,7273.0,2144.818181818182,5.0,6256.909090909091
user_bowkbcof,"Los Angeles, USA",ja,2023-03-12,40966.0,0,0,0,8.0,10889.0,9600.0,4538.0,1361.125,4.0,4468.1625
user_9nowwm9z,"Shanghai, China",pt,2023-12-18,43032.0,0,0,0,11.0,25872.0,13155.0,5997.0,2352.0,4.0,6321.9
user_uozn4bg0,"London, UK",de,2023-10-18,41161.0,0,0,0,11.0,30118.0,12349.0,5294.0,2738.0,5.0,6132.5
user_g271vgx2,"London, UK",fr,2023-04-12,32504.0,0,0,0,9.0,27127.0,6412.0,4485.0,3014.1111111111113,4.0,4327.655555555555
user_4i8oqswh,"Mumbai, India",fr,2023-05-09,8760.0,0,0,0,13.0,26052.0,12581.0,6938.0,2004.0,4.0,6163.9
user_golhwj2p,"New York, USA",de,2023-05-30,22862.0,0,0,0,7.0,7231.0,9241.0,3030.0,1033.0,3.0,3894.7999999999997
user_lq94qyn2,"Chicago, USA",en,2023-12-07,33879.0,0,0,0,6.0,17798.0,3487.0,4621.0,2966.3333333333335,3.0,3453.4666666666662
user_ghvkvfa7,"Munich, Germany",en,2023-08-31,12899.0,0,0,0,10.0,23368.0,12702.0,5599.0,2336.8,4.0,6098.8
user_h6g9kjdx,"Delhi, India",de,2023-03-12,2191.0,0,0,0,9.0,20075.0,8682.0,5830.0,2230.5555555555557,4.0,4885.877777777778
user_5s9ifp0y,"Barcelona, Spain",hi,2023-10-29,28412.0,0,0,0,11.0,33248.0,11838.0,6785.0,3022.5454545454545,4.0,6419.672727272728
user_7jzfhdtm,"Delhi, India",zh,2023-09-22,44500.0,0,0,0,12.0,20624.0,11900.0,5360.0,1718.6666666666667,5.0,5501.333333333333
user_m5dvw4i8,"Barcelona, Spain",fr,2023-09-30,2038.0,0,0,0,4.0,7608.0,3484.0,1618.0,1902.0,3.0,2319.8
user_x2l3g4q0,"Los Angeles, USA",ja,2023-06-20,46088.0,0,0,0,10.0,29260.0,8440.0,5067.0,2926.0,5.0,5008.4
user_fjvrclrt,"Munich, Germany",ar,2023-05-22,23614.0,0,0,0,5.0,10685.0,4774.0,2453.0,2137.0,3.0,2991.2999999999997
user_przn32mt,"Mumbai, India",ru,2023-04-08,8050.0,0,0,0,6.0,10447.0,4827.0,2497.0,1741.1666666666667,5.0,2818.0833333333335
user_5g45dehl,"Rio de Janeiro, Brazil",ar,2023-01-14,26719.0,0,0,0,9.0,20721.0,7786.0,5272.0,2302.3333333333335,4.0,4541.366666666667
user_681nimaz,"Delhi, India",ru,2023-07-15,25239.0,0,0,0,6.0,14713.0,5005.0,4100.0,2452.1666666666665,3.0,3547.583333333333
user_vgfgyt5r,"Chicago, USA",hi,2023-09-08,26413.0,0,0,0,7.0,15944.0,7499.0,3229.0,2277.714285714286,3.0,4034.357142857143
user_xkt80br3,"Rio de Janeiro, Brazil",ru,2023-11-05,37687.0,0,0,0,7.0,14555.0,5636.0,3364.0,2079.285714285714,4.0,3403.2428571428572
user_b8ysn8r5,"Shanghai, China",hi,2023-09-21,49699.0,0,0,0,13.0,22003.0,12802.0,7801.0,1692.5384615384614,5.0,6247.069230769231
user_lv9ygnvu,"Dubai, UAE",hi,2023-05-25,17426.0,0,0,0,9.0,21108.0,10400.0,4270.0,2345.3333333333335,3.0,5146.666666666667
user_707p97km,"Lyon, France",es,2023-09-08,3039.0,0,0,0,6.0,8761.0,4065.0,2096.0,1460.1666666666667,5.0,2368.7833333333338
user_217ifsky,"Dubai, UAE",ja,2023-11-21,45783.0,0,0,0,6.0,15580.0,5197.0,2185.0,2596.6666666666665,4.0,3294.4333333333334
user_3yu3mkxs,"Tokyo, Japan",pt,2023-07-19,7564.0,0,0,0,4.0,7549.0,5323.0,1481.0,1887.25,2.0,2836.7249999999995
user_nd1s5fa0,Singapore,en,2023-12-05,29151.0,0,0,0,9.0,23473.0,10475.0,6062.0,2608.1111111111113,4.0,5658.955555555556
user_ern153cu,"Rome, Italy",ar,2023-01-23,25695.0,0,0,0,7.0,13402.0,6705.0,3837.0,1914.5714285714287,5.0,3736.1857142857143
user_rohqoenb,"Manchester, UK",en,2023-10-11,7323.0,0,0,0,12.0,30326.0,11687.0,4828.0,2527.1666666666665,5.0,5735.283333333334
user_n7kd29ty,"São Paulo, Brazil",fr,2023-03-21,46705.0,0,0,0,6.0,18395.0,5993.0,2243.0,3065.8333333333335,3.0,3779.4166666666665
user_h8g2fyv0,"London, UK",es,2023-07-11,4209.0,0,0,0,5.0,11780.0,5896.0,2999.0,2356.0,2.0,3546.6000000000004
user_olqc0pfx,"Munich, Germany",pt,2023-04-30,19479.0,0,0,0,10.0,28581.0,10148.0,6798.0,2858.1,3.0,5833.05
user_ittg19ak,"Lyon, France",fr,2023-06-04,32111.0,0,0,0,6.0,14848.0,9261.0,2014.0,2474.6666666666665,4.0,4418.433333333333
user_gdb4jae5,"Milan, Italy",en,2023-11-29,46803.0,0,0,0,9.0,20603.0,7117.0,4089.0,2289.222222222222,5.0,4097.511111111111
user_ngs7bvtc,"Rio de Janeiro, Brazil",fr,2023-05-05,11568.0,0,0,0,6.0,16759.0,2601.0,2878.0,2793.1666666666665,4.0,2752.483333333333
user_kr0ydzhh,"Barcelona, Spain",fr,2023-06-18,49836.0,0,0,0,10.0,17488.0,11432.0,5150.0,1748.8,4.0,5334.0
user_yvvywn4j,"Los Angeles, USA",de,2023-02-07,41000.0,0,0,0,7.0,18746.0,6726.0,4828.0,2678.0,3.0,4322.400000000001
user_5lj3201e,"Seoul, South Korea",pt,2023-09-07,42837.0,0,0,0,9.0,19443.0,8322.0,4584.0,2160.3333333333335,4.0,4493.566666666667
user_vddrbq40,"Mumbai, India",zh,2023-06-07,39243.0,0,0,0,12.0,33877.0,11380.0,4690.0,2823.0833333333335,5.0,5763.541666666667
user_t2547yd6,"Mumbai, India",hi,2023-02-09,8248.0,0,0,0,7.0,10387.0,6261.0,2908.0,1483.857142857143,4.0,3201.828571428571
user_32g9y8pw,"Beijing, China",ja,2023-08-18,1876.0,0,0,0,9.0,21230.0,10336.0,4420.0,2358.8888888888887,4.0,5164.2444444444445
user_u7nyucfk,"Manchester, UK",es,2023-09-27,15321.0,0,0,0,7.0,21589.0,7815.0,4007.0,3084.1428571428573,4.0,4687.971428571429
user_5v4ez5kc,"Mexico City, Mexico",fr,2023-09-06,7011.0,0,0,0,8.0,20459.0,8565.0,3613.0,2557.375,4.0,4570.7875
user_auaf6zqu,"Tokyo, Japan",ja,2023-08-21,8613.0,0,0,0,5.0,12488.0,7254.0,2452.0,2497.6,3.0,3915.4
user_61lc4emm,"Munich, Germany",pt,2023-11-09,23052.0,0,0,0,8.0,17823.0,7416.0,2894.0,2227.875,2.0,3917.5375
user_750rlmnw,"Mumbai, India",pt,2023-09-03,20546.0,0,0,0,12.0,23804.0,12652.0,5486.0,1983.6666666666667,4.0,5884.633333333333
user_sb41iss4,"Beijing, China",ar,2023-12-19,21850.0,0,0,0,8.0,22260.0,5051.0,4580.0,2782.5,3.0,3822.55
user_0rnh8g2o,"Beijing, China",ru,2023-08-31,41241.0,0,0,0,7.0,19915.0,9589.0,4033.0,2845.0,3.0,5105.8
user_t2e8zk5w,"Melbourne, Australia",ar,2023-08-21,28784.0,0,0,0,8.0,5882.0,9560.0,4899.0,735.25,5.0,4215.425
user_yqdus3x1,"Seoul, South Korea",en,2023-12-14,39684.0,0,0,0,9.0,19157.0,9794.0,4859.0,2128.5555555555557,5.0,4974.277777777777
user_15i5qfz3,"Osaka, Japan",ja,2023-04-01,6975.0,0,0,0,5.0,9654.0,5086.0,3576.0,1930.8,3.0,3206.3999999999996
user_7ccsgn39,"Barcelona, Spain",zh,2023-07-06,23684.0,0,0,0,2.0,1040.0,1607.0,1471.0,520.0,2.0,1036.3
user_g610crca,"São Paulo, Brazil",ar,2023-11-04,41246.0,0,0,0,10.0,20265.0,11762.0,4081.0,2026.5,4.0,5358.05
user_1egrs2d8,"Sydney, Australia",ja,2023-08-13,17538.0,0,0,0,8.0,18843.0,11269.0,3517.0,2355.375,4.0,5261.7875
user_36v8f0yz,"Mexico City, Mexico",zh,2023-04-26,11654.0,0,0,0,13.0,26019.0,13721.0,6754.0,2001.4615384615386,4.0,6467.83076923077
user_xjul716c,"Mumbai, India",ru,2023-05-12,23780.0,0,0,0,10.0,21714.0,8367.0,5051.0,2171.4,5.0,4606.0
user_ercb72ke,"Cairo, Egypt",ar,2023-04-09,29120.0,0,0,0,8.0,17815.0,6823.0,3553.0,2226.875,4.0,3870.9374999999995
user_cuzig14g,"Cairo, Egypt",ar,2023-05-15,8070.0,0,0,0,15.0,36144.0,15071.0,8487.0,2409.6,5.0,7423.5
user_qfjg4dgu,"Rome, Italy",hi,2023-12-03,9926.0,0,0,0,5.0,7506.0,5221.0,2719.0,1501.2,3.0,2860.7000000000003
user_lfwnie3f,"Shanghai, China",ru,2023-04-28,2127.0,0,0,0,14.0,27004.0,14916.0,6545.0,1928.857142857143,5.0,6748.228571428572
user_nr13gfvy,"Madrid, Spain",zh,2023-05-01,29449.0,0,0,0,5.0,2111.0,8208.0,1869.0,422.2,2.0,3047.3
user_aedwfomw,"São Paulo, Brazil",ar,2023-04-28,11678.0,0,0,0,7.0,15375.0,5659.0,4037.0,2196.4285714285716,3.0,3603.314285714286
user_8us9faqu,Singapore,fr,2023-09-11,15904.0,0,0,0,5.0,14249.0,3571.0,2203.0,2849.8,2.0,2936.7999999999997
user_xvjv6y6x,"Los Angeles, USA",es,2023-03-26,13992.0,0,0,0,5.0,11910.0,4487.0,2015.0,2382.0,4.0,2940.1
user_lpbl0f5y,"Osaka, Japan",ru,2023-12-30,14003.0,0,0,0,4.0,10188.0,5970.0,1687.0,2547.0,2.0,3401.9
user_i2pgjzdu,"Delhi, India",ru,2023-10-16,36881.0,0,0,0,10.0,22312.0,8949.0,6386.0,2231.2,4.0,5077.5
user_pgqj40dx,"Toronto, Canada",es,2023-08-18,29989.0,0,0,0,9.0,21970.0,5890.0,4436.0,2441.1111111111113,3.0,3874.7555555555555
user_dkrkjvcx,"Melbourne, Australia",ja,2023-08-31,6682.0,0,0,0,5.0,15387.0,3529.0,2632.0,3077.4,3.0,3123.8
user_y5l4u31p,"Rio de Janeiro, Brazil",en,2023-08-29,44106.0,0,0,0,12.0,22744.0,11613.0,6279.0,1895.3333333333333,5.0,5687.366666666667
user_go6yx0fm,"Berlin, Germany",zh,2023-09-16,20088.0,0,0,0,9.0,15884.0,9644.0,4546.0,1764.888888888889,3.0,4684.844444444444
user_gq0rypar,"Mumbai, India",zh,2023-03-20,17672.0,0,0,0,15.0,43778.0,16920.0,7343.0,2918.5333333333333,5.0,8003.866666666667
user_wouds22l,"Los Angeles, USA",fr,2023-06-15,44825.0,0,0,0,7.0,15046.0,5872.0,4577.0,2149.4285714285716,5.0,3751.714285714286
user_c7t5ufm1,"Tokyo, Japan",ja,2023-08-02,30697.0,0,0,0,12.0,28255.0,13019.0,6008.0,2354.5833333333335,4.0,6284.591666666667
user_q2y6x6ct,"Delhi, India",zh,2023-04-25,48128.0,0,0,0,8.0,22425.0,7944.0,3451.0,2803.125,4.0,4474.9625
user_8w06w1qu,"Melbourne, Australia",es,2023-11-11,41923.0,0,0,0,16.0,34168.0,14084.0,7131.0,2135.5,5.0,6719.15
user_pwnr2cuw,"Melbourne, Australia",ja,2023-10-28,20965.0,0,0,0,7.0,14653.0,3779.0,3237.0,2093.285714285714,4.0,2827.7428571428572
user_282w0ezf,"Munich, Germany",fr,2023-10-18,34203.0,0,0,0,6.0,13109.0,6852.0,2751.0,2184.8333333333335,5.0,3698.2166666666662
user_5cvmwjfa,"Seoul, South Korea",ru,2023-04-06,38237.0,0,0,0,6.0,10748.0,4010.0,2955.0,1791.3333333333333,3.0,2689.6666666666665
user_8o6sps0v,"Chicago, USA",ja,2023-02-27,11740.0,0,0,0,6.0,15378.0,5530.0,3108.0,2563.0,4.0,3562.1
user_uaxe52m7,"Vancouver, Canada",ru,2023-06-18,42324.0,0,0,0,13.0,25965.0,13453.0,5889.0,1997.3076923076924,5.0,6212.353846153846
user_akhce770,"São Paulo, Brazil",de,2023-11-06,30056.0,0,0,0,6.0,11486.0,7267.0,3501.0,1914.3333333333333,4.0,3837.4666666666662
user_i15alzcr,Singapore,pt,2023-07-02,37046.0,0,0,0,10.0,26518.0,12169.0,4486.0,2651.8,5.0,5873.8
user_d4eat3v3,"Tokyo, Japan",de,2023-07-22,49914.0,0,0,0,15.0,42367.0,16246.0,7982.0,2824.4666666666667,4.0,7882.433333333334
user_jwbcsj0z,"Chicago, USA",fr,2023-10-17,6224.0,0,0,0,5.0,9706.0,4897.0,2745.0,1941.2,3.0,2988.7
user_k7r639d6,"Rome, Italy",de,2023-05-14,358.0,0,0,0,7.0,23059.0,7118.0,2849.0,3294.1428571428573,3.0,4352.271428571429
user_74hhbvxk,"Johannesburg, South Africa",hi,2023-08-04,45091.0,0,0,0,9.0,15991.0,11166.0,4029.0,1776.7777777777778,5.0,5043.988888888889
user_5ifruk1b,"New York, USA",de,2023-11-15,3442.0,0,0,0,6.0,18591.0,6041.0,2554.0,3098.5,3.0,3872.3500000000004
user_zsdvwipi,"Mexico City, Mexico",ru,2023-12-26,19291.0,0,0,0,10.0,15983.0,9742.0,3910.0,1598.3,5.0,4503.75
user_fy2c6qch,"Sydney, Australia",pt,2023-11-10,31362.0,0,0,0,3.0,8778.0,1654.0,2022.0,2926.0,1.0,2363.6
user_lkkaeb12,"Osaka, Japan",en,2023-03-25,36871.0,0,0,0,7.0,9849.0,6144.0,4004.0,1407.0,4.0,3347.5
user_wdpk36tw,"Shanghai, China",zh,2023-05-22,8351.0,0,0,0,7.0,14752.0,7678.0,4255.0,2107.4285714285716,4.0,4208.114285714286
user_v8qu1p8i,"Vancouver, Canada",ru,2023-11-01,36269.0,0,0,0,4.0,9138.0,2118.0,1393.0,2284.5,4.0,2056.25
user_1uapaxtp,"Cairo, Egypt",de,2023-10-16,36015.0,0,0,0,9.0,15338.0,9349.0,5170.0,1704.2222222222222,5.0,4690.811111111111
user_l20ptiu5,"Melbourne, Australia",es,2023-11-19,31276.0,0,0,0,7.0,13729.0,7396.0,2643.0,1961.2857142857142,4.0,3728.042857142857
user_ysu054dr,Singapore,de,2023-04-16,13639.0,0,0,0,5.0,17751.0,5877.0,2111.0,3550.2,4.0,3960.3999999999996
user_gxi7j44a,"Barcelona, Spain",zh,2023-07-06,5221.0,0,0,0,7.0,10964.0,5867.0,3671.0,1566.2857142857142,4.0,3277.442857142857
user_mxyu76aq,"Lyon, France",es,2023-03-28,48750.0,0,0,0,4.0,12961.0,3689.0,1453.0,3240.25,2.0,3017.4249999999997
user_3fjv1ho7,"Rio de Janeiro, Brazil",ru,2023-09-17,23418.0,0,0,0,5.0,12085.0,5060.0,2476.0,2417.0,5.0,3221.7
user_z6qgqt5r,"Beijing, China",ar,2023-10-22,13029.0,0,0,0,9.0,28898.0,10912.0,3794.0,3210.8888888888887,4.0,5637.844444444444
user_n60azzwm,"Los Angeles, USA",en,2023-06-30,16767.0,0,0,0,1.0,689.0,1923.0,999.0,689.0,1.0,1121.2
user_718ipw64,"Osaka, Japan",es,2023-04-16,46870.0,0,0,0,8.0,23654.0,7340.0,2269.0,2956.75,4.0,4134.175
user_y0mvxe0c,"Houston, USA",pt,2023-10-17,27658.0,0,0,0,6.0,11803.0,6834.0,2653.0,1967.1666666666667,4.0,3564.383333333333
user_1idhro2x,Singapore,es,2023-05-26,22564.0,0,0,0,8.0,9883.0,6436.0,2112.0,1235.375,4.0,2970.8875000000003
user_z5ziquih,"Rio de Janeiro, Brazil",ja,2023-11-02,23506.0,0,0,0,12.0,20515.0,10909.0,5142.0,1709.5833333333333,5.0,5155.891666666666
user_qiao0yuu,"Milan, Italy",fr,2023-08-16,18414.0,0,0,0,7.0,11585.0,8356.0,3153.0,1655.0,3.0,3964.8999999999996
user_6qudu5ws,"Berlin, Germany",en,2023-03-18,44906.0,0,0,0,9.0,28015.0,7313.0,5193.0,3112.777777777778,4.0,4788.88888888889
user_2y7586xm,"New York, USA",hi,2023-04-02,19874.0,0,0,0,8.0,13086.0,5718.0,3552.0,1635.75,4.0,3243.6749999999997
user_dcovm3wj,"Mexico City, Mexico",fr,2023-09-21,41224.0,0,0,0,9.0,22715.0,9256.0,5162.0,2523.8888888888887,3.0,5071.144444444444
user_7xmgfrdi,"Seoul, South Korea",en,2023-08-07,7428.0,0,0,0,7.0,17396.0,5957.0,5401.0,2485.1428571428573,3.0,4109.871428571429
user_15lozcpe,"Mexico City, Mexico",zh,2023-07-28,44345.0,0,0,0,4.0,354.0,5064.0,1971.0,88.5,2.0,1957.65
user_wv8uyimq,"Los Angeles, USA",ja,2023-05-11,5498.0,0,0,0,5.0,7989.0,6671.0,1992.0,1597.8,3.0,3198.6
user_72satzpm,"Osaka, Japan",fr,2023-11-07,45295.0,0,0,0,2.0,3456.0,2323.0,984.0,1728.0,1.0,1757.7
user_e8m3xd6h,"Osaka, Japan",fr,2023-04-21,40451.0,0,0,0,9.0,23698.0,9491.0,4935.0,2633.1111111111113,5.0,5150.855555555556
user_cgwp945e,"São Paulo, Brazil",de,2023-02-22,38693.0,0,0,0,9.0,28060.0,7405.0,5103.0,3117.777777777778,3.0,4800.988888888889
user_14ibkds2,Singapore,ar,2023-06-26,7361.0,0,0,0,13.0,26315.0,14657.0,6468.0,2024.2307692307693,5.0,6702.815384615385
user_hl5t4pj7,"Shanghai, China",fr,2023-09-12,6995.0,0,0,0,9.0,17028.0,9985.0,6079.0,1892.0,5.0,5157.3
user_8ana73xc,"Houston, USA",pt,2023-04-23,28463.0,0,0,0,4.0,14191.0,4683.0,1214.0,3547.75,3.0,3421.575
user_puypdmp1,"Milan, Italy",zh,2023-12-29,13965.0,0,0,0,6.0,5256.0,7962.0,2314.0,876.0,2.0,3289.4
user_g37hrbp3,"Cairo, Egypt",ja,2023-10-29,6699.0,0,0,0,11.0,38736.0,9914.0,5477.0,3521.4545454545455,5.0,5830.327272727272
user_fietp9xk,"Shanghai, China",ru,2023-09-30,40252.0,0,0,0,10.0,25503.0,10302.0,3781.0,2550.3,5.0,5121.95
user_i1cf6it0,"Los Angeles, USA",ru,2023-08-28,15096.0,0,0,0,9.0,19825.0,5779.0,4233.0,2202.777777777778,4.0,3681.688888888889
user_gqley07k,"São Paulo, Brazil",hi,2023-12-04,23356.0,0,0,0,11.0,23783.0,9593.0,6381.0,2162.090909090909,5.0,5235.145454545454
user_acrnl9py,"Vancouver, Canada",zh,2023-01-24,5971.0,0,0,0,11.0,32122.0,11643.0,4060.0,2920.181818181818,5.0,5764.99090909091
user_xi0hyp64,"Barcelona, Spain",en,2023-11-14,5346.0,0,0,0,11.0,28417.0,11487.0,5263.0,2583.3636363636365,4.0,5790.381818181819
user_gixgrawk,"São Paulo, Brazil",fr,2023-06-25,23531.0,0,0,0,10.0,30350.0,9166.0,6559.0,3035.0,5.0,5579.099999999999
user_l7r2bz9p,Singapore,hi,2023-09-06,44363.0,0,0,0,7.0,11016.0,5805.0,3513.0,1573.7142857142858,4.0,3230.957142857143
user_w5e6fyqi,"Rome, Italy",ar,2023-09-01,22994.0,0,0,0,7.0,9341.0,6251.0,4050.0,1334.4285714285713,5.0,3352.5142857142855
user_634lriof,"London, UK",ja,2023-01-21,12327.0,0,0,0,12.0,40542.0,12433.0,7461.0,3378.5,5.0,6911.349999999999
user_z9zzi99c,"New York, USA",hi,2023-03-07,27660.0,0,0,0,6.0,13657.0,5278.0,3125.0,2276.1666666666665,3.0,3346.483333333333
user_xy18u6gg,"Milan, Italy",pt,2023-11-11,22786.0,0,0,0,5.0,12045.0,6221.0,2791.0,2409.0,3.0,3629.0
user_4f8xfwc5,"Beijing, China",ja,2023-03-23,14834.0,0,0,0,6.0,12113.0,7225.0,2653.0,2018.8333333333333,3.0,3707.5166666666664
user_pdbi7llj,"Johannesburg, South Africa",fr,2023-08-20,789.0,0,0,0,6.0,7759.0,5807.0,2760.0,1293.1666666666667,4.0,2940.6833333333334
user_ho2plm16,"Houston, USA",en,2023-11-28,37616.0,0,0,0,7.0,13352.0,7203.0,4207.0,1907.4285714285713,4.0,3956.014285714286
user_zrm2zekc,"Rio de Janeiro, Brazil",pt,2023-05-29,6381.0,0,0,0,6.0,14619.0,4806.0,1840.0,2436.5,4.0,3028.05
user_tq6e1kd2,"Melbourne, Australia",pt,2023-03-06,48440.0,0,0,0,2.0,4164.0,1662.0,1011.0,2082.0,1.0,1741.8
user_egkvyaal,"Beijing, China",zh,2023-08-27,47080.0,0,0,0,7.0,7602.0,9322.0,2424.0,1086.0,4.0,3824.4
user_wggdllvb,"Barcelona, Spain",fr,2023-12-01,42749.0,0,0,0,4.0,12313.0,4127.0,1770.0,3078.25,2.0,3131.225
user_vbe572r4,"Mumbai, India",es,2023-12-12,19318.0,0,0,0,6.0,17238.0,4923.0,3656.0,2873.0,4.0,3644.5999999999995
user_g5a3zs71,"Lyon, France",fr,2023-12-06,26819.0,0,0,0,8.0,7082.0,9447.0,4336.0,885.25,4.0,4143.925
user_vzy4krml,"Sydney, Australia",fr,2023-12-24,6272.0,0,0,0,9.0,24089.0,9317.0,4257.0,2676.5555555555557,4.0,4984.777777777777
user_bnswpe65,"Sydney, Australia",hi,2023-08-17,20002.0,0,0,0,15.0,27604.0,16438.0,9977.0,1840.2666666666667,4.0,7846.9333333333325
user_7selb7kr,"Rio de Janeiro, Brazil",de,2023-11-18,28542.0,0,0,0,11.0,30428.0,8366.0,6354.0,2766.181818181818,4.0,5163.6909090909085
user_u98jwp3f,"Chicago, USA",zh,2023-04-20,49936.0,0,0,0,11.0,31105.0,14113.0,6165.0,2827.7272727272725,4.0,6880.763636363636
user_r8fgmygb,"London, UK",zh,2023-09-19,5462.0,0,0,0,8.0,17096.0,7856.0,2067.0,2137.0,4.0,3838.7
user_1nt0zhsu,"Toronto, Canada",ru,2023-10-24,45771.0,0,0,0,6.0,4656.0,6464.0,3849.0,776.0,3.0,3097.0
user_498vaurf,"Dubai, UAE",zh,2023-02-24,39939.0,0,0,0,6.0,15307.0,6603.0,3820.0,2551.1666666666665,3.0,4020.483333333333
user_jpjfe0mm,"Lyon, France",en,2023-10-11,26099.0,0,0,0,3.0,8159.0,4396.0,1538.0,2719.6666666666665,3.0,2986.233333333333
user_c6x0yszg,"Melbourne, Australia",ar,2023-04-13,48384.0,0,0,0,12.0,31129.0,12802.0,7868.0,2594.0833333333335,5.0,6711.241666666667
user_ec3q4urm,"Cairo, Egypt",zh,2023-02-14,26940.0,0,0,0,12.0,35719.0,10922.0,4780.0,2976.5833333333335,5.0,5720.891666666666
user_hfqxjqrc,"Vancouver, Canada",en,2023-12-09,39278.0,0,0,0,6.0,4071.0,4600.0,2705.0,678.5,2.0,2260.25
user_eocjg4nr,"Johannesburg, South Africa",es,2023-08-13,7268.0,0,0,0,7.0,17304.0,3606.0,3789.0,2472.0,2.0,3075.6000000000004
user_16e488cy,"Madrid, Spain",hi,2023-01-19,30617.0,0,0,0,8.0,18708.0,7280.0,2654.0,2338.5,4.0,3884.05
user_v469etxv,Singapore,fr,2023-11-15,23469.0,0,0,0,12.0,30746.0,11262.0,6946.0,2562.1666666666665,4.0,6048.883333333333
user_fqfldx38,"Melbourne, Australia",ru,2023-01-26,25120.0,0,0,0,7.0,18457.0,7019.0,2541.0,2636.714285714286,4.0,3932.2571428571428
user_k3wqnnz3,"Lagos, Nigeria",ja,2023-05-29,41608.0,0,0,0,12.0,29219.0,10645.0,5255.0,2434.9166666666665,5.0,5461.958333333333
user_8css3app,"Chicago, USA",en,2023-01-27,24506.0,0,0,0,7.0,16390.0,4468.0,2936.0,2341.4285714285716,3.0,3098.3142857142857
user_i1e1kek5,"Vancouver, Canada",zh,2023-10-01,46765.0,0,0,0,16.0,41093.0,15581.0,8113.0,2568.3125,5.0,7581.056250000001
user_zq2nib62,"Delhi, India",ja,2023-08-05,5153.0,0,0,0,12.0,31606.0,11805.0,6281.0,2633.8333333333335,4.0,6114.616666666667
user_ffgz3fqf,"Los Angeles, USA",ja,2023-04-05,39085.0,0,0,0,10.0,21135.0,11518.0,4765.0,2113.5,4.0,5465.15
user_aygdsxd5,"Beijing, China",fr,2023-07-08,11602.0,0,0,0,6.0,8749.0,4986.0,1931.0,1458.1666666666667,4.0,2611.083333333333
user_peh5363f,"Munich, Germany",ja,2023-09-08,5225.0,0,0,0,11.0,26171.0,12975.0,3882.0,2379.181818181818,5.0,5858.49090909091
user_mb4v71r8,"Manchester, UK",fr,2023-02-01,34078.0,0,0,0,9.0,21312.0,5463.0,4483.0,2368.0,3.0,3719.4999999999995
user_g4wvcqoa,"Delhi, India",de,2023-07-13,20556.0,0,0,0,11.0,31919.0,12492.0,4284.0,2901.7272727272725,4.0,6055.263636363637
user_r46af80k,"Berlin, Germany",pt,2023-12-08,25928.0,0,0,0,12.0,24919.0,11966.0,6001.0,2076.5833333333335,5.0,5828.291666666666
user_c66o14p3,"Osaka, Japan",ja,2023-01-04,24996.0,0,0,0,10.0,34550.0,9402.0,3775.0,3455.0,4.0,5303.1
user_g8q08z4s,"Seoul, South Korea",es,2023-02-14,19765.0,0,0,0,8.0,23461.0,7103.0,3507.0,2932.625,4.0,4298.6125
user_y0v0eo61,"Berlin, Germany",hi,2023-01-03,12771.0,0,0,0,11.0,31723.0,10609.0,4379.0,2883.909090909091,5.0,5500.454545454545
user_t7fnjde0,"Rome, Italy",zh,2023-09-21,15051.0,0,0,0,7.0,22645.0,9082.0,3471.0,3235.0,3.0,5036.3
user_q6zxw0b0,"Mumbai, India",hi,2023-03-11,11339.0,0,0,0,7.0,11354.0,6284.0,3834.0,1622.0,4.0,3463.0
user_y2kevkc6,"Shanghai, China",ru,2023-06-13,23145.0,0,0,0,3.0,10070.0,2681.0,2084.0,3356.6666666666665,3.0,2899.4333333333334
user_5td0e1us,Singapore,en,2023-02-14,6747.0,0,0,0,3.0,7160.0,5139.0,1964.0,2386.6666666666665,3.0,3127.8333333333335
user_avt1fzq5,"São Paulo, Brazil",ar,2023-06-03,47923.0,0,0,0,5.0,7294.0,4112.0,1702.0,1458.8,3.0,2303.4
user_l9mm6sge,"Munich, Germany",en,2023-04-04,19754.0,0,0,0,10.0,16440.0,7172.0,6218.0,1644.0,4.0,4217.2
user_tjmmxujl,"São Paulo, Brazil",hi,2023-10-08,6675.0,0,0,0,5.0,13066.0,3676.0,3254.0,2613.2,4.0,3060.2
user_cp951gop,"Houston, USA",ar,2023-06-24,31879.0,0,0,0,8.0,29239.0,6353.0,2095.0,3654.875,3.0,4152.3375
user_gv4jqg3n,"Toronto, Canada",es,2023-08-27,27493.0,0,0,0,7.0,16803.0,4926.0,4369.0,2400.4285714285716,5.0,3551.8142857142857
user_maxv53zu,"Melbourne, Australia",zh,2023-06-08,40782.0,0,0,0,3.0,3027.0,2886.0,2429.0,1009.0,2.0,1856.1
user_bs6fwfa7,"Sydney, Australia",pt,2023-01-14,8103.0,0,0,0,5.0,11734.0,6790.0,3185.0,2346.8,3.0,3847.4
user_zgfowqqb,"Munich, Germany",de,2023-11-30,34765.0,0,0,0,5.0,13337.0,3538.0,2358.0,2667.4,4.0,2866.7
user_ujllj1n7,"Chicago, USA",es,2023-12-04,49855.0,0,0,0,16.0,45276.0,16225.0,8128.0,2829.75,5.0,7907.975
user_17wg6hsy,"Lagos, Nigeria",pt,2023-10-27,19199.0,0,0,0,7.0,10962.0,6009.0,2855.0,1566.0,3.0,3156.7
user_pwkizrc1,Singapore,hi,2023-04-15,12613.0,0,0,0,3.0,9769.0,3903.0,1467.0,3256.3333333333335,3.0,3092.4666666666667
user_4zp9ao9r,"Berlin, Germany",de,2023-05-25,11678.0,0,0,0,7.0,11539.0,9201.0,3047.0,1648.4285714285713,4.0,4193.914285714285
user_mtg94j65,Singapore,es,2023-01-09,20212.0,0,0,0,8.0,16883.0,7436.0,4394.0,2110.375,4.0,4164.787499999999
user_tmjtxubu,"Seoul, South Korea",ja,2023-05-07,48104.0,0,0,0,10.0,22820.0,10210.0,4924.0,2282.0,4.0,5188.8
user_l29bqzje,"Mumbai, India",de,2023-05-20,14125.0,0,0,0,3.0,7748.0,3029.0,1799.0,2582.6666666666665,3.0,2559.8333333333335
user_7fzzash4,"Milan, Italy",ar,2023-07-11,15535.0,0,0,0,6.0,16542.0,4906.0,2769.0,2757.0,3.0,3404.1000000000004
user_66dni3rx,"Manchester, UK",en,2023-08-08,2893.0,0,0,0,9.0,20016.0,8909.0,4621.0,2224.0,4.0,4708.9
user_owjibgyy,"Barcelona, Spain",en,2023-04-04,30139.0,0,0,0,8.0,21986.0,8920.0,3940.0,2748.25,4.0,4838.125
user_tyte2cxw,"Chicago, USA",ru,2023-08-29,7823.0,0,0,0,7.0,12828.0,5814.0,2356.0,1832.5714285714287,4.0,3131.6857142857143
user_skkg3n6w,"Lagos, Nigeria",fr,2023-11-20,43957.0,0,0,0,5.0,6436.0,4058.0,2200.0,1287.2,4.0,2301.0
user_gxehbnkq,"Tokyo, Japan",ru,2023-07-02,44124.0,0,0,0,9.0,21490.0,8468.0,5050.0,2387.777777777778,5.0,4744.288888888889
user_he4o0aak,"Paris, France",ja,2023-01-04,42872.0,0,0,0,12.0,19357.0,11370.0,6042.0,1613.0833333333333,5.0,5425.9416666666675
user_eq3xvzzh,"Cairo, Egypt",zh,2023-11-19,8670.0,0,0,0,11.0,18805.0,8390.0,4365.0,1709.5454545454545,5.0,4244.772727272727
user_qobhni7e,"Lyon, France",es,2023-01-26,17295.0,0,0,0,8.0,14273.0,5813.0,3730.0,1784.125,3.0,3381.9624999999996
user_x24wilk1,"London, UK",ru,2023-09-12,35907.0,0,0,0,6.0,17085.0,5788.0,3296.0,2847.5,3.0,3819.3499999999995
user_1r0kftmv,"Los Angeles, USA",ru,2023-06-11,5380.0,0,0,0,8.0,22214.0,7681.0,3079.0,2776.75,4.0,4308.474999999999
user_pd05k44w,"Dubai, UAE",es,2023-08-19,7370.0,0,0,0,9.0,21090.0,8063.0,5900.0,2343.3333333333335,5.0,4770.566666666667
user_5wmdl0y4,"Dubai, UAE",hi,2023-07-11,49404.0,0,0,0,8.0,16539.0,7817.0,3890.0,2067.375,4.0,4156.7875
user_0q7j2ayv,"Rio de Janeiro, Brazil",pt,2023-01-17,23427.0,0,0,0,3.0,3605.0,2744.0,1823.0,1201.6666666666667,2.0,1788.6333333333332
user_mpu4oig7,"Osaka, Japan",ja,2023-02-28,23515.0,0,0,0,6.0,9940.0,6043.0,3529.0,1656.6666666666667,3.0,3347.0333333333333
user_wv2z6vw8,"Milan, Italy",ar,2023-02-06,28937.0,0,0,0,7.0,10979.0,7768.0,4056.0,1568.4285714285713,4.0,3925.8142857142857
user_nha6qskx,"Osaka, Japan",de,2023-11-07,38177.0,0,0,0,10.0,26383.0,9423.0,5833.0,2638.3,4.0,5312.650000000001
user_e4rss07t,"Houston, USA",ja,2023-07-24,578.0,0,0,0,10.0,20887.0,10722.0,4172.0,2088.7,4.0,5095.35
user_2s55cc9o,"Melbourne, Australia",ja,2023-01-15,33673.0,0,0,0,8.0,23267.0,8718.0,3182.0,2908.375,4.0,4705.9875
user_5l88n5x2,"Tokyo, Japan",ru,2023-08-16,8779.0,0,0,0,3.0,6369.0,3370.0,2052.0,2123.0,2.0,2482.9
user_w7032rkh,"Dubai, UAE",zh,2023-11-26,16258.0,0,0,0,7.0,15925.0,6587.0,3289.0,2275.0,5.0,3771.4
user_yo4lkmee,"Manchester, UK",ar,2023-08-31,32712.0,0,0,0,7.0,13953.0,5870.0,3969.0,1993.2857142857142,4.0,3551.442857142857
user_x2t8qu7s,"Manchester, UK",en,2023-05-22,32551.0,0,0,0,8.0,21835.0,7993.0,4462.0,2729.375,4.0,4654.9875
user_r9b95awv,"Houston, USA",ar,2023-08-01,19206.0,0,0,0,7.0,13548.0,6263.0,3156.0,1935.4285714285713,4.0,3477.8142857142857
user_4oo5d5h3,"São Paulo, Brazil",ja,2023-04-14,13017.0,0,0,0,11.0,23995.0,13323.0,7495.0,2181.3636363636365,3.0,6586.581818181818
user_sypzgjkq,"Houston, USA",es,2023-01-08,251.0,0,0,0,8.0,20777.0,8247.0,2536.0,2597.125,4.0,4279.8625
user_8wk0j5ae,"Los Angeles, USA",zh,2023-11-01,36943.0,0,0,0,18.0,27349.0,15760.0,8180.0,1519.388888888889,5.0,7123.694444444444
user_cgba70jv,"Chicago, USA",fr,2023-05-19,24984.0,0,0,0,11.0,30785.0,9202.0,3684.0,2798.6363636363635,5.0,4896.718181818182
user_rscyqide,"Shanghai, China",es,2023-02-13,4478.0,0,0,0,3.0,6493.0,5824.0,1115.0,2164.3333333333335,2.0,3052.366666666667
user_w8tmoixg,"Dubai, UAE",ru,2023-05-06,26227.0,0,0,0,10.0,33483.0,13049.0,5308.0,3348.3,4.0,6650.450000000001
user_nz4b01j0,"Munich, Germany",ru,2023-07-07,19419.0,0,0,0,8.0,20798.0,9452.0,3379.0,2599.75,5.0,4811.275000000001
user_kdpzdt3l,"Manchester, UK",ar,2023-10-03,8661.0,0,0,0,6.0,17361.0,8646.0,3132.0,2893.5,4.0,4666.95
user_ul9vcts3,"Madrid, Spain",ar,2023-10-25,36347.0,0,0,0,4.0,8835.0,5666.0,2151.0,2208.75,4.0,3234.375
user_wn6shb1b,"Melbourne, Australia",ar,2023-04-17,34188.0,0,0,0,8.0,27062.0,7656.0,4596.0,3382.75,3.0,4907.375
user_l69l878q,"Milan, Italy",pt,2023-04-11,5305.0,0,0,0,6.0,10890.0,7798.0,2545.0,1815.0,4.0,3755.9
user_rj984hbd,"Los Angeles, USA",pt,2023-11-20,29909.0,0,0,0,9.0,24960.0,8620.0,3848.0,2773.3333333333335,5.0,4742.266666666667
user_b0i0cdr4,"Munich, Germany",zh,2023-06-27,18616.0,0,0,0,6.0,13438.0,8059.0,2131.0,2239.6666666666665,3.0,3963.7333333333327
user_7nemrhnp,"Tokyo, Japan",ar,2023-08-21,33408.0,0,0,0,11.0,30140.0,10526.0,5450.0,2740.0,5.0,5617.799999999999
user_k4pr4zkz,"Dubai, UAE",pt,2023-10-22,33474.0,0,0,0,6.0,15714.0,5052.0,2536.0,2619.0,4.0,3332.3
user_4mf7je2u,"Seoul, South Korea",es,2023-12-29,36544.0,0,0,0,7.0,12893.0,6089.0,3871.0,1841.857142857143,3.0,3521.828571428571
user_ufolriaa,"Manchester, UK",fr,2023-01-31,13928.0,0,0,0,6.0,13322.0,4445.0,2402.0,2220.3333333333335,4.0,2924.066666666667
user_ei2dj82r,"Beijing, China",en,2023-12-31,39910.0,0,0,0,6.0,11001.0,5059.0,2061.0,1833.5,4.0,2846.6499999999996
user_6e99lerx,"Berlin, Germany",zh,2023-06-09,25366.0,0,0,0,14.0,32204.0,12601.0,8371.0,2300.285714285714,5.0,6604.642857142857
user_kvu7ljf2,"São Paulo, Brazil",es,2023-06-18,15383.0,0,0,0,9.0,19635.0,8090.0,4122.0,2181.6666666666665,4.0,4342.233333333334
user_vebae5wn,"Melbourne, Australia",ja,2023-11-08,26919.0,0,0,0,7.0,16563.0,7593.0,4255.0,2366.1428571428573,3.0,4311.971428571429
user_jrqo44md,"Munich, Germany",en,2023-10-01,3826.0,0,0,0,9.0,25894.0,9869.0,4094.0,2877.1111111111113,4.0,5218.055555555556
user_sk29dqyu,"Lagos, Nigeria",ar,2023-11-04,18327.0,0,0,0,11.0,25857.0,11585.0,5460.0,2350.6363636363635,5.0,5742.818181818182
user_4f8e57uf,"Paris, France",de,2023-07-28,38172.0,0,0,0,4.0,7980.0,4942.0,1961.0,1995.0,3.0,2872.3
user_rogn8kmu,"Vancouver, Canada",en,2023-01-27,21664.0,0,0,0,6.0,16429.0,5226.0,2222.0,2738.1666666666665,3.0,3381.2833333333333
user_2lslaaod,"Lyon, France",pt,2023-07-10,7105.0,0,0,0,10.0,30788.0,11994.0,6371.0,3078.8,4.0,6411.8
user_kq59zq55,"Delhi, India",zh,2023-01-07,7868.0,0,0,0,5.0,7005.0,3047.0,3660.0,1401.0,3.0,2346.6
user_p1ckbgu0,"Beijing, China",hi,2023-02-17,844.0,0,0,0,11.0,17654.0,10787.0,4331.0,1604.909090909091,4.0,4904.754545454545
user_7walmm9o,"Toronto, Canada",ar,2023-07-25,40824.0,0,0,0,9.0,27501.0,7522.0,5334.0,3055.6666666666665,5.0,4851.233333333334
user_0lbnqegj,"Osaka, Japan",ru,2023-03-30,6358.0,0,0,0,9.0,19232.0,10471.0,5767.0,2136.8888888888887,5.0,5363.144444444444
user_zhiuj226,"Delhi, India",hi,2023-11-19,40671.0,0,0,0,6.0,15400.0,6361.0,2801.0,2566.6666666666665,3.0,3751.833333333333
user_mzrknkeu,"Manchester, UK",en,2023-12-21,24439.0,0,0,0,9.0,21918.0,10413.0,3971.0,2435.3333333333335,5.0,5135.766666666666
user_gl6nmk6h,"Rome, Italy",de,2023-09-22,6996.0,0,0,0,5.0,6976.0,3867.0,2703.0,1395.2,3.0,2398.2999999999997
user_qw0xi52z,"New York, USA",fr,2023-08-10,48086.0,0,0,0,6.0,14027.0,4955.0,4231.0,2337.8333333333335,2.0,3501.616666666667
user_potbol01,"Munich, Germany",hi,2023-10-21,26392.0,0,0,0,7.0,15861.0,7524.0,3519.0,2265.8571428571427,3.0,4093.9285714285716
user_14r9qzdz,"Madrid, Spain",ar,2023-04-07,16489.0,0,0,0,9.0,30136.0,7868.0,5091.0,3348.4444444444443,4.0,5052.822222222222
user_lvmec9t6,"Los Angeles, USA",ja,2023-03-31,7089.0,0,0,0,8.0,18292.0,7141.0,3042.0,2286.5,3.0,3893.95
user_2wy1g2f0,"London, UK",en,2023-02-19,5197.0,0,0,0,6.0,20735.0,8507.0,2543.0,3455.8333333333335,2.0,4788.616666666667
user_54ebzr3z,"London, UK",zh,2023-08-30,606.0,0,0,0,10.0,19558.0,9827.0,5024.0,1955.8,3.0,4930.8
user_u7cey8cm,"Mumbai, India",fr,2023-05-23,32295.0,0,0,0,8.0,18857.0,6941.0,4025.0,2357.125,4.0,4065.8624999999997
user_uerv85na,"Rome, Italy",de,2023-04-30,1824.0,0,0,0,16.0,37007.0,19471.0,7188.0,2312.9375,5.0,8435.36875
user_bqmsj27g,"Lyon, France",ru,2023-08-29,30740.0,0,0,0,8.0,23938.0,7871.0,2767.0,2992.25,5.0,4410.825
user_2tbdto09,"Melbourne, Australia",es,2023-01-17,15224.0,0,0,0,3.0,7671.0,5429.0,1825.0,2557.0,3.0,3272.2
user_outa8g9m,"Milan, Italy",es,2023-03-31,6019.0,0,0,0,8.0,21192.0,9942.0,4485.0,2649.0,4.0,5204.1
user_swf9alie,"Dubai, UAE",es,2023-10-27,23651.0,0,0,0,4.0,14255.0,6155.0,1375.0,3563.75,3.0,3903.375
user_6aqnsm4k,"Los Angeles, USA",ar,2023-11-19,18647.0,0,0,0,10.0,22427.0,7820.0,6007.0,2242.7,3.0,4668.75
user_jh3b8sqc,"São Paulo, Brazil",zh,2023-02-23,7366.0,0,0,0,10.0,21690.0,9543.0,4283.0,2169.0,3.0,4804.0
user_4ofue7ij,"Vancouver, Canada",hi,2023-04-01,25917.0,0,0,0,6.0,13789.0,5888.0,3080.0,2298.1666666666665,4.0,3531.483333333333
user_wyeb78qv,"Dubai, UAE",pt,2023-09-02,24634.0,0,0,0,16.0,23670.0,13258.0,10258.0,1479.375,5.0,6768.6875
user_zg4kjiw1,"Rome, Italy",ja,2023-03-05,35298.0,0,0,0,11.0,24485.0,13278.0,5120.0,2225.909090909091,5.0,6120.354545454546
user_k50p8lf4,"Berlin, Germany",es,2023-07-02,10744.0,0,0,0,11.0,26990.0,12622.0,4587.0,2453.6363636363635,5.0,5930.818181818182
user_njtvacei,"Dubai, UAE",fr,2023-09-13,8100.0,0,0,0,12.0,29808.0,12672.0,7385.0,2484.0,5.0,6520.6
user_6q9v2e5a,"Milan, Italy",pt,2023-01-07,35445.0,0,0,0,6.0,17260.0,4659.0,2647.0,2876.6666666666665,3.0,3365.4333333333334
user_sc48kef8,"Vancouver, Canada",en,2023-03-01,14772.0,0,0,0,5.0,13231.0,2762.0,2631.0,2646.2,2.0,2677.8999999999996
user_rfx3nz4u,"London, UK",de,2023-01-23,20354.0,0,0,0,8.0,13214.0,10463.0,2600.0,1651.75,4.0,4484.775
user_tmvu514q,"New York, USA",es,2023-02-28,42732.0,0,0,0,10.0,26772.0,11276.0,6023.0,2677.2,3.0,5926.0
user_q4xj4dj6,"Beijing, China",pt,2023-02-03,29536.0,0,0,0,9.0,22140.0,8114.0,4362.0,2460.0,4.0,4536.6
user_asywpn6e,"Paris, France",en,2023-06-20,28990.0,0,0,0,9.0,27309.0,7279.0,3217.0,3034.3333333333335,5.0,4344.266666666666
user_wwjfzbxm,"Paris, France",pt,2023-04-10,2328.0,0,0,0,13.0,24281.0,16964.0,4593.0,1867.7692307692307,5.0,6941.684615384615
user_ffnoykfo,"Barcelona, Spain",pt,2023-02-07,37122.0,0,0,0,6.0,16389.0,6239.0,2988.0,2731.5,2.0,3835.0499999999997
user_vwiysddq,"Chicago, USA",ar,2023-02-04,32766.0,0,0,0,4.0,11967.0,3881.0,1673.0,2991.75,2.0,2994.775
user_o8le7hqf,"Paris, France",zh,2023-06-26,13313.0,0,0,0,11.0,24521.0,10761.0,7127.0,2229.181818181818,5.0,5768.290909090909
user_jm7686o2,"Rome, Italy",en,2023-03-23,3152.0,0,0,0,9.0,12021.0,8735.0,4445.0,1335.6666666666667,5.0,4177.333333333334
user_0jp66e6p,"São Paulo, Brazil",es,2023-06-21,21437.0,0,0,0,8.0,18333.0,8367.0,4513.0,2291.625,4.0,4558.5125
user_45oah4w1,"Tokyo, Japan",hi,2023-09-25,43306.0,0,0,0,2.0,3317.0,2763.0,1771.0,1658.5,2.0,2012.3500000000001
user_x3ozm1i6,"Lagos, Nigeria",ru,2023-08-02,39598.0,0,0,0,7.0,18880.0,9764.0,4093.0,2697.1428571428573,3.0,5096.371428571429
user_8ryfkdug,"Mumbai, India",hi,2023-08-07,34796.0,0,0,0,10.0,24155.0,9550.0,3725.0,2415.5,4.0,4817.75
user_d3ymednx,"Lyon, France",zh,2023-07-27,17904.0,0,0,0,10.0,25182.0,9937.0,4998.0,2518.2,4.0,5239.8
user_4jixdawy,"Barcelona, Spain",pt,2023-01-01,3507.0,0,0,0,7.0,16422.0,6826.0,2439.0,2346.0,3.0,3708.6000000000004
user_oarrz3h1,"Los Angeles, USA",de,2023-09-07,36319.0,0,0,0,8.0,20146.0,9439.0,4202.0,2518.25,4.0,4931.225
user_z5l7dqzu,"Delhi, India",fr,2023-03-31,22128.0,0,0,0,8.0,12705.0,8143.0,4965.0,1588.125,3.0,4229.9625
user_pnb7ohhm,"Delhi, India",ru,2023-01-16,23748.0,0,0,0,4.0,5648.0,2703.0,3627.0,1412.0,2.0,2242.3
user_wb4t2r58,"Chicago, USA",es,2023-02-28,8509.0,0,0,0,9.0,17306.0,5809.0,4723.0,1922.888888888889,5.0,3648.7444444444445
user_nlubv6mf,"Vancouver, Canada",fr,2023-08-18,41962.0,0,0,0,12.0,15230.0,13379.0,4870.0,1269.1666666666667,5.0,5622.283333333333
user_i52at5kz,"Vancouver, Canada",pt,2023-05-11,5608.0,0,0,0,10.0,20477.0,8638.0,6111.0,2047.7,4.0,4837.45
user_44h4xl31,"Houston, USA",ru,2023-11-12,48691.0,0,0,0,10.0,24775.0,11241.0,5559.0,2477.5,5.0,5722.849999999999
user_skl4j2ok,Singapore,ar,2023-02-24,47412.0,0,0,0,10.0,22186.0,11750.0,5485.0,2218.6,5.0,5731.3
user_2a9bu71t,"Los Angeles, USA",fr,2023-08-15,20046.0,0,0,0,5.0,8780.0,5079.0,2433.0,1756.0,3.0,2888.2999999999997
user_37dj1hp7,"Dubai, UAE",fr,2023-08-11,28253.0,0,0,0,11.0,26738.0,12900.0,6213.0,2430.7272727272725,4.0,6327.963636363636
user_cbswmk3b,"Beijing, China",ru,2023-02-22,8109.0,0,0,0,2.0,5263.0,3131.0,1665.0,2631.5,2.0,2588.05
user_rifmkpck,"Mumbai, India",ar,2023-01-06,1074.0,0,0,0,5.0,9701.0,5783.0,2707.0,1940.2,2.0,3246.4
user_t38nl55r,"Berlin, Germany",ja,2023-06-09,6743.0,0,0,0,10.0,26176.0,13007.0,6789.0,2617.6,4.0,6568.7
user_wbk1x0kc,"Vancouver, Canada",fr,2023-01-06,41361.0,0,0,0,7.0,12784.0,7573.0,3319.0,1826.2857142857142,4.0,3848.8428571428576
user_9r55gqow,"Cairo, Egypt",es,2023-08-20,29901.0,0,0,0,10.0,21506.0,9164.0,5152.0,2150.6,5.0,4854.9
user_bqemwj0m,"Dubai, UAE",fr,2023-01-01,14780.0,0,0,0,8.0,10737.0,5567.0,3675.0,1342.125,4.0,3076.1625
user_7rdiojrn,"Mumbai, India",ja,2023-12-17,40870.0,0,0,0,7.0,14214.0,10172.0,1895.0,2030.5714285714287,2.0,4445.885714285714
user_44c2rr04,"Mumbai, India",ar,2023-10-26,33035.0,0,0,0,6.0,11333.0,6237.0,2921.0,1888.8333333333333,2.0,3399.7166666666662
user_zmk7o7v0,"Mexico City, Mexico",ru,2023-06-23,14414.0,0,0,0,6.0,12792.0,8137.0,2169.0,2132.0,2.0,3940.9
user_sq4ch5k2,"Chicago, USA",en,2023-12-30,11867.0,0,0,0,11.0,27902.0,14104.0,4870.0,2536.5454545454545,5.0,6473.472727272727
user_fbi471s9,"Shanghai, China",fr,2023-10-30,2778.0,0,0,0,6.0,11120.0,5938.0,3025.0,1853.3333333333333,3.0,3313.0666666666666
user_v4g3pbbm,"Chicago, USA",zh,2023-08-10,24691.0,0,0,0,9.0,18968.0,6738.0,2572.0,2107.5555555555557,4.0,3589.577777777778
user_ukynz4tc,"Tokyo, Japan",ja,2023-06-26,32068.0,0,0,0,7.0,16423.0,7754.0,3447.0,2346.1428571428573,3.0,4188.671428571428
user_w4p8zi5g,"Madrid, Spain",hi,2023-02-10,7103.0,0,0,0,13.0,34507.0,10031.0,7192.0,2654.3846153846152,4.0,5774.892307692307
user_ear3km1w,"Barcelona, Spain",ru,2023-08-01,2797.0,0,0,0,8.0,17348.0,9205.0,4026.0,2168.5,4.0,4650.95
user_0xl8jeow,"Dubai, UAE",pt,2023-02-14,24454.0,0,0,0,4.0,5435.0,2335.0,1129.0,1358.75,3.0,1605.675
user_bexy30h4,"Mumbai, India",en,2023-04-14,44016.0,0,0,0,5.0,14315.0,2530.0,1924.0,2863.0,2.0,2575.3
user_tdtogzrh,"Paris, France",hi,2023-12-01,42085.0,0,0,0,5.0,12201.0,5322.0,1979.0,2440.2,3.0,3212.5
user_qztfr35l,"Vancouver, Canada",ar,2023-01-29,39486.0,0,0,0,4.0,11239.0,2878.0,2913.0,2809.75,2.0,2850.875
user_yti77nnr,"Toronto, Canada",en,2023-05-15,24728.0,0,0,0,8.0,12406.0,9663.0,5615.0,1550.75,3.0,4797.275
user_yu2w96i5,"Delhi, India",hi,2023-03-19,9772.0,0,0,0,14.0,28382.0,13607.0,6346.0,2027.2857142857142,3.0,6364.942857142857
user_056jjlrt,Singapore,ja,2023-01-16,41352.0,0,0,0,4.0,13249.0,3561.0,2674.0,3312.25,2.0,3259.2250000000004
user_kywmd97r,"Cairo, Egypt",ar,2023-05-26,47309.0,0,0,0,11.0,26519.0,9579.0,5169.0,2410.818181818182,4.0,5112.909090909091
user_mc45jax7,"Madrid, Spain",en,2023-08-09,32003.0,0,0,0,8.0,16305.0,8921.0,3592.0,2038.125,3.0,4413.7625
user_9ah9kjau,"Beijing, China",fr,2023-11-10,43313.0,0,0,0,7.0,21763.0,5965.0,4025.0,3109.0,5.0,4149.0
user_skyrjwge,"Chicago, USA",en,2023-09-25,17357.0,0,0,0,11.0,28922.0,10082.0,6709.0,2629.2727272727275,5.0,5681.036363636364
user_8rtb88jl,"Mexico City, Mexico",ru,2023-07-23,15053.0,0,0,0,9.0,19130.0,10142.0,6293.0,2125.5555555555557,4.0,5363.977777777778
user_ml9aeuua,"Beijing, China",ja,2023-02-02,37131.0,0,0,0,5.0,11640.0,2987.0,2083.0,2328.0,2.0,2476.7
user_1ol09hyk,"Sydney, Australia",ru,2023-10-11,42907.0,0,0,0,7.0,20571.0,6519.0,3327.0,2938.714285714286,4.0,4090.457142857143
user_5a2qumkk,"Madrid, Spain",es,2023-04-06,45960.0,0,0,0,7.0,18242.0,6760.0,3265.0,2606.0,4.0,3984.0
user_2515g13o,"Melbourne, Australia",fr,2023-12-05,25991.0,0,0,0,8.0,21125.0,3739.0,4304.0,2640.625,4.0,3302.8125
user_nceqgt3f,"Toronto, Canada",es,2023-04-26,41263.0,0,0,0,5.0,13647.0,5162.0,3409.0,2729.4,3.0,3595.1000000000004
user_a0bf0ref,"Madrid, Spain",pt,2023-11-25,29706.0,0,0,0,8.0,9608.0,8094.0,5076.0,1201.0,4.0,4043.8999999999996
user_pepwpd8e,"Lyon, France",pt,2023-05-27,4752.0,0,0,0,8.0,21564.0,8550.0,4643.0,2695.5,3.0,4841.35
user_evp5iscs,"Shanghai, China",es,2023-11-27,20700.0,0,0,0,5.0,12785.0,7200.0,1824.0,2557.0,2.0,3803.3
user_ubmd2e2f,"Madrid, Spain",zh,2023-01-26,40338.0,0,0,0,6.0,19876.0,8985.0,3653.0,3312.6666666666665,4.0,5082.433333333333
user_2a5282v7,"Toronto, Canada",hi,2023-10-13,18564.0,0,0,0,9.0,25736.0,9030.0,2827.0,2859.5555555555557,5.0,4704.177777777777
user_ypmvx9m4,"Manchester, UK",es,2023-01-19,35088.0,0,0,0,7.0,12496.0,9642.0,3265.0,1785.142857142857,4.0,4438.171428571428
user_8relh62l,"Munich, Germany",zh,2023-08-19,1151.0,0,0,0,7.0,12834.0,7456.0,2758.0,1833.4285714285713,2.0,3705.1142857142854
user_nkptgzfk,"Paris, France",ja,2023-09-09,38786.0,0,0,0,5.0,13675.0,4827.0,2750.0,2735.0,4.0,3365.6
user_ze63it02,"Milan, Italy",ja,2023-04-06,37116.0,0,0,0,7.0,14039.0,6827.0,2374.0,2005.5714285714287,4.0,3525.6857142857143
user_rv5qhh6q,"Manchester, UK",pt,2023-03-23,5256.0,0,0,0,9.0,6645.0,11012.0,5548.0,738.3333333333334,4.0,4782.366666666667
user_4kq6t8bb,"Seoul, South Korea",en,2023-05-08,38929.0,0,0,0,8.0,17164.0,8183.0,4897.0,2145.5,3.0,4507.05
user_8az9uasg,"Cairo, Egypt",zh,2023-10-24,6263.0,0,0,0,11.0,24783.0,6436.0,4314.0,2253.0,5.0,3920.1000000000004
user_nj30zbtv,"Mumbai, India",de,2023-01-17,18202.0,0,0,0,9.0,18687.0,9319.0,4262.0,2076.3333333333335,4.0,4686.266666666666
user_38xako3d,"Johannesburg, South Africa",en,2023-05-20,26614.0,0,0,0,4.0,9029.0,5596.0,2594.0,2257.25,2.0,3326.2250000000004
user_kz59girv,"Dubai, UAE",pt,2023-08-19,48794.0,0,0,0,5.0,10478.0,4603.0,1135.0,2095.6,2.0,2655.7
user_h7u7wi0n,"Delhi, India",ja,2023-06-17,37912.0,0,0,0,9.0,22304.0,5449.0,6100.0,2478.222222222222,3.0,4093.811111111111
user_yrth0u5v,"Milan, Italy",hi,2023-08-21,6499.0,0,0,0,8.0,23098.0,9340.0,4361.0,2887.25,5.0,5117.825
user_aaiari8o,"Rome, Italy",ar,2023-08-18,16038.0,0,0,0,7.0,17087.0,10108.0,3700.0,2441.0,5.0,4992.9
user_wf6fogvd,"Osaka, Japan",de,2023-09-12,48576.0,0,0,0,5.0,12513.0,6284.0,2761.0,2502.6,3.0,3688.7
user_ywa69u1f,"Milan, Italy",zh,2023-09-30,21259.0,0,0,0,3.0,3955.0,4759.0,2235.0,1318.3333333333333,3.0,2533.866666666667
user_df7hi7fy,"London, UK",ja,2023-09-05,25475.0,0,0,0,15.0,29359.0,18387.0,6642.0,1957.2666666666667,4.0,7823.133333333333
user_7jn7qu75,"Sydney, Australia",ja,2023-07-14,25306.0,0,0,0,8.0,21264.0,7972.0,3657.0,2658.0,4.0,4452.0
user_dtqoi70v,"New York, USA",en,2023-03-21,43807.0,0,0,0,7.0,5988.0,5959.0,3598.0,855.4285714285714,4.0,2935.0142857142855
user_pk1ptdj4,"Dubai, UAE",ru,2023-11-16,48116.0,0,0,0,6.0,15018.0,6520.0,2333.0,2503.0,4.0,3674.1
user_yx62v2ol,"Delhi, India",fr,2023-06-08,21569.0,0,0,0,9.0,18887.0,11221.0,5235.0,2098.5555555555557,4.0,5462.577777777778
user_hko8pxwz,"Chicago, USA",es,2023-03-08,42258.0,0,0,0,7.0,19188.0,4241.0,3280.0,2741.1428571428573,4.0,3298.8714285714286
user_jnknxe13,"Lagos, Nigeria",ar,2023-08-30,35496.0,0,0,0,13.0,25393.0,14805.0,6807.0,1953.3076923076924,5.0,6779.553846153845
user_hdwsy3nf,"Vancouver, Canada",fr,2023-03-28,10597.0,0,0,0,11.0,27732.0,9218.0,5591.0,2521.090909090909,5.0,5144.145454545454
user_ga23fa19,"Toronto, Canada",fr,2023-08-11,17759.0,0,0,0,9.0,23664.0,9204.0,4923.0,2629.3333333333335,4.0,5060.466666666667
user_e68x1vfa,"New York, USA",hi,2023-05-18,14402.0,0,0,0,9.0,12402.0,10408.0,5268.0,1378.0,4.0,4865.0
user_40dkmjju,"Delhi, India",ru,2023-09-15,24631.0,0,0,0,6.0,18204.0,4961.0,3858.0,3034.0,4.0,3776.9
user_cdzp4vm2,"Beijing, China",ru,2023-05-22,11187.0,0,0,0,11.0,31542.0,9747.0,6730.0,2867.4545454545455,5.0,5703.827272727272
user_3u7xgcuc,"Rome, Italy",fr,2023-10-06,11332.0,0,0,0,6.0,17746.0,5439.0,3725.0,2957.6666666666665,3.0,3855.5333333333333
user_4mu1c80o,"Houston, USA",fr,2023-05-13,11711.0,0,0,0,8.0,18571.0,9467.0,5710.0,2321.375,5.0,5142.7875
user_7vqtuvea,"Milan, Italy",fr,2023-04-29,29183.0,0,0,0,8.0,19958.0,7901.0,3836.0,2494.75,4.0,4384.875
user_j5l1l3j3,"Milan, Italy",ja,2023-08-03,24370.0,0,0,0,6.0,6021.0,4535.0,2879.0,1003.5,1.0,2438.05
user_t635oen6,"Johannesburg, South Africa",ru,2023-09-17,4167.0,0,0,0,9.0,20483.0,8586.0,5767.0,2275.8888888888887,3.0,4867.144444444444
user_8svvq28t,"Tokyo, Japan",de,2023-07-11,14540.0,0,0,0,6.0,7709.0,8537.0,3329.0,1284.8333333333333,3.0,3869.3166666666666
user_a3pgcgw9,"São Paulo, Brazil",ru,2023-01-05,9882.0,0,0,0,4.0,4929.0,2108.0,3111.0,1232.25,4.0,1870.7250000000001
user_c6zjvhsi,"Munich, Germany",pt,2023-08-30,20781.0,0,0,0,7.0,24032.0,9608.0,3206.0,3433.1428571428573,4.0,5240.171428571429
user_mzxfajfz,Singapore,hi,2023-02-28,24372.0,0,0,0,5.0,13344.0,4930.0,3418.0,2668.8,3.0,3497.0
user_04aagjp1,"Rio de Janeiro, Brazil",de,2023-10-31,19180.0,0,0,0,12.0,13365.0,11979.0,4367.0,1113.75,5.0,5023.975
user_fhm7i47h,"Beijing, China",hi,2023-06-20,43143.0,0,0,0,8.0,15727.0,7631.0,3784.0,1965.875,3.0,4029.0375
user_y0232w01,"Johannesburg, South Africa",fr,2023-04-01,14198.0,0,0,0,12.0,32068.0,10852.0,6449.0,2672.3333333333335,5.0,5881.566666666667
user_reqsqicb,"Toronto, Canada",hi,2023-03-04,49432.0,0,0,0,13.0,26376.0,13445.0,4554.0,2028.923076923077,4.0,5958.761538461538
user_aqe9wzh2,"New York, USA",pt,2023-11-27,34088.0,0,0,0,8.0,23149.0,7914.0,3751.0,2893.625,4.0,4571.2125
user_ff9hvncb,"Madrid, Spain",hi,2023-04-23,44674.0,0,0,0,9.0,9915.0,10126.0,4730.0,1101.6666666666667,4.0,4534.633333333333
user_2cw1ku4n,"Osaka, Japan",fr,2023-09-03,21168.0,0,0,0,6.0,7342.0,5985.0,3401.0,1223.6666666666667,4.0,3087.5333333333338
user_37efz59m,Singapore,pt,2023-09-02,43780.0,0,0,0,8.0,21718.0,8636.0,3375.0,2714.75,4.0,4623.174999999999
user_txrypced,"Rome, Italy",de,2023-05-28,2479.0,0,0,0,10.0,28813.0,8677.0,5406.0,2881.3,5.0,5124.95
user_kuoam2mf,"Toronto, Canada",fr,2023-12-18,47454.0,0,0,0,4.0,12152.0,3600.0,1528.0,3038.0,2.0,2904.6
user_bcl4gqby,"São Paulo, Brazil",ar,2023-05-11,20758.0,0,0,0,7.0,19973.0,8127.0,2846.0,2853.285714285714,3.0,4433.942857142857
user_y5urixy6,"Munich, Germany",pt,2023-12-26,445.0,0,0,0,9.0,24127.0,6331.0,5401.0,2680.777777777778,3.0,4319.888888888889
user_02sm9ly7,"Seoul, South Korea",ru,2023-10-12,48317.0,0,0,0,8.0,13670.0,7138.0,4382.0,1708.75,3.0,3872.175
user_9ksxfq3r,"Manchester, UK",zh,2023-03-18,49368.0,0,0,0,5.0,16365.0,6079.0,2558.0,3273.0,2.0,3971.7999999999997
user_ovph1ui0,"New York, USA",de,2023-11-11,41310.0,0,0,0,7.0,16900.0,7438.0,3076.0,2414.285714285714,4.0,4053.7428571428572
user_pywq9u0v,"Dubai, UAE",zh,2023-12-27,21892.0,0,0,0,8.0,21448.0,7958.0,4214.0,2681.0,4.0,4570.7
user_q8v94nlh,"Houston, USA",ar,2023-07-16,21147.0,0,0,0,9.0,17376.0,9690.0,5409.0,1930.6666666666667,5.0,4954.133333333333
user_cfz014a5,"Munich, Germany",zh,2023-12-06,44736.0,0,0,0,6.0,19561.0,4229.0,2697.0,3260.1666666666665,4.0,3438.1833333333334
user_1gol317c,"Shanghai, China",ru,2023-06-04,10814.0,0,0,0,4.0,12819.0,4131.0,1132.0,3204.75,2.0,3068.0750000000003
user_8c2t4hs8,"Rome, Italy",es,2023-02-01,7988.0,0,0,0,5.0,12021.0,5999.0,3362.0,2404.2,3.0,3674.2000000000003
user_m8iw7i4v,"Toronto, Canada",ar,2023-01-13,38283.0,0,0,0,6.0,14560.0,8452.0,2904.0,2426.6666666666665,3.0,4329.733333333334
user_ft4u9ffd,"Los Angeles, USA",pt,2023-09-02,48667.0,0,0,0,8.0,24262.0,7974.0,4405.0,3032.75,4.0,4789.575
user_52k9e623,"Rome, Italy",ja,2023-05-23,23441.0,0,0,0,7.0,13580.0,5597.0,3467.0,1940.0,3.0,3342.5
user_alnj3vsd,"New York, USA",ja,2023-11-16,28413.0,0,0,0,7.0,20607.0,8599.0,3090.0,2943.8571428571427,3.0,4669.628571428571
user_oy2uc0b2,"Madrid, Spain",hi,2023-10-24,19124.0,0,0,0,8.0,13592.0,10841.0,4372.0,1699.0,3.0,4976.199999999999
user_7m4u5drn,"Rio de Janeiro, Brazil",pt,2023-02-20,40653.0,0,0,0,5.0,6953.0,6357.0,3349.0,1390.6,3.0,3272.2
user_1s351pwn,"Mexico City, Mexico",es,2023-04-15,13971.0,0,0,0,9.0,20909.0,4822.0,4082.0,2323.222222222222,5.0,3424.611111111111
user_xw9kkgik,"Lagos, Nigeria",de,2023-06-04,12357.0,0,0,0,6.0,13481.0,5833.0,1758.0,2246.8333333333335,3.0,3224.9166666666665
user_8bcte4x2,"São Paulo, Brazil",ja,2023-10-31,46936.0,0,0,0,12.0,31169.0,12766.0,8058.0,2597.4166666666665,4.0,6740.108333333334
user_uyyao98x,"Chicago, USA",hi,2023-01-11,11625.0,0,0,0,11.0,19364.0,11709.0,5694.0,1760.3636363636363,5.0,5531.681818181818
user_ogtvuuki,"Cairo, Egypt",es,2023-12-13,4459.0,0,0,0,11.0,25484.0,11770.0,5333.0,2316.7272727272725,4.0,5755.963636363636
user_pmor94x3,"Mumbai, India",zh,2023-03-24,7510.0,0,0,0,8.0,16655.0,8874.0,4959.0,2081.875,4.0,4694.9375
user_h8y1m5k9,"Barcelona, Spain",en,2023-02-09,38418.0,0,0,0,4.0,13756.0,5731.0,2200.0,3439.0,3.0,3878.8
user_fchpzhlh,"Shanghai, China",pt,2023-08-03,24220.0,0,0,0,7.0,6795.0,6849.0,2568.0,970.7142857142857,2.0,3053.6571428571424
user_00evmn72,"Johannesburg, South Africa",hi,2023-03-28,28265.0,0,0,0,11.0,17784.0,6717.0,4902.0,1616.7272727272727,5.0,3803.8636363636365
user_d88b8qoh,"São Paulo, Brazil",en,2023-02-12,1569.0,0,0,0,9.0,24347.0,10970.0,4273.0,2705.222222222222,4.0,5498.211111111112
user_eies3y7t,"Rio de Janeiro, Brazil",es,2023-10-27,8695.0,0,0,0,5.0,12494.0,4875.0,1467.0,2498.8,3.0,3005.3
user_r7rpurvq,"Los Angeles, USA",hi,2023-09-27,2812.0,0,0,0,10.0,22892.0,11241.0,4860.0,2289.2,5.0,5488.9
user_iydubon4,"Toronto, Canada",hi,2023-11-25,3178.0,0,0,0,11.0,16160.0,11352.0,4363.0,1469.090909090909,5.0,5012.745454545455
user_ytwjdefg,"Mumbai, India",zh,2023-01-11,8878.0,0,0,0,4.0,4479.0,4786.0,1849.0,1119.75,2.0,2365.475
user_1in5bvdf,Singapore,ar,2023-09-16,7749.0,0,0,0,9.0,26179.0,10287.0,3907.0,2908.777777777778,3.0,5321.888888888889
user_j4z9koyz,"Shanghai, China",zh,2023-05-23,20300.0,0,0,0,6.0,18565.0,6763.0,3380.0,3094.1666666666665,4.0,4251.983333333334
user_n59vpv83,"New York, USA",hi,2023-10-21,32421.0,0,0,0,7.0,16438.0,4366.0,2362.0,2348.285714285714,3.0,2956.342857142857
user_wr2785sn,"New York, USA",ar,2023-12-05,12713.0,0,0,0,12.0,33231.0,10751.0,6274.0,2769.25,5.0,5864.724999999999
user_gpq94odr,"London, UK",ar,2023-02-02,39793.0,0,0,0,9.0,25915.0,9515.0,4203.0,2879.4444444444443,4.0,5134.822222222223
user_49claaw8,"Milan, Italy",de,2023-10-22,36636.0,0,0,0,10.0,29482.0,11277.0,4880.0,2948.2,4.0,5833.2
user_gyx5gifk,"Vancouver, Canada",es,2023-04-29,3302.0,0,0,0,6.0,13528.0,7638.0,4091.0,2254.6666666666665,3.0,4236.933333333333
user_rm8c3wgs,"Milan, Italy",ar,2023-05-19,23940.0,0,0,0,2.0,6084.0,1273.0,781.0,3042.0,1.0,2059.1
user_5t7flftu,"Beijing, China",ru,2023-09-06,24133.0,0,0,0,8.0,15713.0,9092.0,4185.0,1964.125,5.0,4546.6625
user_a2a9oe87,Singapore,ru,2023-10-16,27688.0,0,0,0,5.0,8290.0,4951.0,1872.0,1658.0,4.0,2688.7000000000003
user_gb2vq8n8,Singapore,en,2023-06-17,22892.0,0,0,0,3.0,8009.0,3806.0,1535.0,2669.6666666666665,2.0,2783.633333333333
user_yn18x47n,"Cairo, Egypt",hi,2023-04-24,16381.0,0,0,0,8.0,12447.0,8787.0,4262.0,1555.875,5.0,4266.4375
user_6gy6nrlo,"Mumbai, India",hi,2023-04-25,17618.0,0,0,0,7.0,9281.0,9190.0,4302.0,1325.857142857143,4.0,4280.328571428572
user_m3w9lbt0,"Seoul, South Korea",zh,2023-10-27,24034.0,0,0,0,7.0,20587.0,8718.0,3253.0,2941.0,4.0,4736.5
user_kgeoogvo,"Chicago, USA",en,2023-10-14,39218.0,0,0,0,10.0,19002.0,9348.0,4293.0,1900.2,5.0,4613.1
user_5n6jz0q7,Singapore,es,2023-10-19,21262.0,0,0,0,11.0,26296.0,13201.0,4402.0,2390.5454545454545,4.0,6035.972727272727
user_hln16pdf,"Delhi, India",ar,2023-09-13,31944.0,0,0,0,7.0,14786.0,7959.0,4101.0,2112.285714285714,3.0,4264.0428571428565
user_bf0xs7co,Singapore,ru,2023-08-24,39894.0,0,0,0,6.0,16367.0,5652.0,3357.0,2727.8333333333335,3.0,3730.9166666666665
user_0digod7y,"Cairo, Egypt",ar,2023-07-31,27536.0,0,0,0,7.0,18151.0,5809.0,2123.0,2593.0,5.0,3463.7999999999997
user_086yixlz,"Paris, France",ar,2023-04-29,36105.0,0,0,0,10.0,12996.0,10218.0,4771.0,1299.6,5.0,4669.4
user_ji15uy0l,"London, UK",zh,2023-09-07,44142.0,0,0,0,3.0,8728.0,2952.0,1140.0,2909.3333333333335,3.0,2568.266666666667
user_sumcbxzj,"Toronto, Canada",ja,2023-05-01,27073.0,0,0,0,5.0,8085.0,3522.0,2383.0,1617.0,3.0,2341.7
user_ruzvsfpj,"Beijing, China",en,2023-11-23,7098.0,0,0,0,8.0,23825.0,7566.0,3606.0,2978.125,5.0,4480.0625
user_5jzr83cf,"Sydney, Australia",ja,2023-09-30,28802.0,0,0,0,5.0,13787.0,4237.0,2587.0,2757.4,3.0,3167.2000000000003
user_s7fkmb0p,"Houston, USA",ar,2023-07-14,35780.0,0,0,0,5.0,3555.0,4361.0,1691.0,711.0,2.0,2002.0
user_3cp9v5hy,"Johannesburg, South Africa",de,2023-05-26,11273.0,0,0,0,10.0,21734.0,9601.0,5389.0,2173.4,5.0,5044.8
user_z2r9v1ms,"Los Angeles, USA",es,2023-06-16,1897.0,0,0,0,7.0,15018.0,7924.0,3868.0,2145.4285714285716,3.0,4223.5142857142855
user_t4qd1q5j,"London, UK",ja,2023-06-01,18639.0,0,0,0,6.0,13728.0,6072.0,3239.0,2288.0,4.0,3613.4
user_v20bhdbp,"Barcelona, Spain",es,2023-06-02,6540.0,0,0,0,6.0,16347.0,6244.0,3361.0,2724.5,3.0,3907.6499999999996
user_najfasrj,"London, UK",ja,2023-12-01,3919.0,0,0,0,8.0,22011.0,8152.0,4038.0,2751.375,5.0,4628.8875
user_xjkv8d43,"Houston, USA",hi,2023-07-12,13651.0,0,0,0,5.0,15260.0,3986.0,3644.0,3052.0,2.0,3450.6000000000004
user_oaiwrlyl,"Rio de Janeiro, Brazil",fr,2023-08-05,29790.0,0,0,0,7.0,18299.0,6971.0,2781.0,2614.1428571428573,3.0,3954.5714285714284
user_vhsumg9c,"Dubai, UAE",ru,2023-08-28,32650.0,0,0,0,8.0,20418.0,8062.0,3975.0,2552.25,4.0,4489.725
user_pbn2tgep,"Paris, France",fr,2023-03-01,38343.0,0,0,0,7.0,14352.0,6029.0,4385.0,2050.285714285714,3.0,3710.842857142857
user_lpaf67a1,"Los Angeles, USA",de,2023-07-18,47406.0,0,0,0,11.0,15773.0,9258.0,5515.0,1433.909090909091,4.0,4597.354545454546
user_3m0fddpp,"Toronto, Canada",fr,2023-03-01,327.0,0,0,0,9.0,25335.0,8582.0,3881.0,2815.0,5.0,4758.3
user_52mjcujd,"Chicago, USA",en,2023-12-25,20543.0,0,0,0,7.0,18930.0,6942.0,4116.0,2704.285714285714,4.0,4257.942857142857
user_4a0layyx,"Johannesburg, South Africa",zh,2023-04-04,39364.0,0,0,0,8.0,17396.0,8106.0,2868.0,2174.5,5.0,4092.6499999999996
user_96uhzseg,"London, UK",ar,2023-04-24,27186.0,0,0,0,12.0,27731.0,8845.0,5657.0,2310.9166666666665,5.0,4940.358333333334
user_e6tqf43a,"Beijing, China",fr,2023-10-13,30497.0,0,0,0,6.0,16656.0,6861.0,1433.0,2776.0,3.0,3732.8999999999996
user_4ol58cyf,"Lyon, France",fr,2023-12-24,22618.0,0,0,0,7.0,19064.0,7921.0,4091.0,2723.4285714285716,4.0,4556.214285714285
user_w4tb9pr9,"Los Angeles, USA",pt,2023-11-25,47532.0,0,0,0,9.0,18448.0,9442.0,5954.0,2049.777777777778,4.0,5048.288888888889
user_tl3fefo0,"Tokyo, Japan",ar,2023-12-02,11653.0,0,0,0,6.0,14678.0,4354.0,3910.0,2446.3333333333335,3.0,3311.366666666667
user_9v1fxe3b,"Houston, USA",ru,2023-06-04,33330.0,0,0,0,6.0,16802.0,4471.0,2471.0,2800.3333333333335,4.0,3235.666666666667
user_lafp17kc,"Shanghai, China",zh,2023-05-14,40151.0,0,0,0,8.0,21124.0,7781.0,4845.0,2640.5,5.0,4623.549999999999
user_pp3dgfak,"Seoul, South Korea",es,2023-10-01,109.0,0,0,0,5.0,11357.0,6303.0,2418.0,2271.4,3.0,3510.2
user_pr7bcf45,"Chicago, USA",fr,2023-08-05,30128.0,0,0,0,13.0,36499.0,12976.0,7918.0,2807.6153846153848,5.0,6880.207692307693
user_nk06mmye,"Beijing, China",ru,2023-01-31,34221.0,0,0,0,3.0,5420.0,2329.0,1286.0,1806.6666666666667,2.0,1859.2333333333333
user_22etnc8h,"Berlin, Germany",de,2023-02-10,41143.0,0,0,0,12.0,19395.0,10117.0,5486.0,1616.25,5.0,4940.425
user_5gxidbb7,"Houston, USA",pt,2023-12-14,37766.0,0,0,0,9.0,23004.0,6848.0,5337.0,2556.0,4.0,4399.8
user_wr3q3r0o,"Berlin, Germany",zh,2023-05-18,17020.0,0,0,0,7.0,12499.0,6950.0,3880.0,1785.5714285714287,2.0,3753.785714285714
user_qrddznnv,"Berlin, Germany",de,2023-05-31,7821.0,0,0,0,7.0,19454.0,4881.0,4295.0,2779.1428571428573,4.0,3712.8714285714286
user_ku7fboeu,"Osaka, Japan",ja,2023-08-26,41538.0,0,0,0,10.0,9871.0,12747.0,5521.0,987.1,4.0,5421.849999999999
user_9m6lzkx0,"Paris, France",zh,2023-12-01,15072.0,0,0,0,9.0,17318.0,6260.0,4544.0,1924.2222222222222,4.0,3748.9111111111115
user_tjzr3rrj,"New York, USA",fr,2023-05-26,5652.0,0,0,0,8.0,25489.0,6937.0,5321.0,3186.125,4.0,4738.3625
user_c2tfuv1t,"Houston, USA",ru,2023-01-18,339.0,0,0,0,2.0,7654.0,1492.0,1475.0,3827.0,2.0,2656.1
user_6fijt4ks,"Lyon, France",hi,2023-02-28,44023.0,0,0,0,11.0,27171.0,8640.0,6311.0,2470.090909090909,5.0,5089.245454545455
user_1depqq3s,"Vancouver, Canada",fr,2023-09-19,22365.0,0,0,0,8.0,25463.0,6832.0,4678.0,3182.875,4.0,4576.6375
user_zwtxksrs,"Houston, USA",es,2023-12-13,1009.0,0,0,0,13.0,28024.0,14242.0,7855.0,2155.6923076923076,5.0,6921.446153846153
user_j9uoodiz,"New York, USA",ja,2023-05-03,15236.0,0,0,0,7.0,22997.0,8670.0,3151.0,3285.285714285714,4.0,4873.842857142857
user_1461f2hf,"Lagos, Nigeria",ar,2023-03-18,44644.0,0,0,0,5.0,15299.0,6606.0,2347.0,3059.8,3.0,3981.1
user_kzbok9uv,"Beijing, China",fr,2023-07-07,11473.0,0,0,0,11.0,20214.0,10308.0,6390.0,1837.6363636363637,4.0,5289.218181818182
user_egbm0x5r,"Manchester, UK",pt,2023-12-22,8593.0,0,0,0,3.0,7448.0,2902.0,1440.0,2482.6666666666665,1.0,2399.9333333333334
user_os4zasf3,"Toronto, Canada",ru,2023-05-09,11237.0,0,0,0,9.0,25391.0,8182.0,5857.0,2821.222222222222,5.0,5036.611111111111
user_zeatlk93,"Mexico City, Mexico",ar,2023-11-22,17607.0,0,0,0,4.0,13889.0,4424.0,1456.0,3472.25,4.0,3354.5249999999996
user_ysbkmmxf,"Toronto, Canada",ja,2023-03-31,46203.0,0,0,0,3.0,6679.0,4424.0,1680.0,2226.3333333333335,2.0,2776.366666666667
user_vfz790ui,"Delhi, India",ja,2023-08-19,39245.0,0,0,0,5.0,11916.0,2797.0,2790.0,2383.2,3.0,2588.7
user_4ald4jkl,"Beijing, China",pt,2023-06-27,45703.0,0,0,0,5.0,7197.0,3758.0,3071.0,1439.4,5.0,2461.3
user_d9971ba6,"Dubai, UAE",hi,2023-03-27,13964.0,0,0,0,6.0,16378.0,7480.0,3045.0,2729.6666666666665,3.0,4217.833333333333
user_cwh9v5dk,"Munich, Germany",en,2023-09-08,17364.0,0,0,0,12.0,26198.0,11844.0,5227.0,2183.1666666666665,4.0,5690.1833333333325
user_lyccsofd,"Manchester, UK",hi,2023-10-06,10310.0,0,0,0,8.0,15563.0,9367.0,3732.0,1945.375,4.0,4529.1875
user_zbmsjsbn,"Shanghai, China",ru,2023-12-04,25016.0,0,0,0,6.0,12027.0,3190.0,2566.0,2004.5,3.0,2472.45
user_5exkshy7,"Rio de Janeiro, Brazil",ja,2023-09-19,43729.0,0,0,0,8.0,20457.0,10523.0,3911.0,2557.125,4.0,5217.662499999999
user_zdj1d4y5,"London, UK",es,2023-01-06,11492.0,0,0,0,12.0,20079.0,10783.0,4980.0,1673.25,4.0,5067.525
user_op7k2mli,"Tokyo, Japan",en,2023-01-13,24762.0,0,0,0,11.0,29698.0,11324.0,4424.0,2699.818181818182,4.0,5631.909090909091
user_pvhgwztj,"Munich, Germany",hi,2023-10-28,39975.0,0,0,0,5.0,10224.0,4648.0,3584.0,2044.8,4.0,3133.6
user_pg17nta6,"Los Angeles, USA",de,2023-07-12,2363.0,0,0,0,7.0,18882.0,5858.0,2951.0,2697.4285714285716,4.0,3696.3142857142857
user_omum896s,"Rome, Italy",de,2023-01-07,1160.0,0,0,0,11.0,19803.0,9423.0,5849.0,1800.2727272727273,4.0,4896.836363636364
user_488o0j8b,"Sydney, Australia",en,2023-07-06,33551.0,0,0,0,6.0,13951.0,8147.0,3368.0,2325.1666666666665,3.0,4280.283333333334
user_jlw733x7,"Shanghai, China",ar,2023-08-10,39303.0,0,0,0,3.0,7181.0,2358.0,982.0,2393.6666666666665,2.0,2100.633333333333
user_0xdo28q7,"Vancouver, Canada",ja,2023-06-20,21353.0,0,0,0,7.0,15406.0,9029.0,4209.0,2200.8571428571427,5.0,4650.928571428572
user_uo5emkil,"Barcelona, Spain",de,2023-01-22,21276.0,0,0,0,6.0,20794.0,7439.0,2893.0,3465.6666666666665,4.0,4543.133333333333
user_kbdvf8d6,"Tokyo, Japan",es,2023-01-14,4645.0,0,0,0,10.0,20485.0,8945.0,3920.0,2048.5,3.0,4491.75
user_zfhfi8vl,"Los Angeles, USA",hi,2023-11-11,25841.0,0,0,0,10.0,26468.0,11340.0,5211.0,2646.8,3.0,5767.599999999999
user_vu9y0rv6,"Madrid, Spain",fr,2023-07-31,45870.0,0,0,0,5.0,12920.0,5125.0,3235.0,2584.0,4.0,3476.5
user_bxly4qsk,"Melbourne, Australia",de,2023-06-09,37124.0,0,0,0,8.0,17909.0,7901.0,4402.0,2238.625,5.0,4370.0125
user_8ko1uayz,"Mumbai, India",ar,2023-10-16,26642.0,0,0,0,9.0,17849.0,8902.0,4469.0,1983.2222222222222,5.0,4556.011111111111
user_cgjc9dik,"Los Angeles, USA",ja,2023-06-26,14179.0,0,0,0,6.0,15771.0,5571.0,3042.0,2628.5,2.0,3593.9500000000003
user_ugd6vymw,"Rome, Italy",hi,2023-10-31,40742.0,0,0,0,9.0,18086.0,8122.0,5123.0,2009.5555555555557,4.0,4465.977777777778
user_bsrrv0ob,"Lagos, Nigeria",en,2023-07-08,14576.0,0,0,0,8.0,17233.0,7949.0,5869.0,2154.125,2.0,4635.5625
user_octykp3s,"Barcelona, Spain",zh,2023-02-05,13203.0,0,0,0,11.0,21024.0,7358.0,6478.0,1911.2727272727273,4.0,4458.636363636364
user_7vpwoqp2,"Seoul, South Korea",zh,2023-09-14,18406.0,0,0,0,7.0,17577.0,8000.0,3212.0,2511.0,5.0,4297.9
user_xy0zqsx1,"Osaka, Japan",ru,2023-11-18,46574.0,0,0,0,5.0,12947.0,5307.0,2898.0,2589.4,2.0,3466.4
user_ljik1yxy,"Johannesburg, South Africa",de,2023-03-25,33695.0,0,0,0,8.0,17671.0,9395.0,2637.0,2208.875,4.0,4450.3375
user_v85ub55d,"London, UK",pt,2023-04-10,39315.0,0,0,0,7.0,9955.0,8623.0,3566.0,1422.142857142857,4.0,4011.171428571429
user_21t39k1j,"Paris, France",en,2023-11-13,41573.0,0,0,0,12.0,29506.0,12738.0,5345.0,2458.8333333333335,4.0,6119.816666666667
user_nhmgke5n,"Rio de Janeiro, Brazil",de,2023-12-03,9937.0,0,0,0,6.0,14286.0,6485.0,2515.0,2381.0,3.0,3639.0
user_4xle01hd,"Paris, France",ar,2023-05-05,9516.0,0,0,0,8.0,18493.0,9527.0,2683.0,2311.625,5.0,4550.5125
user_5k81svok,"Milan, Italy",de,2023-08-19,8124.0,0,0,0,12.0,34732.0,12428.0,4615.0,2894.3333333333335,5.0,6098.566666666667
user_xbva0qcq,"Manchester, UK",hi,2023-07-17,21901.0,0,0,0,5.0,10280.0,4275.0,2225.0,2056.0,4.0,2755.5
user_i5gyaj59,"Rome, Italy",zh,2023-02-26,26215.0,0,0,0,8.0,24709.0,8618.0,2626.0,3088.625,3.0,4654.912499999999
user_cw087eow,"Chicago, USA",zh,2023-10-11,31159.0,0,0,0,9.0,22668.0,7698.0,4382.0,2518.6666666666665,5.0,4445.133333333333
user_4h468qeh,"Munich, Germany",ru,2023-09-25,31209.0,0,0,0,7.0,16807.0,6773.0,4688.0,2401.0,4.0,4170.0
user_he9lmvpu,"Houston, USA",hi,2023-11-03,46685.0,0,0,0,5.0,17567.0,5326.0,926.0,3513.4,4.0,3539.7
user_pfk0frq8,"Lagos, Nigeria",de,2023-01-29,6808.0,0,0,0,3.0,4652.0,2446.0,1291.0,1550.6666666666667,2.0,1767.3333333333333
user_bpm9h48i,"Rio de Janeiro, Brazil",es,2023-04-03,16456.0,0,0,0,6.0,9008.0,5090.0,2127.0,1501.3333333333333,4.0,2703.0666666666666
user_n3hsc00d,"London, UK",de,2023-11-08,6692.0,0,0,0,6.0,8768.0,4274.0,2415.0,1461.3333333333333,3.0,2495.866666666667
user_mbfbjjix,"New York, USA",zh,2023-06-09,11084.0,0,0,0,7.0,15805.0,4819.0,4319.0,2257.8571428571427,4.0,3438.4285714285716
user_vx8uw7j8,"Osaka, Japan",zh,2023-06-24,19339.0,0,0,0,6.0,10663.0,8534.0,3583.0,1777.1666666666667,2.0,4165.383333333333
user_lr3fagdl,"Paris, France",en,2023-10-13,21509.0,0,0,0,9.0,26229.0,8990.0,5568.0,2914.3333333333335,5.0,5267.766666666667
user_ls1b021f,Singapore,hi,2023-08-10,42127.0,0,0,0,12.0,26357.0,13003.0,6121.0,2196.4166666666665,5.0,6223.3083333333325
user_3v5bmc1w,"Johannesburg, South Africa",ar,2023-11-22,45585.0,0,0,0,10.0,20758.0,11550.0,4385.0,2075.8,3.0,5379.9
user_2kpx7bq7,"Manchester, UK",zh,2023-08-02,1954.0,0,0,0,6.0,15263.0,4811.0,2860.0,2543.8333333333335,3.0,3287.2166666666667
user_7ynl9cyw,"London, UK",es,2023-04-07,24437.0,0,0,0,10.0,18261.0,9008.0,5465.0,1826.1,4.0,4708.45
user_jp89dfll,"Osaka, Japan",zh,2023-06-23,47314.0,0,0,0,8.0,20109.0,9847.0,5628.0,2513.625,5.0,5336.512500000001
user_zh3km46r,"Melbourne, Australia",ru,2023-04-24,44219.0,0,0,0,8.0,21603.0,6234.0,2975.0,2700.375,3.0,3815.3875
user_0snf4coc,"São Paulo, Brazil",de,2023-07-27,42927.0,0,0,0,14.0,34691.0,12864.0,6902.0,2477.9285714285716,4.0,6478.564285714285
user_67hyf45u,"Vancouver, Canada",de,2023-04-05,898.0,0,0,0,11.0,32514.0,13871.0,5662.0,2955.818181818182,5.0,6771.609090909091
user_r81b8x1v,"Tokyo, Japan",en,2023-10-07,43520.0,0,0,0,7.0,13930.0,4618.0,3848.0,1990.0,4.0,3149.9999999999995
user_bxxatzfk,"Paris, France",ru,2023-01-02,15151.0,0,0,0,11.0,26475.0,12658.0,4616.0,2406.818181818182,3.0,5924.00909090909
user_7vp5lq28,"Mexico City, Mexico",es,2023-12-21,27066.0,0,0,0,5.0,12523.0,5758.0,2969.0,2504.6,3.0,3573.5
user_wny0eggt,"Tokyo, Japan",pt,2023-02-09,7793.0,0,0,0,6.0,12423.0,6408.0,2581.0,2070.5,4.0,3473.8499999999995
user_eatb59cy,"Mexico City, Mexico",en,2023-08-02,39881.0,0,0,0,5.0,15923.0,6394.0,2117.0,3184.6,4.0,3933.9
user_kuccczbl,"Cairo, Egypt",zh,2023-02-28,24509.0,0,0,0,7.0,19747.0,7762.0,3285.0,2821.0,3.0,4396.1
user_ul3t78j5,"Manchester, UK",ar,2023-11-03,49287.0,0,0,0,7.0,17823.0,8327.0,3594.0,2546.1428571428573,3.0,4489.971428571429
user_p382lkdc,"New York, USA",fr,2023-08-15,23676.0,0,0,0,5.0,15920.0,4962.0,3689.0,3184.0,3.0,3818.4
user_v90c7v7k,"Manchester, UK",en,2023-02-08,38478.0,0,0,0,6.0,20489.0,5027.0,2657.0,3414.8333333333335,3.0,3746.9166666666665
user_3j8m535e,"Tokyo, Japan",ar,2023-06-28,24336.0,0,0,0,10.0,28059.0,12143.0,4785.0,2805.9,4.0,6002.85
user_ykcupti7,"Milan, Italy",en,2023-03-01,20735.0,0,0,0,10.0,25096.0,9117.0,3522.0,2509.6,3.0,4694.299999999999
user_6am6m4he,"Milan, Italy",ru,2023-12-29,42340.0,0,0,0,9.0,22850.0,6763.0,5246.0,2538.8888888888887,5.0,4347.544444444444
user_bxh59css,"Rome, Italy",en,2023-10-22,34876.0,0,0,0,5.0,-4745.0,5495.0,1395.0,-949.0,2.0,1453.0
user_739k0164,"Rome, Italy",fr,2023-02-16,13285.0,0,0,0,9.0,22633.0,9420.0,3607.0,2514.777777777778,4.0,4804.788888888888
user_nv39lexw,"Chicago, USA",ar,2023-07-03,6441.0,0,0,0,8.0,21419.0,7009.0,5576.0,2677.375,5.0,4556.5875
user_21xbx95a,"Dubai, UAE",es,2023-01-28,37334.0,0,0,0,7.0,15111.0,7524.0,2404.0,2158.714285714286,3.0,3817.357142857143
user_6q691qyw,"Johannesburg, South Africa",de,2023-02-22,44759.0,0,0,0,4.0,9959.0,3793.0,1020.0,2489.75,3.0,2586.7749999999996
user_84886kht,"Cairo, Egypt",ja,2023-06-30,17475.0,0,0,0,8.0,18755.0,5474.0,4120.0,2344.375,4.0,3638.3875
user_d0m2tiau,"Seoul, South Korea",ru,2023-06-04,8439.0,0,0,0,12.0,30587.0,8764.0,5522.0,2548.9166666666665,5.0,5008.0583333333325
user_chlfff5h,"Cairo, Egypt",fr,2023-02-16,11640.0,0,0,0,7.0,13627.0,5642.0,3967.0,1946.7142857142858,4.0,3459.3571428571427
user_34epscp1,"Mexico City, Mexico",zh,2023-05-03,8767.0,0,0,0,7.0,14092.0,8837.0,3171.0,2013.142857142857,3.0,4291.871428571429
user_52nwb0a6,"Melbourne, Australia",pt,2023-10-31,17113.0,0,0,0,11.0,27410.0,10188.0,5409.0,2491.818181818182,5.0,5384.109090909092
user_0bjcdj9t,"Osaka, Japan",pt,2023-07-31,40001.0,0,0,0,9.0,23834.0,10561.0,3941.0,2648.222222222222,5.0,5280.61111111111
user_oknxkzax,"Manchester, UK",en,2023-12-13,34257.0,0,0,0,15.0,26131.0,17042.0,7345.0,1742.0666666666666,5.0,7452.633333333333
user_zftpt5jm,"Lagos, Nigeria",pt,2023-04-19,33930.0,0,0,0,10.0,23011.0,10282.0,5228.0,2301.1,4.0,5280.75
user_nocj2u22,"Mumbai, India",hi,2023-08-20,24513.0,0,0,0,9.0,12611.0,7886.0,3603.0,1401.2222222222222,3.0,3787.0111111111105
user_ktq7v6k9,"Paris, France",de,2023-03-02,26436.0,0,0,0,9.0,20571.0,8562.0,5127.0,2285.6666666666665,3.0,4736.833333333334
user_9mtets0p,"Johannesburg, South Africa",pt,2023-09-09,8262.0,0,0,0,14.0,31075.0,17597.0,5076.0,2219.6428571428573,5.0,7404.121428571428
user_f1zb31m9,"Shanghai, China",es,2023-05-30,46628.0,0,0,0,9.0,22358.0,11782.0,6567.0,2484.222222222222,4.0,6090.111111111111
user_xeefhrn8,"Manchester, UK",pt,2023-02-07,43744.0,0,0,0,9.0,24318.0,10868.0,4961.0,2702.0,3.0,5603.599999999999
user_3y9hmsqu,"Lagos, Nigeria",fr,2023-05-28,4352.0,0,0,0,10.0,19485.0,9689.0,4349.0,1948.5,5.0,4750.75
user_87kc1g6d,"Houston, USA",hi,2023-05-05,7238.0,0,0,0,14.0,26245.0,16565.0,6320.0,1874.642857142857,5.0,7170.821428571428
user_l5tg9fs9,"Munich, Germany",es,2023-10-08,8582.0,0,0,0,4.0,-203.0,2586.0,788.0,-50.75,2.0,908.025
user_wozqxxuj,"Lyon, France",ja,2023-09-08,32180.0,0,0,0,7.0,6572.0,9056.0,2549.0,938.8571428571429,3.0,3696.0285714285715
user_jbexdryn,"Barcelona, Spain",zh,2023-12-20,35471.0,0,0,0,10.0,23283.0,6500.0,3745.0,2328.3,4.0,3863.15
user_65x8ekq5,"Vancouver, Canada",ru,2023-05-07,11582.0,0,0,0,11.0,16470.0,14576.0,4733.0,1497.2727272727273,5.0,6068.0363636363645
user_xetn4exw,"Dubai, UAE",ja,2023-08-09,14902.0,0,0,0,16.0,38559.0,14682.0,8823.0,2409.9375,5.0,7374.16875
user_burti9os,"Rome, Italy",pt,2023-10-30,19117.0,0,0,0,3.0,2481.0,2697.0,2039.0,827.0,3.0,1630.3999999999999
user_1dor4ub9,"Melbourne, Australia",ru,2023-05-20,3948.0,0,0,0,10.0,22143.0,11516.0,4605.0,2214.3,4.0,5482.95
user_2f0wwm7k,"Rio de Janeiro, Brazil",ja,2023-02-20,38582.0,0,0,0,9.0,19563.0,7725.0,4654.0,2173.6666666666665,5.0,4335.133333333333
user_bpeh6r2x,"Rome, Italy",ar,2023-11-15,39573.0,0,0,0,6.0,12120.0,5700.0,2024.0,2020.0,4.0,3124.8
user_nopk6luq,"Tokyo, Japan",ja,2023-08-27,19663.0,0,0,0,8.0,22188.0,8728.0,3449.0,2773.5,4.0,4694.95
user_h2cc650s,"Toronto, Canada",ja,2023-09-04,12019.0,0,0,0,6.0,10750.0,5655.0,2805.0,1791.6666666666667,2.0,3153.3333333333335
user_69szlmwo,"New York, USA",zh,2023-11-05,15267.0,0,0,0,8.0,21012.0,8822.0,4335.0,2626.5,4.0,4826.85
user_rn59h12j,"Houston, USA",hi,2023-08-25,16164.0,0,0,0,10.0,28491.0,10689.0,4535.0,2849.1,3.0,5538.25
user_ztrgkwrt,"Johannesburg, South Africa",es,2023-08-27,30306.0,0,0,0,8.0,21857.0,11636.0,3818.0,2732.125,3.0,5620.4625
user_nf5l9rnd,"Johannesburg, South Africa",ru,2023-11-10,34045.0,0,0,0,13.0,24855.0,16278.0,7190.0,1911.923076923077,5.0,7277.361538461538
user_tlwy34pg,"New York, USA",es,2023-12-29,24453.0,0,0,0,12.0,22369.0,11252.0,3404.0,1864.0833333333333,5.0,4988.441666666667
user_f7gw8r95,"Manchester, UK",zh,2023-10-21,14142.0,0,0,0,9.0,23587.0,12097.0,4909.0,2620.777777777778,4.0,5921.288888888889
user_katitpu9,"Beijing, China",es,2023-02-06,23216.0,0,0,0,7.0,3854.0,8669.0,3075.0,550.5714285714286,4.0,3490.985714285714
user_do27uxxo,"Seoul, South Korea",es,2023-04-17,17481.0,0,0,0,5.0,9400.0,3458.0,2416.0,1880.0,3.0,2460.6
user_v5erx0ex,"Barcelona, Spain",hi,2023-04-26,17290.0,0,0,0,2.0,206.0,2346.0,821.0,103.0,2.0,919.5
user_29wn0kte,"Shanghai, China",es,2023-05-07,24106.0,0,0,0,3.0,4194.0,3446.0,2083.0,1398.0,2.0,2149.4
user_r7eg1rac,"Houston, USA",fr,2023-04-15,2052.0,0,0,0,12.0,29424.0,13800.0,6056.0,2452.0,5.0,6577.2
user_vdgsk6rt,"Milan, Italy",fr,2023-04-01,38095.0,0,0,0,6.0,8075.0,6467.0,4258.0,1345.8333333333333,4.0,3464.6166666666663
user_8hlbgldx,"Vancouver, Canada",ru,2023-06-01,13905.0,0,0,0,4.0,3341.0,4307.0,2260.0,835.25,2.0,2161.725
user_ckihmwlk,"Berlin, Germany",es,2023-08-31,20122.0,0,0,0,4.0,8876.0,4149.0,1582.0,2219.0,1.0,2670.6
user_t7iq5b8i,"São Paulo, Brazil",es,2023-10-24,16997.0,0,0,0,8.0,13069.0,9110.0,3423.0,1633.625,3.0,4234.4125
user_5c73xjvg,"Berlin, Germany",fr,2023-03-18,33817.0,0,0,0,6.0,18775.0,4684.0,2219.0,3129.1666666666665,3.0,3413.5833333333335
user_gi4jvjqd,"Tokyo, Japan",hi,2023-03-05,41198.0,0,0,0,8.0,17099.0,6408.0,4332.0,2137.375,4.0,3857.4874999999997
user_ekw6pu9s,"Barcelona, Spain",de,2023-06-05,13820.0,0,0,0,9.0,23049.0,7719.0,4401.0,2561.0,5.0,4476.4
user_unr2aqgd,"Cairo, Egypt",ja,2023-12-30,9404.0,0,0,0,12.0,15121.0,13442.0,5374.0,1260.0833333333333,4.0,5737.441666666667
user_0aacyvtz,"Rome, Italy",ru,2023-01-19,1452.0,0,0,0,11.0,26752.0,10591.0,6196.0,2432.0,3.0,5632.499999999999
user_zwtc0w1c,"London, UK",en,2023-12-17,5798.0,0,0,0,6.0,13603.0,5194.0,2951.0,2267.1666666666665,4.0,3281.9833333333336
user_9px5q0by,"Lyon, France",zh,2023-12-23,46167.0,0,0,0,8.0,23877.0,6706.0,3466.0,2984.625,5.0,4197.3125
user_ouggehu2,"Manchester, UK",zh,2023-02-27,29402.0,0,0,0,11.0,29412.0,11813.0,6830.0,2673.818181818182,4.0,6246.8090909090915
user_9lyd7sqy,"Melbourne, Australia",zh,2023-09-05,27460.0,0,0,0,7.0,7107.0,8992.0,3750.0,1015.2857142857143,4.0,3955.2428571428572
user_ewvhln58,"Seoul, South Korea",fr,2023-08-01,29588.0,0,0,0,7.0,6757.0,9892.0,2886.0,965.2857142857143,4.0,4027.442857142857
user_uioec9tu,"Rome, Italy",pt,2023-06-17,26060.0,0,0,0,9.0,20123.0,7448.0,4453.0,2235.8888888888887,4.0,4242.944444444444
user_ixw57ddo,"Chicago, USA",de,2023-08-14,49484.0,0,0,0,7.0,14349.0,7557.0,3201.0,2049.8571428571427,3.0,3932.228571428571
user_86lxvpfg,"Lagos, Nigeria",pt,2023-01-06,12675.0,0,0,0,5.0,15936.0,4948.0,1871.0,3187.2,4.0,3452.2
user_wfoibt5f,"Melbourne, Australia",pt,2023-09-29,49332.0,0,0,0,4.0,4395.0,4744.0,2133.0,1098.75,3.0,2399.175
user_t0di0wp6,"Milan, Italy",ar,2023-01-20,4750.0,0,0,0,7.0,15388.0,10210.0,3160.0,2198.285714285714,4.0,4794.142857142857
user_7gm44p81,"Toronto, Canada",fr,2023-07-02,1960.0,0,0,0,5.0,13548.0,6636.0,2844.0,2709.6,3.0,3914.4
user_o7ao5viq,"Dubai, UAE",zh,2023-11-14,19308.0,0,0,0,3.0,9006.0,2502.0,1499.0,3002.0,2.0,2551.4
user_dxyefwh5,"Tokyo, Japan",fr,2023-02-01,47791.0,0,0,0,9.0,21744.0,8424.0,5968.0,2416.0,4.0,4928.8
user_rtp2dykx,"Berlin, Germany",es,2023-06-07,14113.0,0,0,0,11.0,22300.0,13047.0,7639.0,2027.2727272727273,5.0,6455.536363636364
user_q2stxtlj,"Mexico City, Mexico",zh,2023-12-30,44195.0,0,0,0,5.0,8900.0,6504.0,3066.0,1780.0,2.0,3454.3999999999996
user_vlsb91yi,"Vancouver, Canada",ar,2023-10-30,31473.0,0,0,0,5.0,11014.0,5769.0,2560.0,2202.8,2.0,3344.1000000000004
user_60qt3bld,"Toronto, Canada",hi,2023-01-10,39963.0,0,0,0,2.0,5063.0,2974.0,1165.0,2531.5,1.0,2390.95
user_f2smsclm,"Paris, France",fr,2023-09-10,5978.0,0,0,0,12.0,25004.0,13497.0,5823.0,2083.6666666666665,5.0,6255.533333333334
user_fumgsyfe,"Los Angeles, USA",es,2023-03-18,40156.0,0,0,0,11.0,21745.0,10931.0,4435.0,1976.8181818181818,4.0,5154.70909090909
user_t028mbub,"Osaka, Japan",en,2023-04-21,49727.0,0,0,0,5.0,15523.0,4251.0,2392.0,3104.6,2.0,3306.0
user_l8ovyk6s,"New York, USA",ja,2023-10-08,30100.0,0,0,0,9.0,29564.0,13083.0,3906.0,3284.8888888888887,4.0,6348.544444444444
user_uw0vd87k,"Milan, Italy",hi,2023-10-16,11640.0,0,0,0,6.0,21625.0,4508.0,2709.0,3604.1666666666665,3.0,3696.2833333333333
user_ctdjnqvi,"Dubai, UAE",hi,2023-02-16,34193.0,0,0,0,15.0,36971.0,14491.0,6777.0,2464.733333333333,4.0,6935.0666666666675
user_2bqhmzq3,"Milan, Italy",pt,2023-10-08,30207.0,0,0,0,9.0,21324.0,9260.0,4321.0,2369.3333333333335,5.0,4826.866666666667
user_k16jgobs,"New York, USA",zh,2023-09-08,35293.0,0,0,0,10.0,17800.0,7435.0,5676.0,1780.0,5.0,4255.7
user_ay79c8du,"Barcelona, Spain",ru,2023-01-05,21312.0,0,0,0,9.0,18561.0,8490.0,5055.0,2062.3333333333335,5.0,4589.166666666667
user_2ecys8dy,Singapore,ru,2023-08-30,34991.0,0,0,0,8.0,15302.0,5855.0,4024.0,1912.75,4.0,3517.675
user_t3oblcqc,"Osaka, Japan",en,2023-07-27,20765.0,0,0,0,6.0,13019.0,4215.0,3236.0,2169.8333333333335,4.0,2996.616666666667
user_f7siruac,"Milan, Italy",es,2023-02-01,42293.0,0,0,0,5.0,14740.0,3486.0,2271.0,2948.0,4.0,2974.0
user_csluibwk,"Tokyo, Japan",pt,2023-09-08,19091.0,0,0,0,12.0,26849.0,14626.0,4078.0,2237.4166666666665,4.0,6322.108333333334
user_g2hbxvtg,"Chicago, USA",ar,2023-12-01,46791.0,0,0,0,6.0,13953.0,5264.0,3015.0,2325.5,3.0,3344.95
user_73jr6imn,"Berlin, Germany",ru,2023-08-13,7267.0,0,0,0,7.0,17223.0,8073.0,4438.0,2460.4285714285716,4.0,4539.714285714286
user_d8ouiga8,"Los Angeles, USA",de,2023-04-06,5270.0,0,0,0,10.0,27646.0,10776.0,5720.0,2764.6,5.0,5759.099999999999
user_8h6gfa0x,"Toronto, Canada",es,2023-10-11,14596.0,0,0,0,6.0,11268.0,5673.0,2617.0,1878.0,4.0,3164.2999999999997
user_9i3o9pky,"Milan, Italy",de,2023-07-08,42591.0,0,0,0,9.0,25788.0,9027.0,5195.0,2865.3333333333335,4.0,5179.766666666666
user_0nzzm3ff,"Munich, Germany",es,2023-01-25,16757.0,0,0,0,8.0,16949.0,7605.0,3708.0,2118.625,4.0,4082.4125
user_ouwnxemr,"Delhi, India",fr,2023-04-12,28826.0,0,0,0,10.0,7404.0,9638.0,4244.0,740.4,4.0,4110.4
user_t3vc5gvq,"Berlin, Germany",pt,2023-06-11,49312.0,0,0,0,7.0,16332.0,6966.0,3428.0,2333.1428571428573,3.0,3941.9714285714285
user_x3e3o9nf,"Cairo, Egypt",fr,2023-10-17,14201.0,0,0,0,5.0,4075.0,5178.0,3558.0,815.0,2.0,2672.5
user_3pd2fily,"Rome, Italy",pt,2023-04-22,3536.0,0,0,0,6.0,16155.0,6647.0,2700.0,2692.5,3.0,3880.35
user_0q1hamqb,"Sydney, Australia",ru,2023-06-03,14670.0,0,0,0,7.0,11819.0,7098.0,3755.0,1688.4285714285713,3.0,3724.614285714286
user_ptkum7pu,"Barcelona, Spain",fr,2023-09-18,32127.0,0,0,0,6.0,17025.0,2882.0,3541.0,2837.5,3.0,2991.55
user_kf84zwv2,"Paris, France",es,2023-04-18,49575.0,0,0,0,13.0,34930.0,15229.0,6170.0,2686.923076923077,3.0,7146.161538461538
user_oudpq98k,"Mexico City, Mexico",fr,2023-06-04,44614.0,0,0,0,5.0,10245.0,4798.0,2101.0,2049.0,2.0,2884.0999999999995
user_tbqj08gl,"Munich, Germany",ja,2023-04-29,18181.0,0,0,0,6.0,17729.0,5967.0,3309.0,2954.8333333333335,3.0,3929.3166666666666
user_2ezvg796,"Delhi, India",ja,2023-09-15,34913.0,0,0,0,7.0,13554.0,4933.0,4424.0,1936.2857142857142,4.0,3332.842857142857
user_lt9gdb5a,"Delhi, India",en,2023-07-27,40557.0,0,0,0,5.0,11403.0,5919.0,3045.0,2280.6,3.0,3525.0
user_0o5ujsl6,"Tokyo, Japan",en,2023-04-17,48064.0,0,0,0,10.0,20398.0,10430.0,4730.0,2039.8,4.0,5094.9
user_bxjv2352,"Shanghai, China",pt,2023-10-26,41874.0,0,0,0,7.0,18627.0,6344.0,5091.0,2661.0,4.0,4251.9
user_f3crksgl,"Los Angeles, USA",ar,2023-09-13,37091.0,0,0,0,11.0,29220.0,9446.0,6037.0,2656.3636363636365,5.0,5369.381818181819
user_b86ckvf0,"Milan, Italy",ja,2023-11-07,2730.0,0,0,0,10.0,25046.0,10965.0,5092.0,2504.6,5.0,5560.200000000001
user_ustdftr6,"Cairo, Egypt",ar,2023-12-09,8723.0,0,0,0,10.0,22941.0,9337.0,3315.0,2294.1,4.0,4611.15
user_wolyc68e,"Berlin, Germany",hi,2023-09-24,21598.0,0,0,0,10.0,20790.0,6246.0,3460.0,2079.0,3.0,3605.3
user_6lk9bh8q,"Johannesburg, South Africa",ru,2023-04-18,30992.0,0,0,0,8.0,10307.0,6363.0,3951.0,1288.375,4.0,3343.2874999999995
user_2sz5870k,"Paris, France",ar,2023-08-14,22469.0,0,0,0,9.0,32606.0,8317.0,3932.0,3622.8888888888887,5.0,5092.944444444443
user_wq3xvu3q,"Toronto, Canada",en,2023-06-24,28585.0,0,0,0,5.0,13657.0,4737.0,2193.0,2731.4,3.0,3225.4
user_ag1vxq20,"London, UK",hi,2023-01-27,2589.0,0,0,0,6.0,13341.0,6694.0,3039.0,2223.5,4.0,3727.75
user_8cnur462,"Melbourne, Australia",es,2023-06-22,2916.0,0,0,0,5.0,6092.0,7338.0,2799.0,1218.4,3.0,3370.4000000000005
user_rzirln2k,"Sydney, Australia",ru,2023-03-30,47343.0,0,0,0,5.0,8636.0,6001.0,2715.0,1727.2,3.0,3206.9
user_knjtsbf3,"Toronto, Canada",zh,2023-06-27,1298.0,0,0,0,11.0,36092.0,8606.0,4121.0,3281.090909090909,2.0,5046.545454545454
user_4bgfq7v1,"Rome, Italy",ar,2023-03-17,22396.0,0,0,0,11.0,18192.0,7501.0,5340.0,1653.8181818181818,4.0,4145.209090909091
user_eyivvxsv,"Chicago, USA",zh,2023-06-19,34931.0,0,0,0,7.0,22999.0,4544.0,3363.0,3285.5714285714284,4.0,3678.5857142857144
user_3e6vbpgy,"Mumbai, India",ar,2023-02-26,25969.0,0,0,0,13.0,30543.0,14682.0,6657.0,2349.4615384615386,5.0,6910.7307692307695
user_t4fac9ry,"Lyon, France",zh,2023-12-16,45249.0,0,0,0,5.0,10237.0,6259.0,1934.0,2047.4,3.0,3288.2
user_d540lt76,"Los Angeles, USA",de,2023-06-22,8352.0,0,0,0,7.0,10880.0,6372.0,2080.0,1554.2857142857142,4.0,3104.7428571428572
user_ybzvk37m,"Paris, France",fr,2023-11-23,41467.0,0,0,0,10.0,25245.0,11584.0,5733.0,2524.5,5.0,5884.05
user_usts5yuo,"Shanghai, China",ja,2023-12-31,49933.0,0,0,0,6.0,17632.0,6607.0,3669.0,2938.6666666666665,4.0,4185.233333333334
user_zozhwbis,"Paris, France",de,2023-10-25,4580.0,0,0,0,11.0,36498.0,5844.0,6129.0,3318.0,4.0,4638.0
user_vzkc4eex,"Madrid, Spain",en,2023-05-17,34062.0,0,0,0,4.0,9160.0,4375.0,1324.0,2290.0,2.0,2722.3
user_qchyte6l,"New York, USA",en,2023-09-17,33190.0,0,0,0,5.0,12948.0,4143.0,3748.0,2589.6,4.0,3287.2999999999997
user_13595b5a,"Delhi, India",es,2023-02-14,28095.0,0,0,0,7.0,11139.0,9873.0,4090.0,1591.2857142857142,3.0,4575.542857142857
user_7ca0d2ca,"Toronto, Canada",hi,2023-05-24,49154.0,0,0,0,12.0,30874.0,11738.0,5792.0,2572.8333333333335,4.0,5966.216666666667
user_bvyufsqe,"Rio de Janeiro, Brazil",en,2023-04-28,5032.0,0,0,0,5.0,15566.0,4560.0,2714.0,3113.2,4.0,3467.4
user_a4bx0p77,"Lyon, France",fr,2023-09-26,44508.0,0,0,0,6.0,10379.0,4485.0,4692.0,1729.8333333333333,3.0,3148.8166666666666
user_df1ei5h3,Singapore,de,2023-11-03,13742.0,0,0,0,11.0,21186.0,7398.0,6734.0,1926.0,4.0,4529.200000000001
user_frcablkw,"Chicago, USA",hi,2023-08-12,21147.0,0,0,0,5.0,14412.0,3046.0,2795.0,2882.4,2.0,2914.0
user_jc5pei2a,"Seoul, South Korea",ar,2023-05-21,9428.0,0,0,0,6.0,11834.0,7434.0,1822.0,1972.3333333333333,2.0,3580.7666666666664
user_q73dl3ap,"Mumbai, India",en,2023-08-09,21528.0,0,0,0,8.0,23175.0,9484.0,3273.0,2896.875,5.0,4948.2375
user_wo5zxl0h,"Melbourne, Australia",ja,2023-09-04,29999.0,0,0,0,10.0,21434.0,7596.0,5764.0,2143.4,4.0,4503.3
user_nwv6ddob,"Barcelona, Spain",zh,2023-08-26,28382.0,0,0,0,9.0,15683.0,10071.0,3371.0,1742.5555555555557,3.0,4566.777777777777
user_wxx3ex8f,"Milan, Italy",fr,2023-07-10,31724.0,0,0,0,7.0,15999.0,5721.0,3974.0,2285.5714285714284,3.0,3653.885714285714
user_o9e3yl5r,"Madrid, Spain",de,2023-10-03,36520.0,0,0,0,12.0,17734.0,16439.0,5755.0,1477.8333333333333,4.0,6821.616666666667
user_w409zojg,"Cairo, Egypt",es,2023-01-23,13702.0,0,0,0,4.0,7548.0,2656.0,1917.0,1887.0,2.0,2123.7
user_mv849ksk,"Los Angeles, USA",de,2023-08-28,8860.0,0,0,0,9.0,14596.0,7256.0,4884.0,1621.7777777777778,5.0,3964.488888888889
user_89lof2wj,"Mumbai, India",fr,2023-09-26,12147.0,0,0,0,6.0,1381.0,7669.0,2694.0,230.16666666666666,3.0,2954.5833333333335
user_t7oaimb8,"Madrid, Spain",en,2023-10-28,46209.0,0,0,0,9.0,21762.0,6988.0,5049.0,2418.0,4.0,4315.2
user_pylae2xz,"Beijing, China",es,2023-06-21,16830.0,0,0,0,6.0,12111.0,4707.0,2392.0,2018.5,4.0,2899.75
user_1rcpzj4g,"Osaka, Japan",ar,2023-02-03,40768.0,0,0,0,10.0,21023.0,4561.0,5760.0,2102.3,4.0,3571.45
user_wojoag7g,"Rio de Janeiro, Brazil",es,2023-04-05,18813.0,0,0,0,5.0,5091.0,6229.0,3411.0,1018.2,3.0,3060.0
user_vulstdsx,"Los Angeles, USA",hi,2023-03-23,17640.0,0,0,0,8.0,14701.0,6131.0,4967.0,1837.625,4.0,3751.5125000000003
user_qyjwwu3o,"Beijing, China",zh,2023-01-14,39819.0,0,0,0,8.0,19829.0,8105.0,4524.0,2478.625,4.0,4575.6125
user_wous5rom,"Milan, Italy",fr,2023-05-15,44353.0,0,0,0,5.0,4337.0,5072.0,2672.0,867.4,4.0,2489.7
user_btbjsufs,"London, UK",ja,2023-01-25,30087.0,0,0,0,9.0,29926.0,6795.0,3147.0,3325.1111111111113,4.0,4330.455555555556
user_rpjjwdw9,"Mexico City, Mexico",ru,2023-05-27,44670.0,0,0,0,8.0,12266.0,12674.0,3369.0,1533.25,4.0,5242.625
user_cmf4omis,"Houston, USA",ar,2023-08-30,21040.0,0,0,0,6.0,11872.0,7385.0,2032.0,1978.6666666666667,2.0,3611.2333333333336
user_5lmyv131,"Toronto, Canada",de,2023-10-29,10443.0,0,0,0,6.0,14918.0,8446.0,1619.0,2486.3333333333335,4.0,4100.766666666666
user_ep00xpmt,"Barcelona, Spain",hi,2023-11-07,7893.0,0,0,0,5.0,10460.0,3985.0,2087.0,2092.0,4.0,2658.9
user_3obvzmc6,"Johannesburg, South Africa",es,2023-05-02,40810.0,0,0,0,2.0,7803.0,941.0,1000.0,3901.5,1.0,2433.05
user_afdu5gw9,"Rome, Italy",hi,2023-11-23,31784.0,0,0,0,10.0,24803.0,9363.0,6149.0,2480.3,4.0,5278.85
user_xrod8bh2,"Rio de Janeiro, Brazil",zh,2023-08-26,48702.0,0,0,0,8.0,9747.0,9964.0,4383.0,1218.375,4.0,4474.9875
user_xbe6b7kn,"Mumbai, India",ja,2023-08-26,43163.0,0,0,0,6.0,11510.0,5629.0,3934.0,1918.3333333333333,3.0,3434.666666666667
user_77m315jj,"Munich, Germany",en,2023-01-06,30293.0,0,0,0,10.0,24953.0,10386.0,4862.0,2495.3,5.0,5335.85
user_hvqqyzoi,"Melbourne, Australia",zh,2023-11-10,3213.0,0,0,0,12.0,9815.0,15376.0,5622.0,817.9166666666666,4.0,6146.158333333333
user_vec6gvbu,"Osaka, Japan",en,2023-01-28,17295.0,0,0,0,13.0,29655.0,11271.0,7150.0,2281.153846153846,4.0,5951.876923076923
user_hq06wwgk,"Munich, Germany",pt,2023-06-16,43992.0,0,0,0,8.0,19329.0,10755.0,5057.0,2416.125,4.0,5445.9625
user_3jxx3h3w,"London, UK",ru,2023-10-28,35570.0,0,0,0,14.0,36380.0,11922.0,8597.0,2598.5714285714284,5.0,6595.285714285714
user_cwgik1z6,"Chicago, USA",ja,2023-11-22,36868.0,0,0,0,9.0,15628.0,5846.0,4810.0,1736.4444444444443,5.0,3584.022222222222
user_bx9xyj6k,"Shanghai, China",en,2023-03-29,19618.0,0,0,0,5.0,5894.0,5330.0,2364.0,1178.8,3.0,2661.2000000000003
user_6ky50rd4,"Melbourne, Australia",de,2023-01-31,42295.0,0,0,0,9.0,12228.0,11564.0,5351.0,1358.6666666666667,5.0,5218.733333333333
user_xyvxp8vz,"London, UK",de,2023-02-01,6702.0,0,0,0,9.0,18303.0,8592.0,5902.0,2033.6666666666667,5.0,4774.833333333334
user_fb59r176,"Toronto, Canada",zh,2023-10-03,41308.0,0,0,0,9.0,22806.0,9240.0,4890.0,2534.0,4.0,5017.0
user_6xvmxfyf,"Melbourne, Australia",de,2023-11-27,7470.0,0,0,0,10.0,24985.0,11336.0,4296.0,2498.5,3.0,5509.249999999999
user_t56uvdd8,"Mumbai, India",ar,2023-04-28,15578.0,0,0,0,5.0,12530.0,7433.0,2638.0,2506.0,3.0,4010.5
user_0x2s6pho,"Shanghai, China",ja,2023-05-28,26993.0,0,0,0,9.0,22349.0,6417.0,4501.0,2483.222222222222,5.0,4066.9111111111106
user_j5s6xg7p,"Dubai, UAE",fr,2023-11-21,22365.0,0,0,0,5.0,11841.0,4440.0,965.0,2368.2,4.0,2709.1
user_tvrrizk4,"Lagos, Nigeria",es,2023-12-13,24598.0,0,0,0,13.0,25478.0,11596.0,5177.0,1959.8461538461538,4.0,5494.123076923077
user_hrja27s4,"Paris, France",en,2023-10-13,42821.0,0,0,0,8.0,5172.0,7863.0,3150.0,646.5,4.0,3312.15
user_kktxhpej,"Delhi, India",zh,2023-08-27,31051.0,0,0,0,2.0,3043.0,1106.0,1046.0,1521.5,2.0,1301.75
user_4h2i9jla,"Los Angeles, USA",pt,2023-12-10,37825.0,0,0,0,8.0,20017.0,10096.0,3914.0,2502.125,4.0,5062.662499999999
user_b2k6dv8u,"Osaka, Japan",ar,2023-06-13,27707.0,0,0,0,8.0,18893.0,8025.0,2258.0,2361.625,2.0,4039.9125
user_jti6edje,"Toronto, Canada",en,2023-12-10,31392.0,0,0,0,9.0,21151.0,6294.0,3228.0,2350.1111111111113,4.0,3708.8555555555554
user_g9g7onlw,"Munich, Germany",de,2023-07-19,7981.0,0,0,0,13.0,39019.0,13859.0,4395.0,3001.4615384615386,5.0,6537.430769230769
user_e9paascb,"São Paulo, Brazil",de,2023-03-11,19695.0,0,0,0,14.0,24664.0,13279.0,6948.0,1761.7142857142858,4.0,6254.157142857143
user_wcqtxwgr,"Los Angeles, USA",en,2023-06-25,10281.0,0,0,0,11.0,27286.0,11747.0,4907.0,2480.5454545454545,5.0,5745.772727272728
user_06v0exkg,"Barcelona, Spain",zh,2023-05-20,552.0,0,0,0,12.0,29546.0,9231.0,8849.0,2462.1666666666665,4.0,5770.183333333333
user_v9k2zefm,"Shanghai, China",zh,2023-04-30,10505.0,0,0,0,10.0,24725.0,13865.0,5934.0,2472.5,4.0,6582.55
user_653h4bmg,"Berlin, Germany",de,2023-07-11,38484.0,0,0,0,12.0,20427.0,11438.0,6646.0,1702.25,5.0,5611.724999999999
user_49plobvw,"Shanghai, China",es,2023-04-06,8470.0,0,0,0,12.0,24440.0,12592.0,4570.0,2036.6666666666667,3.0,5709.933333333333
user_v82mrman,"Mexico City, Mexico",de,2023-01-30,24725.0,0,0,0,7.0,13987.0,8723.0,3961.0,1998.142857142857,4.0,4408.171428571429
user_cud134xj,"Barcelona, Spain",ja,2023-03-12,34665.0,0,0,0,11.0,29816.0,8091.0,6744.0,2710.5454545454545,4.0,5131.372727272727
user_m2ziq5ox,"Melbourne, Australia",ja,2023-11-24,4282.0,0,0,0,8.0,17380.0,8067.0,3367.0,2172.5,3.0,4179.75
user_do09zsgf,"Houston, USA",en,2023-01-12,1914.0,0,0,0,6.0,16322.0,8875.0,3441.0,2720.3333333333335,2.0,4710.866666666667
user_gikb0dqn,"Dubai, UAE",pt,2023-03-23,33219.0,0,0,0,7.0,19267.0,6171.0,3474.0,2752.4285714285716,3.0,3922.3142857142857
user_1ug2c6v8,"Mumbai, India",hi,2023-12-12,30337.0,0,0,0,10.0,22241.0,8152.0,4583.0,2224.1,4.0,4474.25
user_4snqim59,"Paris, France",pt,2023-07-03,20152.0,0,0,0,12.0,27927.0,10577.0,6622.0,2327.25,5.0,5661.125
user_d7fndosg,"Toronto, Canada",ja,2023-09-17,3708.0,0,0,0,7.0,17023.0,5268.0,3194.0,2431.8571428571427,4.0,3435.1285714285714
user_44damk88,Singapore,zh,2023-09-14,16377.0,0,0,0,2.0,4614.0,1377.0,591.0,2307.0,2.0,1684.8
user_dur7q95h,"Lyon, France",fr,2023-10-31,14508.0,0,0,0,8.0,16869.0,5602.0,3745.0,2108.625,4.0,3483.9125
user_wzt2ixn5,"Melbourne, Australia",ru,2023-03-01,32702.0,0,0,0,7.0,9778.0,4906.0,3172.0,1396.857142857143,3.0,2804.6285714285714
user_ewhj7uh3,"Houston, USA",es,2023-12-23,14378.0,0,0,0,5.0,7571.0,8382.0,1433.0,1514.2,3.0,3558.2999999999997
user_oypkjogs,"Dubai, UAE",es,2023-10-31,47001.0,0,0,0,6.0,12021.0,7067.0,2965.0,2003.5,5.0,3714.85
user_oki4xfhu,"São Paulo, Brazil",es,2023-10-23,42213.0,0,0,0,8.0,22490.0,9446.0,3308.0,2811.25,3.0,4901.025
user_1cz5m9ov,"Beijing, China",hi,2023-01-19,18267.0,0,0,0,8.0,14000.0,10592.0,4097.0,1750.0,4.0,4872.0
user_uby999hz,"Houston, USA",de,2023-02-14,10510.0,0,0,0,7.0,8435.0,4725.0,4060.0,1205.0,5.0,2832.0
user_5l9nw5ja,"Milan, Italy",hi,2023-05-07,11777.0,0,0,0,12.0,24320.0,11757.0,6969.0,2026.6666666666667,4.0,5934.233333333334
user_5bifiovr,"Johannesburg, South Africa",zh,2023-05-11,44077.0,0,0,0,11.0,31892.0,8669.0,6439.0,2899.2727272727275,5.0,5338.136363636364
user_m27g42ms,"Beijing, China",hi,2023-01-28,27325.0,0,0,0,7.0,15307.0,5480.0,3820.0,2186.714285714286,3.0,3501.357142857143
user_17homyqe,"Toronto, Canada",en,2023-07-27,4887.0,0,0,0,8.0,15656.0,7300.0,5001.0,1957.0,3.0,4168.7
user_057ka83m,"London, UK",zh,2023-02-11,17153.0,0,0,0,8.0,24889.0,8623.0,4168.0,3111.125,4.0,4976.0625
`,,,,24741.5,1,1,1,,,,,,,0.0
