post_id,source,source_type,source_name,text,timestamp,engagement_metric,lang,migration_flag
6b6b898f-9bc2-4b8b-b4e9-94213e5707e9,telegram,primary_dataset,telegram_playstore,"Aplikasi yg membantu, bisa buat kirim data besar dengan cepat",2021-07-30T23:16:35Z,0,en,1
13ee35f8-184c-4d35-a6be-d1ba57fab528,telegram,primary_dataset,telegram_playstore,Apakah aplikasi telegram membagikan hadiah pulsa 500rb sebagai reward 500jt download.... Soalnya sy dpt WhatsApp dpt hadiah pulsa 500rb,2021-07-29T23:27:10Z,0,en,1
dbe25e66-bc7e-41e7-8b6d-5b4a1ac12cf5,telegram,primary_dataset,telegram_playstore,Tolong lha yang buat telegram samain dnegan WhatsApp di kasih status jadinya bisa bikin status jadi nya ngga bosen saya mohon ya sekali lg si perbarui dna di kasih bisa bikin status seperti WhatsApp,2021-07-29T13:26:36Z,2,en,1
947947ac-ac95-4dd3-85bd-1bf40279f711,telegram,primary_dataset,telegram_playstore,"Kenapa beberapa hari ini tiap klik Link muter2 doank ya, harus clear data mulu",2021-07-26T13:18:26Z,0,en,1
3d37307d-19ac-4350-b215-da2f5b08d164,telegram,primary_dataset,telegram_playstore,Min masa menghubungkan trs si min dahal data gua lancar jaya min tolong min,2021-07-25T20:58:08Z,0,en,1
9f66df22-fa45-40a5-b196-ef781ebbe888,telegram,primary_dataset,telegram_playstore,"Saran :tolong dong kasih fitur status kyk WhatsApp,kalo ada pasti sekarang gua udah hapus nih WhatsApp",2021-07-25T20:31:20Z,0,en,1
aaadcdc8-a375-44e4-849c-609c0766861b,telegram,primary_dataset,telegram_playstore,Bikin fitur story dong minn make a story feature biar kita bisa upload status/story kek wa so we can upload status/story like whatsapp,2021-07-25T10:35:39Z,0,en,1
03e02d97-61cf-4893-a5c1-847fc6e15432,telegram,primary_dataset,telegram_playstore,Aplikasi sangat bagus. Ringan dan sangat irit penyimpanan. Tambahkan fitur yg menarik lagi seperti fitur story seperti whatsapp,2021-07-23T00:28:11Z,2,en,1
690d638a-683e-4316-8ca7-e6e14e20de6d,telegram,primary_dataset,telegram_playstore,Mantap dalam pengiriman data,2021-07-22T21:44:30Z,0,en,1
8870bda2-14bb-445d-8d43-8654ee6f354b,telegram,primary_dataset,telegram_playstore,"Aplikasinya bagus, tapi tolong ditambahkan vitur storynya dong kaya whatsapp!!! Biar lebih afdollll",2021-07-22T19:05:58Z,1,en,1
8e698014-7f4f-4790-a65d-26fe16093eac,telegram,primary_dataset,telegram_playstore,Keren bener beneran keren karna bisa nambah akun banyak salut banget sama telegram gak kayak WhatsApp messenger yang cuma bisa satu akun,2021-07-21T19:24:25Z,0,en,1
3af4217c-08f1-45ba-bb65-1c5c07dde99d,telegram,primary_dataset,telegram_playstore,Kurang fitur Status seperti WhatsApp,2021-07-21T19:11:21Z,0,en,1
a57d68e2-2325-4734-81fe-2876c9c6b92b,telegram,primary_dataset,telegram_playstore,Mantap banget penganti WhatsApp di masa akan datang tetapi masih banyak yang kurang fitur fitur nya,2021-07-20T22:51:05Z,0,en,1
9862ff5b-58bf-43bf-9324-1211d364edc1,telegram,primary_dataset,telegram_playstore,always better than whatsapp,2021-07-20T11:13:01Z,32,en,1
41de8bd7-85d6-40a0-975f-580c53f4fb60,telegram,primary_dataset,telegram_playstore,membantu komunikasi & pengiriman data,2021-07-19T16:52:12Z,0,en,1
f4a5d5bf-5807-4e45-8a52-1eda3ce520f2,telegram,primary_dataset,telegram_playstore,"Aplikasinya BAGUSSSSSA bnget, tp Skrng lagi brmasalah, aku gak bisa download video padahal aku udah hpus smua data2 yg gak pnting, yang tau pliss Kasih saran dong :'(",2021-07-19T12:01:54Z,9,en,1
a6c7884d-8cf9-41be-a007-a6c3d399f15a,telegram,primary_dataset,telegram_playstore,"Jika di telegram ada fitur story (status),saya pasti sudah menguninstal whatsapp",2021-07-19T08:39:14Z,1,en,1
b1eca2eb-121b-4a6b-baa3-a96d5023dcbb,telegram,primary_dataset,telegram_playstore,Saya suka sekali aplikasi ini sangat menyenangkan dan tidak cepat menghabiskan data saya suka sekali aplikasi ini,2021-07-17T14:42:53Z,1,en,1
8627495a-294e-46b0-a7a7-a25e6c79b067,telegram,primary_dataset,telegram_playstore,Apk ini bagus min . Tp tolong buat fitur status kek di whatsapp dan ig min,2021-07-16T17:44:27Z,2,en,1
a284587d-251b-4506-9391-242c32cd98b9,telegram,primary_dataset,telegram_playstore,Pengguna baru migrasi dari Bad Messenger ( WhatsApp),2021-07-16T17:00:35Z,0,en,1
c5dadaba-230d-4cb0-9d3e-19aedc3cb9f4,telegram,primary_dataset,telegram_playstore,tele tnggl nambahin fitur story pindah bnrn gue dri sebelh bnrn dah,2021-07-15T19:47:51Z,0,en,1
bf1bd487-d2c9-44a8-98a3-46f5892ba573,telegram,primary_dataset,telegram_playstore,Saya sangat suka karna stiker nya mirip iphone kalo diwhatsapp gk bisa kaya iphone tp lumayan bisa kita harus donlwoad whatsaap gb,2021-07-15T17:38:01Z,0,en,1
5d71e371-d4ad-4c12-a1c0-796cd7513781,telegram,primary_dataset,telegram_playstore,"Tolong perkuat, pertahan firewall Telegram, soalnya rawan pembobolan data pribadi.",2021-07-14T22:18:37Z,4,en,1
379ed84e-4f89-42bd-b3dd-5e3483938941,telegram,primary_dataset,telegram_playstore,"Apk nya bagus. Tp jujur, saya pengen di tambahin fitur status kayakk whatsapp dan Instagram. Tolong juga di beri enskripsi End-to-end kayak whatsapp agar tidakk mudah di retas. Sekian, terimakasih. Semoga di lihat komenan saya dan semoga di lakukan",2021-07-14T17:00:16Z,400,en,1
0e0a7c7e-5acf-444d-ba7d-5c5811fdf7e3,telegram,primary_dataset,telegram_playstore,Aku suka banget hampir mrip whatsapp hanya aj ini lebih dilengkapi dengan fitur pencarian jadi dapat temen baru deh ^-^,2021-07-13T09:29:32Z,1,en,1
1be7954e-24d0-426d-9707-c3bfb7ea0858,telegram,primary_dataset,telegram_playstore,Aplikasi nya bagus cocok buat main Rp atau pengganti WhatsApp tapi telegram saya suka eror kenapa yah!?,2021-07-09T22:02:28Z,2,en,1
70fc8294-3e86-446e-92f6-27e356807fa5,telegram,primary_dataset,telegram_playstore,"Bagus, kalo pindah device, chat nya otomatis pindah",2021-07-08T20:15:05Z,1,en,1
45d14c5b-30c2-42b9-80bf-059e2f3c71a0,telegram,primary_dataset,telegram_playstore,"Untuk fitur ""Lebih bagus dan lebih banyak"" daripada WhatsApp dan aplikasi chat lainnya yang sudah saya coba walaupun tidak ada fitur status seperti WhatsApp tapi its ok (no problem). Tapi kekuranganya hanya 1, ""keamanan"" pesan dan panggilan blm end to end seperti WhatsApp jadi agak rentan bocor ke pihak telegram dan pihak ketiga. sorry kalau mbandingin sama WhatsApp karena dia aplikasi chat paling populer sekarang .",2021-07-08T19:15:56Z,242,en,1
5956836a-12d3-4d26-baa7-17b641b82fc0,telegram,primary_dataset,telegram_playstore,"Aplikasinya mantap, kerjaan jadi lebih mudah, Halo mas admin, sekedar usul agar privacy dan security di sempurnakan, terutama pada ""group invite settings"" ditambahkan pilihan agar kita tidak bisa di undang atau di tambahkan ke grups atau channels, mengingat semakin banyaknya spam dan penipuan",2021-07-08T07:20:07Z,2,en,1
8743f350-6f07-40ff-bdea-321f6e9b3176,telegram,primary_dataset,telegram_playstore,"aplikasi nya bagus,,,cuma yg males nya itu tadi saya nonton di tele ,nah penyimpanan saya abis lalu saya ke pengaturan, telegram lalu hapus data ,,saya bodohnya hapus data seharusnya hapus cache,,nah pas mau masuk ke aplikasi telegram nya udh masukin nomer ,,,eh gk dapet SMS verifikasi,,,trus ada bacaan ,terlalu banyak mencoba,coba lagi ,,,,....itu gmn ya solusinya.... Terimakasih",2021-07-06T22:59:30Z,636,en,1
2a278fa8-594d-4d83-86fd-693a7839527f,telegram,primary_dataset,telegram_playstore,"Ada apa ini? Biasanya saya lancarr kok, ini kok ga bisa login. Saya suka uninstal lalu pasang lg karna ga suka hapus data. Mending uninstal dulu lalu unduh lagi. Tp pas login gabisaaa? Huhuuu sedih bgttttt",2021-07-06T01:13:10Z,1,en,1
dd8d25dc-63be-4647-b3dc-9d2dc80bf265,telegram,primary_dataset,telegram_playstore,Sengaja saya kasih 5 Bintang supaya di baca ... Tolong pada pihak aplklisi telegram saya mnta tolong data saya apus semua .. soal ya telegram saya sudah di pakai sama orang saya tdk bisa buka ya lagi mhon apus data saya mksih,2021-07-05T10:45:19Z,0,en,1
382dede3-6957-4b93-a367-26f150fe8b90,telegram,primary_dataset,telegram_playstore,Menarik sama seperti whatsapp,2021-07-01T19:35:17Z,0,en,1
ce508852-738a-4fc0-9321-65f7f8d57406,telegram,primary_dataset,telegram_playstore,Lebih nyaman pake telegram. Soalnya chatnya auto ke back up di sistem profilnya. Jadi kalo ganti perangkat ga perlu ribet buat recovery data di perangkat sebelumnya.,2021-06-30T22:55:22Z,11,en,1
d64caeeb-b100-41dd-b33d-93d5297c189a,telegram,primary_dataset,telegram_playstore,"Keren, dan mudah buat bikin grub atau chat gitu, kayak WHATSAPP gitu, cuman gadang ngelag, betul tidak?",2021-06-30T18:07:35Z,1,en,1
360f2f0a-8991-4249-90af-ed27864b8b8d,telegram,primary_dataset,telegram_playstore,Lebih banyak muatannya dan tdk mengganggu data internal,2021-06-29T21:03:51Z,0,en,1
d13a7f22-e2fe-4ae9-9c22-b4812a0b4e99,telegram,primary_dataset,telegram_playstore,"Aplikasi yg lebih baik dari WhatsApp, Tapi tolong enkripsi end-to-end langsung default jgn harus disetel dulu, biar lebih aman, Terimaksih Telegram atas semua fiturnya",2021-06-29T17:27:15Z,0,en,1
cb8fbcb0-1b14-4756-b2fa-91303767d4a5,telegram,primary_dataset,telegram_playstore,Memudahkan mengirim data,2021-06-29T17:12:25Z,0,en,1
8d233d63-47ae-402b-b216-976535cbaa1a,telegram,primary_dataset,telegram_playstore,"Kalau mau donwload. Donwload ajah. Anjirr paket lengkap ini mah!!!! Kurangnya cuma 1, gk bsa buat status. Kalo udah bisa buat status yakin dan percaya whatsapp gue uninstall",2021-06-28T11:05:16Z,187,en,1
aae15004-69fb-4698-95cc-0720f0ac0b20,telegram,primary_dataset,telegram_playstore,"Bagus hampir perfect , kalo bisa kaya whatsapp lg bisa bikin sttus jga yuk saingann ... Psti bakalan pindah ke tele deh klo ud bs bikin story",2021-06-27T00:02:05Z,1,en,1
b57fb9a6-81a1-4478-baf8-978c7e5114f6,telegram,primary_dataset,telegram_playstore,Perbaiki lagi masalah mengirim file besar mengulang lagi dari awal saat ditinggal pindah ke aplikasi lain,2021-06-26T21:50:03Z,1,en,1
9f81a3a1-d70b-4f24-9bae-498ae24b9a17,telegram,primary_dataset,telegram_playstore,"also add the story feature on whatsapp, to make it more exciting( 3",2021-06-26T17:44:30Z,0,en,1
03542fd9-e166-4609-a621-4f7e854c095a,telegram,primary_dataset,telegram_playstore,Kalau saja telegram ada fitur status saya yakin semua orang akan meninggal kan whatsapp dan beralih memakai telegram semua,2021-06-26T13:41:46Z,0,en,1
0bb91960-062d-48f2-90f5-182223dae995,telegram,primary_dataset,telegram_playstore,Better results,2021-06-26T13:23:08Z,0,en,1
caa397db-8847-423c-9b05-fa95e6ddcc35,telegram,primary_dataset,telegram_playstore,"Bagi yang bilang ""kenapa ga bisa download video? kok lama downloadnya? kenapa balik lagi ke 0% sih?"" mungkin itu memori telegram penuh, karena saya juga suka gitu kalo memori penuh, dan coba ke settings/pengaturan, klik ""data dan penyimpanan"" > ""pemakaian penyimpanan"" > ""hapus cache"" nah, trus tinggal coba download lagi, klo memang ttp gabisa mungkin hp anda yang memo nya penuh atau ada masalah jaringan, coba mulai ulang aja hp nya.",2021-06-26T11:40:14Z,4,en,1
f91d4291-2c9d-4b03-a837-501f004c6a64,telegram,primary_dataset,telegram_playstore,"Aplikasi pengirim pesan saingan Whatsapp, fitur yang komplit dan nyaman untuk dilihat maupun dipakai. Walaupun ada beberapa fitur yang Whatsapp punya namun Telegram tidak punya yang membuatnya kurang memadai. Contohnya adalah tanda centang saat mengirim pesan, kita tidak bisa tahu apakah pesan kita belum/sudah tersampaikan, atau hanya terkirim saja.",2021-06-26T09:21:59Z,0,en,1
0ac18376-3103-47d5-9b8d-b89f4ad96904,telegram,primary_dataset,telegram_playstore,Lebih privacy,2021-06-25T10:16:27Z,0,en,1
0df74791-713a-4622-b919-6eaa49d18d28,telegram,primary_dataset,telegram_playstore,Apk nya super keren tapi tambahain status nya di tele kayak di whatsapp,2021-06-24T13:27:12Z,0,en,1
aa520799-47bb-409a-93ed-d5831048ee10,telegram,primary_dataset,telegram_playstore,Plisss sii tambahin figur ekspor chat..kaya di whatsapp gtu laa...gua minta telegram ini aja sii tambahinn bisa ekspor chat buat yg chat pribadi klo bisaa hehe,2021-06-24T01:33:29Z,0,en,1
0a02a928-c33a-405a-acbd-2c7bf3eb0868,telegram,primary_dataset,telegram_playstore,Sebenarnya ini apk bagus Bagus banget Apalagi yang main rp Tapi masih ada beberapa kekurangan dari apk nya ini Kalo misalnya orang mau hapus akun Klo login disarankan bisa make akun email atau Facebook Supaya kalau udah gk bisa login lagi make nomor kita Masih bisa login dengan akun gmail dan Facebook Lalu mohon telegram tambahkan fitur story Supaya makin bagus Oke begitulah saran saya Apk ini bagus kok cuman butuh di update lagi aj,2021-06-23T07:07:02Z,5,en,1
4e9c0228-99ec-4cd4-b58d-accc21a19d92,telegram,primary_dataset,telegram_playstore,Pake whatsapp aja,2021-06-19T13:27:20Z,0,en,1
77834106-5abe-46f3-aecc-173b95f3e06b,telegram,primary_dataset,telegram_playstore,Emm kalo boleh kasih saran tambahin fitur status kaya di WhatsApp dong plissss,2021-06-19T12:29:21Z,0,en,1
d963a591-d223-4153-99e5-7061913ba4d2,telegram,primary_dataset,telegram_playstore,Aplikasi ini kaya WhatsApp tapi seruuu kalian harus maen,2021-06-18T22:36:41Z,0,en,1
f956f6ab-e5a5-464b-9aab-884b168b8adb,telegram,primary_dataset,telegram_playstore,"Kenapa skrng ga bisa download video pake wifi ya, harus pake data, padahal klo download di youtube bisa pake wifi",2021-06-18T13:44:12Z,0,en,1
13e3d2dc-5ed3-4743-b564-ba81a64dded1,telegram,primary_dataset,telegram_playstore,Aplikasi nya sngat bagus dan bnyak membantu. Tapi kenapa udh akhir-akhir ini tidak bisa mendownload memakai wifi ya tapi memakai data seluler bisa. Dan sudah menghapus smuanya ttp jg tidak bisa sudah di uninstall jg tidak bsa. Mnta tlng bantuannya ya,2021-06-18T11:29:48Z,181,en,1
05bfff34-07e1-4cf5-a694-447ed9731d71,telegram,primary_dataset,telegram_playstore,Better,2021-06-17T18:27:17Z,0,en,1
bed72b5e-1e57-436a-a83a-a34c75385a3a,telegram,primary_dataset,telegram_playstore,Aplikasi nya bagus kok tapi tolong dong pas di download kok ada tulisan tertunda mulu saya pikir data saya yang eror padahal enggak tolong di perbaiki lagi,2021-06-17T14:57:46Z,1,en,1
6b24beb9-88c5-48de-b124-4d14770d6887,telegram,primary_dataset,telegram_playstore,Tolong yah itu tiba2 ada yg menchat saya meminta untuk mengirimkan kode verifikasi katanya supaya data saya tidak hilang. dan dia berkata dia dari customer service telegram a/n CHANDRA WINATA. Apakah benar ada nama tersebut ?,2021-06-15T21:11:31Z,0,en,1
6902bca4-a168-4443-95f5-291aab7099e7,telegram,primary_dataset,telegram_playstore,WhatsApp + Telegram=WhatsApp telepot,2021-06-15T13:14:26Z,0,en,1
b9a8311c-f80c-431a-824d-bd9fcf5998cb,telegram,primary_dataset,telegram_playstore,Aplikasi ini bisa tonton film biskop yang Baru keluar film 2021 biskop. Ada bisa tonton anime lekap di apikasillekap tapi Sayangnya banyak makan data internet kita,2021-06-14T22:53:50Z,0,en,1
222c6b35-2f6f-44c3-9461-a5f18876ddaf,telegram,primary_dataset,telegram_playstore,"Apk nya bagus, gatau kenapa lebih nyaman sama tele daripada WhatsApp",2021-06-13T18:30:02Z,0,en,1
e4bbca4f-11ff-4592-b6a9-e53c3e3c9112,telegram,primary_dataset,telegram_playstore,"Bagus, ada Bot, privasi terjaga, dan banyak cahnnel bermanfaat, bisa streaming movie juga. Apa itu Whatsapp ?? Ayo semua warga +62 pindah ke Telegram !!",2021-06-13T09:06:23Z,4,en,1
55e1d163-1d15-4642-94f1-3e3556bf9abb,telegram,primary_dataset,telegram_playstore,"Connecting... Sering sekali seperti ini, padahal signal tdk ada masalah",2021-06-11T14:07:13Z,0,en,1
8b697cf1-9e83-4d5b-a9c8-1c6fe34495de,telegram,primary_dataset,telegram_playstore,"FITURNYA KECE & LENGKAP LENGKAP BGTT, TAPI SYG EGK ADA FITUR BUAT TARO STATUS GITUU KEK DI WHATSAPP YAH KLO ADA ITU BAKAL LENGKAP BGT SII TAPI YAUDAH LAH GINI AJA UDAH ENAK HSHHS",2021-06-10T17:34:50Z,0,en,1
38b83fac-7576-49b9-b057-189ae78c3f76,telegram,primary_dataset,telegram_playstore,Saya pengguna aplikasi telegram ini sudah lama..tolong untuk pihak developer untuk memperbarui aplikasi ini dengan menambahkan fitur buat status seperti aplikasi WhatsApp dan Facebook,2021-06-09T18:31:16Z,0,en,1
d7425dc6-413e-4720-89de-bcc1eeffc614,telegram,primary_dataset,telegram_playstore,"Kenapa aplikasi nya eror,status menghubungkan trs padahal wifi normal,penyimpanam data juga msh banyak Bisa di bantu solusi nya",2021-06-09T16:54:33Z,0,en,1
b949ed63-f3e4-456c-8c90-8be6ecb3929a,telegram,primary_dataset,telegram_playstore,Kenapa ya dari kmrin2 telegram saya ga bisa download video gtu loading aja pdhal sinyal wifi bagus tapi tdi nyoba pke data seluler download nya bisa tapi kan sayang bgt klo pke data seluler kan klo pke wifi mh enak tolong dong ini knpa yaa,2021-06-09T12:56:07Z,0,en,1
3e2291c9-9221-4e78-b1a3-05abc4850e09,telegram,primary_dataset,telegram_playstore,Pertama Kali Saya Download Aplikasi Tele Ini. Saya Lebih Suka Aplikasi Telegram Di Banding Aplikasi Whatsapp,2021-06-08T21:07:17Z,0,en,1
92833d5d-cd2d-4d2c-acf0-2f042ce38609,telegram,primary_dataset,telegram_playstore,Antonyauw Facebook,2021-06-08T20:45:36Z,0,en,1
e79e359a-e7a0-403f-b5bc-3763bb54a0e3,telegram,primary_dataset,telegram_playstore,better,2021-06-08T15:56:13Z,0,en,1
db9623a3-7855-4bb1-8899-b54d6ab6374d,telegram,primary_dataset,telegram_playstore,"Apakah tele sedang rusak? Tadi ada yang chat wa saya dia bilang ""Hallo ka selamat malam Mohon maaf mengganggu waktunya sebentar, perkenalkan saya CHANDRA WINATA cs langsung dari telegram. Sekedar pemberitahuan saja untuk alasan keamanan dalam 30 menit ke depan aplikasi telegram nya jangan dulu dibuka karena sedang dalam masa perbaikan sistem. Guna mencegah penghapusan data akun telegram di ponsel kakak, kami akan mengirimkan sms kode perbaikan dari telegram langsung ke nomor ponsel kakak yang se",2021-06-07T19:10:30Z,149,en,1
db9952f3-51cb-490e-b6a5-1378288a20bf,telegram,primary_dataset,telegram_playstore,"Saya sangat menyukai aplikasi ini karena mudah digunakan, dan semua fitur yang ada di telegram sangat berguna bagi saya. Hanya saja tidak terdapat fitur pembuat story, dan pencadangan data ke email.",2021-06-06T06:32:06Z,3,en,1
6c9f0a3f-0780-4e2c-875c-ff3bf893f3bf,telegram,primary_dataset,telegram_playstore,"Kurang snap status aja, kalau d tambahkan fitur status seperti whatsapp dan aplikasi lainnya bisa jadi aplikasi komunikasi yang paling baik untuk skrg",2021-06-03T19:51:28Z,0,en,1
0a53f10e-8fe9-4461-8195-ae84bc4e6f53,telegram,primary_dataset,telegram_playstore,Memudahkan pengguna dan memiliki ruang penyimpanan data,2021-06-03T15:13:52Z,0,en,1
2c683786-195d-4631-bf8a-65e7be8d2a21,telegram,primary_dataset,telegram_playstore,"this application is very good but even better if there is a status feature like in wa, I'm sure everyone is moving to WhatsApp, let's create a status feature I will immediately move to tele",2021-06-01T23:05:22Z,0,en,1
a966069e-f2f8-4633-ba5e-0334cda2f576,telegram,primary_dataset,telegram_playstore,hy my friends aime not ready telegram no signal,2021-06-01T15:33:05Z,0,en,1
d3e11729-973b-4d52-96a0-f4656cafcfdd,telegram,primary_dataset,telegram_playstore,Telegram ini sama kayak WhatsApp trs aku jadi suka deh,2021-06-01T09:51:35Z,0,en,1
52e24ce1-0c73-417d-8246-0ae29e48712c,telegram,primary_dataset,telegram_playstore,"Kadang notif ga muncul kalau aplikasinya ga dibuka. Kurang stabil aplikasinya nih, ayo saingi Whatsapp!!!",2021-06-01T05:26:44Z,0,en,1
67f0641a-74e9-4e85-87e9-351450c66e72,telegram,primary_dataset,telegram_playstore,"Bagus banget apknya:) tapi Mau tanyak dong, kenapa saya selalu dapat Pesan yang berisikan code, dan di situ kadang dari wa mau pun telfon seluler saya selalu dipinta code yg udaj di kirim kan, dan mereka dari sana minta alasan nya pembaruan data, dan saya tidak berani kasih karna saya takut akun telegram saya di hack. Tolong dong tanggapan nya itu emang udah seharusnya atau gimana?? Tmksh.",2021-05-31T13:37:23Z,9,en,1
5c6dc834-7cae-42c9-b63f-45f22058bd06,telegram,primary_dataset,telegram_playstore,Aplikasi sangat membantu.. Bahkan menurut saya jauh lebih bagus drpd whatsapp. Tdk memakan memory buat hp2 yg memorinya kurang.. Bisa nonton2 film.. Mmbuat group orgnya bisa jauh lebih banyak.. Mengirim pesan bs di edit kalo salah... Pokoknya mantab lah...,2021-05-31T08:55:44Z,158,en,1
533695a1-16f0-4527-ab5a-a03a7c52eb59,telegram,primary_dataset,telegram_playstore,saran : coba di kasi fitur story di telegram dan penggunanya akan menyaingi whatsapp,2021-05-30T16:16:37Z,0,en,1
71c085bb-c9ce-4461-8cb0-8f6e81617251,telegram,primary_dataset,telegram_playstore,Saya harap telegram menjadi aplikasi komunikasi terpopuler di masa yang akan datang dan saya sangat sangat mengharapkan telegram jangan sampai di beli sahamnya. Wish you all the best 5 star from me.,2021-05-29T22:58:08Z,0,en,1
c78e2bbe-e852-430d-8cc4-b66885903023,telegram,primary_dataset,telegram_playstore,Nice messaging app i just wish everyone use it.also the video call is much worse than whatsapp the good thing is i dont care much about video call i just used it when people want video call but it just some thing that is nice to have,2021-05-29T21:14:58Z,0,en,1
9c1fc1a2-3367-41a0-8ad4-8a10fc222ec7,telegram,primary_dataset,telegram_playstore,"Lemot bnget, udah pake wifi n data, biasanya juga egk",2021-05-29T16:49:13Z,0,en,1
a3925d8a-8404-403d-8ca3-24eb4b5397e8,telegram,primary_dataset,telegram_playstore,"kak tolong tambahin fitur status dong biar sama kayak whatsapp, terus biar tambah asik lagi kan nanti tambah seru anjir astagfirullah",2021-05-29T15:03:24Z,0,en,1
9178ab8e-bfd0-48c1-a608-4204723c92f0,telegram,primary_dataset,telegram_playstore,Apl ini hampir SM dgn WhatsApp dlm komunikasi sngt cepat dan mudah dlm berbagi sesuatu k org lain,2021-05-29T01:04:52Z,1,en,1
a6ebbb3d-85f1-4ed6-bcf6-e19d5ee1fec2,telegram,primary_dataset,telegram_playstore,Tolong ada update kek status di WhatsApp. kek kurang aja gitu sosial media gak ada status,2021-05-28T23:06:32Z,0,en,1
7d7e4e70-76dd-4ea0-b5c1-c14b2c11dbb8,telegram,primary_dataset,telegram_playstore,"Assalamualaikum ,saya ingin berterima kasih kepada developer telegram ,telah membantu saya untuk bisa berkomunikasi dengan teman saya , menurut saya aplikasi ini sudah cukup baik,lebih bagus daripda vitur whatsapps tapi di whatsapps ada vitur story disini tidak ada,menurut ku itu tidak apa dan untuk kekurangan dari aplikasi ini adalah,ketika bot eror dan sering keluar apk sendiri padahal ram saya masih banyak,itu bgmna jadi saya terpaksa uinstal dan download.lgi,sekian dari saya terima kasih",2021-05-27T18:42:59Z,0,en,1
78d86207-9f13-4312-a082-ec6482a3a9a5,telegram,primary_dataset,telegram_playstore,Better than before,2021-05-27T15:02:30Z,0,en,1
f1523360-c483-44ac-856e-43c42a97066e,telegram,primary_dataset,telegram_playstore,Bagus setara WhatsApp,2021-05-27T00:16:29Z,0,en,1
f4c69816-1b79-4072-8413-c962d3bda72e,telegram,primary_dataset,telegram_playstore,"Bagusss bangettt biasalahhh main rp yg penting hh klo jual nokos harus ditampung,, bagus lah hh sbnrny gw main rp di WA tapi karna untuk ngerjain tugas jadi gw pindah lapak ke tele oghey mks sma""",2021-05-26T23:23:21Z,1,en,1
006b0756-cdae-4a9f-977a-2ca8f0a2edae,telegram,primary_dataset,telegram_playstore,Bagus bgt dong apk nya Apalagi di tambahin buat status yang ada kaya di WhatsApp,2021-05-26T21:27:42Z,1,en,1
40940a19-848f-4f55-b029-1fd254c069d3,telegram,primary_dataset,telegram_playstore,Unistal whatsapp instal telegram,2021-05-26T11:41:13Z,0,en,1
dc3622be-94ac-463d-806e-e87e83d37b49,telegram,primary_dataset,telegram_playstore,"aplikasi nya sangat bagus. cuman tolong kasih solusi, kenapa sering gk bisa download video nya? padahal udah d hapus chache nya, signal juga bagus.",2021-05-25T20:56:32Z,0,en,1
7f8a73a4-1f49-4406-886f-a64774f45cf1,telegram,primary_dataset,telegram_playstore,KA SAYA OENGGUNA TELEGRAM UDAH 4THN. NAH MASALAHNYA AKUN TELEGRAM SAYA KEMARIN KE HAPUS. GIMANA YA CARA BALIKIN NYA?. soalnya banyak data data di akun telegram yang terhapus itu.,2021-05-25T11:18:26Z,0,en,1
fc731c29-0b3f-4e9c-8304-0fd9063a7c94,telegram,primary_dataset,telegram_playstore,"Kak saya maw tanxa kenapa ea kok saya g bisa download film Korea klo pakai WiFi,, tapi kalau pake data bisa, mohon bantuan nya makasih",2021-05-24T09:42:41Z,0,en,1
99007055-9b55-48ed-84a3-4fa742f0654d,telegram,primary_dataset,telegram_playstore,"harus bnyk di perbaiki, terutama soal koneksi.. saya punya keluarga dan kerabat memakai telegram kdg jrg muncul notifikasi, dan sering koneksi terputus, mau tlp atau video call saja menghubungkan terus dan berujung batal.. jdi klo mau ada chat atau ada panggilan masuk pun kudu buka telegram dlu, agak merepotkan klo ada hal yg penting.. semoga bisa di perbaiki.. ada kan fitur membuat status seperti whatsapp atau bbm seperti dahulu",2021-05-24T09:08:56Z,36,en,1
4e17d20c-9434-4c6d-aead-fbf5adb82e85,telegram,primary_dataset,telegram_playstore,Tolong diperbaiki lagi Kalo bisa tambahin fitur di grup supaya bisa melihat siapa saja yang sudah baca pesan kita seperti di WhatsApp.,2021-05-24T07:19:51Z,4,en,1
331e9bd3-b06b-40f6-9f42-ceaf7de63f1f,telegram,primary_dataset,telegram_playstore,"Ini bagus. tapi alangkah baiknya jika beberapa akun bisa dikaitkan dengan google,facebook,twitter jadi ketika semua akun hilang (nokos) tinggal login pakai akun google/facebook/twitter .jadi tidak ada kerugian bagi orang yang mempunyai banyak akun (menjual akun/nokos) jika semua akun nya hilang.",2021-05-23T22:03:41Z,1966,en,1
ed8efdf5-fde1-4877-bd47-b0dab945dce1,telegram,primary_dataset,telegram_playstore,"Aplikasi ini bagus sih, bisa cari teman baru,cuma mau mengirim pesan seseorang baik yang tidak satu kontak maupun kirim pesan di grup ada limit nya, kalau bisa jangan pake limit seperti whatsapp, kadang saya kena limit nya bisa seminggu, sebulan baru bisa lagi",2021-05-23T07:44:21Z,148,en,1
4d655e5b-0fb5-40ae-8a7e-98272b7d2130,telegram,primary_dataset,telegram_playstore,"lumayan bagus , tingkatkan lagi dong biar kaya whatsapp ada status , ada call nya juga , thanks !",2021-05-23T00:46:50Z,1,en,1
a2954445-a225-4949-94f4-85c1a53ea22f,telegram,primary_dataset,telegram_playstore,"it's good, even better if you add a feature to add a story",2021-05-22T22:04:19Z,0,en,1
7f1fb364-7aae-4a17-b3c5-6fadf9e2e767,telegram,primary_dataset,telegram_playstore,Nyok pindah mari..,2021-05-22T09:23:10Z,0,en,1
317b89a5-e7f6-4f64-ac65-4d061455e56a,telegram,primary_dataset,telegram_playstore,Mungkin lebih baik jika ada fitur story seperti whatsapp,2021-05-21T20:09:29Z,0,en,1
117df054-6097-4b57-8e08-fc14c40ac1dc,telegram,primary_dataset,telegram_playstore,Membantu dalam memberikan informasi dan data,2021-05-21T12:50:15Z,0,en,1
d983afb0-7289-4e17-a8d8-18a7549ee70d,telegram,primary_dataset,telegram_playstore,"Bagus kalahin whatsapp, tolong help tambahin fitur ini",2021-05-21T11:04:35Z,0,en,1
61f769b6-bf27-4624-9bcc-696fc679a5be,telegram,primary_dataset,telegram_playstore,"Seandainya telegram bisa sama kek WhatsApp bisa update status,atau upload foto di story.. wah mantap kali kayaknyaa. Coba deh tele di bikin bisa update status dan upload foto",2021-05-19T01:03:37Z,0,en,1
b9180f99-f4bf-432b-80c7-bef089ce5077,telegram,primary_dataset,telegram_playstore,"Jangan ikut ikutan seperti facebook, whatsapp, dan instagram ya.... Kalu ikut ikutan siap siap dikasih bintang 1",2021-05-18T20:49:33Z,0,en,1
ad6cbd9c-8f80-4d91-93f3-c1a28f5bdc4d,telegram,primary_dataset,telegram_playstore,"biar bintang yg berbicara, gw pindah dr wa gara"" ada telegram",2021-05-18T19:18:51Z,0,en,1
a64bc9d2-5693-4cac-8558-9e7ba28f5d5a,telegram,primary_dataset,telegram_playstore,Thanks to save my privacy,2021-05-18T18:33:49Z,0,en,1
90192ae2-5126-4304-8926-f14863b13614,telegram,primary_dataset,telegram_playstore,Nice apps for chat. Good application compared to whatsapp. Please make history feature for statuses like whatsapp or instagram. So that we are sure to move from whatsapp immediately. Plese telegram.. We know you can,2021-05-18T11:06:39Z,0,en,1
13d9b6a8-0ff3-4fcd-bcbc-d95124c721c0,telegram,primary_dataset,telegram_playstore,"coba ditambahin fitur story kya whatsapp, pasti the best bgtttt!!!!!!!!",2021-05-15T21:40:50Z,0,en,1
c924c585-7088-476a-ad50-46c7f484f9fd,telegram,primary_dataset,telegram_playstore,"Tolong segera ditindak lanjuti, tidak bisa login, (edited) ternyata ga bisa login karena memakai provider Telkomsel. WhatsApp enak buat panggilan telepon, seperti telepon biasa, bahkan mungkin kualitas suara lebih bening daripada telepon reguler, lebih stabil dibanding WhatsApp dan FB messenger yg panggilan suara sering delay atau terputus.",2021-05-15T08:48:36Z,184,en,1
d32a0ac2-b33c-4f17-b95d-32dc18cfd662,telegram,primary_dataset,telegram_playstore,"Min kasih fitur story kayak di WhatsApp napa ,ku juga pen bikin status kayak di WhatsApp",2021-05-14T20:20:59Z,0,en,1
cbfb7e4e-f3c0-4e2d-89e5-138895bf3f68,telegram,primary_dataset,telegram_playstore,Dear telegram yth Mohon bantuannya telegram saya mau nntn film loading trus kagak jalan jalan mau pake data ataupun WiFi sama aja. Mohon ditindak lanjuti,2021-05-14T07:55:39Z,1,en,1
18365a2d-2990-4e6d-8e4f-1fb1aad574a7,telegram,primary_dataset,telegram_playstore,Gaes kyknya bukan salah apk nya yg kodenya gk ada tpi karna klian pake jaringn wi-fi makanya kodenya gk ke kirim klian harus pake kuota atau data biar kodenya masuk gitu btw klian ngerti tak,2021-05-13T15:48:41Z,0,en,1
545c39db-fe46-41ca-b0f3-81d38abe9178,telegram,primary_dataset,telegram_playstore,Cocok sebagai pengganti WhatsApp yang menjual data penggunany,2021-05-12T09:45:14Z,0,en,1
ec856f44-a86c-4a99-a3e2-c9f9b80c57be,telegram,primary_dataset,telegram_playstore,Pengguna Wa pindah kesini apk terbaik interaksi chat saya kasih nilai 4 bintang tahap awal,2021-05-11T08:08:02Z,0,en,1
58a07eab-67c2-40fa-9892-754d452b03e5,telegram,primary_dataset,telegram_playstore,Data dokumentasi bisa aman tersimpan aman ....di manapun berada asal telegram bisa ON,2021-05-09T23:26:53Z,0,en,1
13599b2b-7bfe-42d3-84e9-ae56d2095142,telegram,primary_dataset,telegram_playstore,"Apknya bagus bgt si maybe, fitur lengkap bisa edit foto juga, channel gratis banyak mempermudah cari info dll, bisa nambah kenalan banyak bgt dari tele karena jangkauannya yg luar biasa, tema juga bisa diubah-ubah jadi ngga bosen,ada fitur pesan tersimpan juga yg datanya itu ngga bakal ilang meskipun udah bertaun jadi kek memori online, pokoknya multifungsi deh cuma coba aja tele ada fitur snap nya kek nya keren pake banget",2021-05-06T11:35:06Z,2,en,1
b441e8e6-4c3a-479b-9aa5-c0b35dc19f72,telegram,primary_dataset,telegram_playstore,"nice,, sangat menyenangkan tpi sdkit harus dalm datanyg bisa dijangkau dan kedepannya bisa lebih bagus lagi",2021-05-03T19:46:17Z,0,en,1
400e29fb-0c24-4c7c-bccd-15680be3dfce,telegram,primary_dataset,telegram_playstore,"Aku suka aplikasinya, sebagai pegangan kalau misalnya memori WhatsApp penuh bisa ke telegram Terima kasih yang buat telegram",2021-05-03T14:54:33Z,0,en,1
1f27737b-9748-4184-bae9-23aef15314d0,telegram,primary_dataset,telegram_playstore,"Tambahkan Fitur Status Seperti WhatsApp Soal nya kalau kami Cht an di tele Ntr post di wa kn gak enak,jdi Mohon Yh",2021-05-03T14:50:27Z,0,en,1
f752b0f5-8d55-4e2a-982c-6346ca4949ab,telegram,primary_dataset,telegram_playstore,menurut saya telegram lebih lengkap daripada whatsapp,2021-05-03T02:22:42Z,0,en,1
e15d8ed3-b55c-4fba-a838-ce4806cc63fa,telegram,primary_dataset,telegram_playstore,Lebih baik dari WhatsApp,2021-05-01T10:36:11Z,0,en,1
9adc1d3b-7671-47d0-9236-47f626851f36,telegram,primary_dataset,telegram_playstore,"Aplikasi nya bagus banget hampir sama sama WhatsApp tapi kalo kata gue bagusan ini, disini membantu banget sih buat gue bahkan bsia ngerjain soal",2021-04-29T12:05:25Z,2,en,1
b3525906-20d4-4cba-9de1-21127e07359e,telegram,primary_dataset,telegram_playstore,"Aplikasi Ini Bagus Banget Aplikasi Ini Memiliki Fitur-Fitur Seperti WhatsApp, Bisa Video Call, Voice Call, Dan Lainnya",2021-04-27T22:08:24Z,0,en,1
3a38a4cb-37b1-4564-b25f-813c080d3501,telegram,primary_dataset,telegram_playstore,Ini kenapa dari kemarin download video pakek wifi ga bisa tapi kalo pake data kuota bisa udah di stell dipengaturan masih sama.. tolong penjelasannya hyung nuna unie oppa?,2021-04-27T11:38:17Z,0,en,1
73a532ae-bdf5-4127-96ce-fd6069cb800e,telegram,primary_dataset,telegram_playstore,"I suggest the team to provide story features on Telegram, because it's one of the reason why people prefer to choose WhatsApp. Even though, Telegram such more superior and innovative in deed. If this feature provided, i'm sure Telegram will be the number one helpful social media platform in the world. Leaving WhatsApp, moving on Telegram! BIG HOPE",2021-04-27T05:54:03Z,0,en,1
4446f69f-3dd7-4c67-97dc-e6574659c36d,telegram,primary_dataset,telegram_playstore,"Ku sedikit tutor buat yg bilang telenya error kaya gk bisa download video, stiker, foto dll. Coba kalian ke pengaturan lalu kalian pilih pengaturan aplikasi terus hapus cache atau gk hapus data gitu yuk pasti bisa yuk ( )",2021-04-26T22:38:36Z,3,en,1
a0ecd6b2-abe0-4403-863a-3605049d9e41,telegram,primary_dataset,telegram_playstore,"Apk Nya Bagus , Cukup Hemat Data Juga , Pokonya TOP :D",2021-04-26T16:21:16Z,0,en,1
0c6d4e35-0f16-4c23-ba94-79f703815e26,telegram,primary_dataset,telegram_playstore,"Last update this day. App error login, connecting...connecting....connecting...For a long time. Cache, data was clear. Devices was restart but app always connecting... And connecting....",2021-04-26T13:21:42Z,0,en,1
de5833c9-e919-472e-9c1d-f40fccdb5623,telegram,primary_dataset,telegram_playstore,tolong perbarui lagi agar ada vitur buat status kyk di WhatsApp,2021-04-26T05:12:05Z,0,en,1
5abb73b6-6194-43b5-a571-6c335271b172,telegram,primary_dataset,telegram_playstore,"Serius tanya kenapa gak bisa login, pdhl pket data banyak , tetapi connection nya gak ada",2021-04-25T14:50:43Z,0,en,1
e405ec7c-94dd-445b-a385-a0aa04b266ed,telegram,primary_dataset,telegram_playstore,Heeee... Ko aku gak bisa masuk kode nya gak datang datang tapi bagus si,2021-04-22T18:52:48Z,1,en,1
9d9238ba-ce2d-44ca-8070-3550ae789575,telegram,primary_dataset,telegram_playstore,"Aku udah lama pakai apk ini, tp beberapa hari ini video susah didownload pake wifi. Pake data seluler bisa. Tolong diperbaiki",2021-04-22T16:43:37Z,1,en,1
afcbef4b-6682-4e5e-8fd8-2ca99519f3bd,telegram,primary_dataset,telegram_playstore,Kenapa aku ga bsa log in trus ya pdhl bnyak data penting dsna.jrangan sudah 4G,2021-04-22T13:45:44Z,0,en,1
0bc9ade8-4369-4618-a6ad-d1cb6b9a87ad,telegram,primary_dataset,telegram_playstore,"Aplikasi Nya Sangat Bagusss!!!! Kalian Wajib Unduh Aplikasi Ini!! Aplikasi ini hampir sama dengan WhatsApp,tapi saya rasa aplikasi ini memang top no 1! Karena Tidak Boros Penyimpanan,Unduh Foto Bisa Atur Sendiri,Dll. Saya Suka Aplikasi Ini,Sukses Terus Developer! Tingkat lagi Ya!! Kalian wajib dwonload!! Ga dwonload? Huhuhu Nyesel Dah Lu!!! Ragu? Skip!! Dari @Sweet_Flower280111",2021-04-21T10:10:21Z,0,en,1
45614deb-f212-4bc0-9047-0f657e306299,telegram,primary_dataset,telegram_playstore,"Aplikasinya sangat bagus, tapi beberapa hari sebelumnya dan sampai saat ini video yg ingin di download tidak bisa, terus saya ambil tindakan untuk membersihkan chace atau juga data, saya kira bakal bisa ternyata sama saja, dan juga saya sudah mencoba menghapus aplikasi dan mendownloadnya lagi tapi tetap sama saja susah untuk login. Mohon, untuk memperbaikinya kalau pun tidak ada bermasalah beri solusinya",2021-04-21T08:25:47Z,466,en,1
a9e1b306-8161-4369-b3e7-2ea95bc9392d,telegram,primary_dataset,telegram_playstore,"the application is very good, especially if you add a store feature? definitely better Please make this apk, add the story feature to make it better-!!!!!",2021-04-21T05:47:36Z,0,en,1
5492c0c4-0256-4ae8-941e-9a7e2942e3b1,telegram,primary_dataset,telegram_playstore,"haii, menurut gue app ini membantu banget si, app ini mirip sperti whatsapp !, bnr - bnr worth tip <3",2021-04-20T19:34:04Z,0,en,1
0798bec5-00e7-463d-b75c-249b7dac2c44,telegram,primary_dataset,telegram_playstore,Sebenernya app nya lebih bagus daripada whatsapp.. tapi.. tolong kalo download video kuota nya gak kepake sebanyak itu dong.. kalo whatsapp kan paling 10 - 100 mb doang.. ini 30 menit 1 GB lebih.. makasi,2021-04-20T06:54:50Z,8,en,1
da72bd59-d22c-4324-bf93-efb115373631,telegram,primary_dataset,telegram_playstore,Tinggal nambah fitur STATUS seperti WhatsApp aja ya nih biar makin joossss...jika sudah ada langsung aku kasih,2021-04-19T22:23:57Z,0,en,1
35fbf4c7-7fae-4e1b-81a3-ae82327eb220,telegram,primary_dataset,telegram_playstore,"Telegram aplikasi chatting terbaik menurutku, apapun bisa menyimpan data di akun, bot yg super keren pokonya debest cuman satu ga ada fitur story, kalo ada jamin apk chatting sebelah bangkrut",2021-04-18T15:30:47Z,2,en,1
1127dc71-ac37-495d-bba1-2864ac5e987d,telegram,primary_dataset,telegram_playstore,Alhamdulillah apk ini banyak membantu kami terutama dlm membantu menghemat biaya kuota data. Terima kasih telegram. Mantap!,2021-04-17T11:31:00Z,1,en,1
a17d80c6-cec8-45a7-baf7-da59112ff0c2,telegram,primary_dataset,telegram_playstore,Better than whatshit,2021-04-16T12:31:09Z,0,en,1
b12bcbbc-0dea-4c42-a24f-5eb469d145fe,telegram,primary_dataset,telegram_playstore,Aplikasi Telegram nya Bagus dan Mirip kaya WhatsApp tapi kalo Telegram Bagus nya bisa ngirim Video Yang ukuran File besar tapi kalo WhatsApp kan cuma 30 menit durasi video nya,2021-04-15T14:58:58Z,0,en,1
e55b0e3b-f87a-46c4-a6fe-a5d1041d48a5,telegram,primary_dataset,telegram_playstore,Bagus tapi terlalu cukup memakan data yg besar,2021-04-15T10:18:39Z,0,en,1
4616f8db-8056-4dd9-a8fe-0fd1241a0093,telegram,primary_dataset,telegram_playstore,Andai telegram kek whatsapp Uda aku hapus Whatsapp ny,2021-04-13T20:02:03Z,0,en,1
1d3a104e-cd2d-4b5a-98e7-907c36b51638,telegram,primary_dataset,telegram_playstore,Tambahin dong biar bisa buat story sama kaya whatsapp pasti seru,2021-04-13T15:17:33Z,0,en,1
d7d8c63c-adc8-4bca-a125-b9fe847f5116,telegram,primary_dataset,telegram_playstore,"hai,ini apknya udah bagus. tapi saran aku yaa,tambahin fitur snap/story yaaa,aku kasi bintang 3 dulu. kabarin kalo udah datang fitur snap nya",2021-04-13T08:43:09Z,0,en,1
dd07e84b-9fac-4741-939c-cd6a734bd1c3,telegram,primary_dataset,telegram_playstore,Aplikasi yang bagus cuma minusnya gak ada story dan susah hapus datanya,2021-04-12T15:50:24Z,0,en,1
3abd0b97-f906-48a8-a038-661698282a06,telegram,primary_dataset,telegram_playstore,Aplikasi pengganti WhatsApp dan lebih bagus..,2021-04-11T20:12:52Z,0,en,1
f16766b5-cf42-4dbd-9f22-9acd8fcef62f,telegram,primary_dataset,telegram_playstore,"JADI KALIAN SEBAIKNYA BACA INI DULU!! kalau kalian unduh file di apk telegram, dalam bentuk gambar, video atau dokumen dan setelah beberapa saat hilang, itu masalah di perangkat kalian buka telegramnya,.. perangkat kalian nggak sengaja bersihin residu, jadi file yg keunduh pun otomatis ke hapus... Jadi saran aku segera pindahkan hasil unduhan dari telegram ke folder di perangkat / galeri.. jadi aman.. kalo ga tau ya caranya, bisa liat tutorial memindahkan video tele ke galeri di yo*tube dll",2021-04-11T14:13:29Z,3,en,1
935d6656-c47a-4d38-9572-9eae8074fe33,telegram,primary_dataset,telegram_playstore,Klo ga suka aplikasi TELEGRAM pakek aja :signal-pengirim pesan privasi klo gua kasih bintang 5 buat telegram,2021-04-11T10:59:33Z,0,en,1
496c4d83-bf2a-4be3-bc37-1ad5fb639da9,telegram,primary_dataset,telegram_playstore,"tolong dong kasih motif bikin status di telegram biar sama seperti whatsapp , biar seru nantinya , btw aplikasi nya bagus sekali",2021-04-10T00:15:46Z,0,en,1
8e5aef8d-58f2-45bb-860f-9e17c3bf0b56,telegram,primary_dataset,telegram_playstore,"Apk nya bagus Aku mau bilang Kalo kalian kan download Drakor atau dll yang udah selesai kalian unduh terus misalnya besok klien buka terus liat Drakor nya harus download ulang lagi pasti mau kan kek gitu?? Nah kalian tinggal matiin data dulu terus keluar dari aplikasi nya (bersihin )nah terus buka itu apk( telegram) Nah udah bisa ituu **Jnagan lupa pakr proxy kalo mau download biar g lelet search aja ""MTproxy"" Nah langsung ada itu",2021-04-09T21:03:18Z,0,en,1
9ba1bc58-c4b1-40ec-a1d4-d0707f77fafa,telegram,primary_dataset,telegram_playstore,"Aplikasinya bagus bngt si gua download ini cuma untuk main rp aja si, jadi banyk fitur bot bot juga bisa buat Thema sendiri ada stiker juga , ya pokonya komplit deh beda jauh dengan WhatsApp lebih baik ini daripada whatsaaap yaaa pokonya aplikasi ini nomer satu dannnn favorit semua orang dehhhh, sukaaa tapi lebih baik ditambain lebih banyakkkk lagi ya biar lebih bagussssssssss dan menarik btw ini juga uda Bagus si, tapi lebih di tingkatkan lagiii gituuu ok makasihhhh bayakkkkkkkkkkkkkkkkk",2021-04-07T11:31:45Z,7,en,1
0eec0571-9a0c-4367-aaa9-b8001e099b6e,telegram,primary_dataset,telegram_playstore,Kebijakan.persaratan.layanan.data,2021-04-06T15:28:46Z,0,en,1
07fecd86-90fa-4066-a817-2beba941af5e,telegram,primary_dataset,telegram_playstore,penyimpanan data big,2021-04-06T13:11:31Z,0,en,1
ca9a92a7-7e85-443f-8ca0-f27a5e3b0dfa,telegram,primary_dataset,telegram_playstore,telegram ini bagus bngt tapi tolong ada fitur story nya kaya WhatsApp please,2021-04-06T06:14:19Z,0,en,1
56ef4366-3c6e-4ee0-b972-85e990e75e59,telegram,primary_dataset,telegram_playstore,"Bisa Simpan data besar, Canggih, dan sangat membantu",2021-04-05T18:50:11Z,1,en,1
005fe4d4-3d4b-46e4-8b99-e39812a2271c,telegram,primary_dataset,telegram_playstore,Mau pindah,2021-04-05T08:44:38Z,0,en,1
b734f7af-c18e-4a2f-823d-3c991b2bbb61,telegram,primary_dataset,telegram_playstore,"Sumpah nih aplikasi bagus banget ,di aplikasi ini kita udah bisa setlang tanpa pake yg mod nya ,kita chatting,telponan,vc (aplikasinya sama kea wa ya),diaplikasi ini gw mainin Rp uhuy ,kagak tau lagi nih aplikasi bagus banget kita bisa download film pake paket data doank ,oh ya gw mau bilang sama yg punya nih aplikasi tolong donk tambahin fitur status biar sama kek WhatsApp,udah itu aja sih saran gw sekian terima Renjun rl",2021-04-04T23:59:11Z,30,en,1
83d53306-2a2c-4e24-a501-33d5fb9715f9,telegram,primary_dataset,telegram_playstore,"eplisdeh , bagus iya app nya. Dann yaaaa semoga bisa cefat di kasi fiktur story/status sprti di WhatsApp gitu... Ku kasi bintang 4 dulu iyy.",2021-04-03T18:59:24Z,1,en,1
032af1a0-c4f2-4c2b-af96-6d3fc6395426,telegram,primary_dataset,telegram_playstore,"Aplikasi sosmed ini udh bagus banget menurut ku. Buat kalian yg pas download abis itu gabisa di tonton, itu berarti disuruh liat pake pemutar video yg lain atau emg nunggu signal. Jadi saran aku, kalo kalian download video itu, jangan di hapus dulu ""chace atau sampah"" telegram nya. Nanti ikut kehapus juga, kan jadi ngulangin. Trs download film/drakor yg ukuran MB nya 100 an, jangan yg 500. krna belum tentu bisa ke download. Sekian",2021-04-02T19:31:12Z,0,en,1
4b87882e-b215-4c81-b4df-6b155819e75c,telegram,primary_dataset,telegram_playstore,"Cuma aplikasi payday sy bs jualan pulsa, token dan paket data sekrng saya nyaman pk aplikasi payday",2021-04-02T14:19:14Z,1,en,1
8e08be0c-6412-407f-89dd-0a5dbd89c949,telegram,primary_dataset,telegram_playstore,Guys ini itu sama aja sama WhatsApp tapi ini lebih bagus looh,2021-04-01T11:08:52Z,1,en,1
8fd5f0a2-a28d-40e7-9ca1-8fcde0e854fa,telegram,primary_dataset,telegram_playstore,Alternatif selain WhatsApp .good apl,2021-04-01T07:47:19Z,0,en,1
184c13b1-7088-4787-b41b-5b79517fe28b,telegram,primary_dataset,telegram_playstore,"Bagus apps ini drpd WhatsApp,love Russia",2021-03-31T18:43:12Z,0,en,1
c6c7be2a-22a7-4f41-8f34-6359f869e8f5,telegram,primary_dataset,telegram_playstore,"Saya suka aplikasi ini, karena disini kita bisa berteman dengan banyak orang, tapi data pribadi kita tetap terjaga. Kurangnya sih gak ada fitur status aja, tolong tambahin fitur statusnya, biar saya bisa bagi foto atau vedio ke semua teman-teman di Telegram saya wkwk",2021-03-31T17:32:18Z,184,en,1
e59d67f2-61b1-43ca-a40e-4c23a0795f56,telegram,primary_dataset,telegram_playstore,"Bagusss bisa ganti tema,, seandainya klo whatsapp sm Kya tele pasti seru bgetttt",2021-03-31T11:33:48Z,0,en,1
1b0bb733-b9b9-49ad-845c-2ae71428b553,telegram,primary_dataset,telegram_playstore,telegram can you add story features like on Whatsapp and Instagram? Thank You,2021-03-31T07:16:18Z,0,en,1
6ab16c69-154d-40c4-9e20-63ddf99f1435,telegram,primary_dataset,telegram_playstore,Good the best betterrrrrrrrrrr,2021-03-31T06:37:55Z,0,en,1
0b9ad011-6bc5-4949-b34c-4f041d18a834,telegram,primary_dataset,telegram_playstore,"Ini gmn cara make nyaaa!?!?!! Kode verifikasi tidak terkirimm!! Saya terpaksa unnistal!! Edit: ini udh bisa masuk kodenya.. tapi saya dapat kode nya harus download signal, pakai nomor telepon sy, trus jadiin signal SMS utama, cara nya.. klik titik tiga di ujung kanan atas,trus klik pengaturan, lalu,klik SMS dan MMS, trus klik SMS aktif.. trus udh, kalian atur,& log in tele pake nomor signal tdi. Btw tele bagus bgt..",2021-03-30T20:50:40Z,75,en,1
bf971557-317b-4b04-816f-a7be515939aa,telegram,primary_dataset,telegram_playstore,"Tolong telegram dibuat supaya bisa buat story, kek diWhatsApp yaaaa",2021-03-30T14:43:56Z,0,en,1
cea019e9-32f8-44a8-bdd3-51b09fe56cbd,telegram,primary_dataset,telegram_playstore,Bagus sih tapi tambahin fitur story ny Biar bisa bikin story kek WhatsApp,2021-03-30T11:22:30Z,0,en,1
4fb69a99-dd7b-48d2-8b5a-56aa609cffa0,telegram,primary_dataset,telegram_playstore,"Aplikasi memang sudah ok, hanya saja aplikasi ini tidak memiliki fitur story, fitur pencadangan agar data data tidak kehilangan, dan tidak ada fitur untuk berjualan (bisnis) semoga fitur tersebut dapat di update di telegram",2021-03-30T10:43:02Z,0,en,1
6aafe847-365d-40d2-998b-cbbe0e3bf5e8,telegram,primary_dataset,telegram_playstore,Buatin fitur untuk story dong biar kayak WhatsApp asli,2021-03-29T14:58:13Z,0,en,1
b1de93b2-c0ad-4dd6-b4ea-6220902996c0,telegram,primary_dataset,telegram_playstore,"apk nya bagusss, fitur nya keren-keren bikin betah. tapi please tambahkan fitur story dong, terus penggunaan data nya jangan terlalu bikin boros",2021-03-29T13:34:33Z,0,en,1
8d6d1a9b-c21c-49ea-b6c5-34752e1d6056,telegram,primary_dataset,telegram_playstore,"Lengkap. Dan, Privacy terjaga.",2021-03-29T12:03:59Z,0,en,1
ef5f4023-5c66-403b-9484-b9883bc625c4,telegram,primary_dataset,telegram_playstore,Telegram sangat bagus dan membantu qu klo menyimpan data yg qu blom qu simpan di fildis terus berkaria yaa,2021-03-28T18:07:54Z,1,en,1
0c04908e-3f5a-45d7-94fb-d8a2a0a5277a,telegram,primary_dataset,telegram_playstore,"Yang ngomong ""tapi boong papale paple"" kek tai sumpahh bocil laknat anjing mending pindah ke planet Pluto",2021-03-27T21:12:52Z,0,en,1
9106d1d7-aa74-43f3-bb36-a9771343c739,telegram,primary_dataset,telegram_playstore,Aplikasinya bagus banget coba ditambahin fitur kayak buat story pasti player WA pindah ke telegram semua,2021-03-27T17:43:49Z,0,en,1
71be0b4e-1d61-40a5-b567-2659d4f820c4,telegram,primary_dataset,telegram_playstore,"This app is actually as good as whatsapp , I suppose",2021-03-26T23:21:07Z,0,en,1
3179cee4-154c-46a0-91a4-818aa94c910f,telegram,primary_dataset,telegram_playstore,"pe,hy kak ! aks seneng sm tele na buat ng-rp sama nyadangin tugas. jadi klo apus data wa, ditele masi aya kitu. anw gua anak rp nih, aya nu muk kenalan teu? pokok na luv tele banak"" muah (~ )~ /kecup manjah/",2021-03-26T21:41:00Z,5,en,1
f69a8b14-3bf6-4928-b3af-040183149e7e,telegram,primary_dataset,telegram_playstore,"Aplikasi nya bagus, tapi lebih bagus kalo bisa buat story' kayak Ig/WhatsApp trus bisa di lihat orang banyak, sampai saat ini udh bagus tapi jangan puas dulu,harus lebih bagus lagi, pokonya sukses trus buat pihak telegram, Godjobs",2021-03-26T11:08:05Z,21,en,1
08efe41a-33f6-4104-835a-8b9ba6c3113b,telegram,primary_dataset,telegram_playstore,Aplikasi nya jelekkkkkkkkk tapi sangat bagus tapi cuma lihat kayak lihat whatsapp aja deh.,2021-03-26T09:05:22Z,0,en,1
8a6573df-54fe-4a31-aaa4-e1f508d331df,telegram,primary_dataset,telegram_playstore,"hai kawan2, pindah ke tele yukk!! tinggalin wa.",2021-03-25T10:43:09Z,0,en,1
4fee91fc-59be-40be-af76-273db419eb66,telegram,primary_dataset,telegram_playstore,lebih bagus ini dari pada Whatsapp chat yang lama saat mengganti perangkat baru tidak hilang sedangkan Whatsapp chat lama hilang saat mengganti perangkat baru biar pun sudah dicadangkan,2021-03-24T23:27:23Z,4,en,1
baa31c13-d740-4adf-862d-c5fda6bd3038,telegram,primary_dataset,telegram_playstore,I suggest making the status feature on the same telegram as on WhatsApp because I really want that,2021-03-24T22:22:18Z,0,en,1
8fcb3df3-809b-4d7a-a826-777947ec2fae,telegram,primary_dataset,telegram_playstore,"aplikasi.a bagus , tapi lebih bagus lagi ada fitur kaya status WhatsApp gtu ok gtu aja makasi sama sama",2021-03-24T08:33:19Z,0,en,1
d04232da-1c20-433d-beb6-0f77cd4c9aeb,telegram,primary_dataset,telegram_playstore,Apk yg bagus bagi kalian yg cari apk yg mirip whatsapp ini nih rekomendasi bet. Apknya membantu bet. Pas kayak ada yg cari bot gitu. Kayak gwe kalo ada sesuatu itu pakek bot. Botnya gratis pula. Sekian itu aja. Moga update stiker yg tidak berbayar.,2021-03-23T22:09:08Z,299,en,1
06a23bc8-0787-4699-8756-f0304827723e,telegram,primary_dataset,telegram_playstore,"Bagus banget apk nya, cuman Nggak kayak whatsapp gitu lho.. Bisa bikin Status, Cuman Bagus nya apk Ini adalah foto profil nya bisa Dari video Suka Banget deh pokoknya.. Thankyou-!",2021-03-23T12:54:34Z,10,en,1
bafd4ed7-c1e0-48ca-a33c-05c05035c5d4,telegram,primary_dataset,telegram_playstore,Kak Ada in story biar kya whatsapp gitu,2021-03-23T12:50:49Z,0,en,1
7794d41a-1e00-4d85-b6b8-f9ba251a9310,telegram,primary_dataset,telegram_playstore,vs whatsapp,2021-03-23T12:30:59Z,0,en,1
0ad392b3-9e5f-4507-81f3-d54a429fb5a1,telegram,primary_dataset,telegram_playstore,"Kenapa telegram saya tidak bisa di gunakan saat menggunakan kuota data,pada hal kuota dan jaringan saya normal",2021-03-22T21:48:36Z,3,en,1
fe658bb8-28c0-48fe-a0d6-115fa7e6f267,telegram,primary_dataset,telegram_playstore,"Wahhh Saingannya WhatsApp Nih, Awoawoakwoak",2021-03-22T19:34:35Z,0,en,1
e50387ff-806c-4dcc-a247-fef7cbae9d90,telegram,primary_dataset,telegram_playstore,"Ukuran aplikasinya lebih kecil dari yang lain, menapung anggota grup lebih banyak, transfer data lebih besar",2021-03-22T14:07:53Z,0,en,1
c3430bef-6eef-418d-ba06-cf901a408530,telegram,primary_dataset,telegram_playstore,"Sukaaa, pliss adain fiturr statusss gtuu kyk ig dan whatsapp",2021-03-22T06:15:50Z,0,en,1
162d1f1b-aadc-4e17-b94b-4d1eba0809bc,telegram,primary_dataset,telegram_playstore,Kalau ada fitur story ditelegram WhatsApp bisa kalah tolong adakan fitur story,2021-03-21T20:20:48Z,0,en,1
21e0c005-b979-4bcd-bb03-487f851fa7d6,telegram,primary_dataset,telegram_playstore,datang kesini karna Guru Bilang instal buat group disini karena hemat paket,2021-03-21T09:01:48Z,0,en,1
f0717398-4423-48e8-be62-ace35958fde0,telegram,primary_dataset,telegram_playstore,Mudah untuk komunikasi nya dan cepat tersimpan rapi data kita Dan semoga selalu memberikan yang terbaik buat kita semua,2021-03-20T18:06:57Z,2,en,1
f3596999-defc-4674-9ee4-21fe1ffaefbc,telegram,primary_dataset,telegram_playstore,"BOLEH BERI MASUKAN GA?? KALAU BOLEH, TOLONG DONG APLIKASI NYA DI BERI LAMAN UNTUK MEMBUAT STATUS,SEPERTI DI WHATSAPP KAN ENAK KALAU BISA BIKIN STATUS :)",2021-03-20T12:13:21Z,1,en,1
87e5898b-b37f-4d3e-b6a4-65fdb76205e9,telegram,primary_dataset,telegram_playstore,Telegram lebih baik dari WhatsApp,2021-03-20T11:14:50Z,0,en,1
2776fc2e-3888-4651-acbb-2b5eb6e996da,telegram,primary_dataset,telegram_playstore,"good, but I gave a 4 star first because there is still something missing, namely, please provide a story feature like on WhatsApp",2021-03-19T09:56:54Z,0,en,1
11fc1fc9-df25-45e0-b5df-71b2b6aff87c,telegram,primary_dataset,telegram_playstore,Bagus sii tinggal tambah fitur story aja seperti WhatsApp. Ntar klo udh ditambah fitur story aku kasi bintang 5 dehh wkwkwwk,2021-03-18T19:22:14Z,0,en,1
a0a9cb9b-e555-4d68-9b2b-60b80747b7ba,telegram,primary_dataset,telegram_playstore,wa ga aman. pindah sini aja,2021-03-17T19:50:02Z,0,en,1
67361f44-866b-474e-81bf-a5b38df7b204,telegram,primary_dataset,telegram_playstore,Telegram ini sama dengan WhatsApp dan ini aplikasi ini sangat bagus dan saya kasih bintang 5...karena saya sangat suka aplikasi ini guys.!,2021-03-17T18:05:49Z,2,en,1
e6be880b-fcef-4a65-a57d-7a415de1a72f,telegram,primary_dataset,telegram_playstore,Besar bnget makai datanya,2021-03-16T19:59:20Z,0,en,1
e8e0d0e5-f32f-442b-919a-102dc105b91a,telegram,primary_dataset,telegram_playstore,Bagus aplikasinya tapi sekedar saran lebih baik ada sistem hapus akun seperti whatsapp biar tidak menunggu waktu satu bulan-6 bulanan baru akun hilang,2021-03-16T18:53:27Z,0,en,1
a3e974f1-c7a1-45d3-8838-0486cf75ac2d,telegram,primary_dataset,telegram_playstore,"Hallo namaku Arin, sebenarnya apk ini bagus tp klo ada fitur status kyk WhatsApp pasti bagus trus emojinya lengkap font nya bisa diubah beuh buagus",2021-03-16T18:42:39Z,0,en,1
1a5b3d58-0978-4c03-b201-d941b257c4f7,telegram,primary_dataset,telegram_playstore,Makasih berkat kamu aku jadi punya temen tele dan punya chatan selain whatsapp^^,2021-03-16T13:38:45Z,0,en,1
6de2e0d3-520e-410d-a015-6996f18ef3a0,telegram,primary_dataset,telegram_playstore,"Aplikasi Gooddd'sszzzrrrrr... . Tapi Ada Juga WhatsApp , Aplikasi Chatting Bersainghh , Hahaha , Hanya Bercanda",2021-03-16T06:59:48Z,0,en,1
b2a03d1a-b63e-4ad6-a0dd-dfaa14a95cc0,telegram,primary_dataset,telegram_playstore,"Hai, apk ini bagus banget dan aku baru coba sekarangan, seru bisa membuat channel tenyata seperti di YouTube dan yg paling saya suka itu foto profil nya bisa seperti status yg berada di wa keren pokoknya bagus lagi . Bagi yang blm download apk ini buruan di jamin bagus deh seru banget , eh iya mungkin tinggal di update aja sedikit yg harus d update nya mungkin tambahkan story' seperti di ig wa Facebook ya begitu tolong update sedikit perubahan saja biar bisa ada story' nya",2021-03-15T08:26:06Z,0,en,1
6b3928c6-ad11-496e-befe-3a76c45305cf,telegram,primary_dataset,telegram_playstore,g bisa ngirim pesan di gc :( pdhl data aktif,2021-03-14T13:39:49Z,0,en,1
75ee21cd-6439-467a-8834-a2e687a158e2,telegram,primary_dataset,telegram_playstore,telegram ini bagus jadi bisa menggantikan whatsapp,2021-03-13T17:30:39Z,0,en,1
222b9131-1036-4117-b9f4-2886c4f5df52,telegram,primary_dataset,telegram_playstore,Aplikasinya bagus aku suka sama aplikasinya cuman bakal lebih bagus lagi kalau ada story nya kayak WhatsApp,2021-03-13T10:01:23Z,0,en,1
e3620111-1993-458f-8b96-ec685346f627,telegram,primary_dataset,telegram_playstore,Bagus amat app ini bernama WhatsApp,2021-03-12T21:50:59Z,0,en,1
4b931587-4722-4293-8ffc-8b1cf09226c5,telegram,primary_dataset,telegram_playstore,"kak saya anak rp , ingin memberi apa yyak intinya kasih fitur story kak Ku yakin bakal banyak yang pindah ke tele okeyyy",2021-03-12T09:59:44Z,0,en,1
fbbc3bed-f87c-41cd-a26f-9d792577fbd6,telegram,primary_dataset,telegram_playstore,Lebih keren daripada WhatsApp,2021-03-11T22:43:13Z,0,en,1
0087be81-729a-45d7-96d8-da122bd350a2,telegram,primary_dataset,telegram_playstore,"assalamualaikum wr.wb apk nya bagus banget ini ka, tapi tolong banget ini mah dikasi fitur story kaya di whatsapp biar makin keren, tolong banget ya ntar kalau uda di update di kasi fitur story uda segitu aja, wassallamu'alaikum wr.wb",2021-03-11T20:54:59Z,0,en,1
7a4aacd8-88ed-4255-96cc-a8765990fa93,telegram,primary_dataset,telegram_playstore,Lebih memudahjan untuk pengiriman dan penerimaan data.,2021-03-11T20:45:57Z,0,en,1
badbdc45-a704-4425-afb7-a4d27a6533d2,telegram,primary_dataset,telegram_playstore,Wahhh apk ini bagus banget makasih developer yg udh buat apk nya .serius aku suka banget .jadi kek WhatsApp iPhone gtu mksh developer semoga semakin sukses ya,2021-03-11T19:06:46Z,0,en,1
858e083a-6658-466c-84a1-290c4b79791b,telegram,primary_dataset,telegram_playstore,Walaupun keluar masuk telegram kode OTP tetep masuk keren . Kalau WhatsApp keluar masuk OTP gak akan terkirim,2021-03-11T15:39:30Z,0,en,1
57d156c3-7b29-4700-ba50-a4e473dce27b,telegram,primary_dataset,telegram_playstore,"may I have a little opinion? please make a status feature on telegram like the one on WhatsApp, thank you!",2021-03-11T15:38:46Z,0,en,1
30427eec-8f89-405c-a756-3d4e1413347d,telegram,primary_dataset,telegram_playstore,"Aplikasi ini wajib di download si soalnya bagus banget, coba aja tambahin fitur storynya pasti sya akan menghapus whatsapp saya",2021-03-11T08:28:42Z,0,en,1
361f5591-da96-415f-a4b0-4f6349e889fb,telegram,primary_dataset,telegram_playstore,"Can I ask something. I have second account in my telegram ,but it's not mine. It's my friend's. So, if I delete or log out the account from my phone. Will the same data from my friend Will be deleted too? Please respon this fast",2021-03-09T12:44:01Z,0,en,1
efcd7a2b-69eb-4754-9f53-eece4b17c616,telegram,primary_dataset,telegram_playstore,"Alhamdulillah secara pribadi selama saya gunakan app ini sejak pandemi datang app ini bener-bener sangat berguna, dan saya sangat banyak terbantu dengan aplikasi ini, pokoknya keren lah tapi kalau mau lebih keren lagi, tambahin fitur story dong:)) kek di wa gitu, jadi klo misal dah ada fitur storynya, saya bisa hapus app WA saya:> seru kan? Wkwkwk ya pokonya semangat untuk terus update ya developer nya dan terimakasih banyak developer untuk aplikasi yang bener-bener keren ini",2021-03-08T19:16:19Z,1091,en,1
94a98b54-a487-4d52-a8f5-e933819bf591,telegram,primary_dataset,telegram_playstore,"Kasih vitur story dong min, biar bisa pindah dari wa ke tele",2021-03-08T17:48:02Z,0,en,1
813adf37-8591-46e6-96fc-4454f25c6592,telegram,primary_dataset,telegram_playstore,Andaikan diaplikasi telegram ada setatusnya pasti akan lebih banyak yang suka dan yang pakai Whatsap pada berduyun-duyun pindah ke sini..,2021-03-08T14:50:24Z,1,en,1
aedd2d98-91a1-42da-9b3b-ae986ff107fe,telegram,primary_dataset,telegram_playstore,Cakep.... Saya mohon bantuanya untuk menghapus semua data saya di karenakan saya tidak bisa masuk ke akun saya di karenakan saya lupa paswordnya. Tetapi saya akan download kembali aplikasi ini di karenakan grup kerja saya ada di aplikasi ini,2021-03-08T13:16:41Z,4,en,1
6944c9e5-4d2c-48a5-a0cf-5555552fecf7,telegram,primary_dataset,telegram_playstore,"Aplikasi ini sangat bagus, lebih bagus dari whatsapp tapi di telegram tidak ada history mohon untuk di tingkat kan lagi",2021-03-07T18:51:10Z,3,en,1
ad30cf3b-e578-42d3-a1ec-a35e79e59187,telegram,primary_dataset,telegram_playstore,aplikasi nya si bagus tpi lebih bagusan di kasi filtur story seperti di whatsApp,2021-03-07T15:40:19Z,0,en,1
f20962c6-f7b2-4dee-9862-8f0894f60b03,telegram,primary_dataset,telegram_playstore,"Bagus aplikasinya bisa kalah sama wa,tapi kurang fitur story nih kayak WhatsApp sama Instagram,Ditunggu update-an terbarunya Minnn Ganbate ( )",2021-03-07T13:29:38Z,1,en,1
972226b7-9bc2-483b-bd7d-1406db0247e5,telegram,primary_dataset,telegram_playstore,"Bagus tapi lain kali kalau uptade kita nya pas baru gabung gk ada tulisan ""Keisha bergabung""dan tidak ada no yang kita simpen di WhatsApp ya soalnya privasi",2021-03-07T12:53:38Z,2,en,1
9c83f139-a65c-47d4-99df-affe3e07737e,telegram,primary_dataset,telegram_playstore,"Aplikasi telegram ini bagus banget, tp tolong kasih vitur status/story ya biar kita pengguna whatsapp bisa pindah ke telegram hehe, soalnya telegram lengkap dan bagus bngt fiturnya, the besttt",2021-03-06T20:10:33Z,4,en,1
8719b64f-8bba-4fc8-a75d-4a2e1017c821,telegram,primary_dataset,telegram_playstore,"Dah dari thun 2017 pake ini, lumayan top lah.. Cuma gak bisa buat status kya aplikasi sebelah.. Kalau buat kirim data dan grup top markotop",2021-03-06T20:07:35Z,0,en,1
4a52d37c-5444-42dc-aa76-50549e310688,telegram,primary_dataset,telegram_playstore,"Saya berharap Telegram bisa membuat Story, kaya WhatsApp",2021-03-06T17:45:01Z,0,en,1
3432b09c-9694-41d4-8755-32b4aec3e1e6,telegram,primary_dataset,telegram_playstore,"Ni apk kek WhatsApp, w download ni gegara w main rp (roleplayer) yg mau login trus tiba"" muncul kata/pesan kek gt tuh di sruh nunggu beberapa menit/jam, nah kalau kln dh apus akun 3/4 kln bakal kena banned, dn sruh nunggu sampe 1 Minggu",2021-03-06T13:56:59Z,0,en,1
098240f4-1860-41ec-8556-d6eecd982db6,telegram,primary_dataset,telegram_playstore,Aplikasi chat yang sewajarnya seperti aplikasi chat seharusnya. Tidak melulu harus dipantengin seperti whatsapp 24 jam lihat lihat status orang. Ini kan chat app bukan sosmed terimakasih,2021-03-06T06:43:57Z,5,en,1
681e6f55-2d23-435a-9df1-73ca6d7ed03d,telegram,primary_dataset,telegram_playstore,Cara pindah penyimpanan ke memori card gimana ?,2021-03-05T20:54:52Z,0,en,1
87c28c6d-e103-4305-8d58-fd7d9f554a90,telegram,primary_dataset,telegram_playstore,"Saya kasih bintang 4. Mau ngasi saran ni min dari NCTzen & EXO-l tolong dong di tambahin story nya kaya whatsapp gitu. Pasti deh tambah ramai yang pakai seperti memakai whatsapp. Yang awalnya cuma sedikit jadi banyak yang pakai karna banyak fitur"" yang bikin nyaman.. Kalau di adakan story saya akan kasih BINTANG 5!!",2021-03-05T17:43:23Z,503,en,1
d333b3a3-93ef-43a8-929d-cffe292cbbf2,telegram,primary_dataset,telegram_playstore,Di daerahku jika signal kurang mendukung ini juga pakai wifi tetangga,2021-03-04T17:08:45Z,0,en,1
8a4e6fcf-c48d-4281-b1b4-6467038f3cc3,telegram,primary_dataset,telegram_playstore,"Awalnya diajak temen pake aplikasi ini, dan menyenangkan.. lancar.. emoji hidup dan lucu2 dan yg ptg srpertinya lbh irit di pemakaian data",2021-03-03T20:41:25Z,1,en,1
55e10df5-ea12-4103-9a62-334d94de97b1,telegram,primary_dataset,telegram_playstore,"apk nya bagus banget, kalo di sini ada story fix aku pindah dari apk sebelah, oh iya yang komen pake ! banyak buat apa sih",2021-03-03T14:14:41Z,3,en,1
1f3d2006-2878-4b1b-85df-a14fafc8b140,telegram,primary_dataset,telegram_playstore,"Kok lawan chat bs menghapus chat kita juga,harusnya kan itu privacy kita",2021-03-02T15:08:05Z,0,en,1
79fc9729-ed49-4336-8cbc-df815a6df559,telegram,primary_dataset,telegram_playstore,"Aplikas ini sangat hebat bagus dan keren, saya jadi punya banyak teman wanita setelah menggunakan aplikasi ini, terimakasih whatsapp.",2021-03-02T13:48:29Z,0,en,1
f7862ca4-07a2-45c1-a1d7-fbae8ad07107,telegram,primary_dataset,telegram_playstore,"Andai WhatsApp bisa kek gini pasti keren banget,dan andikan telegram udah punya fitur status udah tambah keren pasti ,moga nanti ada fitur nya kek gitu yeh",2021-03-02T10:52:34Z,4,en,1
850f3fce-00eb-4424-90f9-e2733595e884,telegram,primary_dataset,telegram_playstore,Tolong donk TELEGRAM nya kalo bisa di kasih status ya kali TELEGRAM se aestetic itu ga ada status nya malu sama whatsapp wkwkwkwk.......,2021-03-02T07:59:59Z,0,en,1
f1d2eee2-5efc-450e-8a2e-923c103ecb70,telegram,primary_dataset,telegram_playstore,"bagus apknya,saran saya tambahin fitur snap kaya di whatsapp biar lebih lengkap",2021-03-01T20:37:03Z,0,en,1
60d25d78-ec5d-4740-a302-af8dd7d55d14,telegram,primary_dataset,telegram_playstore,Ayo pindah ke telegram dari WA!!,2021-03-01T08:10:32Z,0,en,1
92e00847-53df-4a57-a383-a9b41d3e67db,telegram,primary_dataset,telegram_playstore,"Aplikasi sudah bagus, tolong tambah fitur story seperti WhatsApp",2021-02-28T23:41:12Z,0,en,1
b6a328a0-2192-42a7-9d70-d6f483f3432a,telegram,primary_dataset,telegram_playstore,"kalo telegram bisa memberikan fitur status saya yakin pasti telegram bisa gantiin WhatsApp pasti itu dan kalo bisa si sama bisa vc lebih dari 2 orang , tapi yang penting si status itu ok??",2021-02-28T17:51:05Z,3,en,1
f0615789-7dcb-4b12-8088-313608fe0a0b,telegram,primary_dataset,telegram_playstore,"apknya bagus bet, setiap sticker dapat satu set pokoknya apk ini the best banget, tapi kenapa Telegram aku jadi error and kalo ngirim pesan ke gc ntuh lama banget masuknya, btw buat anak rp yg lapaknya di WA/line sini pindah ke tele aj nyari fambest nya gampang + tikelnya dapet satu set, mksh smsm",2021-02-28T17:45:05Z,0,en,1
b9e62a07-cab1-46e0-b28f-ab57a0e3a219,telegram,primary_dataset,telegram_playstore,Telegram ini sangat bagus untuk main Rp kayak saya tapi kenapa y waktu saya donlowd ulang telegram itu g bisa padahal udh pake data dan wifi,2021-02-28T15:52:49Z,0,en,1
35d1f92e-9579-4771-88d4-7c7cf8021013,telegram,primary_dataset,telegram_playstore,Apk nya bgus bngt njirr coba aja apk ini ada fitur story nya bakalan gw hapus whatsApp,2021-02-28T13:11:18Z,0,en,1
9e686305-0ec7-4bae-ae4a-6a5692ffc2f8,telegram,primary_dataset,telegram_playstore,"Aplikasi nya bagus bangetttt, tapi kenapa saya kasih bintang 4? Karena saya mau riquest ada fitur membuat status seperti WhatsApp jadi kalau sudah lengkap begitu wahh semua orang pada suka, oke terimakasih.",2021-02-28T11:17:55Z,1,en,1
8237126b-2873-4432-aee8-ad3a2bc62e4d,telegram,primary_dataset,telegram_playstore,"PLEASE THE TELEGRAM APP TO ADD FEATURES TO MAKE STATUS LIKE WHATSAPP, THANK YOU :)",2021-02-28T10:54:27Z,0,en,1
ba5eed2e-a896-46e6-bbb7-d5d4ad4c0303,telegram,primary_dataset,telegram_playstore,tolong telegram dibuat seperti Whatsapp dibuat kita bisa buat status,2021-02-27T23:46:54Z,0,en,1
1ff50ba6-9bf5-4296-9593-26b8c1ba676e,telegram,primary_dataset,telegram_playstore,Gw lebih mending telegram dari pada whatapp. Di telegram ada bot nya. Di whatsapp kagak ada,2021-02-27T21:22:46Z,0,en,1
ff199742-904d-42e0-9244-7c692d59cdd0,telegram,primary_dataset,telegram_playstore,Tambahin fitur story dong kaya whatsapp gitu,2021-02-27T17:23:33Z,0,en,1
5e58edfb-81f8-429f-9c2d-26da12fc0af5,telegram,primary_dataset,telegram_playstore,Itu yang suka bilang kok kalo pake Wifi lelet kalo pake Data cepet mungkin karena wifi kamu yg lagi lelet atau lagi Eror atau ada Ganguan kan kita nggak tau buktinya saya pake Wifi biasa aja tuh.......,2021-02-27T07:02:33Z,5,en,1
d563dd56-04e7-4a7f-a8dd-8cbbb508ad24,telegram,primary_dataset,telegram_playstore,"saya rasa kalo ada fitur ""Status"" pada aplikasi telegram ini pasti bakal makin banyak yg pake dan pindah ke apk ini, Semoga update berikutnya ada fitur Buat Status/Story",2021-02-27T06:26:09Z,8,en,1
b3c02d2f-40c9-4c08-a1cc-446e99053511,telegram,primary_dataset,telegram_playstore,"Buat telegram apk ini udah bagus ,tolong tambahkan fitur status ,kaya di instagram, whatsAap, facebook , biar enak gitu ,dengerin saran saya ,pasti pengguna telegram lainya juga pada setuju",2021-02-26T21:23:43Z,0,en,1
9a6c7627-3e93-45ec-b485-0b76f37e9ee0,telegram,primary_dataset,telegram_playstore,"Iya bagus, tapi kenapa saat saya mendaftar untuk ngetg Kode Verifikasi nya tdk datang, tapi saat saya uninstal telegramnya malah kode nya masuk berkali"" Ini saya instal lagi, tetapi dari tdi tdk ada, tolong perbaiki Makasih",2021-02-26T20:10:39Z,65,en,1
31ac2751-267f-473f-b2a2-2f242e3d6048,telegram,primary_dataset,telegram_playstore,Bagus banget kek whatsapp bagus banget yg belom coba cobain deh rasa nya ah mantap yg bilang lemot apa dan apa paling tele nya lagi lemot gtu malah enak tele engga ambil data,2021-02-26T20:08:16Z,2,en,1
c876a035-b375-4634-9fea-b7a51ea53f64,telegram,primary_dataset,telegram_playstore,"Aplikasinya bagus sih,cuma blm ada fitur story seperti whatsapp atau instagram",2021-02-26T15:58:20Z,0,en,1
93e56e75-35fd-45ed-9fe2-28efa8b3c518,telegram,primary_dataset,telegram_playstore,Much better than Whatsapp.,2021-02-26T15:35:16Z,0,en,1
488f1e21-563e-4200-a835-d5c37d20e451,telegram,primary_dataset,telegram_playstore,This is good. I like both this apps and WhatsApp. Thank you very much.,2021-02-26T00:24:48Z,0,en,1
92c81a04-3c5b-48f5-ac01-64888ec517ad,telegram,primary_dataset,telegram_playstore,Gara gara wa bermasalah soal privasi jadi pindah ke sini dah,2021-02-25T14:26:38Z,0,en,1
a8907164-6da1-44e4-99c6-f93e276c8149,telegram,primary_dataset,telegram_playstore,Saya Mohon Kepada Pihak Telegram untuk Menambahkan Fitur Lagi Fitur Tersebut Adalah Fitur Story / Status Seperti Di WhatsApp Messenger,2021-02-25T10:08:11Z,0,en,1
465d1f3b-4cbd-4784-9742-2c81ad0f1ed4,telegram,primary_dataset,telegram_playstore,Tambah fitur seperti status di WhatsApp dong omo,2021-02-25T00:18:51Z,0,en,1
4a697dc5-0fd7-401f-87c6-d74b9157dfbb,telegram,primary_dataset,telegram_playstore,Bagus Tapi gak bisa download drakor ghost... Yg ada cuma foto sama biodata'y aja...,2021-02-24T13:34:12Z,0,en,1
24d6fe55-a61a-4756-a155-b9ef4aa07627,telegram,primary_dataset,telegram_playstore,tanpa minta data kita...aman,2021-02-24T07:26:23Z,0,en,1
b5409c4d-24f8-4bae-9334-1de5ef356d99,telegram,primary_dataset,telegram_playstore,Sosmed yg tidak makan storage data yg banyak.,2021-02-24T05:32:22Z,0,en,1
8d26b219-bcb6-4ce0-bedb-4c5a6be57299,telegram,primary_dataset,telegram_playstore,Lanjutkan.. Cuma Kurang 1 Dari Sekian Fitur.. Yaitu Gak Ad Bikin Story.. Coba Aja Bisa Bikin Story.. Pasti Sebelah Pada Pindah Kesini.. :),2021-02-23T19:54:20Z,0,en,1
afcb482d-7378-4fdc-bb53-12491756c163,telegram,primary_dataset,telegram_playstore,"hi developer, you are very good at making telegram applications, its features are very complete and I really like it. but one, can you remove the bio copy feature? Thank you in advance and sorry if it's a hassle, excited to update this application so that it becomes cooler and better!",2021-02-23T18:01:51Z,0,en,1
4dfd073b-525b-4604-ac01-3b620f1524ee,telegram,primary_dataset,telegram_playstore,helo gais kalian harus donload ya kalok ndak donload kalian nyesel loh oiya nama saya sintiya bisa di panggil tiya disini saya donload pakek data loh,2021-02-23T14:03:55Z,0,en,1
cb82654e-66a2-4e04-a2c4-50669d672574,telegram,primary_dataset,telegram_playstore,Penghuni WA pindah ke sini. Serr,2021-02-23T11:12:57Z,0,en,1
d7f74023-935a-4533-a6f4-89fd2150824d,telegram,primary_dataset,telegram_playstore,"kak aku kasi dikit dulu y, bisa ngak kak tele di kasih fitur story kayak whatsapp , nanti kalo dah ada fitur story, tak kasih bintang 5 kiw",2021-02-23T09:36:24Z,0,en,1
aa551292-d093-4ca1-b314-c20018fa7011,telegram,primary_dataset,telegram_playstore,Di bikin kek WhatsApp dong ada statusnya biar makin seru saran aja sih tapi,2021-02-22T22:34:40Z,0,en,1
64128026-fa42-40eb-86d1-5c1f2f642705,telegram,primary_dataset,telegram_playstore,"kenapa telegram memakai lebih banyak data , jadi penyimpanan sy penuh tolong diperbaiki lagi and tambahkan fitur story terimakasih. sukses!!!",2021-02-22T21:36:47Z,0,en,1
5b0fab45-ce97-4955-b6f3-2a990c063e0f,telegram,primary_dataset,telegram_playstore,"Please add story like Whatsapp, this is a great app.. Thank you.",2021-02-22T17:48:43Z,0,en,1
d6a18925-308f-4dd7-a745-b4b24d4614b0,telegram,primary_dataset,telegram_playstore,"yg rating apk ini lemot,woyyy jaringan lu lancar kagaa kok nyalahin tele ngajak berantem?oh iya tolong y tele itw dikasih fitur status kek WhatsApp",2021-02-22T08:04:50Z,0,en,1
b4935f68-d4a0-4f23-8950-d8086b9f789b,telegram,primary_dataset,telegram_playstore,"Punten, please kasih fitur story seperti whatsapp and instagram",2021-02-21T23:46:15Z,0,en,1
9814dc34-39df-4028-b857-ad5c274f98b0,telegram,primary_dataset,telegram_playstore,Sy kasih bintang 3 ntar kalo udah di perbarui ada story nya kaya WhatsApp sy bakal kasih bintang 5 terimakasih,2021-02-21T16:25:45Z,0,en,1
38c9ed99-0388-454c-8286-0ba752d0af6c,telegram,primary_dataset,telegram_playstore,Lebih keren dibanding Whatsapp,2021-02-20T22:59:33Z,0,en,1
01b786ab-45a1-4ad0-8967-ffc15765068c,telegram,primary_dataset,telegram_playstore,this app soo good from now i can read a 18 manga in nhentai bot thanks telegram get better good nex time,2021-02-20T20:13:58Z,0,en,1
ffac02da-fc07-4a7c-837c-942fecdde275,telegram,primary_dataset,telegram_playstore,"Aplikasinya bagus, agak mirip sama WhatsApp dikit, aplikasi ini sangat berguna untuk/belajar/download video dari tiktok intinya banyak deh ke gunaannya yang bilang ini gk berguna mungkin mereka gk bisa ngegunain ni aplikasi sekian terima Levi",2021-02-20T19:50:39Z,0,en,1
1d78bc33-37ce-43f4-b31e-2b165503bf74,telegram,primary_dataset,telegram_playstore,gara gara wasap kemaren heboh. saya pindah telegram mantab,2021-02-20T16:51:26Z,0,en,1
1ed5aea9-363a-4a52-a5ad-2d33a3a46b2e,telegram,primary_dataset,telegram_playstore,"Hello Telegram Developer, video playback should be possible, you don't have to wait until it's finished downloading all video files, to save internet data and save data storage locations... tq",2021-02-20T11:40:27Z,0,en,1
8e7c6581-d445-4f2e-969c-71eb0af8670a,telegram,primary_dataset,telegram_playstore,Bagus bgt sih asli. Tpi gw baru make 1 hari ko ga bisa make lgi. Menghubungkan trus. Pdhl ad paket. Data jga nyala. Ko ga bisa di buka. Di stu ad dta penting wee. Pliss cra nya gmna biar ga ke gtuu,2021-02-20T11:29:13Z,2,en,1
5f632e1c-8ebc-4929-a41c-d2518c23ccdd,telegram,primary_dataset,telegram_playstore,Coba dibuat ada story Telegram kyk WhatsApp pasti bagus,2021-02-20T06:50:46Z,0,en,1
2240b5bd-d9c6-4e68-a7c2-f39edc7363c5,telegram,primary_dataset,telegram_playstore,FIKS TAMBAHIN FITUR SNAP/STORY GAS PINDAH KE TELE!,2021-02-19T22:33:08Z,0,en,1
ccb5edb5-f203-46a2-8174-2352e4fb35b5,telegram,primary_dataset,telegram_playstore,Kalo semua isi wa ada di telegram Fiks pindah apk wkwkwk,2021-02-19T20:04:18Z,0,en,1
a5715133-8585-4fc7-9f0f-668d3ed6ba10,telegram,primary_dataset,telegram_playstore,Kasih story dong kyk whatsapp,2021-02-19T19:06:01Z,0,en,1
8ca56057-902a-4232-85ad-3f3f8bb50c07,telegram,primary_dataset,telegram_playstore,Saya harap facebook tidak membeli telegram,2021-02-17T18:28:01Z,0,en,1
a39f24a8-d55d-44f7-9203-f735c2c422b4,telegram,primary_dataset,telegram_playstore,"Aplikasi bagus jujur ini lebih berguna daripada whatsapp,tapi cuma kurang fitur statusnya aja lengkap dah tu",2021-02-17T04:38:17Z,0,en,1
13ac4f59-05d4-4f17-9681-dabeb1f60cdc,telegram,primary_dataset,telegram_playstore,"apknya bagus, lebih bagus lagi ada fitur story. woah langsung pada pindah dijamin",2021-02-17T01:24:55Z,0,en,1
76912e97-81f0-4938-b919-f59cd18a76a0,telegram,primary_dataset,telegram_playstore,"Very cool application !! , But I hope that the latest updates will have a story feature like WhatsApp !!!",2021-02-16T21:44:28Z,1,en,1
cc91864d-6fbf-4c79-92d2-97951596c38d,telegram,primary_dataset,telegram_playstore,"aplikasi nya lengkap dan bagus , tapi kalo boleh saya tambahkan,mungkin akan lebih lengkap lagi kalau ada fitur story seperti WhatsApp. terimakasih",2021-02-16T19:17:41Z,0,en,1
b1d5bc65-caf5-494c-a6ef-4d4e76772315,telegram,primary_dataset,telegram_playstore,"Bagus banget Ini Lebih Rame Dari WhatsApp Tapi dua"" Nya bagus kok Aku Suka WhatsApp X Telegram Cuman Ada yang Menghina Allah/ Islam Nah Kan Engga Boleh Jadi untuk Pihak Telegram Please Laporkan Ke Polisi Karena Allah Ada Raja Kita Yang memberikan Kita makan Uang Dan lain"" Jadi Kalo engga Di laporkan Nanti Pihak Telegram Yang akan Kena Hukum Sekian Terima Kasih><",2021-02-16T00:25:43Z,0,en,1
3c60c689-5fd2-46ea-bf14-7cb03e1b5909,telegram,primary_dataset,telegram_playstore,"Kerenn batt. Fungsi nya lebih banyk dari Whatsapp. Bisa buat streaming film, bot matematika dll.",2021-02-15T21:59:45Z,0,en,1
8ac07b74-11ff-4a0f-8465-e5ea29a2b427,telegram,primary_dataset,telegram_playstore,Aplikasi yang bagus. Dan pesannya bisa diedit. Tampilannya juga keren. Aplikasi ini jauh lebih baik daripada whatsapp,2021-02-15T16:03:03Z,1,en,1
bd55ae8d-c959-420d-bfc8-127650265198,telegram,primary_dataset,telegram_playstore,"Good app, kalo bisa tambahin status kaya Wha**App. Kalo iya, gua auto pindah sepenuhnya ke telegram, gk perlu install WA",2021-02-15T10:05:15Z,0,en,1
6f26a554-ab18-41c9-a08e-87860bbd78cd,telegram,primary_dataset,telegram_playstore,"the application is good but I suggest adding a story feature like WhatsApp or Instagram, thank you",2021-02-15T07:30:58Z,0,en,1
d2300f71-6a3b-4b8b-8bff-54c67d024b65,telegram,primary_dataset,telegram_playstore,Nyaman aman bisa ngirim data file agak besar masih,2021-02-15T01:08:27Z,0,en,1
02205fc0-b422-42cc-95d1-3d52660fc0f0,telegram,primary_dataset,telegram_playstore,"apk nyaa bguss bisa main RP sma download film/drakor, tpi akhir"" vidio yg sudah saya download kok ga muncul di penyimpanan internal? tapi saya cek vdio nya itu sdh di download nah pas dimatiin data seluler nya vdio nya malah ga ada dan malah nimbul belum di download pdhal kuota saya trkurang jdi gimna ini?? mohon pihak developer nyaa bisa baca ini agar bisa dirubah lagi apk nya spya kjdian sprti in tdk trulang lgi",2021-02-15T00:47:13Z,0,en,1
e5275204-575c-4dc5-87f9-9f13616341f6,telegram,primary_dataset,telegram_playstore,"I'm really sorry, I gave a star like this first Because I want the telegram to be given a story feature like on WhatsApp, quickly fix it",2021-02-14T15:50:31Z,0,en,1
0d87c5ef-56be-4547-8a6e-f17437d15173,telegram,primary_dataset,telegram_playstore,Adain status ya kyk apk whatsapp,2021-02-13T22:46:23Z,0,en,1
28840a8f-835e-451f-992b-375962cd3a44,telegram,primary_dataset,telegram_playstore,Apk nya bagus cuman gw pengen ada story nya kek di WhatsApp plise perbarui lagiii woilah,2021-02-13T18:44:00Z,0,en,1
aa18d544-b869-4fa4-83a8-6117dea62deb,telegram,primary_dataset,telegram_playstore,Apknya bagus kak tapi tambahin fitur story kek WhatsApp kak biar bisa kek kek gitu makasi kak,2021-02-12T16:02:48Z,0,en,1
86371d11-a0d4-49e8-b960-c4426b4dc51c,telegram,primary_dataset,telegram_playstore,Good and do better,2021-02-12T15:31:03Z,0,en,1
0c705d81-0437-473c-86c7-2809adba98a6,telegram,primary_dataset,telegram_playstore,TOLONG DONG TAMBAHIN BUAT STATUS KAYA WHATSAPP TERIMAKASIH,2021-02-12T12:23:56Z,0,en,1
5be5c6a8-0a45-4013-9574-567f2ac3ec28,telegram,primary_dataset,telegram_playstore,Berikan insta story ya biar seru kaya WhatsApp,2021-02-11T22:11:10Z,0,en,1
d65f7167-b959-4919-82a7-f4b739f83d31,telegram,primary_dataset,telegram_playstore,"Terbaik, Nyaman dan Memberikan keamanan data",2021-02-11T21:49:40Z,0,en,1
035b9312-36a3-46b4-bf69-3057e612baf3,telegram,primary_dataset,telegram_playstore,"Hai , salam 6 agama , mnurt sya ini apk bagus , tapi kalo untuk pendownload Tan nya itu aga lama ya kak , dan MB nya menambah, sya saranin di tambah untuk story' nya krna Sya ingin sekali memasang story' sprti di WhatsApp , maaf kalo kta"" sya yg slah , Salam 6 agama, mksihh",2021-02-11T16:32:56Z,1,en,1
fb91d85b-893f-4332-a983-3fb5d78bb832,telegram,primary_dataset,telegram_playstore,Harus ada status biar kaya WhatsApp,2021-02-10T22:52:34Z,0,en,1
755d9ee2-a02c-494f-b40f-26e5735a8237,telegram,primary_dataset,telegram_playstore,Better,2021-02-10T20:56:35Z,0,en,1
7f1a7245-78c3-455e-9402-cd59e8aebddd,telegram,primary_dataset,telegram_playstore,Much better than whatsapp:),2021-02-10T20:37:43Z,0,en,1
e0a24e23-b13e-4f21-8095-855fd6e66a87,telegram,primary_dataset,telegram_playstore,Pengganti whatsapp,2021-02-10T09:34:48Z,0,en,1
fc9aaaf5-15c3-42a0-8db9-533393c86064,telegram,primary_dataset,telegram_playstore,"Bagus, nice. Makan nih Whatsapp, konoyaro!!!!",2021-02-10T00:31:10Z,0,en,1
d12ba50d-93ff-4e0e-890b-cb35dd46a059,telegram,primary_dataset,telegram_playstore,Apk nya bagus banget! Please kalian wajib download apk ini terjamin privasi kalian ama banget dan kualitas nya bagus tapi...kalau bisa di tambah story gitu kaya WhatsApp Tolong ya di update lagi,2021-02-09T22:33:12Z,2,en,1
c2f38f9f-99e9-49e5-a051-22326a1cbd75,telegram,primary_dataset,telegram_playstore,Agak lambat data sinyal da slalu menyambungkan,2021-02-09T21:59:56Z,0,en,1
bea9b682-d918-48c7-a15d-9c444724a582,telegram,primary_dataset,telegram_playstore,"Sejauh ini bagus, coba bisa bikin story kaya WhatsApp pasti lebih bagus lagi",2021-02-09T11:19:17Z,0,en,1
38ff1a2f-7c24-4ebb-b00b-552cc8ffb66f,telegram,primary_dataset,telegram_playstore,"aplikasi komunikasi yg paling bagus sih ini, kek nya kalo di tambahin fitur snap, pasti bisa melebihi whatsapp.. but, overall udah bagus banget, kek grup, channel, bot.. pokoknya suka",2021-02-09T08:17:04Z,0,en,1
a4c6d9b6-bf4c-47f3-88f4-c37bf128bee1,telegram,primary_dataset,telegram_playstore,"Aplikasi pengganti Whatsapp ini lebih keren dan Aplikasi ini juga sudah Join dgn Vtube, maka secara otomatis akan semakin banyak dipergunkaan, Sukses Telegram Sukses Vtube",2021-02-08T18:45:50Z,1,en,1
bb38b9b1-c3dc-4858-b334-c8c6b0df25bd,telegram,primary_dataset,telegram_playstore,Inilah aplikasi pengganti whatsapp terbaik nomor 1,2021-02-08T16:51:22Z,0,en,1
fd490cdb-f459-4b7d-abff-841aa1ee831f,telegram,primary_dataset,telegram_playstore,"Telegram yang baik,, saya sudah nyaman dengan anda,, tapi tinggal tambah fitur buat status saja,, saya akan berpaling dari whatsapp,,dan saya akan memilih anda menjadi yg nomor 1 di hp saya,,",2021-02-08T07:07:42Z,4,en,1
9a35f464-5fb8-40eb-8f18-e6c96f9f7c1a,telegram,primary_dataset,telegram_playstore,Delete WhatsApp and go telegram,2021-02-07T23:02:25Z,0,en,1
70e2ed15-a9d4-4c2e-aecc-eb7c46837c96,telegram,primary_dataset,telegram_playstore,Jaga keamanan Dan data kami dg baik terimakasih telegram,2021-02-07T15:11:41Z,0,en,1
9e013c6f-59e3-466b-af29-47cf7be0eaac,telegram,primary_dataset,telegram_playstore,ini pengganti whatsapps bagus banget aplikasinya,2021-02-07T08:20:05Z,0,en,1
4baad9f2-8741-4d6c-b57a-376c9cadd37d,telegram,primary_dataset,telegram_playstore,Data tersampaikan,2021-02-07T07:38:04Z,0,en,1
a6f35596-d686-42ca-96c4-d507927ecd0f,telegram,primary_dataset,telegram_playstore,"kalau diberi fitur status seperti WhatsApp pasti akan lebih bagus, dan satu lagi ka, saya mau login ulang akun tapi udah saya tunggu semingguan tetep ga bisa, tolong diperbaiki ya,terima kasih,semoga sukses!",2021-02-07T01:27:25Z,44,en,1
18377c56-351e-428e-ad86-7aba39a11ef4,telegram,primary_dataset,telegram_playstore,Yok pelan pelan yok... pindah pindah wkwkwkwk betah cieee do tele,2021-02-06T22:15:52Z,0,en,1
5f242756-4a66-47b3-8621-0dca4452efdb,telegram,primary_dataset,telegram_playstore,"TELEGRAM BUATIN FITUR STORY DONG KEK DI WHATSAPP SAMA IG BIAR BISA NGODE DOI,HEHEHE BARU DEH AKU MAU PINDAH KE TELE...MAKASIH YAA MIN CINTA AKU DEH",2021-02-06T20:36:21Z,0,en,1
c79bacf1-2c27-4dc0-94eb-5ea15818d7fa,telegram,primary_dataset,telegram_playstore,This is a good app. I tried to tell my friends to use it. And i hope all my friend can use it. But it will be better if we can post story,2021-02-06T17:48:21Z,0,en,1
48751a66-95a9-4a1c-9060-e59db8e481cd,telegram,primary_dataset,telegram_playstore,Tolong tambahin Story seperti Whatsapp. Gw bakalan move kalo ada,2021-02-06T05:38:11Z,0,en,1
fb319e0c-c288-4f2b-8c01-c054b93f8e75,telegram,primary_dataset,telegram_playstore,Kalau bisa menggunakan paket unlimited chat seperti whatsapp bakal lebih baik sih.,2021-02-05T21:58:53Z,0,en,1
0cdfa7fd-3590-4000-b1b4-8ea8849b40d7,telegram,primary_dataset,telegram_playstore,"I Love this apk... But, can you, who made this apk, to make a story like on WhatsApp? I don't like whatsapp, I just use it to share stories.",2021-02-05T19:06:23Z,0,en,1
eddef6ce-1aef-422d-a8d2-887d4be11aa3,telegram,primary_dataset,telegram_playstore,saya kasih bintang 4 dulu nanti kalo udah bisa bikin status saya beri bintang full dan kalo bisa pengunaan datanya itu yang boros bisa di kurangi lagi dan makasih berkat tele saya bisa dapat banyak teman^^ lv u developer,2021-02-05T11:17:06Z,1,en,1
b43c3227-0aa6-448a-8565-11a53bd41368,telegram,primary_dataset,telegram_playstore,"this is fine, but it would be better if the telegram side added the story feature. thank you.",2021-02-05T08:21:41Z,0,en,1
95991425-5eea-4029-b220-a09be1473a64,telegram,primary_dataset,telegram_playstore,"Aplikasi nya sudah bagus ko menurut saya, tpi min saya saranin ada status gtu kya whatsapp, biar lebih bagus",2021-02-05T00:07:42Z,0,en,1
bb264f88-ce4a-4dc0-8e23-49ba4085355a,telegram,primary_dataset,telegram_playstore,"Bagus banget, masih berharap telegram ada pasang status kayak WhatsApp",2021-02-04T22:53:53Z,0,en,1
b7f53c0f-c409-4fdc-bc4b-a056ca64fce3,telegram,primary_dataset,telegram_playstore,"Mantap, Lebih bagus dari WhatsApp",2021-02-04T18:13:23Z,0,en,1
038708d5-7ee3-45be-8be9-01e4e93023c4,telegram,primary_dataset,telegram_playstore,Telegram tolong terbitkan status seperti WhatsApp,2021-02-04T10:45:02Z,0,en,1
fd72e5a8-00b1-461e-9671-eefd73a65441,telegram,primary_dataset,telegram_playstore,Semoga lebih baik dari pada sosmed yang sekarang gabung sosmed satunya. Jadi nya data kami aman d telegram...,2021-02-03T23:02:37Z,0,en,1
701b8cc2-214f-42b9-9860-326e0035d555,telegram,primary_dataset,telegram_playstore,"Bagusss,katanya yahh ini tuh bisa dipake offline jadi aku dwonload karna aku bosen di whatsapp",2021-02-03T20:48:49Z,0,en,1
6f32aca3-ef50-43e8-94e2-796dbd1a964f,telegram,primary_dataset,telegram_playstore,"Wah ternyata hampir mirip ya sama whatsapp,instagram,dll telegram nya bagus gak di sangka aku download ini",2021-02-03T12:39:54Z,0,en,1
850100e8-8e73-40c8-91d6-113a86e3d057,telegram,primary_dataset,telegram_playstore,"Aplikasinya bgs tapi saya mohon ya di perbarui bikin telegram ada story nya min biar tambah Bagus so kalo perlu warga WA Pindah ke telegram terus buat fitur lengkap di telegram min -sekian dari istri taehyung rl makasi min , iya sm""",2021-02-03T12:11:58Z,1,en,1
a21784a1-e07d-4536-82fd-5482754c55da,telegram,primary_dataset,telegram_playstore,lebih bagus lagi kalo tele itu di kasih status ke Ig WhatsApp dan lain lain mohon maap kalo ada kesan pesan yang menyigung itu doang saran saya saya kasih bintang 5,2021-02-03T12:02:16Z,0,en,1
42922608-81a2-4e16-aadd-72806a674a68,telegram,primary_dataset,telegram_playstore,"Tolong tambahan fitur story seperti story di WhatsApp, Instagram, Twitter dll, karena fitur itu bisa memudahkan pengguna untuk memulai obrolan. Terima kasih",2021-02-03T10:04:07Z,0,en,1
e74e211a-643f-482f-a220-6848db976417,telegram,primary_dataset,telegram_playstore,Aplikasi ini sangat bagus seperti WhatsApp,2021-02-03T07:20:27Z,0,en,1
1cc639c7-dd27-4f73-9802-8e9abed3aaa5,telegram,primary_dataset,telegram_playstore,"Untuk aplikasi nya susah bagus terus mudah digunakan dan sangat baik tapi akan lebih menarik lagi jika ditambahkan dengan fitur story seperti WhatsApp,Instagram dll. Hanya itu saran dari saya. Terimakasih",2021-02-03T07:04:24Z,0,en,1
c7b8d752-3d5a-44c9-bdfe-c99bd8f7c4c3,telegram,primary_dataset,telegram_playstore,Better than WhatsApp,2021-02-03T07:01:02Z,0,en,1
9c7346a0-03b0-429d-9501-a2703d58283e,telegram,primary_dataset,telegram_playstore,Apk pengganti whatsapp nih,2021-02-03T00:22:38Z,0,en,1
7a8a328e-c580-4a64-8bd1-e67460f2e314,telegram,primary_dataset,telegram_playstore,Sukaaaaaaa!!! Tapi sayangnya telegram tidak bisa update story seperti Whatsapp. Semoga nanti bisa,2021-02-02T21:23:53Z,0,en,1
8647b53c-82ea-410a-bd4d-15d39ab79dec,telegram,primary_dataset,telegram_playstore,Ayo dong upgrade ada statusnya kaya whatsapp,2021-02-02T12:36:58Z,0,en,1
8c0a00e4-d398-4684-b2b0-4dea4fbff4ae,telegram,primary_dataset,telegram_playstore,"Bagus cuman kurang cepat untuk kirim"" data video,foto",2021-02-02T12:10:04Z,0,en,1
25f07861-26ab-4d81-9b7b-4756314c2271,telegram,primary_dataset,telegram_playstore,"pindah ke sini aja, WhatsApp dah jadi mata2",2021-02-02T11:08:55Z,0,en,1
cebe0801-53e7-4dac-a2de-936b854c71ae,telegram,primary_dataset,telegram_playstore,I hope Telegram can update story features such as the WhatsApp story so that it can grow. thank you,2021-02-02T06:51:12Z,0,en,1
37c7eb81-7b1f-4612-9cfa-6b3f8a58e732,telegram,primary_dataset,telegram_playstore,telegram kasi filtur story nya biar bisa masang sw seperti WhatsApp,2021-02-02T06:46:36Z,0,en,1
bc0183f8-acb3-4aa0-bdb2-afa209d4ed94,telegram,primary_dataset,telegram_playstore,Aplikasi ini 1 yg kurang TIDAK ADA STORIY jadi kalo begini susah buat mindahin penggunah whatsapp ke telagram. Sebab poin utama di Whatsapp itu adalah setatus dengan mudah memberi info kepada orang2 terdekat hususnya. Terimakasih,2021-02-01T22:25:26Z,4,en,1
cc59ea17-4376-4a91-8401-3c8938156522,telegram,primary_dataset,telegram_playstore,"saya terserah aja sih mau di update ada fitur 'story' seperti whatsapp atau instagram. saya nyaman-nyaman aja. terus, yang bawa-bawa 'rp' di ulasan, bisa tolong dihapus tidak? rp itu permainan tertutup, walaupun sekarang jadi terbuka karena suatu hal. saya mohon dihapus ya, tapi jika tidak ingin, bisa di edit saja ulasannya atau dibiarkan saja. saya toh tidak memaksa.",2021-02-01T21:44:10Z,0,en,1
77ba657a-9232-4a54-9fbb-83fc4abd2c3e,telegram,primary_dataset,telegram_playstore,alternatif WhatsApp yg sangat rekomendasi di install,2021-02-01T20:17:26Z,0,en,1
46473499-fd8d-4c73-995a-850032b1f7d0,telegram,primary_dataset,telegram_playstore,"Untuk fitur story (seperti whatsapp, instagram, dll) sepertinya tidak usah. Tapi, ada baiknya diberi fitur tambahan untuk mengunggah foto/video selain yang terdapat di foto profile, seperti KATALOG atau semacamnya. Dan mohon untuk pihak Telegram, jika ada channel yang menjatuhkan sesama/menghina Tuhan, dsb. Jika ada user yang melaporkan channel tersebut, langsung diberi ketegasan! Dan secepatnya di takedown/dihapus. Terimakasih.",2021-02-01T15:24:15Z,1136,en,1
3b3fea98-ece9-4960-89c6-c23af5023a9a,telegram,primary_dataset,telegram_playstore,"This application is very good, but it is better if there is a story feature, If it has been updated, I will give you a 5 star . Sekian terima gaji",2021-02-01T10:37:33Z,0,en,1
8e8d853d-b9cc-4997-9c06-683f2fb32f2e,telegram,primary_dataset,telegram_playstore,"Tolong di tanbahun tanda kalo sedang tidak online,,macam whatsAPP ,,ada centang 1 [ ] kalo sedang gak aktif,ada centang 2 [ ] kalo lagi online dan ada centang 2 [ biru ] kalo pesan di baca,,memang bagus sih ada perbedaan,tapi suka bingung kalo sedang gak online nya gak da tanda",2021-02-01T10:30:28Z,4,en,1
dbac571e-52ef-40d4-9cfb-344fcb0b63bb,telegram,primary_dataset,telegram_playstore,"Bagus ,tetapkan mode WhatsApp ajh keren ko ada update statusnya",2021-02-01T09:58:36Z,0,en,1
b731f48e-a429-4f22-97b5-d025bc8d8a1e,telegram,primary_dataset,telegram_playstore,"Aplikasihnya bagus ,chatnya dari wa ke telegram bisa eksport , cuma kurang fitur statusnya kaya di whatsAap , saya pindah ke telegram karena katanya whatsAap tidak aman ,data pribadi bisa di liat ,masalahnya temen saya pada belm punya telegram jadi masih susah komumikasihnya, kalo bisa mah ,saya chat lewat telegram ,temen saya lewat whatsAap biar enak ,otw rameh Itu saran saya",2021-01-31T19:50:36Z,0,en,1
cbdf7440-6e1f-447c-9f3a-0916ba57963c,telegram,primary_dataset,telegram_playstore,"Tudep Apk nya bgs bngt membantu chat saya dan tmn saya jd sngt Privat,Dan fitur"" nya banyak g kaya Whatsapp Thank you",2021-01-31T17:43:37Z,0,en,1
2acf9196-3d75-4544-9b3d-51f05fc90489,telegram,primary_dataset,telegram_playstore,"Ini aplikasi keren banget sih, pesan yang sudah berbulan masih ada dan ga perlu di download ulang padahal saya sudah uninstal skitar 7 bulan pas saya kembali masih ada. Buat yg mau berganti aplikasi dari whatsapp ke telegram gausah ragu gak bakal nyesel.",2021-01-31T17:27:55Z,1,en,1
24c3c4a1-b427-4733-94e4-d81f83e0b55b,telegram,primary_dataset,telegram_playstore,"Selain mengandalkan fitur messaging yang sudah ada sekarang, akan lebih menarik jika telegram mempunyai fitur ""STATUS"" seperti di WhatsApp atau ""STORY"" seperti di Instagram. Tentunya itu akan menjadi hal yang menarik tersendiri untuk telegram. Saya sebagai pengguna setia telegram akan selalu menantikannya",2021-01-31T10:47:01Z,93,en,1
03a4bb04-e509-4120-8b48-15124e92de53,telegram,primary_dataset,telegram_playstore,Tolong telegram diberi fitur story seperti WhatsApp maaf masi kasi bintang 4,2021-01-31T09:59:08Z,0,en,1
ea652359-c0c9-4508-b7c2-8a427cee30f2,telegram,primary_dataset,telegram_playstore,Aplikasi nya bagus banget ayo Download Ini WhatsApp Lagi Bahaya Di bajak Orang Jadi Lewat Telegram aja deh .,2021-01-31T09:23:58Z,0,en,1
d65fbdc5-af83-4e9d-be06-6424b9864483,telegram,primary_dataset,telegram_playstore,Lebih baik dari whatsapp,2021-01-31T05:28:36Z,0,en,1
e4794de3-9483-4210-a3c2-1da4c3daf836,telegram,primary_dataset,telegram_playstore,KILL WHATSAPP THANKS .,2021-01-31T01:41:28Z,0,en,1
128da3e9-3729-4257-ae0a-a7935c6b7c59,telegram,primary_dataset,telegram_playstore,"Kalau soal keamanan data pengguna tidak ada yang mengalahkan telegram. Sampai pengiriman data yang cukup besar bahkan sampai ratusan mbps jagonya telegram. Dari dulu yang lain belum bisa,telegram lebih dulu maju selangkah...goood...",2021-01-31T00:07:21Z,16,en,1
2485eada-e264-42a8-a8ee-5785baee256c,telegram,primary_dataset,telegram_playstore,"Aplikasi perpesanan yang lebih bagus dari kompetitor lainnya sebenarnya, namun entah kenapa ""feel"" ketika memakai Telegram berbeda dengan ""feel"" ketika memakai WhatsApp sehingga banyak user yang enggan untuk berpindah menggunakan Telegram.",2021-01-30T22:48:05Z,26,en,1
81d0cee5-6df3-44c7-b898-aa200696e2c9,telegram,primary_dataset,telegram_playstore,Saya kasih 4 star dulu.. Dan tolong di perbarui. Karna masih berat kalao di buat vidio call. Masih ringan whatsapp. Mohon,2021-01-30T21:12:44Z,0,en,1
2ce12a4b-d662-4986-a6d5-90379d061a5c,telegram,primary_dataset,telegram_playstore,"aplikasi yang bagus, tapi semoga saja bisa diperbarui agar terdapat fitur story seperti di WhatsApp, xixi ..",2021-01-30T18:49:22Z,2,en,1
42186a39-60d0-41eb-9307-b11e57bd7e8d,telegram,primary_dataset,telegram_playstore,Oke . Bagus gambar emotnya bisa gerak2 . Resolusi vc nya juga bagus dan stabil bgt... tapi kalo bisa update supaya bisa ada beranda status kaya wa . Pasti banyak yg langsung pindah deh.. hehe,2021-01-30T18:20:34Z,2,en,1
994efbd8-9cbb-437e-980f-c4127569b580,telegram,primary_dataset,telegram_playstore,Pindah dri wa dah tolong lah pake filter story mu prustasi saya kak...,2021-01-30T17:58:00Z,0,en,1
1012559e-aa00-4a54-a6d7-d49a002a2c6e,telegram,primary_dataset,telegram_playstore,Mantap aplikasi ini dari pada whatsapp asu,2021-01-30T15:47:08Z,0,en,1
09681949-65e3-45e5-ba44-0e3989fb5c48,telegram,primary_dataset,telegram_playstore,"Tolong taruh barang saya disini, saya warga baru, pindahan dari whatsapp",2021-01-30T10:10:30Z,0,en,1
6ac0888a-c6bc-4b93-8f36-94dfc60b08f8,telegram,primary_dataset,telegram_playstore,Aplikasi ini sangat bagus banget dan menjaga privasi banget tolong dong kedepanya adakan fitur status atau story pasti deh yang pindah akan tambah banyak,2021-01-30T10:03:29Z,2,en,1
d891ae8f-1d0d-4a6a-b7b1-bdac59bb7548,telegram,primary_dataset,telegram_playstore,"Pengguna telegram sejak bertahun-tahun lalu sebelum orang-orang pindah dari whatsApp ke telegram. Tolong ya, telegram tidak usah pakai story seperti di whatsApp, pertahankan ciri khas telegram yang seperti ini saja. Kalau pada mau pakai story, di WhatsApp atau instagram saja!! Please developer, jangan diberi stastus/story seperti whatsApp, bikin telegram bala aja. User baru tuh pasti yang minta story, telegram emang sejak dulu kaya gini.",2021-01-30T07:20:19Z,448,en,1
81ded85f-a864-45c9-8bb5-e6a76ad6341c,telegram,primary_dataset,telegram_playstore,Hi tele coba dong tingkatin lagi apk nya yg ada storynya biar whatsapp kesaing dan tingkatkan lagi saya lebih suka apk ini dri pada wa saya akan kasih bintang 5 jika memang ada storynya karena bukan cuma saya yg menunggu di update biar ada story nya yg lain juga banyak yg menunggu mungkin bisa lebih bagus lagi apk nya jdi mkin suka deh sama apk ini^v^,2021-01-29T23:10:43Z,0,en,1
32b27420-b009-4723-a479-fc099ddb5de0,telegram,primary_dataset,telegram_playstore,"Hai telegram, jangan mau kalau diajak join sama facebook dkk, apa lagi sampai dijual ke facebook. Hi telegram, don't want to be invited to join Facebook and friends, what else to sell to Facebook",2021-01-29T21:01:20Z,0,en,1
b8401853-f1de-4409-9142-2b5037ff4a64,telegram,primary_dataset,telegram_playstore,Saya pindah ke sini gara gara peraturan WhatsApp yang meresahkan,2021-01-29T19:00:00Z,0,en,1
46aa7021-fe42-46fd-bd8d-de44c6c952f7,telegram,primary_dataset,telegram_playstore,Tolong dong di tambah fitur untuk buat status seperti WhatsApp,2021-01-29T18:09:57Z,0,en,1
e2e7253c-a1f8-4cd2-a74d-44034b066cde,telegram,primary_dataset,telegram_playstore,"Setidaknya bisa menjaga privasi pengguna, janganlah kamu menjadi seperti Whatsapp",2021-01-29T13:49:47Z,1,en,1
8e9a8413-e944-4774-982f-abc549fd642f,telegram,primary_dataset,telegram_playstore,Pindah,2021-01-29T13:44:59Z,0,en,1
186c02ff-468d-4271-aead-daf784b205e4,telegram,primary_dataset,telegram_playstore,Bagus baget deh Kaya facebook,2021-01-29T12:50:39Z,0,en,1
24b754aa-a76c-448d-8830-cd7f76c3ebe0,telegram,primary_dataset,telegram_playstore,love u somuch tele thn WhatsApp,2021-01-29T11:19:31Z,0,en,1
63bab4e0-ec53-45c1-9e6d-3ce8c260aa07,telegram,primary_dataset,telegram_playstore,"Hampir sempurna, tinggal bikin fitur pasang status harian aja kaya wa .. Pindah dah semua",2021-01-29T10:06:16Z,0,en,1
d3b3d1c6-927c-4bd2-93f2-da81d512f8d7,telegram,primary_dataset,telegram_playstore,"Nyoba dulu, kalo rame pindah kesini aja...",2021-01-29T06:16:32Z,0,en,1
d22186ee-57bf-477f-870a-bea0a21a622e,telegram,primary_dataset,telegram_playstore,"Bagus, pakai emoji iPhone. Tolong tambahkan fitur status seperti WhatsApp juga. Dan ada beberapa stiker yg tdk pantas, tolong dihilangkan atau diganti yg lebih baik. Dan tampilannya bisa diganti sesuai keinginan kita dan tdk membosankan bagi pengguna. Good",2021-01-28T19:43:16Z,2,en,1
a6912e07-0334-4bb9-a33b-fe91b88af5ee,telegram,primary_dataset,telegram_playstore,Lebih Aman pake Telegram daripada WHATSAPP,2021-01-28T15:38:18Z,0,en,1
8697440c-3d47-4717-bec4-681f6c8e39cb,telegram,primary_dataset,telegram_playstore,Ini masih ada yang kurang ya Belum ada status kayak yag di WhatsApp di tunggu updateing nya (Canda!!) Bagus kok apk nya saya suka bgt ini tuh bagus banget kalian HAROS DONLUT,2021-01-27T23:18:18Z,0,en,1
399c4a56-ec8a-41c2-a3eb-04e2c55f6508,telegram,primary_dataset,telegram_playstore,"Kalo di tambahkan fitur story pasti pada suka + jadi bagus aja gitu kyk WhatsApp pasti banyak yang pake juga, TOLONG TAMBAHKAN FITUR STORY NYA""",2021-01-27T23:15:25Z,0,en,1
72fb0def-45bd-4a05-800b-af0ba9b6e4b3,telegram,primary_dataset,telegram_playstore,"Coba deh klau telegram di adakan fitur status, seperti WhatsApp,pastii lebih bagus lagi,. Semoga bermanfaat",2021-01-27T22:23:52Z,0,en,1
3926290b-f84b-4be5-bd0e-6292852c6885,telegram,primary_dataset,telegram_playstore,Buatkan story biar kayak WhatsApp messenger boss,2021-01-27T15:43:16Z,0,en,1
266ce972-cb97-4dc4-8d33-b7e15c9faa90,telegram,primary_dataset,telegram_playstore,Saya mohon telegram ada story nyaa. Udah bagus sih. Tinggal diperbarui ada story nya. Saya yakin kalau telegram ada story nya pasti lebih laris dari pada WhatsApp. Karena juga kan ini WhatsApp ada notifikasi terbaru. Terimakasih:),2021-01-27T13:45:02Z,0,en,1
f21877db-2d7d-460a-9816-757e81c8004f,telegram,primary_dataset,telegram_playstore,"Aku baru pakai, ternyata teman2 di kontak aku dah pada pake telegram semua. Semua telegram tidak memberikan ketentuan yg memberatkan ke penggunanya. Semoga telegram tidak menjual data pengguna supaya tetap digunakan dan semakin banyak yang pakai.",2021-01-27T13:30:14Z,0,en,1
7ba7644b-26fa-4eee-bd43-75428ded4fc6,telegram,primary_dataset,telegram_playstore,Tolong pihak telegram buat fitur baru dong fitur story biar asikk gitu plisssssss Buat fitur story seperti WhatsApp juga,2021-01-27T12:38:11Z,0,en,1
7c832e18-3e79-4aec-82c0-cfb55f6c30eb,telegram,primary_dataset,telegram_playstore,"Min tambahin story biar kek WA otomatis temen"" gua pindah ke telepgram apalgi bagus banget telegram ketimbang WA yg banyak peraturannya",2021-01-27T07:38:14Z,0,en,1
d3035182-8b4c-421c-935d-8c7f06c78333,telegram,primary_dataset,telegram_playstore,"telegram udh bagus banget! , tapi kalo ada story seperti whatsapp pasti lebih bagus. mohon fitur yg seperti itu ya min..",2021-01-27T04:37:09Z,0,en,1
ea56f024-a405-4f11-a47a-1df252f8fc9c,telegram,primary_dataset,telegram_playstore,Hai min Kapan nih muncul in fitur story di telegram perfect banget udh kalo ada fitur story nya auto pindah dari app sebelah,2021-01-27T01:44:43Z,0,en,1
92ec4869-98b4-4e2a-8b78-272f7c1228fa,telegram,primary_dataset,telegram_playstore,Aplikasi ini hampir sama dengan WhatsApp tapi lebih banyak fitur unggulan,2021-01-26T20:57:01Z,0,en,1
8b255c32-2123-42c2-b27e-b44762a7af95,telegram,primary_dataset,telegram_playstore,"Karena Ada telegram saya bisa gantikan whatsapp untuk kirim pesan kpda org terdekat, Thank you telegram",2021-01-26T20:12:57Z,0,en,1
1bb2e621-1e60-4606-9371-f3634bcfa6ae,telegram,primary_dataset,telegram_playstore,aplikasi bagus hanya saja gak ada status kayak whatsapp. perlu penambahan vitur baru. good job!,2021-01-26T19:02:16Z,0,en,1
a362fe2c-0f04-4929-b3cc-bd42e69271bf,telegram,primary_dataset,telegram_playstore,"Hai Telegram! Saya Mohon Tambahkan Fitur Voice Call Lebih Dari 2 Orang Dan Video Call Lebih Dari 2 Orang, Dan Saya Mohon Untuk Menambahkan Fitur Status Seperti WhatsApp",2021-01-26T18:46:41Z,0,en,1
fc52f513-b301-4707-910a-9099be705eee,telegram,primary_dataset,telegram_playstore,"Kenaapa kok saya kembali keawal di telegram, terus data dan grup yg saya buat hilang semua",2021-01-26T17:38:30Z,0,en,1
93e91904-f042-4ae7-a926-d94a855fcce1,telegram,primary_dataset,telegram_playstore,Halo TELEGRAM makasih buat apk nya bagus banget aku aja lebih memilih pindah ke TELEGRAM dari pada watsapp,2021-01-26T14:08:07Z,0,en,1
a928c33d-7d9a-4341-82e7-2d50bd0a983c,telegram,primary_dataset,telegram_playstore,"Sangat bagus, mending pake telegram daripada WhatsApp, Untuk kedepannya agar di update dengan fitur untuk menambah Status seperti di WhatsAp",2021-01-26T12:26:17Z,0,en,1
e0bf76b7-feff-4da1-b8a2-8e0e02342f5f,telegram,primary_dataset,telegram_playstore,BAGUS dan cocok buat bermain RP Telegram Tapi bisa update2 status dong kaya whatsapp Segitu aja bye,2021-01-26T08:11:25Z,0,en,1
513c6ec8-3de4-470d-8fd3-61300c3a332c,telegram,primary_dataset,telegram_playstore,"please, why is my telegram 'updating' all the time? I already use wifi and even use quota, it's still updating, there are no problems with the signal, please check admin.",2021-01-25T20:47:25Z,0,en,1
ec22f69d-fe5c-45d1-91d8-0ac111905b2d,telegram,primary_dataset,telegram_playstore,"Ini aplikasi ter Best . Hampir semua pengguna WhatsApp pindah ke telegram, gara ada peraturan baru . ini udah bagus banget, apalagi ada mode WhatsApp dan lain jadi tambah bagus. apalagi kalo dibuat mirip dengan WhatsApp, pasti lebih bagus",2021-01-25T17:28:27Z,56,en,1
bb9b21ff-8a80-471e-bc4e-627f27604d58,telegram,primary_dataset,telegram_playstore,"great super complete from WhatsApp, for further updates add status features so that it is the same as WhatsApp.",2021-01-25T12:19:51Z,0,en,1
a7b2418f-8a67-4089-834b-b9cf021ed61d,telegram,primary_dataset,telegram_playstore,bodoamat bagussssssbgt no debat tambahin biar bisa bikin status kaya whatsapp y gaaa,2021-01-25T11:56:12Z,0,en,1
831af3cc-94cd-4b7a-a900-628b005457c3,telegram,primary_dataset,telegram_playstore,"tinggal kasih fitur story, gw langsung pindah ke tele uninstal wa",2021-01-25T10:57:14Z,1,en,1
aa22eed4-f0d2-4740-a4b8-d37dd13a0b8b,telegram,primary_dataset,telegram_playstore,Lumayan bagus.... Aplikasi ini Gantinya WhatsApp,2021-01-25T10:52:12Z,0,en,1
412044e0-875f-43cc-923f-0b27ac396f9a,telegram,primary_dataset,telegram_playstore,"Cuma masalah pas lagi video call sama panggilan biasa,,,kalu di aplikasi sebelah bisa video call menggunakan signal di sini,aplikasi ini gak terhubung",2021-01-24T20:25:45Z,0,en,1
6564054b-955a-4180-a312-4cf70526a58e,telegram,primary_dataset,telegram_playstore,"The best aplikasi chat !! Whatsapp mah kalah jauh!!! Di telegram sendiri banyak fitur yang tidak ada di wa , hal ini menyebabkan saya hijrah ke telegram ! Good job telegram ditunggu update berikutnya :)",2021-01-24T16:19:23Z,0,en,1
05c2a750-793a-4a4d-8aae-358db8c0a868,telegram,primary_dataset,telegram_playstore,Bagus banget walau kayak Whatsapp tapi telegram terasa lebih bagus lagi soalnya ada pencarian dan bisa gabung digrup apa saja yang lita suka,2021-01-24T15:56:48Z,0,en,1
f123e14d-3465-4324-8555-90dd9d35b793,telegram,primary_dataset,telegram_playstore,"a pretty good application, even better if the story feature is added, so that telegram users are more comfortable using this application, I hope my advice is read",2021-01-24T12:00:54Z,0,en,1
5ce216a0-f1be-4315-9799-7da269297ff8,telegram,primary_dataset,telegram_playstore,"Sudah bagus, hanya saja mungkin penggunaan data saat meggunakan telegram di kurangi agar tidak terkuras banyak saat memakainya. Ditambah fitur status / story akan lebih bagus. Sejauh ini jga sudah bagus. Terima kasih",2021-01-24T10:41:42Z,12,en,1
00fe41e9-fcac-4bdb-8c90-17e74b9767b1,telegram,primary_dataset,telegram_playstore,Data pribadi aman,2021-01-24T10:14:10Z,0,en,1
fbb305e7-f18c-4f9b-99f4-286bab369348,telegram,primary_dataset,telegram_playstore,"good app. just a suggestion for the developers of this application, adding a story menu like WhatsApp will definitely be cooler",2021-01-24T10:04:49Z,0,en,1
d86b6526-de6b-4316-b4ae-ea6a3696898b,telegram,primary_dataset,telegram_playstore,Pindah ke sini karena kebijakan privasi WA dah gak aman.,2021-01-24T06:20:45Z,0,en,1
deec23be-869d-459e-a1c8-e305168cda8e,telegram,primary_dataset,telegram_playstore,Pindah ke sini karena WA dah gak aman kebijakan privasinya.,2021-01-24T06:19:27Z,0,en,1
6c886f1b-a9ba-4aed-9de8-7ccae842358f,telegram,primary_dataset,telegram_playstore,Hope better than WA.,2021-01-24T04:12:16Z,0,en,1
49c6491d-bf69-48b3-ab58-3d113863bbf8,telegram,primary_dataset,telegram_playstore,Data yg bagus,2021-01-24T01:02:49Z,0,en,1
0d21b7ed-1235-4cab-8580-854d193539be,telegram,primary_dataset,telegram_playstore,katanya WhatsApp mau di hapus,2021-01-23T21:29:09Z,0,en,1
5f9d3605-6860-4393-8563-1fbd1625fd23,telegram,primary_dataset,telegram_playstore,#deletewhatsapp,2021-01-23T20:01:55Z,0,en,1
41503780-0c31-49ec-a97b-e32bfa40089e,telegram,primary_dataset,telegram_playstore,Telegram bagus. Beberapa fitur dan pengaturannya mirip WhatsApp. Tp yg pasti saya merasa lebih nyaman dgn aplikasi ini. Sukses slalu Telegram.,2021-01-23T17:43:13Z,0,en,1
af97eff4-6ddb-43e6-bd05-d74a6fd840a2,telegram,primary_dataset,telegram_playstore,Keren bagt auto pindah dari wa... Kurang nya hanya satu yaitu Update status nya tidak sepeti whataap,2021-01-22T23:21:13Z,0,en,1
e7151ce3-576c-4119-9754-1a8f02f7af0b,telegram,primary_dataset,telegram_playstore,Pengganti WhatsApp,2021-01-22T15:25:01Z,0,en,1
c0f16f98-c9f9-4d14-9489-d8f129cba135,telegram,primary_dataset,telegram_playstore,Coba ditambahin buat story pasi wa pindah ke tele,2021-01-22T07:22:41Z,0,en,1
f6c0e873-a127-4c1e-a00e-c465eaba06b7,telegram,primary_dataset,telegram_playstore,Lebih bagus dari whatsapp wkkwkw,2021-01-22T01:15:10Z,0,en,1
9d953bf0-4d13-412a-b518-04b67d8bb112,telegram,primary_dataset,telegram_playstore,Pembagian status seperti aplikasi WhatsApp,2021-01-21T21:23:27Z,0,en,1
9c0a9fdb-8793-4ebb-8944-9ac0665669fe,telegram,primary_dataset,telegram_playstore,Saya sangat menyukai aplikasi ini. Banyak fitur yang tidak dimiliki WhatsApp,2021-01-21T18:27:19Z,0,en,1
de615fbe-479f-4bc9-adaf-5e80e3353df9,telegram,primary_dataset,telegram_playstore,"Aplikasi nya bagus sih. Cuman kurang fitur story kayak di WhatsApp aja. Update lagi dong jadi ada fitur storynya:D. Kalau dah di update, saya kasih bintang 5",2021-01-21T14:52:21Z,0,en,1
40f967bd-f974-42a8-b92d-e7df9d3edec1,telegram,primary_dataset,telegram_playstore,Saya download ini karena WhatsApp membuat kebijakan yg merugikan saya sebagai konsumen.. yaitu kebijakan terhubung dengan Facebook.. alhasil tidak bisa menjaga privasi chat WhatsApp,2021-01-21T12:31:40Z,0,en,1
c7de4395-d1f9-4dff-ab04-0d4fd478e7fb,telegram,primary_dataset,telegram_playstore,"Hei warga pindahan whatsapp.. Gk usah bnyk harap dsini, tele itu aplikasi mmentingkan privasi penggunannya. Gua udh lama pake tele, jg gk terlalu brharap ada story2, klo mau ada story2an silahkan pake ig atau mnetap aja di WA. Sgini aja gw udh nyaman trkait privasinya, aplagi mungkin kdepannya ada pembaruan fitur2 yg bagus, dan gk msalah jg. Sebab seiring berjalannya zaman. Pendatang baru bnyk cakap, baca dlu smua peraturan privasi syarat & ktentuan di tele baru bisa menilai bagus/jeleknya.",2021-01-21T12:19:06Z,6,en,1
c861c448-10b0-41e9-82cb-46adbcc35120,telegram,primary_dataset,telegram_playstore,"semenjak whatsapp akan di sinkron kan dengan facebook, telegram semakin melesat peminatnya, sukses selalu untuk semuanya",2021-01-21T11:32:09Z,1,en,1
01e1cf30-b6e9-47bb-9f0b-abc8e9dd9cf8,telegram,primary_dataset,telegram_playstore,"Ketika telegram bikin fitur story, disitulah rating membuat whatsapp terkencing-kencing",2021-01-21T09:37:04Z,1,en,1
ef33cd0b-8c17-4fc7-8d55-df67f3abd13d,telegram,primary_dataset,telegram_playstore,Say goodbye to WhatsApp and say Wellcome to TELEGRAM,2021-01-21T08:25:01Z,0,en,1
f7d0353c-703c-4c93-aeec-20567edf0d4e,telegram,primary_dataset,telegram_playstore,"For now a 4 star first, please give the story feature on telegram, this application is very good but even better if there is a story feature, if there is I will give a 5 star",2021-01-20T23:31:03Z,0,en,1
b76c52b3-9d66-4f1e-9d54-21c61d82e1c8,telegram,primary_dataset,telegram_playstore,Aku senang pakai telegram dan privasi lebih terjamin dibanding tetangga sebelah yang data privasi mau dibagi dan dishare kemana mana,2021-01-20T22:18:43Z,1,en,1
337870db-a556-400a-a0ed-be04f69605c7,telegram,primary_dataset,telegram_playstore,whatsapp sudah ngak aman . pakai telegram aja,2021-01-20T20:26:02Z,0,en,1
1fadf5e1-539c-4464-90ca-246e0fccd5fe,telegram,primary_dataset,telegram_playstore,"Kalau mau nyaingin WHATSAPP, Harus Update bisa Story , orang indonesia sukanya pamer . Smoga cpet update",2021-01-20T17:16:42Z,0,en,1
5e1a30a6-2f76-477a-b7a5-538113d88f47,telegram,primary_dataset,telegram_playstore,"Tolong dibikinin untuk update status yaa, biar pasukan wa pindah ke telegram semua",2021-01-20T13:04:41Z,0,en,1
4a8695ce-e6ab-4e36-8169-596edf443937,telegram,primary_dataset,telegram_playstore,"Aplikasinya keren, gak perlu back up data kalo mau gantinke hp lain",2021-01-20T09:26:16Z,0,en,1
f25a3781-b019-4926-a15c-251fd5ee99b3,telegram,primary_dataset,telegram_playstore,Tolong pihak TELEGRAM berikan fitur story sprti whatsapp niscaya kami aka beramai ramai pindah Tele,2021-01-20T07:16:36Z,0,en,1
77d17615-42e3-46cf-b0f1-879005374862,telegram,primary_dataset,telegram_playstore,"Telegram Aplikasi pengganti Whatsapp, dari pada data di curi WA!!",2021-01-20T07:03:02Z,0,en,1
8265f442-7fb8-4987-9f28-f8ece25a3f29,telegram,primary_dataset,telegram_playstore,mantap Sahabat Whatsapp dan bisa pengganti,2021-01-20T06:59:08Z,0,en,1
7cd9607a-f443-453c-9f61-d6a2f371f32d,telegram,primary_dataset,telegram_playstore,Setidaknya telegram lebih aman ketimbang whatsapp,2021-01-19T22:38:25Z,0,en,1
5a087fdd-c86e-4d09-8644-37f3ddac31c7,telegram,primary_dataset,telegram_playstore,Stay privacy.,2021-01-19T20:42:50Z,0,en,1
ca76e2d8-6017-4d2f-9611-d472eb4e4ab3,telegram,primary_dataset,telegram_playstore,Karena saya butuh ini.. jika whatsapp di buat ribet..,2021-01-19T19:19:40Z,0,en,1
2dba3da1-85c1-4022-a83e-082a32b76b3e,telegram,primary_dataset,telegram_playstore,"Stabilkan dan perbaiki fitur VC. Juga tambahkan fitur story, agar semakin banyak pengguna pindahan dri wa.",2021-01-19T18:20:29Z,0,en,1
7c6d5ada-a6eb-4c22-a8e7-3c44befcde27,telegram,primary_dataset,telegram_playstore,Yang kesini karna w........ Nah kan pindah,2021-01-19T17:50:55Z,0,en,1
273ebc2e-55fc-4ef0-83e6-b6c7ebbe4be0,telegram,primary_dataset,telegram_playstore,"Apk ny bagus bisa buat Gonta ganti kl bosen di WhatsApp , and bisa buat maen rp jugak dah lah pokoknya bagus Tq",2021-01-19T16:50:56Z,0,en,1
e3ed5cc7-592a-4091-bd81-b1f6594e41da,telegram,primary_dataset,telegram_playstore,"Aplikasi telegram sangat bagus. Cepat dan data"" aman, kalau ingin mengirim pesan langsung hilang tanpa tanda, pokoknya bagus banget, nyesel ga download!!",2021-01-19T16:46:30Z,0,en,1
da91bdf2-88ef-48e6-989a-1f66d3f9959a,telegram,primary_dataset,telegram_playstore,"Saya suka aplikasi ini karena bisa mengatur penyimpanan data ke memori external, sehingga bisa menghemat penggunaan memori internal",2021-01-19T08:56:38Z,1,en,1
0d74027a-28b2-4b07-95ac-65c2957b4252,telegram,primary_dataset,telegram_playstore,Kalo ada versi berbayarnya seperti whatsapp yang dulu ingin menerapkan Rp. 10 rb per tahun saya bersedia membayar demi privasi yang lebih baik,2021-01-19T08:37:49Z,0,en,1
ac056cf6-5c9f-4bf3-ba11-d7692d50cf1a,telegram,primary_dataset,telegram_playstore,Yang aku mau dr aplikasi keamanan dlm komuniksi dan data kt jgn sampai ad ketiga yg.tau,2021-01-19T07:09:07Z,0,en,1
43622d5b-b8a7-40ec-afb5-5e1b720613a3,telegram,primary_dataset,telegram_playstore,"Very very good I like this app. But, there is no timeline story like WhatsApp or Facebook. Without it, the app Seems like a Graveyard. So please add it and you will see most people move on from other chatting app to this app. I guarantee it.",2021-01-19T05:52:36Z,0,en,1
54a6a89d-47e7-41b4-a105-2b3612a97fae,telegram,primary_dataset,telegram_playstore,"Apl ny bagus, emoji ny kyk iPhone, persis bgt mirip iP. Ngambil stiker ny jg bs lgsg 1 paket..g kyk whatsapp ngmbil ny satu"". Mksh dvlpr sy senang & g nysel instal apl ini. Kalian hrs instal apl ini, g bklan nyesel. Oh iy tele jg bs d kunci loh apl ny..jd g ad yg bs buka tele selain km yg ngsh pass . Kita jg bs ganti bhs, bhs ny bhs bebas, gaul. Klen cari aj ""setlang"" kalian gabung aj itu ud ad bnyk bahasa"" ny. Pnct link stlng ny lalu pnct aktifkan/pilih ud deh k gnti. Ok sekian mksh",2021-01-18T23:00:52Z,3,en,1
e322bb9c-7a37-4497-9da4-8053fbae3ae0,telegram,primary_dataset,telegram_playstore,SEMOGA TELEGRAM SEGERA BISA BIKIN STATUS KAYA DI WHATSAPP,2021-01-18T22:11:32Z,0,en,1
3f89104f-b197-4a2b-bb7f-9d90c214c658,telegram,primary_dataset,telegram_playstore,Halo telegram sebenarnya aku suka apk ini bisa nonton film pengganti WA awokawok:v oh ya jangan lupa di kasih fitur status kayak WhatsApp gitu biar seru Udah gitu aja,2021-01-18T21:00:37Z,0,en,1
55a67847-5278-439d-8160-830be4a73e10,telegram,primary_dataset,telegram_playstore,Apk bagus tapi harus diperbarui dengan ada menu status seperti WhatsApp pasti banyak yg mau download telgram,2021-01-18T18:56:02Z,2,en,1
34189515-f0e9-4ac1-a0cf-598473c44742,telegram,primary_dataset,telegram_playstore,"Untuk kedepannya kalau bisa tambahkan fitur status, seperti milik tetangga kalo bisa, pasti akan ada banyak pengguna baru datang ke telegram.",2021-01-18T18:40:53Z,0,en,1
985319df-4d55-4561-809d-593e4c60f7dd,telegram,primary_dataset,telegram_playstore,"Aplikasi Telegram ini cocok digunakan sebagai alternatif pengganti WhatsApp, apalagi fitur yang dimiliki Telegram lebih simpel dan gak ribet untuk dipakai pemula. Hanya saja aplikasi Telegram masih belum memiliki fitur status dan story (seperti di WhatsApp), yah semoga saja ke depannya nanti ada fitur status dan story di Telegram",2021-01-18T17:33:31Z,3,en,1
fa303580-f621-4225-979a-4a76e80abd8c,telegram,primary_dataset,telegram_playstore,Mohon admin...kalau video call tolong bersih dari pada whatsapp ya karena kurang bersih hasilnya.kalau bisa perbaiki ya admint...supaya saya cepat hapus whatsapp di handphone saya,2021-01-18T17:12:40Z,0,en,1
e10cdf65-44a7-40da-b42e-9ef18d220416,telegram,primary_dataset,telegram_playstore,"Apk yg sangat recomended buat pengganti ""Whatsapps"" aplikasinya bagus, tidak lemot dan mudah digunakan.",2021-01-18T17:07:14Z,2,en,1
c779ae5e-4595-4347-9f49-0b563879d298,telegram,primary_dataset,telegram_playstore,Pindah ke telegram lebih aman drpda aplksi ttngga sbelah,2021-01-18T16:12:33Z,0,en,1
2f98e5e7-db46-472c-b300-78eb13d82915,telegram,primary_dataset,telegram_playstore,Keren bgt aplikasi nya.. Gegara WhatsApp jadi pindah kesini deh,2021-01-18T15:10:01Z,0,en,1
62abcbfa-bc88-4a4a-8c50-8c5e2ad8d8e9,telegram,primary_dataset,telegram_playstore,"Aku ada Saran.Tolong tingkatkan untuk unduhan di Telegram Lebih Di percepat sesuai kecepatan jaringan internet.? Biasanya untuk download Film movie ukuran besar,dan data yang besar,memerlukan waktu yang lama,Saya pengguna Indihome dengn kecepatan internet 2+mb/s,nah klo download lewat browser kan bisa sampai 2mb)s kalau lewat telegram oaling mentok cuma 300+kb/s,mohon di tingkat ka",2021-01-18T15:04:02Z,1,en,1
d4703db2-4d10-46e5-b3c8-bdc5ee49a869,telegram,primary_dataset,telegram_playstore,Ini apk nya bagus tapi coba di kasih fitur kaya WhatsApp kaya ada status nya jadi kaya gimana gituu kaya bagus,2021-01-18T13:50:14Z,0,en,1
64a82502-594b-427e-b8ba-3ad239e8b601,telegram,primary_dataset,telegram_playstore,"Klo telegram nyediain fitur story, fix gw pindah dari wa ke tele! Klo bisa story ada fitur filter juga biar anjayanii",2021-01-18T12:53:55Z,0,en,1
2ce490ed-f077-49f2-bb03-2f2b5b4594e5,telegram,primary_dataset,telegram_playstore,Kasih story' gitu biar bisa pindah sepenuhnya ke tele dari pada wa,2021-01-18T11:30:21Z,0,en,1
1338c3a1-3f5f-428f-941d-8a0bd33a1b0b,telegram,primary_dataset,telegram_playstore,"Good, concern of user data security",2021-01-18T10:29:07Z,0,en,1
dd9dd48c-0c89-4489-939d-0b79d7c691f7,telegram,primary_dataset,telegram_playstore,"Aplikasi yg sangat menarik, simpel, Aplikasi yg tidak hanya chatt,Vc ,kirim data ,tapi bisa jadi Bioskop di Tangan.",2021-01-18T07:19:48Z,5,en,1
c8716d42-ae71-4419-8bc7-9cd964a6b276,telegram,primary_dataset,telegram_playstore,Setelah denger berita kalau wa mau minta data pribadi saya pake telegram . Bagus kok tapi sayangnya ga bisa bikin status/ story,2021-01-18T07:15:34Z,0,en,1
05313f76-e58a-42b0-b202-ceaa40e4cf43,telegram,primary_dataset,telegram_playstore,"Tolong di perbaiki, agar bisa centang dua saat pengguna lawan aktif, tidak hanya centang satu aja, seperti Whatsapp itu sudah sesuai, dan tolong agar bisa update status sperti di Whatsapp, bagus lagi bila upload video di status durasi lebih panjang, tidak seperti di Whatsapp cuma terbatas 1 menit, dan harus nyambung lagi ribet. Bila Telegram bisa yg saya inginkan, ku acungi jempol......",2021-01-18T06:02:08Z,427,en,1
c4a926fc-23bd-465a-b179-e08d8fd4e7aa,telegram,primary_dataset,telegram_playstore,"admin, please do a story like on WhatsApp, if it really does, I'll give you a 5 star",2021-01-17T23:30:01Z,0,en,1
6f2746a1-c9d5-48ab-a772-958c9541cf81,telegram,primary_dataset,telegram_playstore,Lebih baik dan fitur lebih lengkap dari whatsapp,2021-01-17T22:21:19Z,0,en,1
8f6bde7c-dc7c-4447-86a6-34ac75166d5f,telegram,primary_dataset,telegram_playstore,PLSS BUAT STORYY GW MAU PINDAHH,2021-01-17T22:01:09Z,0,en,1
b49ddb81-4918-4bb4-bed0-92e62f7beb59,telegram,primary_dataset,telegram_playstore,Pindah Kesini,2021-01-17T22:00:46Z,0,en,1
51cb660c-b412-4138-af22-d3242ba9b112,telegram,primary_dataset,telegram_playstore,KARNA WA SUDAH DIMONOPOLI FB SKUYYY PINDAH TELE :P,2021-01-17T20:27:12Z,0,en,1
f14d31a2-aa22-418b-8350-4645da1ddf42,telegram,primary_dataset,telegram_playstore,privacy user yang utama,2021-01-17T20:07:29Z,0,en,1
91845438-37f4-477b-bd86-b937b02f8f84,telegram,primary_dataset,telegram_playstore,"Kalo privasi adalah pertimbangan utama mendingan tinggalin yang ijo, pindah kesini aja",2021-01-17T19:42:56Z,0,en,1
370d19ad-d46c-467d-a7a2-60bddbb4174a,telegram,primary_dataset,telegram_playstore,Persiapan pindahan dari WA,2021-01-17T19:31:38Z,0,en,1
8c248092-d4c2-4c6c-a606-8de59651781e,telegram,primary_dataset,telegram_playstore,"Aplikasinya bagus, saya yg beralih dri whatsapp ke telegram merasa puas. Ada 2 saran sih, status telegram (telegram story) dan telegram web nya ada bahas indonesia. Terimakasih. Di tunggu upgrade selanjutnya dan nambah jdi 5 bintang",2021-01-17T19:21:39Z,20,en,1
179ca6c1-7103-4ca6-81ce-01a2f52a26c7,telegram,primary_dataset,telegram_playstore,"Kalo bisa nanti bisa bikin snap juga ya , biar makin banyak yang pindah ke telegram. Soalnya saya pengguna setia aplikasi ini sudah lama, sebelum ada bencana di aplikasi sebelah hehe.",2021-01-17T19:18:35Z,0,en,1
9a306326-f8d6-4085-a6e3-768423b334b2,telegram,primary_dataset,telegram_playstore,Saya akan menetap di telegram .setidaknya disini privasi saya bisa terjaga . Gak seperti apk whatsapp yang pembaruan kebijakan privasinya sudah terlalu kepo dan bikin gak nyaman . Semoga pihak tele semakin memperbagus segala fitur yang ada dan semoga sukses selalu,2021-01-17T19:08:32Z,62,en,1
af76f078-35f9-4d98-9cc2-1b317f45ceb2,telegram,primary_dataset,telegram_playstore,"BAGUS BANGET thankyou udah adain aplikasi ini, banyak banget bot yang berguna buat pelajaran tapi adain story dong biar lebih enak kaya WhatsApp",2021-01-17T18:57:33Z,0,en,1
81881b6e-46bc-4e08-b29a-5c876f64b763,telegram,primary_dataset,telegram_playstore,Whatsapp mulai di tinggalkan warganet... Jdi telegram mulai aktif nehh...,2021-01-17T18:15:37Z,0,en,1
7485a34f-1ebf-494b-9d64-e50dad3ece2c,telegram,primary_dataset,telegram_playstore,Pindah telegram aja lah,2021-01-17T16:46:39Z,0,en,1
64732cfa-607b-4a9f-8c50-216d6ce4a60b,telegram,primary_dataset,telegram_playstore,Nyoba mau pindah,2021-01-17T16:03:51Z,0,en,1
da0c771e-e013-4b1c-bbfa-ee4676e223b6,telegram,primary_dataset,telegram_playstore,"Aplikasi nya bagus banget Aku pindah ke sini gara kebijakan WhatsApp yang bisa melihat semua data yang sudah kita lindungi Mereka bisa melihat foto , vidio , audio , chat , status kita lalu di rekam oleh Facebook yang bisa di jual dan di salah gunakan oleh pihak yang tidak bertanggung jawab",2021-01-17T14:52:24Z,88,en,1
65b0bb8b-b274-478f-b950-0e4b91dfbd9d,telegram,primary_dataset,telegram_playstore,"Untuk developer, jaga data pengguna agar aplikasi anda tetap di install di device mereka...",2021-01-17T13:48:22Z,0,en,1
5c23f27b-768d-4daa-8479-0935ab18d69b,telegram,primary_dataset,telegram_playstore,lebih baik drpd whatsapp,2021-01-17T13:19:53Z,0,en,1
c2e8c68d-73c2-4dfe-8cba-059722013f8c,telegram,primary_dataset,telegram_playstore,Menuju puncak Kalahkan whatsapp,2021-01-17T12:49:31Z,0,en,1
64afa219-a6d1-4618-9e36-6ba95adf1a06,telegram,primary_dataset,telegram_playstore,Semoga kebijakannya gak ikutan seribet WhatsApp ya pak telegram. Semoga juga telegram gak di beli perusahaan Facebook. Was was soalnya takut di beli ma Facebook,2021-01-17T08:26:00Z,0,en,1
39644fc6-5706-4159-a095-443f08dedd19,telegram,primary_dataset,telegram_playstore,"PENGUMUMAN : YUK! PINDAH KE TELEGRAM SAJA, WHATSAPP SUDAH SANGAT TIDAK AMAN DAN TIDAK PRIVASI LAGI, WALAUPUN TELEGRAM MASIH TIDAK TERLALU AMAN SEPERTI WHATSAPP DENGAN ENKRIPSI END TO END",2021-01-17T07:48:24Z,0,en,1
3083dbf7-a64f-4902-a092-2e2977d9e1f5,telegram,primary_dataset,telegram_playstore,Coba di tambah ada story nya nanti saya tambahin bintang nya dan aku yakin pasti banyak yang pindah ke telegram dan meninggalkan aplikasi sebelah,2021-01-17T07:42:45Z,0,en,1
33bf50d8-d9d5-4c0d-9881-00cd45f40aef,telegram,primary_dataset,telegram_playstore,Telegram jauh lebih baik dalam menjaga privacy pengguna nya. Thanks for the awesome app,2021-01-16T23:18:08Z,0,en,1
cb311890-ea37-4127-b58a-c3661330239f,telegram,primary_dataset,telegram_playstore,Bagus sih kok jdi lemot yah pas mau dwnld filmya perasaan selama klo nntn aman aman aja pdhl pake data lo nntnnya,2021-01-16T21:47:33Z,0,en,1
0d7c3944-0752-405b-8e24-081fc917920e,telegram,primary_dataset,telegram_playstore,INTINYA APK INI RATINGNYA HARUS LEBIH TINGGI DARIPADA WHATSAPP. SOALNYA YA KELEBIHAN SAMA FITUR YANG GUA PENGEN SEMUANYA ADA DITELE. SEMUANYA! WHATSAPP APAAN UDAH GA ASIK. KALO BANYAK BUBBLECHAT PENDING SEKALIPUN GAK BIKIN NGEBUG GA KAYAK WHATSAPP,2021-01-16T21:25:17Z,0,en,1
1e3005ca-1bb0-4f29-ba5b-d7834ea1dddb,telegram,primary_dataset,telegram_playstore,"Semenjak ada rencana WhatsApp bakal bekerja sama di Facebook , dan data data bakal di ketahui sepertinya telegram jalan keluarnya",2021-01-16T21:08:58Z,0,en,1
d4d1e5f4-d5e6-4fb4-8a58-d41d4525e66e,telegram,primary_dataset,telegram_playstore,"Bagus sekali, aplikasi yg sering sekali aq pakai, untuk kirim data,,vidio, mudah banget, apalagi tuk yg hoby nonton.. Hmm lengkap pokoknya, tapi kenapa sekarang susah sekali mau download film y",2021-01-16T20:51:48Z,4,en,1
ff1b96df-f7bc-444c-83eb-b9733eee3197,telegram,primary_dataset,telegram_playstore,Btw donlod ini karna whatsapp dah gak rekomendasi karna privasi di ambil fb! Developer telegram bi lek: hehehe boy,2021-01-16T20:48:21Z,0,en,1
2d0ae06e-b8e9-43ed-90c5-3dc91ffa1cf3,telegram,primary_dataset,telegram_playstore,Aplikasi ini sangat bagus Semoga saja diupdate yang akan datang di beri fitur story,2021-01-16T20:33:38Z,0,en,1
b1178936-cc01-4924-8768-f926e34eab86,telegram,primary_dataset,telegram_playstore,"Sebenarnya telegram ini sudah lama ada di hpku, tapi jarang aku pake. Dan sekalinya mau pake juga gegara kontroversi whatsapp. Akhirnya aku update dan aku pakai telegram aja deh hehe. Nih aplikasi emang simple. Makanya aku beralih ke sini. Ada yg sama?",2021-01-16T18:36:20Z,0,en,1
1098bd61-30c0-4f52-9ca9-e5939b3a361d,telegram,primary_dataset,telegram_playstore,Nih Apk bisa menghargai privasi kita. Bukan kayak whatsapp privasi malah dibocorin. Nomor 1 mah telegram untuk menghargai privasi,2021-01-16T18:22:49Z,0,en,1
76857878-e494-426d-9cbe-48d01009c1d2,telegram,primary_dataset,telegram_playstore,adain fitur status dong kaya WhatsApp,2021-01-16T17:24:38Z,0,en,1
697f8fd8-f057-4ac9-9630-66b3ef3ff2fa,telegram,primary_dataset,telegram_playstore,Tolong Berikan fitur story seperti WhatsApp dong :( Mau pindah ke telegram nih,2021-01-16T16:53:39Z,0,en,1
1f1380e6-4a68-4f9e-988c-79a58840aba7,telegram,primary_dataset,telegram_playstore,singkirkan whatsapp,2021-01-16T16:30:39Z,0,en,1
32d8ab8e-2985-41c9-9efd-745021f56c0b,telegram,primary_dataset,telegram_playstore,Aplikasi sangat bagus... Melebihi whatsapp,2021-01-16T14:11:34Z,0,en,1
75edab54-320e-4a56-8885-bdde31ac319e,telegram,primary_dataset,telegram_playstore,"mantaaaap i like it,so light &privacy",2021-01-16T14:01:59Z,0,en,1
b60f2b80-a210-4f9e-a2ef-6914185c110f,telegram,primary_dataset,telegram_playstore,Untuk panggilan video signal nya masih kurang. Walaupun saya pribadi menggunakan wifi di rumah. Selebihnya bagus tolong untuk di maksimalkan lagi dalam segi signal terimakasih....,2021-01-16T12:46:28Z,5,en,1
a2e07476-6950-4d41-ac4c-04347bec2028,telegram,primary_dataset,telegram_playstore,Apk ini bagus banget semenjak WhatsApp peraturan jadi terleneh mudahan telegram gak lupa sama pelanggan ya awas kalo telegram sudah sukses tar lupa sama pelanggan ya jgn seperti itu ya mudahan telegram mau dengerin pelanggan ya sukses terus telegram kalau sudah sukses jgn lupa sama pelanggan ok,2021-01-16T11:47:00Z,0,en,1
82f879f7-31e0-4ea5-80bf-ff68c7f7f7cb,telegram,primary_dataset,telegram_playstore,"Sebenernya ni aplikasinya bagus banget.. Tapi proses upload dan download media terbilang super lama.. Padahal koneksi internet lancar, biasa download 500MB dalam beberapa menit, tapi di telegram bisa sampai berjam-jam. Dan kekurangan selanjutnya tidak ada story, karena dasarnya saya jualan, jadi kalau mau promosi lebih mudah di story.. Jika ada, fix saya pindah ke telegram.. Kelebihan di telegram itu di stickernya yg sangat baik dan animatif banget.. Share media tanpa di kompress.. Good job..",2021-01-16T11:14:00Z,25,en,1
6c7b0204-b6fb-4fa8-8797-9cabe6b4ddbf,telegram,primary_dataset,telegram_playstore,"Plisss pihak telegram baca komenan gueee,pliss pihakk tele adain fitur story nya plissss plisss bangettt yallah moga di bacaaaaa,pasti bakal bagus banget banyak yg pindah ke tele,thanks",2021-01-16T10:08:11Z,1,en,1
57ecb130-509a-42af-9c69-47a65b9d600c,telegram,primary_dataset,telegram_playstore,"tolong diperbarui lagi agar ada status seperti whatsapp,pasti akan lebih banyak lagi orang mengunduh aplikasi telegram ini,trima kasih",2021-01-16T09:28:51Z,0,en,1
a201d038-57de-4fc1-b58d-7c4b97dafc3c,telegram,primary_dataset,telegram_playstore,"Bagus banget, coba di tambahin vitur story kaya WhatsApp sama Instagram, pasti lebih baguss kak... Semoga di tambahin vitur status deh wk",2021-01-16T08:31:35Z,1,en,1
444e3776-8279-4dcd-8d5a-a6057a002697,telegram,primary_dataset,telegram_playstore,Jangan kayak yg lain ya apa apa dijual ke facebook,2021-01-16T08:29:08Z,0,en,1
93dee545-3500-4109-8fb7-8a2522470ee2,telegram,primary_dataset,telegram_playstore,Telegram jangan sampai kamu dibeli oleh facebook okay!,2021-01-16T08:00:04Z,0,en,1
e17df713-2255-4912-b23f-fef9e5f625cb,telegram,primary_dataset,telegram_playstore,"cool, facebook replacement candidate",2021-01-16T07:32:28Z,0,en,1
0ad78614-3ead-4d2d-b80d-6d4c61bd7f4e,telegram,primary_dataset,telegram_playstore,Tolong developmen di maksimalkan fiturnya lagi seperti whatsapp ya,2021-01-16T02:00:24Z,0,en,1
98c4b2af-2e57-4019-b65f-feca2fa2dc15,telegram,primary_dataset,telegram_playstore,"Pkek telegram nihh kata aku lebih bgus sihh soalnya gak gmpang kenaa hack gituu terus emojinya 100% iPhone wahh mntap lahh pokok nya semenjak WhatsApp ada kebijakan baru WhatsApp aku pkek tele aja dehh Kpn"" perbaruan lgi ya telegram ada story'malah bikin sipp lahh banyak pengguna",2021-01-15T23:05:51Z,0,en,1
31f1467b-8765-400a-b231-aa8f5ee98d32,telegram,primary_dataset,telegram_playstore,Mantaf ayo berpindah ke Telegram aplikasi sebelah tukang ambil data,2021-01-15T23:03:39Z,0,en,1
ccd9f0ff-c2f9-486f-8f7a-ad67354e51cd,telegram,primary_dataset,telegram_playstore,Siapa yg kembali ke Telegram kerena dampak kebijakan baru whatsapp? Hahahaha,2021-01-15T21:47:38Z,0,en,1
d919a1ea-6f6c-421e-a0d5-dab1ed9e56b0,telegram,primary_dataset,telegram_playstore,Kenapa pake wifi tidak bisa buka video ya? Sedangkan wifinya tuh lancar bgt. Tapi bisanya pakai data,2021-01-15T16:26:02Z,0,en,1
68e19a8c-cc1e-4cae-b9b3-3fdba517c4e2,telegram,primary_dataset,telegram_playstore,App debest melebihi whatsapp,2021-01-15T14:17:04Z,0,en,1
039aafbf-b329-4a61-a9be-e76fa5bc94e6,telegram,primary_dataset,telegram_playstore,"Yok di download sekarang juga-!! Karna ngebantu komunikasi selain Whatsapp^^ , tpi kalian jgn bingung klo kalian hapus chat pasti di orang lain yg chat sama kalian bakal keapus :v yaudah sekian dari aku bye!",2021-01-15T14:00:54Z,4,en,1
bf388a1e-194e-4264-bfba-3448b4b25695,telegram,primary_dataset,telegram_playstore,Fac banyak penipu bos.. Tolong kalo akun yang sudah di laporkan harap di hapus data nya bos.. Perketat lagi,2021-01-15T13:43:12Z,0,en,1
5d8fc1ba-351d-457c-8447-906e0277bc4c,telegram,primary_dataset,telegram_playstore,Tambahin fitur story di telegram dong yang hd biar kita gak mikir 2x buat berpindah dari WA ke telegram,2021-01-15T13:22:39Z,0,en,1
6230ad38-ac39-40da-afaa-e2d649633bf7,telegram,primary_dataset,telegram_playstore,"Gak bisa nulis status dalam bentuk tulisan ataupun video seperti WhatsApp yang bisa dilihat seluruh teman telegram dan dapat mengetahui teman yang melihat status kita, tolong dikembangkan.",2021-01-15T13:08:13Z,0,en,1
44f5e27e-d182-44c0-b878-f16c3a688bab,telegram,primary_dataset,telegram_playstore,Telegram sangat bagus saat baru masuk grub data yang lama bisa kebaca good bedah dari wa harus masuk dulu br bisa tebaca,2021-01-15T12:06:02Z,0,en,1
4476b9b0-5b4c-4d0b-8737-43d9a3b14379,telegram,primary_dataset,telegram_playstore,Apk nya jelek banget gibusah padaal donwload nanti kalian rugi sendiri aku fah kasih tau okey jan pada download.......apknya aja gk bisa digunain......ya enggak lah apk ini bagus banget bisa buat pengganti whatsapp sekian terima gaji pokoknya in8 bagus baget wajib download apa lagi kpopers,2021-01-15T11:55:51Z,0,en,1
215e70f4-c1a3-4090-ac20-a7787ba23ca7,telegram,primary_dataset,telegram_playstore,Good bye...WA....kita akan pindah ke telegram....,2021-01-15T11:37:25Z,0,en,1
bcccab46-7b44-430f-bb3d-1b35475c3324,telegram,primary_dataset,telegram_playstore,Migrasi from whatsapp,2021-01-15T11:16:46Z,0,en,1
2a2bdae3-35b5-4295-b3c8-b54cb80bab8a,telegram,primary_dataset,telegram_playstore,Simple baguss dan aman buat privacy LOVE Telegram,2021-01-15T11:04:17Z,0,en,1
300c0720-af58-4424-9307-cec4d9025c15,telegram,primary_dataset,telegram_playstore,Aplikasi pengganti WhatsApp,2021-01-15T10:44:17Z,0,en,1
852b1da5-a885-40d1-b847-3717c36bd704,telegram,primary_dataset,telegram_playstore,Aplikasi nya bagus Tapi bakalan lebih bagus lagi klw di Tambahin fitur story kya WhatsApp,2021-01-15T08:57:56Z,0,en,1
563b455d-2e6d-4787-b23b-d5f988ba8eae,telegram,primary_dataset,telegram_playstore,Let's beat WhatsApp!,2021-01-15T08:15:24Z,0,en,1
6e9664ab-b3b4-44e4-b675-04aa71cf5fa5,telegram,primary_dataset,telegram_playstore,"Sudah bagus, cuma banyak pengguna pasif. Yg perlu ditambahkan kalau mau banyak pengguna adalah fitur ""status"", BBM tumbang gara WhatsApp ngasih fitur status . Mohon dipertimbangkan untuk tambahan status",2021-01-15T08:07:49Z,10,en,1
d278cf43-8bb1-400f-a9ec-2a91b5920b5d,telegram,primary_dataset,telegram_playstore,"telegram ini bagus pake banget :) cuma kenapa pas login suka lama nerima kode nya?terus boros penyimpanan juga .. padahal kalo dibandingkan dengan whatsapp telegram ini lebih bgus,hanya saja bebrapa fitur nya masih kurang lengkap,dan tolong sekali developer agar telegram ini tidak begitu banyak memakan ruang penyimpanan,ak sebagai anak rp cukup tertekan, sekian terima kth rl ,-",2021-01-15T07:24:22Z,0,en,1
2ff51921-c146-4b2a-9702-3342c4fb7bbc,telegram,primary_dataset,telegram_playstore,"This app is great-!! ,but I wish there was a 'story' feature like on Instagram and WhatsApp-!",2021-01-15T06:23:44Z,0,en,1
ac3c31d1-3c47-4802-8c90-6bd685db4117,telegram,primary_dataset,telegram_playstore,Halo saya mau berterima kasih kepada pihak TELEGRAM karna sudah mau membuat app pengganti whatsapp tetapi saran saya tolong tambah kan fitur status dong agar lebih seru untuk memakai nya Terima kasih,2021-01-15T05:45:15Z,0,en,1
1f34cc29-2964-429c-accb-799462234384,telegram,primary_dataset,telegram_playstore,"WOI ADMIN BACA PLIS!!! TELEGRAM JANGAN SAMPE DI AKUISISI SAMA FACEBOOK , GAMAU DEH POKONYAA. JANGAN KAYA SEBELAH NGESELIN BANGET. POKONYA TELEGRAM TETEP TELEGRAM JANGAN SAMPE DI AKUISISI SAMA FACEBOOK-!!!",2021-01-15T01:52:57Z,0,en,1
660aa9e6-c234-4bb8-9f5d-4b639051859f,telegram,primary_dataset,telegram_playstore,Fiturnya cukup beragam. Namun tentu bagi yang baru pindah akan sedikit kecewa karena belum terdapat fitur Story. Mungkin kedepan bisa ditambahkan fitur tersebut agar semakin banyak lagi pengguna yang menggunakan aplikasi ini :),2021-01-15T01:19:19Z,3,en,1
b9f1adff-c06f-45aa-ac5f-8d79fe980711,telegram,primary_dataset,telegram_playstore,Gw suka sama apk nya karna gw main Rp di apk ini lumayan bagus tapi ada sedikit masalah soalnya tele gw gk bisa di ss jadi kalo mau bikin konten harus gw pindahin ke Wa biar bisa di ss mohon sarannya soalnya gw jadi agak susah mo bikin konten yodah makasih maaf kalo ada kata kata yg tidak layak byee //Kaburr,2021-01-14T22:50:53Z,5,en,1
27526e67-51bc-424d-8b8b-6b15e24db687,telegram,primary_dataset,telegram_playstore,Pengganti whatsapp,2021-01-14T22:41:49Z,0,en,1
9d93d1e0-4577-4aa7-80da-ee1ab6b69e14,telegram,primary_dataset,telegram_playstore,"Lengkap dah, daripada whatsapp",2021-01-14T21:41:08Z,0,en,1
181aceef-995e-4900-9ba0-1640b9a40b77,telegram,primary_dataset,telegram_playstore,Bagus daripada whatsapp,2021-01-14T21:17:36Z,0,en,1
3ec438cb-4d65-47ab-8aee-c8019b1371e8,telegram,primary_dataset,telegram_playstore,Pindahan Wa gw anjim emang mark,2021-01-14T20:53:31Z,0,en,1
916069b4-d02c-49c1-aca7-ee8ff648d972,telegram,primary_dataset,telegram_playstore,"Semenjak wa ga asik, akhirnya pindah ke tele. Sama banyak film nya juga hahahaha",2021-01-14T20:24:06Z,0,en,1
9d0dd04f-7637-407d-9b4a-31c22a1f56d6,telegram,primary_dataset,telegram_playstore,LEBIH MANTAP DARI PADA WHATSAPP,2021-01-14T19:47:56Z,0,en,1
82370e1b-547d-4182-a578-454331232a67,telegram,primary_dataset,telegram_playstore,Semoga tidak dibeli facebook,2021-01-14T19:34:21Z,0,en,1
f8cf74ab-0947-4fa2-bba5-a93980935a4b,telegram,primary_dataset,telegram_playstore,"bgss bgt cuma sayangnya suma bisa login pake no doang:) soalnya no gua mati jadi gua pake hape mak guaa,tolong ya di update biar bisa login pake gmail atau Facebook,pls:)",2021-01-14T19:27:08Z,0,en,1
3141bb08-d43f-4634-9a8b-917e1bd0b7e9,telegram,primary_dataset,telegram_playstore,Mudah2an data aman ga d share kaya tetangga sebelah,2021-01-14T18:16:37Z,0,en,1
2393f891-218f-4b50-a169-26171417a919,telegram,primary_dataset,telegram_playstore,Pindahan dari WA,2021-01-14T17:39:26Z,0,en,1
956f88a6-f50a-47de-928b-c891713bdd12,telegram,primary_dataset,telegram_playstore,Can you add the Story feature to the Telegram application ?? ... maybe it will be even better Thank you,2021-01-14T16:49:25Z,0,en,1
606e81f8-522e-4baa-93e2-bedbef3b88d6,telegram,primary_dataset,telegram_playstore,"Telegram luar biasa, bkerja sama dgn Vtube membangun big data super cangih... Maju jayaa vtube telegram.....",2021-01-14T16:47:59Z,0,en,1
baf6221f-cc27-406e-b995-c2d55bdf75fe,telegram,primary_dataset,telegram_playstore,Good kill WhatsApp,2021-01-14T16:19:52Z,0,en,1
65e65357-e527-43a4-a9d8-c54ee08702bd,telegram,primary_dataset,telegram_playstore,"tolong kepada warga pindahakan dari WA,punya otak di pakai,ini aplikasi telegram dan kalian minta kepada developer untuk membuatkan fitur story,gue sudah pakai telegram dari 2015 ga berharap ada fitur tersebut.kalo mau buat story mending lu pada balik ke WA atau tetap pakai IG.klo mau pamer cerminan orang miskin yang senang datanya di bagikan.",2021-01-14T16:02:20Z,36,en,1
cd1a8802-2a1f-4e2a-b627-2f1c3094c837,telegram,primary_dataset,telegram_playstore,"Saran untuk telegram.. Kasih fitur Story, pasti bakal banyak yang pake telegram daripada whatsapp",2021-01-14T15:41:00Z,0,en,1
513be54b-a146-453a-94e8-412b92e25aeb,telegram,primary_dataset,telegram_playstore,"Tambahin fitur Story nya dong Dev. Telegram. Karena mau pindah ni dari WA, WA sekarang dah ga aman. Mau pindah ke telegram aja.. Tambahin fitur story deh, pasti tambah naik yg download nya..",2021-01-14T15:02:58Z,0,en,1
efd3e1db-1d37-4d25-9e05-2f29328a61bd,telegram,primary_dataset,telegram_playstore,"Bintang 4 dlu lah. Bagusnya tele di tambah bar status. Biar enk. Soalnya mayoritas org indo suka pamer"" Kehidupan mereka. Klo ada bar status pasti bnyak yg pindah, dari sebelah ke tele. Cuma kurang itu aja lah. Tambah bar status sya yakin. Bnyak yg pindah ke tele.",2021-01-14T14:17:19Z,45,en,1
7aebb83a-e14e-438b-8fad-8fb52723437c,telegram,primary_dataset,telegram_playstore,Annyeonghaseyo yeorobun Assalamualaikum menurut saya aplikasi ini bagus sekarang belajar online menggunakan aplikasi telegram tapi agak menyulitkan karena menggunakan bahasa Inggris Saya kurang mengerti tapi tetap bagus sekali ini seperti aplikasi Whatsapp ya teman-teman guys tapi lebih enakan aplikasi WhatsApp sekarang harus menggunakan classroom telegram WPS Office semuanya lah pokoknya pusing jadinya saya mah Eta wajib download aplikasi telegram ini membantu banget,2021-01-14T13:17:52Z,1,en,1
cd67b388-d274-4480-b5a9-e8a984be7b87,telegram,primary_dataset,telegram_playstore,"Mending pada pindah ke telegram aja dah,dari pada di whatsaap ntar data kita di curi sama mark subrek",2021-01-14T12:40:06Z,0,en,1
08acccc4-c92a-4ed9-9c7e-8218bf9ab091,telegram,primary_dataset,telegram_playstore,Tolong tambahkan fitur story/status seperti di WhatsApp,2021-01-14T11:34:27Z,0,en,1
0a482452-8c60-45b8-8cc2-a45ac3ad35fd,telegram,primary_dataset,telegram_playstore,tolong tambahkan fitur feed story agar kami bisa pindah dari whatsapp,2021-01-14T08:56:34Z,0,en,1
e5a5cec1-f774-454b-a5d5-6049fc4a7fe8,telegram,primary_dataset,telegram_playstore,Pindah kesini gara2 whatsapp sudah tidak aman lagi tentang data2 pribadi untuk pengguna nya. Telegram jangan sampai juga di belli oleh facebook atau saya unistal wkwk,2021-01-14T07:13:19Z,0,en,1
d624d238-115e-4549-9c3b-2b81b219eb8c,telegram,primary_dataset,telegram_playstore,Udah cukup bagus sejauh ini..Oya ga perlu ada fitur story! No need to make a story line on telegram..yg butuh story mending pindah apps aja deh..hahaha nice work team Telegram! Thanks,2021-01-14T06:12:26Z,0,en,1
232673c2-edc0-4670-88bb-51831230a909,telegram,primary_dataset,telegram_playstore,"Goodbye WhatsApp, Instagram Welcome to my life.",2021-01-14T01:59:13Z,1,en,1
64c810e7-353a-4153-a25e-07c0b7727c89,telegram,primary_dataset,telegram_playstore,I hope this one can beat whatsapp :),2021-01-14T00:00:56Z,0,en,1
ac639182-9de9-4242-a5fd-ccca59efc1e8,telegram,primary_dataset,telegram_playstore,Aplnya sih bagus tapi tolong tambahkan story'nya kek di WhatsApp Sekian segitu dlu alasan dari saya,2021-01-13T23:30:12Z,0,en,1
196cc780-9bde-47fc-8f04-9f4be1b695c9,telegram,primary_dataset,telegram_playstore,Saingan terberat Whatsapp.,2021-01-13T22:06:35Z,0,en,1
d71d8af8-5618-43b2-8c59-58e9bca2e054,telegram,primary_dataset,telegram_playstore,"Kalo ada fitur status seperti wa, bakalan pada pindah kali ya ke telegram",2021-01-13T21:43:52Z,0,en,1
4c7da18b-1c78-4204-af3b-ae5ad1e8766b,telegram,primary_dataset,telegram_playstore,"maaf saya ngasih bintang 4, eum saya berharap telegram ada fitur storynya, kalo udh ada fitur storynya mungkin banyak yang pindah ke telegram, sekian terima kasih kak",2021-01-13T20:21:44Z,1,en,1
a7b0e471-3ea6-4a0e-9c36-be6c99db0af0,telegram,primary_dataset,telegram_playstore,Nyoba hijrah dari whatsapp gan,2021-01-13T20:06:49Z,1,en,1
2d2a2412-08cb-4583-97fc-dea4cee7b14d,telegram,primary_dataset,telegram_playstore,"Aplikasinya mantap cuk.sebenarnya ini lebih keren dibandingkan WhatsApp. Bedanya telegram nggk ada fitur status. Selebihna Fitur nya lebih kece dibandingkan WhatsApp. Kita bisa hubungin orang pakai id, nggak perlu pakai nomor. Pesan/obrolan yg udah berbulan-bulan bisa kita hapus untuk kita dan orang yg bersangkutan (hapus untuk semua orang). Banyak lagi fitur yg lain Mantap kali pun bah.",2021-01-13T19:45:48Z,0,en,1
013d8f55-f097-4392-9e0f-d5d3ebee004d,telegram,primary_dataset,telegram_playstore,Mntp lah telegram... Males ketentuan whatsapp soalnya banyak data pribadi sangat penting... Terimakasih Telegram,2021-01-13T19:43:15Z,0,en,1
607ead52-115d-494e-928e-2441778dc6db,telegram,primary_dataset,telegram_playstore,"Sejak Wa Di buat seperti itu saya pindah kesini karena, wa sekarang dapat menyimpan data pribadi kita yang telah kita lindungi seperti chat, status/story, pesan suara, dan lainnya lainnya bahkan terekam oleh facebook, Sehingga data pribadi kita dapat dijual dan di salah gunakan oleh pihak yang tidak bertanggung jawab. Dan juga disini lebih nyaman, TERIMAKASIH.",2021-01-13T18:26:20Z,112,en,1
9e57e985-06d2-4c7d-9d37-8c71bde92fc0,telegram,primary_dataset,telegram_playstore,Kasih story dong biar kyk app sebelah . Yakin klo telegram ada story nya pasti bakalan pindah smua,2021-01-13T17:47:02Z,0,en,1
1c853f8b-fb49-43e9-9ef3-47dd256157c8,telegram,primary_dataset,telegram_playstore,"Aplikasi ini sangat bagus, saya beralih ke aplikasi ini karna whatsapp menerapkan kebijakan privasi,, Mantap telegram, kalau bisa ditambahkan fitur story nya.. Kemungkinan besar tanggal 8 februari pengguna semakin banyak, karna banyak Org akan menghapus whatsapp",2021-01-13T17:22:23Z,25,en,1
c912503e-88cf-489f-9726-7b52234005d0,telegram,primary_dataset,telegram_playstore,Move to Telegram because WhatsApp sells my personal data,2021-01-13T17:18:53Z,1,en,1
bdff6feb-d072-449d-bfb9-30f536da2df0,telegram,primary_dataset,telegram_playstore,already good please give the story so it gets better,2021-01-13T15:23:45Z,0,en,1
41c60972-e231-4cfc-812a-cb7de90a98c0,telegram,primary_dataset,telegram_playstore,Saya akan download aplikasi ini jika WhatsApp sudah melakukan kebijakan privasi yang baru,2021-01-13T14:06:36Z,0,en,1
153fec87-9173-4f55-8103-13bbfba72f90,telegram,primary_dataset,telegram_playstore,Selamat Datang Di Telegram Selamat Tinggal Untuk WA New Era New APK,2021-01-13T13:34:43Z,0,en,1
d24cd728-a772-47da-9611-a68c423c2f0d,telegram,primary_dataset,telegram_playstore,Pls don't be a whatsapp,2021-01-13T13:00:08Z,0,en,1
1ae7db35-0f62-4a56-bff4-d92df3ee52f1,telegram,primary_dataset,telegram_playstore,"Update selanjutnya, tambah fitur TeleSnap Kami akan pindah messanger dari perusahaan F*cebook, dengan kebijakan akan ambil data privasi chat kita.",2021-01-13T12:45:43Z,0,en,1
11332147-c0bb-499c-a76d-8916ec3e6fad,telegram,primary_dataset,telegram_playstore,"Aplikasi ini hanya untuk orang pintar, cerdas, dan prudent. Orang yang selain ini silakan pakai WhatsApp",2021-01-13T12:24:08Z,0,en,1
e737f639-c48a-42bc-b92e-b5c1fda772e4,telegram,primary_dataset,telegram_playstore,Coba telegram pake bar setatus seperti di whatsapp pasti keren di tunggu,2021-01-13T12:04:33Z,0,en,1
15905361-5dc4-4263-9a34-0e8d18e6cc54,telegram,primary_dataset,telegram_playstore,bagus bgt sumpahh apk nyaa kadang sampe bosan main wa langsung pindah ke telegram luv,2021-01-13T10:51:20Z,0,en,1
8fcf9854-8307-4d72-980b-33033c0458c3,telegram,primary_dataset,telegram_playstore,Bagus saya suka aplikasi ini. Data privacy tolong di amankan.,2021-01-13T10:40:26Z,0,en,1
3a3da1a7-3644-4a3d-812b-a5fb5151cea4,telegram,primary_dataset,telegram_playstore,"Pindah sini, karena whatsap mengambil data pribadi, pindah sini dan signal ,pake keduanya yang mana lebih banyak dipakai nanti baru tentukan pilhan hahaba",2021-01-13T10:27:08Z,0,en,1
7e5ed05f-c455-48fd-980c-754ac3e36723,telegram,primary_dataset,telegram_playstore,Berharap beliau menjaga data pribadi kita,2021-01-13T09:13:49Z,0,en,1
e6b208b1-64d0-4308-a9f3-c3b7375a5b6e,telegram,primary_dataset,telegram_playstore,pindah ke aplikasi ini gara2 dpt info bahwa tggl 8 FEBRUARI 2021 WhatsApp akan ada kebijakan baru yg menurut saya GAK BAGUS,2021-01-13T08:43:23Z,0,en,1
459179f8-462d-4185-ac15-a62dcba98276,telegram,primary_dataset,telegram_playstore,Bagus banget!!!!!!!!!!!!!!!!!!!!!!!!!!!!!!!!!!!!!!!!!!!?!!!!!!!!!!!!!!!!!!!!!!!!!!!!!!!!!!!!!!!!!!!!!!!!!!!!!!!!!!! !!!!!!!?!!!!!!!!!!!!!!!!!!!!!!!!!!!!!!!!!!!!!!!!!!!!!!!!!!!!!!!!!!!! !!!!!! !!!!!!!!!!!!!!!!!!!!!!!!!!!!!!!!!!!!!!!!!!!!!!!!!!!!!!!!!!!!!!!!!!!!!!!!!!?!!!!!!!!!!!!!!!!!!!!!!!!!!!!!!!!!!!!!!!!!!!!!!!!!!!!!!!!!!!!!!??!!!!!!!!!!!!!!!!!beneran ini bagus banget loh emoji nya juga emoji IP bagus banget pokok nya Oh iya aku pindah ke telegram karna g setuju sama kebijakan baru whatsapp :),2021-01-13T08:42:28Z,545,en,1
9649c923-c856-446c-8c1c-24bebed30b79,telegram,primary_dataset,telegram_playstore,"Saya beri bintang 4, namun dengan catatan, privasi dan keamanan telegram harus tetap baik. Utamakan keamanan data pengguna telegram.",2021-01-13T08:39:07Z,0,en,1
a14a9a2e-e755-4457-a305-c56d5913fc05,telegram,primary_dataset,telegram_playstore,"Udah bgus si telegram..dah dri awal 2020 pke app ini skrg dh bnyk penggunanya.semenjak prtran baru whatsapp yg mrugikan penggunanya,telegram skrg sdh diunduh 25 juta+ org hny dlm 3 hari saja krna app ini trknl dgn privasi pnggunany yg aman.dn tmbhn,secret chatny jg bnyk mmbntu.selain itu,fitur stiker animasi dn knyamanan2 lainny bisa sy dptkn dsni..nmn utk kdpannya utk telegram dhrapkan agar dpt meningkatkan pelayanan dgn lbh baik lagi dri baik mnjdi lbih baik lagi.brhbng di momen yang tepat ini",2021-01-13T08:34:09Z,0,en,1
0591d69d-f65d-4960-94c2-8d5f8a8071e2,telegram,primary_dataset,telegram_playstore,Hai developer... Tolong dong buat fitur story nya juga seperti WhatsApp. Aku beralih ke telegram karena WhatsApp sudah tidak aman lagi. Terimakasih.,2021-01-13T08:11:38Z,0,en,1
0349ce19-6bac-47bc-b191-db2cc6e41cac,telegram,primary_dataset,telegram_playstore,"Gausah kasih update story kaya whatsapp, biar telegram ada ciri khas sendiri.",2021-01-13T07:48:16Z,0,en,1
1279d40a-5e92-430e-ac87-18c32353b0b9,telegram,primary_dataset,telegram_playstore,Ayo semuanya hapus aplikasi WhatsApp Beralih ke telegram ya wkwkwkwkw udah. Bnyak yang ber alih ke telgram kalo saya si gak mau Hapus WhatsApp karena banyak guru guru saya wkwkwkwkw,2021-01-13T06:56:15Z,0,en,1
48f93d1e-a728-4d14-9ea7-211bdcf6d3c1,telegram,primary_dataset,telegram_playstore,"terus lakukan inovasi, pertahankan privasi, perkecil sampah cache dan penggunaan memory yg tidak perlu. semangat kalahkan whatsapp",2021-01-13T06:47:11Z,1,en,1
046160c3-5954-47c2-926c-da9c148aa18c,telegram,primary_dataset,telegram_playstore,TOLONG JANGAN DI TAMBAHKAN FITUR STORY ATAUPUN SEMACAMNYA YANG HARUS MENYIMPAN NOMOR ORANG TERLEBIH DAHULU SEPERTI WHATSAPP.,2021-01-13T04:29:02Z,0,en,1
8ef89af1-b7a4-4159-92cf-dde93e304709,telegram,primary_dataset,telegram_playstore,Masukan aja sih tolong dong masukin fitur status sperti aplikasi sbelah biar ramai nanti pindah sinii,2021-01-13T03:15:17Z,0,en,1
f3e7d02e-af6a-44b6-8cce-dd1d366e4289,telegram,primary_dataset,telegram_playstore,Ayo semua warga indonesia beralih ke Telagram . Dan whatsapp sudah tidak bersahabat dan privasi Gerakan membangkrutkan whatsapp from facebook,2021-01-13T02:03:43Z,0,en,1
0b077594-4b49-4b26-b82d-e54a62995853,telegram,primary_dataset,telegram_playstore,"Saya hijrah dari whatsapp ke telegram, fiturnya canggih sekali, sangat bagus, beda banget sama whatsapp, terimakasih telegram, teruslah tumbuh dan menjadi besar.",2021-01-12T23:39:18Z,3,en,1
98fe0f34-b607-4a02-ac13-95c4877d8a5b,telegram,primary_dataset,telegram_playstore,"Ga bikin memory HP penuh.update terbaru , Bye WhatsApp",2021-01-12T21:57:17Z,0,en,1
c793a15c-58b4-4ce9-ac88-2604f6affaf2,telegram,primary_dataset,telegram_playstore,Tolong jangan minta data seperti aplikasi sebelah,2021-01-12T20:36:09Z,1,en,1
774f5f44-741d-4996-947f-598e287619b2,telegram,primary_dataset,telegram_playstore,"Mari kita pindah ke telegram, karna gegara kebijakan baru whatsapp yang sungguh membuat geram. Dan di eropa dapat pengecualian untuk tidak menerima kebijakan tersebut, bukankah itu tidak adil dan merugikan kita sebagai penggunanya?",2021-01-12T20:09:59Z,18,en,1
7243ce1b-60ff-4d55-b1a5-d30a1123ba65,telegram,primary_dataset,telegram_playstore,"Kalo ada fitur story nya gua yakin user whatsapp bakal pada pindah ke telegram, sayang nya aja belum ada maybe next kalo ada bakal lebih bagus",2021-01-12T19:01:27Z,0,en,1
f40d5e6e-52ca-413a-965a-73bc50f56a10,telegram,primary_dataset,telegram_playstore,kek whatsapp ya?,2021-01-12T18:34:35Z,0,en,1
abc8ccc8-6df5-4c01-8091-827d54f907d4,telegram,primary_dataset,telegram_playstore,"Semua nya sudah oke ketimbang WA, kecuali wa bisa bikin story, tpi telegram tidak. Selebihnya. Sudah oke. Dan saya sudah menghapus WA . Dan pindah ke telegram",2021-01-12T18:28:02Z,0,en,1
674f3e75-3215-41e8-8efe-df7b20984d27,telegram,primary_dataset,telegram_playstore,"Sedikit masukan, akan lebih baik rasanya kalau bisa ada status di telegram sebagaimana WhatsApp dan Line. Selebihnya sudah sangat bagus",2021-01-12T17:06:04Z,0,en,1
d6cd9b27-0a01-4681-a15b-9dd34db94ddc,telegram,primary_dataset,telegram_playstore,Kayak Whatsapp wkwkkwk Rival,2021-01-12T16:31:45Z,0,en,1
f435170c-e174-4f5e-a92c-6ac80eafb01e,telegram,primary_dataset,telegram_playstore,Bikin fitur untuk membuat story seperti di WhatsApp dong,2021-01-12T16:07:44Z,0,en,1
02e0c225-8c52-464c-bc4e-d932e4dee9d1,telegram,primary_dataset,telegram_playstore,Saya pindah kesini karna aplikasi ijo sudah tidak aman,2021-01-12T14:46:20Z,0,en,1
f0b421f5-e16c-4205-8640-e9e7203ac030,telegram,primary_dataset,telegram_playstore,"Sangat bagus, tapi lebih bagus lagi kalau ada fitur story seperti WhatsApp, dijamin orang pada pindah ke tele",2021-01-12T14:25:45Z,0,en,1
65fe39a8-4c6b-4828-8c0c-a1c6e2d6c585,telegram,primary_dataset,telegram_playstore,"Tambahkan fitur update status dong kayak apk sebelah yg lagi dipermasalahin pengaturan privacynya, nanti ditambahin bintangnya",2021-01-12T14:16:32Z,0,en,1
571a814f-f658-463a-96ae-d589b720294e,telegram,primary_dataset,telegram_playstore,"Pindah ke telegram,,, uninstall WA,,,",2021-01-12T12:55:09Z,0,en,1
7efebcd3-aca2-46a4-b70b-cfc1a7c4328a,telegram,primary_dataset,telegram_playstore,Gak ada niatan buat nambah fitur story kek di whatsapp?,2021-01-12T12:39:55Z,0,en,1
fe13b57f-bb84-409e-acb3-864c7a4e82bf,telegram,primary_dataset,telegram_playstore,PINDAH KE TELEGRAM,2021-01-12T12:30:59Z,0,en,1
0074713e-d09f-45ad-be51-a4b13b19f2a2,telegram,primary_dataset,telegram_playstore,pilih telegram dan uninstall Whatsapp,2021-01-12T11:18:13Z,0,en,1
a685c84e-8f6f-4073-b535-74d8127635af,telegram,primary_dataset,telegram_playstore,Data saham Indonesia emang aplikasinya nya 80 sampai 85% akurat maka dari itu gunakanlah ah aplikasinya si milik Indonesia ini,2021-01-12T10:53:27Z,0,en,1
7b497ea5-b990-43dd-adc7-8644c98f6e97,telegram,primary_dataset,telegram_playstore,Bagus sekali.. Adain fitur story seperti whatsapp di jamin banyak pindah ke telegram,2021-01-12T10:06:03Z,0,en,1
103b8736-1006-46b9-ba74-ebb11ca3097a,telegram,primary_dataset,telegram_playstore,"Bagus banget! Semenjak ada aturan privasi apk sebelah, saya jadi pindah kesini.Seru banget,ada macam bot,bisa bikin bot,anggota grup sampe ribuan org,kirim file hingga 1GB,Privasi pengguna yang dijaga,bagus banget.Saran saya bikin fitur status!",2021-01-12T08:54:50Z,0,en,1
e114991d-7ad4-4969-8766-4810ec269a2e,telegram,primary_dataset,telegram_playstore,Saya rasa telegram perlu menambahkan fitur status/story seperti pada aplikasi whatsapp dan instagram agar tidak terlalu membosankan.,2021-01-12T04:49:17Z,0,en,1
f9a92a22-4f2e-4bc7-8c80-70d964740280,telegram,primary_dataset,telegram_playstore,Telegram lebih dari Whatsapp,2021-01-12T01:17:57Z,0,en,1
3d5fb44e-46e9-4d37-b7f6-e749ce482d26,telegram,primary_dataset,telegram_playstore,"karena kebijakan privasi dari WhatsApp, akhirnya saya pindah ke telegram, ternyata telegram sangat aman dan menjaga privasi, ayo ramaikan telegram",2021-01-11T23:07:26Z,3,en,1
4abc5dde-e21a-4087-bb2e-f7368a1cf5aa,telegram,primary_dataset,telegram_playstore,App bagus itu telegram dari pada WhatsApp mending ini aja bisa menjaga data pribadi,2021-01-11T22:32:06Z,1,en,1
4e0bf81f-f07d-484b-b678-c61705a4da1f,telegram,primary_dataset,telegram_playstore,"Pindah kesini dulu, whats app privasinya sungguh jelek dan mengecewakan. Telegram maju terus,",2021-01-11T22:24:18Z,0,en,1
e85acf88-aa6f-4650-be79-2075ab53021f,telegram,primary_dataset,telegram_playstore,Gua pindahan dari Wa.makasi developer udah bikin aplikasi gini.kalo bisa Wa hapus aja dari play store,2021-01-11T21:59:11Z,0,en,1
69c43db9-f4cf-4119-9fd9-e943b4bbe693,telegram,primary_dataset,telegram_playstore,"halo pihak telegram , saya mengusulkan agar bisa juga login menggunakn akun google kalau misalkan nomor yang kita gunakan hilang dan semua data penting ada di sana gimana ? jadi saya mohon perbaharuannya . . .",2021-01-11T21:18:20Z,0,en,1
d33dc95a-f9e2-42d4-8423-66143406ed76,telegram,primary_dataset,telegram_playstore,"Mohon telegram bisa membuat story, biar kami bisa migrasi total dari whatsapp",2021-01-11T20:58:16Z,0,en,1
438dd3e1-d2a8-4a73-8ba0-7f173cd65459,telegram,primary_dataset,telegram_playstore,"Halo telegram,aplikasi nya sangat bagus ! Cuma tolong tambahkan fitur story seperti whatsapp supaya lebih seru dan tidak membosankan",2021-01-11T20:41:21Z,0,en,1
aaf895dd-f08e-4c51-92c1-e502b91a283e,telegram,primary_dataset,telegram_playstore,klo lht fitur dan semuanya lebih baik pakai ini daripada whatsapp mantap deh......,2021-01-11T20:26:51Z,0,en,1
eb2a592f-b4f1-4c36-bf48-31b2a2dc46fa,telegram,primary_dataset,telegram_playstore,Pindah di mari gegara wa mulai aktif :v,2021-01-11T19:47:28Z,0,en,1
5da66a90-0b6c-43b8-8db8-6f83d823d90f,telegram,primary_dataset,telegram_playstore,"Aplikasi sudah sangat bagus dengan keamanan privasinya yang ketat. Nih saya pindah dari tetangga karena privasi tg yang lebih baik. Untuk update selanjutnya, mohon untuk menambahkan fitur story biar tdk membosankan dan bisa tetap keep in touch dgn tmn2 dgn berbagi lewat fitur story. Thank you",2021-01-11T19:22:24Z,64,en,1
320d3418-ac47-4e37-93e2-86c65fd92ae5,telegram,primary_dataset,telegram_playstore,"Please add status to make it more fun, I want to upload status on Telegram like WhatsApp, but I like this app more than WhatsApp!, love it",2021-01-11T19:19:37Z,1,en,1
0af3d1d8-33c2-45d7-8064-f82d8fb6a7b9,telegram,primary_dataset,telegram_playstore,"Apknya sudah bagus dan saya suka, tapi agar lebih bagus lagi tolong ya, tambahkan fitur story dan katalog seperti whatsapp agar lebih enak, terimakasih",2021-01-11T18:24:03Z,2,en,1
88bdaca6-1e0d-4082-9d5b-69613836ce24,telegram,primary_dataset,telegram_playstore,If tg has a feature to make a story or moment like the way wa and ig do. Tg's more Better than the other chat Apps Out there.,2021-01-11T16:54:35Z,0,en,1
9e29a191-5986-401f-8fb4-2a81dd9de79a,telegram,primary_dataset,telegram_playstore,Aku menginstal telegram karena aku akan berhenti menggunakan WhatsApp dalam waktu dekat ini!,2021-01-11T15:20:04Z,0,en,1
87d2de48-8d4d-4321-88cc-4b513c8c66c5,telegram,primary_dataset,telegram_playstore,"Kalo bisa sekalian buatin fitur supaya kita bisa bikin story seperti WHATSAPP yah,pasti bila ada fitur itu bisa besar kemungkinan kita pengguna WhatsApp bisa berpindah ke telegram secara serentak",2021-01-11T12:22:58Z,2,en,1
0c6e0d09-64d9-4c26-90f4-1fd23d84aa9f,telegram,primary_dataset,telegram_playstore,I'm very appreciate if Telegram has status feature like Whatsapp and certainly it will add more and more telegram user after status available on Telegram.,2021-01-11T09:38:43Z,0,en,1
dbfcd219-279d-420a-bdfb-52c98654ac1a,telegram,primary_dataset,telegram_playstore,Uninstall WhatsApp,2021-01-11T07:54:15Z,0,en,1
3eafe46b-7ca2-4cb4-b8ef-58e553a38caa,telegram,primary_dataset,telegram_playstore,Whatsapp selamat tinggalllll,2021-01-11T06:23:45Z,0,en,1
2d9f95d2-678d-4dd6-aa25-be6b063fb0f2,telegram,primary_dataset,telegram_playstore,Mari kita pindah haluan lagi kesini:),2021-01-11T05:01:30Z,0,en,1
d96632b6-9c2d-4bc0-ab91-c1e280babc0e,telegram,primary_dataset,telegram_playstore,yg dari apk ijo pindah sini ae yok bisa yok move on dari apk yg banyak mau itu,2021-01-10T22:53:06Z,0,en,1
42d41d45-0c1d-47ce-8d96-4e6bfc605166,telegram,primary_dataset,telegram_playstore,Gw yang pindahan dari WhatsApp ke telegram,2021-01-10T20:02:48Z,0,en,1
54ec2c8e-787e-4e8f-a12c-63b63a4914e4,telegram,primary_dataset,telegram_playstore,Tambahkan Fitur Video Call dan Keamanan Privacy Pengguna perlu ditingkatkan lagi,2021-01-10T18:31:06Z,0,en,1
c3ab9227-331e-49b4-a47a-9a52fa6c2f76,telegram,primary_dataset,telegram_playstore,Bagus banget emang tele nya tapi gw tolong jangan pakek paket utama doang kek bisa pakek kuota free juga gw GK pakek wifi astoge jangan pakek kuota data doang pakek kuota free juga bisa kek,2021-01-10T17:43:02Z,0,en,1
e1f2d16f-5b69-46b0-a12b-f675a5ecf090,telegram,primary_dataset,telegram_playstore,Bye2 WhatsApp..,2021-01-10T17:29:39Z,0,en,1
1806d684-66b6-4eb5-9fd9-c0fd6c35674a,telegram,primary_dataset,telegram_playstore,Bagus sekali ini aplikasinya sama seperti WhatsApp keren,2021-01-10T16:41:18Z,0,en,1
0a0f0cf5-f593-4508-a126-aaed5402d75c,telegram,primary_dataset,telegram_playstore,Can add this app a status story like whatsapp?,2021-01-10T14:14:33Z,0,en,1
cab45e9e-2feb-4487-bfa2-c55a68ac66ca,telegram,primary_dataset,telegram_playstore,Bagus bangt ke WhatsApp,2021-01-10T14:13:44Z,0,en,1
e5ac82f7-a3a1-4c6d-8125-812c774dc117,telegram,primary_dataset,telegram_playstore,Bagus untuk menggantikan whatsapp,2021-01-10T14:03:46Z,0,en,1
a4305c94-2826-48b5-9e60-47ca11eac87e,telegram,primary_dataset,telegram_playstore,Tolong tambahin story di telegram dong biar asik plis lah mau pindah dari WhatsApp ke telegram aja,2021-01-10T13:23:00Z,0,en,1
770a55b6-505a-4a57-aab5-47706ed7cd0c,telegram,primary_dataset,telegram_playstore,Pindah tele aja lah anjg temen gw udh bikin akun tele semua gara gara wa sekarang udh ngambilin privasi orng,2021-01-10T12:11:24Z,0,en,1
f553cd0b-2eaa-4859-95f9-82dba8361d13,telegram,primary_dataset,telegram_playstore,Gw pindah ke tl karena di wa dh ngga ada lgi privasi,2021-01-10T11:57:20Z,0,en,1
9603c88d-5888-4f3e-9170-f8e2eceefe13,telegram,primary_dataset,telegram_playstore,Pindah Telegram karena WhatsApp udah gak asik,2021-01-10T11:29:38Z,1,en,1
2bd5fa63-d562-4c20-a943-7a24accfe9da,telegram,primary_dataset,telegram_playstore,Moving from Whatsapp,2021-01-10T11:20:36Z,0,en,1
e63d2afb-6e82-4bca-9f99-a90ba5240a39,telegram,primary_dataset,telegram_playstore,Please add story on telegram adapted story in WhatsApp,2021-01-10T10:43:48Z,2,en,1
e8f5f3a2-1d95-4785-97c9-b9bb7c3b057c,telegram,primary_dataset,telegram_playstore,Tolong tingkat kan aplikasi ini karena saya mendownload file pasti lama sekali dan mengirimi file juga lama Edit: tolong buat fitur seperti WhatsApp yaitu status,2021-01-10T10:36:13Z,1,en,1
d1be7d67-8762-48aa-b4f4-eaa7130c8ae9,telegram,primary_dataset,telegram_playstore,"Bagus, saran saya untuk bisa menggantikan whatsapp agar memudahkan pengiriman file namanya tidak terganti dengan angka dan mudah dipindahkan foldernya",2021-01-10T01:28:18Z,0,en,1
795c028d-5225-480a-a9ef-9a8df167054e,telegram,primary_dataset,telegram_playstore,Woyy ini bagus bngt kalo guaa lagii gabutt tinggall download ogheyyy tapi ini bisa diganti kyk whatsapp lohh ayukk cepett downloadd,2021-01-09T23:17:25Z,0,en,1
5bcfd3ca-3f7a-4c90-b4f5-414922cbd8ab,telegram,primary_dataset,telegram_playstore,Best for you telegram i hope you wilk never dissapointed our privacy telegram is the best wish best luck for you,2021-01-09T21:54:48Z,0,en,1
1d774c97-79cd-46e8-b70e-6fa35c86047a,telegram,primary_dataset,telegram_playstore,Andai dikasih fitur update story auto langsung pindah,2021-01-09T21:28:35Z,0,en,1
95b2a538-5a03-498c-9a4c-a69a2a395e71,telegram,primary_dataset,telegram_playstore,Ehk jelek banget yah WhatsApp,2021-01-09T20:34:13Z,0,en,1
e3c997ae-0947-42c0-9281-503735040f7c,telegram,primary_dataset,telegram_playstore,Aplikasinya sangat bagus karena kia juga bisa buat grub seperti WHATSAPP dan setiap hari selalu dapat teman yang baik... Pokoknya aplikasi ini TOOOPPP.. THE BEAST.. deh.. Makasih sebanyak-banyaknya,2021-01-09T19:20:55Z,0,en,1
99ffa9a3-56a4-42ff-9905-c0c6115df9b4,telegram,primary_dataset,telegram_playstore,"Daripada WhatsApp mending Telegram, data privasi terjaga.",2021-01-09T19:13:22Z,0,en,1
a97dad05-1ee1-417b-98d6-e3c2d786c817,telegram,primary_dataset,telegram_playstore,Aplikasi nya bagus banget tapi aku kasih bintang 4 dulu karena pasti lebih bagus jika telegram mengeluarkan fitur baru ya itu fitur status seperti di WhatsApp nanti kalo udah ada fitur status pasti saya kasih bintang 5,2021-01-09T18:48:21Z,1,en,1
ed6653ac-59c9-4444-a9a8-49729e0ce3dc,telegram,primary_dataset,telegram_playstore,"Karena pemaksaan kebijakan oleh WhatsApp, beralih deh ke telegram, 8 February, kalau tidak terima dengan kebijakan nya, maka WhatsApp gk bisa di gunakan lagi,",2021-01-09T16:15:37Z,1,en,1
029fd3c0-533e-45ca-86d0-fe7efa79460a,telegram,primary_dataset,telegram_playstore,Saatnya beralih dari whatsapp,2021-01-09T15:18:36Z,0,en,1
8029300c-859b-4220-bc72-80b6863244fd,telegram,primary_dataset,telegram_playstore,"Please add a 40 second Story, because we want that, on telegram ,, we are fed up with WhatsApp",2021-01-09T13:35:35Z,0,en,1
8820c1ad-9a96-4646-9430-610147e7bfaf,telegram,primary_dataset,telegram_playstore,Fitur fiturnya lebih banyak telegram daripada whatsapp cuma video call sama status doang yg gak ada,2021-01-09T11:51:56Z,0,en,1
5bbd6237-bbf0-4aa3-809f-2a11fc4fe953,telegram,primary_dataset,telegram_playstore,"Saya sangat sungguh kecewa dengan adanya peraturan baru dari WhatsApp, akhirnya saya memutuskan untuk pindah ke telegram,tapi menurut saya ada sedikit kekurangan dari telegram yang tidak adanya bentuk ""status"",jadi saya mohon agar telegram mengupdate agar ada bentuk ""status""",2021-01-09T11:49:47Z,0,en,1
f96bd0e8-7009-4dc5-8ae5-4fc4eae15cb9,telegram,primary_dataset,telegram_playstore,"Saran buat developer.. klo bisa telegram menghadirkan fitur menu status seperti WhatsApp biar enak buat jualan, oke tq..",2021-01-09T10:57:17Z,1,en,1
793f45f3-602d-425f-a5e5-b09660090862,telegram,primary_dataset,telegram_playstore,Sayangnya gabisa buat story kaya di whatsapp,2021-01-09T10:08:07Z,0,en,1
b161f2a4-5ea8-4f0f-a617-413a193ed3c7,telegram,primary_dataset,telegram_playstore,"Sudah pakai Telegram sejak 2014, dahulu masih sedikit penggunanya, sekarang makin banyak, apalagi sejak whatsapp membuat aturan privasi yang merugikan pengguna. Telegram memang terkenal akan keamanan privasinya yang ketat dan kuat, kirim chat cepat, grup dengan ribuan anggota, kirim file 1GB, bisa nonton film, stiker animasinya keren, ada bot yang menemani dan masih banyak lagi. Kalau saran saya Tidak Usah Pakai Status/Story, malah jadi kotor kalau mau pake ig/fb aja, Telegram gak butuh itu.",2021-01-09T09:16:07Z,769,en,1
8ef06b03-0471-48ed-85dc-79436d54e88a,telegram,primary_dataset,telegram_playstore,"Coba telegram buat pake story dong, biar bisa beralih kesini sepenuhnya, tkut aja pake aplikasi yg sbelah kerna data di bocorkn",2021-01-09T09:13:55Z,0,en,1
aa285739-fd05-434a-9461-0a8af6a2ab51,telegram,primary_dataset,telegram_playstore,"Story di telegram belum ada, coba di usahakan untuk diadakan. Karena WhatsApp sedang membuat kebijakan baru yang aneh dan nyeleneh maka ini peluang anda untuk geser WhatsApp. Ingat moto telegram, ""perlindungan privasi pengguna""",2021-01-09T09:04:31Z,49,en,1
3b27770e-36f6-4ec6-b457-a34284135e9d,telegram,primary_dataset,telegram_playstore,Udah bagus tapi sering terjadi connecting mulu pdhl ada paketan data itu kenapa yah mohon untuk di perbaiki lgi,2021-01-09T08:15:09Z,0,en,1
1da847be-2024-4655-a150-6aee4b120bfe,telegram,primary_dataset,telegram_playstore,Pindah lapak dulu bos,2021-01-09T07:25:57Z,0,en,1
c1c253e3-c478-4082-bbbd-5d378c59de4e,telegram,primary_dataset,telegram_playstore,"Buat Perusahaan Telegram:Jangan Pernah Menjual Perusahaan Telegram Kepada Facebook lebih bagus Pertahanan Telegram secara Kualitas, Kuantitas Hingga Keamanan Komunikasi Secara aman Tanpa adanya Hackers.Contoh ajalah: Facebook Sudah lalai atas Jaga keamanan sampek banyak hackers hingga ambil alih WhatsApp Privasi komunikasi seseorang.Jadilah Telegram Nomor 1 Untuk selamanya atas Pertahanankan keamanan Komunikasi secara aman,kualitas hingga kuantitas yang bagus.",2021-01-08T22:29:14Z,3,en,1
132995e5-2af7-42e0-9c33-35ae5e5fefe1,telegram,primary_dataset,telegram_playstore,"Plis kasi fitur story, auto permanen pindah dari wa ke tele",2021-01-08T21:26:06Z,0,en,1
75606b15-bd19-45eb-9353-641fc00fe244,telegram,primary_dataset,telegram_playstore,Mungkin kalo ada fitur story seperti si WhatsApp lebih bagus,2021-01-08T20:59:53Z,0,en,1
34384f66-42b0-4157-82a7-6a686b381ea2,telegram,primary_dataset,telegram_playstore,Gua sekarang pindah telegram karena wa nya tolol,2021-01-08T19:54:05Z,0,en,1
e9d45b85-b322-4e90-8ee9-bfe41358c726,telegram,primary_dataset,telegram_playstore,"Mantap sekali apk ini.. Fix, pelan tapi pasti saya akan meninggalkan WhatsApp dan beralih ke apk Telegram. Recommended banget dah pokoknya..",2021-01-08T19:45:11Z,3,en,1
32502eda-4ba2-46be-8ab4-2ddf56dca831,telegram,primary_dataset,telegram_playstore,"Apk ini uda bagus banget si menurutku, tinggal tambahin fitur story fix banyak yg pindah ke telegram",2021-01-08T18:11:03Z,0,en,1
a23ae47e-25a5-4dcb-a615-e19adee3dfcc,telegram,primary_dataset,telegram_playstore,"Mohon tambahkan fitur status dan instastory, biar seperti WhatsApp. Soalnya sekarang WhatsApp gak privacy lagi",2021-01-08T17:10:55Z,0,en,1
fa253ce7-e574-41d4-bf6c-3d665d459a09,telegram,primary_dataset,telegram_playstore,"Very good apk, I hope you can add to post the story, if there is, then I will delete my WhatsApp for the sake of telegram",2021-01-08T16:47:35Z,0,en,1
1cfdc902-1c09-4ca0-861b-1258c3212807,telegram,primary_dataset,telegram_playstore,"Bagusss bangett!! but,tolongg tambahin fitur story 24 jamm kalo dah adaa fiks pindah tele sepenuhnya",2021-01-08T16:35:14Z,0,en,1
89b24b59-ff8c-4b3f-9d04-2c1b12c655f1,telegram,primary_dataset,telegram_playstore,Mohon Di Ada Kan Fitur Status Atau Story Sperti Whatsapp,2021-01-08T16:20:44Z,0,en,1
9edf45ea-f790-4b9f-a6e6-c82f4ce87126,telegram,primary_dataset,telegram_playstore,Ganti tele aja! Whatsapp banyak maunya anjir,2021-01-08T16:14:21Z,0,en,1
f138e4a4-dec5-445a-a8e4-7b8d349b440b,telegram,primary_dataset,telegram_playstore,Telegram bikin fitur status dong kek WhatsApp:),2021-01-08T16:09:43Z,0,en,1
c36b5fa3-f50a-4653-81c3-3eb81df7a30d,telegram,primary_dataset,telegram_playstore,"Pindah gara"" wasap ribet ngurus privasi orang",2021-01-08T15:33:18Z,0,en,1
36307bf7-3ae0-4384-8eb8-36800180750a,telegram,primary_dataset,telegram_playstore,Saatnya pindah dari WhatsApp,2021-01-08T15:32:32Z,0,en,1
196238a3-4b06-4ae6-982a-2831bd3a0235,telegram,primary_dataset,telegram_playstore,2021 dari wa pindah ke telegram,2021-01-08T14:20:06Z,0,en,1
75f78fd8-f142-4c42-a974-28abb19310a1,telegram,primary_dataset,telegram_playstore,"Please,, Telegram Kasih fitur Story, gw bakal pindah dari WA",2021-01-08T13:22:29Z,0,en,1
53ff83bb-148a-48ed-8d46-380f72e60fa7,telegram,primary_dataset,telegram_playstore,Aku pindah ke telegram karena aplikasi sebelah sudah tidak mementingkan keamanan bagi penggunanya jadi inget masa2 bbm dan karena bingung akhirnya teman2ku rekomendasiin telegram dan ternyata bagus banggggeeeeet!!!Thx Telegram,2021-01-08T13:06:24Z,2,en,1
a5980b56-b3e9-4778-b867-a98287798f81,telegram,primary_dataset,telegram_playstore,"Bagus cocok banyak bot nya tapi lebih bagus kalo di kasih story kayak di WhatsApp,saya sarankan seperti itu",2021-01-08T12:26:25Z,0,en,1
77595345-8249-430a-82b9-68c3e8497dc9,telegram,primary_dataset,telegram_playstore,"This communication application is very good, I really like the emojis because they use iOS emojis, I really hope that Telegram adds to the story feature or user status like on Instagram or WhatsApp Thank You",2021-01-08T11:37:25Z,0,en,1
ce8c7052-56cf-4726-813f-f77658138acf,telegram,primary_dataset,telegram_playstore,Suka pake telegram tapii Gada fitur story ayolah bikin fitur story kalau ada langsung mau pindah teleee pasti nambah rame kok ayo ceffat buat fitur storyy,2021-01-08T10:42:00Z,0,en,1
3240d7a0-863a-466c-8266-5d0fcabd3d29,telegram,primary_dataset,telegram_playstore,"Aplikasi ini sangat bagus dipakai untuk chatting dan nonton drakor,tapi saya hanya memberinya 4 bintang karena apk ini tidak mempunyai fitur story. Jadi mohon untuk meningkatkan kuliayas dari aplikasi ini jangan mau di kalah sama aplikasi WhatsApp. Thank you",2021-01-08T09:56:18Z,14,en,1
8a238a15-a649-46ce-b39f-25d34ffd510a,telegram,primary_dataset,telegram_playstore,Ayo pindah ke telegram semua,2021-01-08T09:32:37Z,0,en,1
0f338e52-acfe-49d3-a1ae-9edef9240484,telegram,primary_dataset,telegram_playstore,"adain fitus story pliss, aplikasi sebelah udh ga ngejaga privasi pengguna nya soalnya. mo pindahh ke kamuu tapi adain fitur story hehh aku gabisa kalo sehari ga bikin sw",2021-01-08T09:13:25Z,0,en,1
cc26abeb-d6ad-4955-8c8a-204a73e27a0f,telegram,primary_dataset,telegram_playstore,"Pelarian, setelah whatsapp membuat aturan sepihak.",2021-01-08T08:58:27Z,0,en,1
8b80ecd5-df20-41ca-865e-6aa7ac1ed02c,telegram,primary_dataset,telegram_playstore,"I think, this app is better than whatsapp .",2021-01-08T07:57:55Z,0,en,1
308c4d44-1690-4d53-81fc-9092b8fa3e0c,telegram,primary_dataset,telegram_playstore,"Sip ,langcar buat data2 file",2021-01-08T07:37:15Z,0,en,1
f9df47dc-ead3-499a-840f-67510fed2aa8,telegram,primary_dataset,telegram_playstore,"Update Telegram biar bisa update status dong biar pada pindah Telegram semua, soalnya yang disebelah udah ga aman",2021-01-08T04:04:36Z,0,en,1
da3eb846-3fe5-4b83-83c6-013ce89cd50f,telegram,primary_dataset,telegram_playstore,Akankah dijual ke Facebook juga..? memalukan jika terjadi,2021-01-08T03:13:12Z,0,en,1
c42b2658-f9b0-42e7-b7fe-81480b2948a4,telegram,primary_dataset,telegram_playstore,saya pindah dari watsap ke telegram,2021-01-07T21:48:47Z,0,en,1
d73e17b3-20b8-4b4c-a884-28a542c55b7f,telegram,primary_dataset,telegram_playstore,"Pihak telegram tolong berikan vitur story di telegram, karena 2021 kemungkinan warga WhatsApp akan pindah ke telegram, jadi tolong update vitur story di telegram",2021-01-07T21:39:44Z,0,en,1
be6aa940-e09c-4c06-9d13-0f96fc6da19a,telegram,primary_dataset,telegram_playstore,"Saya mohon telegram diberi story sama seperti Whatsapp and aplikasi lainnya, maka saya akan memberikan bintang lima. Sekian terimakasih",2021-01-07T20:57:29Z,0,en,1
9adbe60d-d236-46c1-96a0-0cf1244bc900,telegram,primary_dataset,telegram_playstore,"Demi apasi think tele bangus banget emot nya udah kyk IP ngab cuman sayang gak bisa buat story' kayak di WhatsApp atau di Instagram kalo bisa buat story' bangus banget ni apk bunda tolong admin woe bikinin story nya udah bisa halu,dapat emot ip astaga bangus banget ni apk ngab ahhhhhhh heh alay T-tapi pokok ny bangus ngab Bye mo meninggoy",2021-01-07T14:35:57Z,0,en,1
968531e4-4423-49b9-9ac9-89506fbaf162,telegram,primary_dataset,telegram_playstore,"Bagus kok, coba kalo telegram bisa buat status aku langsung uninstal wa pindah ke telegram",2021-01-07T12:32:32Z,0,en,1
7b5d4eb0-fa9c-4b40-ab7e-cea3063cd689,telegram,primary_dataset,telegram_playstore,PLEASE BUAT STORY KAYAK STORY WHATSAPP,2021-01-07T10:44:57Z,0,en,1
f37c1ac8-aa25-4a2e-9ff2-85292685bd24,telegram,primary_dataset,telegram_playstore,"Give more security in privacy settings, please to prevent the hack.",2021-01-07T04:10:17Z,0,en,1
6222ed93-4962-459c-8bdc-1affd3e2d5c2,telegram,primary_dataset,telegram_playstore,Andai tele ada in vitur snep aku bakal pindah ke tele selama ny bosan di wa maunya menghilang aja dri sana,2021-01-06T22:46:00Z,0,en,1
fc14d5c6-b41d-406c-81bf-43f08db4d9e2,telegram,primary_dataset,telegram_playstore,"Adain fitur status dong kayak WhatsApp gitu,biar lebih seru",2021-01-06T19:48:51Z,0,en,1
69a3db87-5427-4afb-96b9-c061a40700ba,telegram,primary_dataset,telegram_playstore,"Saya kasih bintang lima, sebagai ganti nya saya mohon bisa login pakai akun google/Facebook saya mohon saya tidak bisa pakai no telp, saya juga mau main telegram",2021-01-06T16:22:01Z,0,en,1
9e9f0eb4-b3c7-448f-8fc1-0bc95cf0df3e,telegram,primary_dataset,telegram_playstore,Soalnya dapat ngobrol seperti whatsapp,2021-01-06T11:09:45Z,0,en,1
e393113e-f796-43a1-9cb5-4b6fb29b33eb,telegram,primary_dataset,telegram_playstore,"Telegram ini bagus banget , andai ada fitur status nya seperti WhatsApp, bot nya juga tolong fast respon",2021-01-06T08:45:21Z,0,en,1
36a975ec-72dc-492c-bed4-d30c72102743,telegram,primary_dataset,telegram_playstore,Saya pendatang baru.semoga sukses selalu,2021-01-06T08:14:51Z,0,en,1
aba96bb9-9a76-4928-94bd-520a994a3a6c,telegram,primary_dataset,telegram_playstore,"Apk nya bagus, sistem penyimpanan datanya juga enak, Mau usul dong, di telegram bisa buat story harian, biar kaya Wa, Ig, Fb dll",2021-01-06T06:43:53Z,2,en,1
960ea24f-368d-4800-909b-9c8ea7f731ec,telegram,primary_dataset,telegram_playstore,Aku mau mandi dulu ya bay area Indonesia ada di kotak komentar Facebook mmh udh bilang demi sedikit hingga kini belum diketahui apakah ada duit ga ada yg tau gw ya del lu bsk msk siang hari ini ga,2021-01-05T13:25:23Z,4,en,1
1fb19460-ad5a-4a80-b105-262998688496,telegram,primary_dataset,telegram_playstore,"Walau banyak teroris yang pakai, tapi liar biasa, lebih bagus dari whatsapp",2021-01-05T06:21:57Z,0,en,1
95dbbd43-0110-45b6-b7d6-beb312abc6f1,telegram,primary_dataset,telegram_playstore,Coba telegram kayak WhatsApp bisa pasang status jadi lebih enak,2021-01-05T00:03:52Z,0,en,1
82475f9a-7beb-4466-b123-7425998fd112,telegram,primary_dataset,telegram_playstore,"Saya lebih suka menggunakan telegram daripada whatsapp, fitur nya lengkap, stiker nya lebih responsive dan expresive. Saran lebih di banyakin lagi stiker nya dari berbagai jenis kategori.",2021-01-03T18:47:02Z,0,en,1
b4b50f3e-0936-4f06-a23d-da3288c8dfbc,telegram,primary_dataset,telegram_playstore,semoga telegram menghadirkan fiture story seperti whatsapp hahaha. aamiin...,2021-01-03T16:27:23Z,0,en,1
002714ae-85c9-4a70-9e34-d83dce92331c,telegram,primary_dataset,telegram_playstore,"Terima kasih Telegram buat aplikasinya karena tiap orang butuh privasi, aplikasi ini keren karena tidak membuat fitur story seperti di Whatsapp karena menurut saya PRIVACY itu penting tanpa ada mengungkapkan perasaan atau jualan melalui story, selalu jaga kualitas Telegram dengan privasi. Good Job Telegram",2021-01-03T10:17:21Z,313,en,1
7a1ce758-9356-4768-b715-e5994bff8cb1,telegram,primary_dataset,telegram_playstore,Keren cepat untuk pengiriman data,2021-01-03T05:44:35Z,0,en,1
876cb277-0a61-4299-8b13-617541a6b824,telegram,primary_dataset,telegram_playstore,"Best choice, full customize, full privacy, Very useful",2021-01-03T00:02:21Z,0,en,1
26531843-fa15-403c-a6b5-0346a08e6e09,telegram,primary_dataset,telegram_playstore,"Bagus ,, cuma saya saranin tolong tambahin Fitur buat status kaya WhatsApp:)",2021-01-02T22:09:51Z,0,en,1
70f0c604-9d3f-44ce-a249-c9fdbc21c73d,telegram,primary_dataset,telegram_playstore,"Hello Telegram's Developer , thanks for the good apps. I would appreciate more if Telegram make some Story fitures like Whatsapp or Instagram. I would like to see what's coming next. Thanks!",2021-01-02T21:13:56Z,0,en,1
927a8e60-8560-4a86-8e73-b0c145643830,telegram,primary_dataset,telegram_playstore,"Please telegram kasih fitur kaya WhatsApp,biar kita bisa vc Dan juga ada fitur filter nya okey",2021-01-02T20:14:51Z,0,en,1
91c9a29a-2a17-4afe-9c7b-62b208e7319f,telegram,primary_dataset,telegram_playstore,"untuk sementara waktu, saya kasih 4 bintang. nanti kalau udah bisa pasang status di telegram kayak di WhatsApp, baru nanti saya kasih 5 bintang, ngoghey?",2021-01-02T20:00:35Z,9,en,1
ddaadb3f-23bd-4918-b300-ca0f7ffa821e,telegram,primary_dataset,telegram_playstore,"Aplikasi Telegram layak dikembangkan karena bisa terpasang langsung di pc dan laptop, tanpa harus scan barcode dari hp yang terinstall whatsapp seperti halnya scan barcode whatsapp web, sayangnya whatsapp lah yang lebih mendominasi.",2021-01-02T19:51:11Z,45,en,1
080abb63-9625-41fa-be92-1993b8aab459,telegram,primary_dataset,telegram_playstore,"Suka banget sama aplikasi ini, karena mirip WhatsApp. Apalagi bisa jadi anak Rp, jadi bisa punya fambest banyak, I Love Telegram",2021-01-02T17:30:18Z,2,en,1
0e3f6f17-d6d0-4104-b27e-6d4581abda4e,telegram,primary_dataset,telegram_playstore,"Ape yang baru? Ubah mana-mana grup bual anda menjadi panggilan persidangan seperti naik bas, turun bas. Simpan data Telegram anda di kad SD. Sunting foto yang anda kirim tanpa mengirimnya semula. Muat turun stiker dengan cepat dan tonton garis luar yang berkilauan semasa memuatkannya. Nikmati animasi baru kami untuk butang ""Mesej baru"", profil pengguna, folder bual dan pembilang mesej. Lihat senarai kemaskini lengkap dalam aplikasi atau blog kami. Seronoknyeeeeee..betol betol betol",2021-01-02T16:49:21Z,260,en,1
7e891a44-5473-478a-b504-d1915c0e6179,telegram,primary_dataset,telegram_playstore,"Kak kalo boleh kasih fitur story kaya di WhatsApp biar lebih menarik,dan kita bakal bisa lebih nyaman sama tele itu aja sih",2021-01-02T16:04:50Z,0,en,1
af27af77-53ed-41a8-bb0c-32dd699ef7cc,telegram,primary_dataset,telegram_playstore,Bagus sekali tidak pernah bisa lepas di dunia dan menyiapkan bahan bakar dan Umar yang make tanda tangan di gameloop yang akan terjadi selanjutnya di gameloop di gameloop yang tidak pernah tahu apa sebenarnya yang terjadi di ambil di gameloop dan tidak pernah bisa lepas dari pengaruh yang besar dan Umar bin Abdul Aziz dan Umar yang make tanda seru banget sama yang make up yang akan terjadi jika bumi yang akan datang akan datang dari luar kota dan kabupaten Bandung yang tidak bisa lagi,2021-01-01T23:34:55Z,0,en,1
2ca53d16-fb26-421a-9bed-155020f91d48,telegram,primary_dataset,telegram_playstore,kalau aja tele ada fitur status nya gw auto hapus wa dan pindah ke tele beneran dah,2021-01-01T22:55:17Z,1,en,1
c9d3e203-2426-451d-bb26-66990248c33e,telegram,primary_dataset,telegram_playstore,"hmch . . . gimana ych , ini bagoes abezz , tffih kok suka ngelag ych ? kalian gitu egx c ? kalo gx ych sudah gffh , dan satu lagi niexh , jangan banyak nguras data anyienk , esmosi q , tiap hari harus abiez mulu , ych oks , sekian terima kth rl",2021-01-01T19:49:06Z,0,en,1
b1ca13e4-ebb2-4ca4-ae52-fc26d9196373,telegram,primary_dataset,telegram_playstore,Lebih bagus dari WhatsApp,2021-01-01T09:46:14Z,0,en,1
074e6de4-0bcd-4b91-9547-0f7643fc31e9,telegram,primary_dataset,telegram_playstore,Halo. I gave 4 stars first. This feature is great ... but I suggest you try to bring up the story on telegram. if there was a story it would be better. I will give 5 stars later.,2020-12-31T19:34:25Z,0,en,1
8e882370-0c2e-4f8d-8ac4-2000c41b6263,telegram,primary_dataset,telegram_playstore,Bagus buat ganti WhatsApp 2021,2020-12-31T13:58:10Z,0,en,1
8c89a0e0-2990-4783-b6ed-e7566a5332de,telegram,primary_dataset,telegram_playstore,"Plisss wehhh tambahin fitur storryy , kalo ditambahin fiks gw dari WhatsApp pindah ke tele -nak rp",2020-12-31T13:53:16Z,0,en,1
26709be2-e9e2-461f-9db6-5f58357252ca,telegram,primary_dataset,telegram_playstore,"Sayangnya tdk bs utk membuat story di telegram, kdg jg lemot saat pindah ke telegram.,stiker nya lucu lucu..",2020-12-31T12:30:11Z,0,en,1
50774a40-18d5-4849-adb5-00cc5b360d87,telegram,primary_dataset,telegram_playstore,Bagus aplikasinya. Data kirim dan terima tetap tersimpan dengan baik walau ganti smartphone.,2020-12-31T08:17:19Z,1,en,1
092c1c06-cd10-4f1c-93e1-55ae19ea1179,telegram,primary_dataset,telegram_playstore,"pengalaman mah bagus aja,saya cuma mau beri saran aja,kalo semisal telegram ada fitur story seperti WhatsApp atau Instagram mungkin akan jauh lebih bagus dah lebih menarik perhatian banyak orang,karena bukan cuma saya yg menginginkan itu. sekian terimakasih,semoga bisa di terima dengan baik saran saya.",2020-12-30T22:35:06Z,313,en,1
27b2d49c-1afb-4ebf-88df-92c408dd5084,telegram,primary_dataset,telegram_playstore,"Bagus bgt sumpah,tapi buat developer plis tambahin fitur story,klo beneran ada fitur story AKU PINDAH BENERAN KE TELEGRAM HUHU",2020-12-30T12:00:12Z,0,en,1
994f6426-caa8-48de-b4b4-f09dd188db1b,telegram,primary_dataset,telegram_playstore,Aya pindah rumahhhh ini semakin mantapppp GK kalah keren sama tetangga sebelahhhh Kaga memakan ram,2020-12-30T01:04:05Z,0,en,1
ec097bb6-757a-4337-89d6-a1d515c30c23,telegram,primary_dataset,telegram_playstore,Apk nya bagus banget. Saya mau reques dong agar di telegram ada fitur status nya seperti di Whatsapp. Semoga direspon...,2020-12-29T13:09:02Z,0,en,1
6bff1f64-2b37-4f6e-8214-6a8f87212562,telegram,primary_dataset,telegram_playstore,Apk yg sngt membantu selain whatsApp,2020-12-28T16:30:26Z,0,en,1
373980e4-2fe6-4eca-945a-c5fa413349a4,telegram,primary_dataset,telegram_playstore,"rekomendasi dong kak, dikasih fitur story gitu kayak di WhatsApp atau Instagram biar lebih menarik lagi semangattttt",2020-12-28T13:25:06Z,0,en,1
5fc97229-e2b0-4d6f-898b-875c322137dc,telegram,primary_dataset,telegram_playstore,"own yg punya tele tambahin fitur status napa biar kek whatsapp, oiya aks jg nak erpe ehe bye sekian jangan lupa di update lgi ye biar ada fitur sw ny ntar gw tambah betah",2020-12-28T05:27:13Z,0,en,1
a9d2c69e-152c-4d45-ad19-941e9aadebee,telegram,primary_dataset,telegram_playstore,"Great app!! This is more better then whatsapp, you're just waiting for a lot of people to know this app",2020-12-28T03:19:33Z,2,en,1
2d0f670d-44ac-4d49-ad65-d724f91cf811,telegram,primary_dataset,telegram_playstore,Mantap Bisa pakai kirim data,2020-12-27T19:58:17Z,0,en,1
d6ca93f7-c900-44d1-9841-850da33d38f8,telegram,primary_dataset,telegram_playstore,jujur Sekarang lebih suka pake telegram daripada whatsapp,2020-12-27T18:33:15Z,0,en,1
6511f365-9202-42ab-a3df-6775607a3bc6,telegram,primary_dataset,telegram_playstore,"bagus banget, stikernya estetik jadi pengen pindah telegram aja cuman sayang gaada fitur buat story",2020-12-27T14:32:31Z,1,en,1
45715ed3-6093-4cfc-b3e7-7d038dfcc2db,telegram,primary_dataset,telegram_playstore,Ya lumayan lah walaupun saat ini whatsapp masih lebih dominan untuk saya gunakan.,2020-12-27T12:19:45Z,0,en,1
c9c4cb18-fe41-42d7-9064-20e77d7a5e8d,telegram,primary_dataset,telegram_playstore,"Please, add UPDATE STORY atau STATUS seperti WA atau facebook. kalau bisa juga tambahkan live streaming. Dijamin WhatsApp akan kalah.",2020-12-27T07:58:00Z,7,en,1
abde0ef0-cc5d-44bf-8854-f75207cbfcad,telegram,primary_dataset,telegram_playstore,Kalo Emang Whatsapp gk bisa di handphone keluaran lama ya bisa pake ini,2020-12-27T05:35:29Z,0,en,1
6bec2093-b84b-419c-bcec-a5fd26d1a9a4,telegram,primary_dataset,telegram_playstore,"Membantu banget apk nya,andai bisa buat story ,pasti pada pindah ke tele",2020-12-26T22:25:46Z,0,en,1
a6342b09-ee0e-4a11-804c-c8d89165ab36,telegram,primary_dataset,telegram_playstore,"hy tele , tau egk ? telegram tanpa fitur story aja udda seru banget si parah , apalagi kalo dibuat fitur story , ak akan pindah lapak ke telegram",2020-12-26T17:17:22Z,0,en,1
d8f29e82-f45c-480d-9d52-8fe35a23ba84,telegram,primary_dataset,telegram_playstore,"This application is very good So I suggest you download this application now I hope that in the future, I hope there will be features of the story with whatsapp so that it will be nice, right, so that it will be more fun to play That's all and thank you",2020-12-26T08:38:11Z,0,en,1
7bb695f1-750c-4c21-a6fc-7c66a5e707ef,telegram,primary_dataset,telegram_playstore,Aplikasi bagus banget bisa gantiin whatsapp,2020-12-26T05:50:19Z,0,en,1
ace270fd-f571-4ef1-ae9f-6816f95573d4,telegram,primary_dataset,telegram_playstore,"Aq cmn mau blg Tq TELEGRAM.aq jadi bisa nonton drakor lg.dulu pakek apk DRAKOR.ID ,cuman gadak lagi Aq kenal apk ini teman kelas aq di sklh pindahan q",2020-12-25T23:28:39Z,0,en,1
66871e6f-0df4-4d0b-82d2-df84cc66643d,telegram,primary_dataset,telegram_playstore,Andai Ada Fitur Story Kaya WhatsApp,2020-12-25T22:13:40Z,0,en,1
7c48abd3-56ed-407f-83d1-7519f016dc55,telegram,primary_dataset,telegram_playstore,Please tambah fitur stories seperti Instagram atau WhatsApp,2020-12-25T15:47:17Z,0,en,1
14ef66f3-76b5-4e8f-9e3a-fe666f89c98d,telegram,primary_dataset,telegram_playstore,"Solusi penyimpanan data, keren habis",2020-12-25T13:30:03Z,0,en,1
35758d00-f2de-48a6-8ac6-e140c3f38c46,telegram,primary_dataset,telegram_playstore,"recomended buat kamu yang mau nyari film,drama,atau anime yang bisa kesimpen di galeri,terus bisa pindah flashdisk,terus buat nobar bareng keluarga:)",2020-12-25T00:01:53Z,3,en,1
3f0cdff8-fbc5-4ccc-b8a5-59b128b80252,telegram,primary_dataset,telegram_playstore,"aplikasinya bagus, saya sangat suka, andai aja ada fitur status kaya whatsapp, wkwk",2020-12-24T21:31:32Z,0,en,1
d684e9ba-d413-4853-a44b-8e3918a6a010,telegram,primary_dataset,telegram_playstore,Bagus sii apk nya cumaa kurang kek whatsapp dan gada story nya gtuu jdii kurang enak lah yahh.. trus buat bot bgs sii cuma dlam bahasa bot nyaa susah biar di jadiin indo soal nya susah jg kan buat artiin nyaa mohon yaa di update.. hehe nnti sy ksii bintang lima klau emg ud bgus bat:),2020-12-24T09:27:44Z,0,en,1
d19609b4-1775-4422-9ac8-ff9abee4fcf6,telegram,primary_dataset,telegram_playstore,"Saran dari saya, jika saat memutar video lebih baik bisa landscape otomatis, supaya tidak perlu ribet menyalakan rotasi hape. Terus saat menonton video saya risih karena saat tersentuh jadi pindah ke slide video sebelum/selanjutnya. Semoga saran dan keluhan saya dapat dipahami oleh developer. Terima kasih!",2020-12-23T22:18:07Z,127,en,1
ab7d87fa-21cc-41eb-8e3d-db6976313165,telegram,primary_dataset,telegram_playstore,"Keren sumpah, kasihlah fitur story, gw pindah dah dari wa ke tele",2020-12-23T18:52:44Z,0,en,1
8e3788fc-3f01-4b92-851b-4a93124bd042,telegram,primary_dataset,telegram_playstore,Bagus tp terkadang signalnya susah,2020-12-23T18:29:30Z,0,en,1
51b566c7-f838-4075-bf63-1522de83f28a,telegram,primary_dataset,telegram_playstore,Pengganti WhatsApp,2020-12-23T13:34:18Z,0,en,1
d055b41a-c010-45e0-a376-8fbc68fa3e5c,telegram,primary_dataset,telegram_playstore,Saya suka sama apk ini. Saya bisa chatting sama teman teman saya. Seperti di whatsapp. Saya suka sekali. Terus ada stiker stiker lucu di telegram. Lebih imut! Terus ada stiker among us sama gamer girl!,2020-12-23T06:10:17Z,0,en,1
435655e5-77a2-4ec1-95e3-f4d058b7a744,telegram,primary_dataset,telegram_playstore,Andai telegram ada status nya gua bakalan pindah lapak ke tele gua!!! Ehh tolonggggg bikin jadi kaya wahtsap Makasih:),2020-12-22T20:32:23Z,0,en,1
98b2411f-44bc-4ea0-b5d1-a0065523136b,telegram,primary_dataset,telegram_playstore,"Mantul banget,, aplikasinya privacynya sangat bagus",2020-12-22T09:24:51Z,0,en,1
14943d03-2f26-493d-b768-620cfb29fd38,telegram,primary_dataset,telegram_playstore,Seru banget kalian pokoknya harus download apk ini karena bisa untuk pengganti WhatsApp buat jaga2 aja kalo misal 2021 WhatsApp aku dah gak bisa,2020-12-21T16:33:22Z,0,en,1
337346dd-9e6a-46ab-b7da-c8eb1277d926,telegram,primary_dataset,telegram_playstore,aplikasinya bagus tapi aku saranin ada fitur story' jadi kan bisa update story' aku yakin bakal banyak yang pindah ke telegram,2020-12-21T15:31:04Z,0,en,1
e3485663-db52-4fa2-9169-02f5be2bdd23,telegram,primary_dataset,telegram_playstore,Tolong untuk pihak telegram kasih status donggg bagus bangettt kan kan nanti kalau 2021 WhatsApp mandaang fisik jadi kita pindah ke telegram kasih status yahh,2020-12-21T13:59:18Z,0,en,1
9d95532a-f126-472f-8bed-30b0e0070490,telegram,primary_dataset,telegram_playstore,Bagus sih tapi tolong buat ikon nambah status dong serius deh semua pengguna WhatsApp pasti bakal pindah lapak ke sini,2020-12-21T10:00:41Z,0,en,1
716646c2-5aef-48c1-85f5-4f79a93f5706,telegram,primary_dataset,telegram_playstore,Ayo dong update lgi tambah buat story biar bisa pindah ke tele aja xixixi,2020-12-21T09:06:47Z,0,en,1
93f506c3-4d88-471a-bdd9-df0d13aeb52e,telegram,primary_dataset,telegram_playstore,menurut aku ini udh hampir lengkap banget yaa apalagi buat pecinta drakor tapi kalau boleh saran sih di tambahin yaa fiturnya biar bisa bikin status kyk di whatsapp juga^^ pokoknya aplikasi ini bagus dan gk nyesel udh download!,2020-12-21T07:25:36Z,0,en,1
815e8622-3e36-40d4-8e30-aa1fe149a78f,telegram,primary_dataset,telegram_playstore,"Minn,gw jamin klo ni telegram ada fitur storynya.pngguna wa bakalan pindah ke telegram sumpaahhhh so, please ksh fitur story.skian terima kasih",2020-12-20T14:26:12Z,0,en,1
2eef985a-305f-4082-ac72-5a61b445eb60,telegram,primary_dataset,telegram_playstore,"Bagus, cuman Kenapaa sering pending ya? Padahal signal udah bagus Kuota masih banyak juga Mohon segera di perbaiki yaw-!",2020-12-20T00:08:50Z,0,en,1
650d8661-b7fe-4967-87cb-313389c52199,telegram,primary_dataset,telegram_playstore,"TELEGRAM TOLONG KASIH FITUR STORY YAAAA, SEBELUM WHATSAPP DIHAPUS, AGAR PARA"" WHATSAPP TIDAK KEBINGUNGAN SETELAH TIDAK ADANYA WHATSAPP, TOLONG DI UPGRADE YAAAAA, AGAR LEBIH BAGUS LAGI SEKIAN TERIMA GAJI.y",2020-12-19T23:53:27Z,0,en,1
5320c87e-959c-4f1e-b702-f790dfa4f35e,telegram,primary_dataset,telegram_playstore,Bagus lah lumayan kaya whatsApp Ksh bintang 4 karna yg ada d dunia gk ada yg sampurna,2020-12-19T21:31:22Z,0,en,1
0c59cb08-5878-4152-b931-a1bf50722d22,telegram,primary_dataset,telegram_playstore,"Aplikasi ini sangat bagus, saya suka, adanya telegram ini saya jadi bisa memiliki banyak teman, vitur yg ada di apk ini sangat bagus, hanya saja tidak bisa membuat status seperti di WhatsApp, kalau saja ada pasti apk ini bakal di gunakan oleh banyak orang, apalagi di tahun yg akan datang 2021 bahwa WhatsApp akan tidak bisa digunakan di beberapa hp yg versi lama. JIKA SAJA DI TELEGRAM BISA MEMBUAT STATUS FIXS KEREN OTW PINDAH KE TE, semoga diwujudkan",2020-12-19T20:38:41Z,198,en,1
57ee41be-3dd3-4d15-b2dc-b1866824cd9a,telegram,primary_dataset,telegram_playstore,Semoga bisa login ya amiin hayuk team wa pindah ke telegram aja dari pd wa skrg mandang fisik hp kentang kek punyaku gk bisa di pake wa lgi di hps mlhn,2020-12-19T20:11:21Z,0,en,1
483e1302-bccd-4963-9b42-79efae1a5dcc,telegram,primary_dataset,telegram_playstore,"semua nya sudah oke, dan juga fitur fitur nya sudah memuaskan, tapi mohon kepada developer nya untuk di buat kan ""status"" seperti yang ada di whatsapp, oke itu aja yang mo disampaikan. good luck;D",2020-12-19T15:41:59Z,1,en,1
8904694c-6d5d-439c-996a-e7575e0e4463,telegram,primary_dataset,telegram_playstore,"Bagus bgt sumpahh!! Cuma 1 yg kurang, yaitu fitur instastory. Yahh walau ga sebagus Instagram, dsb tapi cocok lah buat chat2an kayak WhatsApp",2020-12-19T13:32:32Z,0,en,1
68c93a47-1c56-4fdb-851e-906890140879,telegram,primary_dataset,telegram_playstore,Aplikasi nya bagus utk mengganti WhatsApp,2020-12-19T13:31:19Z,0,en,1
a20909fe-c576-49b4-81f3-9b9863d201d0,telegram,primary_dataset,telegram_playstore,Telegram kasih fitur instan story dong . Biar aku betah . Katanya WhatsApp udah gak bisa di gunain tahun 2021 .. buat hp kentang kaya punya gua kuy kita pindah ke telegram aja . Kasih fitur instan story aja gua udah betah,2020-12-19T12:45:12Z,5,en,1
c199b9a5-226f-46bf-b57d-13aef8fd3090,telegram,primary_dataset,telegram_playstore,Tolong dong kak di telegram di kasih fitur untuk membuat story seperti di whatsapp,2020-12-19T09:45:13Z,0,en,1
48a9405a-66cd-4322-9bf9-5d9a5d3fa4dd,telegram,primary_dataset,telegram_playstore,"I ask for help from the telegram to make a status like WhatsApp, this application is good but it looks like something is missing, namely the status please fix it again, the telegram is okay",2020-12-19T07:05:39Z,0,en,1
07a68688-2181-4c23-a652-64d6a43f7f68,telegram,primary_dataset,telegram_playstore,Tolong tambahkan fitur story Indonesia mau hijrah dari WhatsApp sekian terima dollar,2020-12-18T18:42:22Z,0,en,1
f1e2d077-645f-47e9-8a55-c95e1d3441db,telegram,primary_dataset,telegram_playstore,Min kasih fitur story' doang biar kyk WhatsApp gtu,2020-12-18T18:19:29Z,0,en,1
4c8b9b3a-091a-401c-9418-76bde508d215,telegram,primary_dataset,telegram_playstore,Bagus banget sih apk nya tapi tolong tambahin fitur story kayak WhatsApp biar lebih keren mwehe,2020-12-18T18:01:08Z,0,en,1
3cc51e24-987b-44ec-a44e-8ef0822cf023,telegram,primary_dataset,telegram_playstore,"I really like this telegram, it can really help those who haven't downloaded it, it's really mandatory to download it, hopefully it will get better in the future",2020-12-18T17:02:09Z,0,en,1
eb9a817c-a247-48fa-83f3-5485d29217fa,telegram,primary_dataset,telegram_playstore,"Aku suka sama telegram,privasinya banyak gitu dari pada whatsapp,bisa edit themenya lagi,and menurut gw gaada bugsii.good",2020-12-18T15:35:00Z,0,en,1
412ca132-e687-48bb-9a89-da1837977709,telegram,primary_dataset,telegram_playstore,"Telegram aplikasinya udah bagus banget tapi pliss dong buat telegram kasih pembaruan biar kita bisa bikin status,sumpah kalo telegram bisa bikin status penduduk wa bisa pindah ke tele semua",2020-12-18T14:21:50Z,0,en,1
9b84c974-bb88-40ec-944a-1f3a5a69aff7,telegram,primary_dataset,telegram_playstore,Kasih kayak WhatsApp ada story nya atau status nya kan jadi enak klo udah ada nanti bintang 5,2020-12-18T12:59:40Z,0,en,1
45121526-a610-46cf-a143-2c3754168730,telegram,primary_dataset,telegram_playstore,"Di musim pandemi Covid-19 ini cari kerjaan memang sulit,gunakan HP androidmu untuk ngumpulin duit. 1.Download Telegram dan daftarkan dirimu,cari Vtube OTP1 dan mulai. 2. Download Vtube,Register isi semua data.""Minta OTP"" akan di kirim ke Telegram. masukan ke OTP Vtube lalu daftar. Klik O kotak Hijau masukkan ""Nama+NIK KTP+10226503 "" klik ""Kirimkan"" tunggu 2-3hari untuk Diferivikasi. Mulai ""Aktifkan"" Misi gratis dan klik aktif",2020-12-18T11:53:21Z,329,en,1
268d9968-5afb-4d28-bf9c-794431aaa0ba,telegram,primary_dataset,telegram_playstore,Telegram itu bagus bisa buat pengganti WhatsApp jika WhatsApp error makasih,2020-12-18T10:47:14Z,0,en,1
7487ff28-d2de-4551-b1f9-4a3cfd2377fc,telegram,primary_dataset,telegram_playstore,Min kapan ngadain status ke di WA? Klo ad auto pindah nih dri WA ke tele,2020-12-18T10:42:40Z,0,en,1
fd1c1863-4431-49a9-a5d4-80ba653cdbe1,telegram,primary_dataset,telegram_playstore,"to the telegram, please make a story feature in this application so that telegram is more interesting and there are more enthusiasts and immediately switch to using telegram.",2020-12-18T10:03:42Z,0,en,1
58ad6db0-4bb0-422c-91cc-ccf85ee0d7ef,telegram,primary_dataset,telegram_playstore,"Min tambahin dong, supaya bisa buat status kek WhatsApp. App nya pasti makin the best",2020-12-18T07:19:11Z,0,en,1
f414e0bc-9fa2-457c-a3c6-36c3427c276e,telegram,primary_dataset,telegram_playstore,Plis buat fitur story seperti whatsapp sebelum 2021,2020-12-18T05:20:56Z,0,en,1
382a13be-498b-40ed-b426-fa78e0dffe95,telegram,primary_dataset,telegram_playstore,"Ketik vtubeotpbot di Telegram Klik Start Klik Register Klik kotak yg ada tulisan ""Send us your contact"" Klik Bagikan kontak(cara minta nomer otp dr Telegram untuk daftar Vtube) Registrasi di Vtube:Masukan No Hp Buat sandi Klik Reques otp & masukan No otp dr Telegram Salin Capca Klik Syarat & Ketentuan Submit Login ke Vtube Klik kotak Verifikasi :Isi Data diri > Kode Referral 200614",2020-12-17T16:11:04Z,0,en,1
d8bc8ece-5031-4c5e-b4fc-3e75a742d800,telegram,primary_dataset,telegram_playstore,"Keren,cepat dan dowload data aman dah mudah",2020-12-16T14:54:55Z,0,en,1
6de848c5-dd8e-4db3-879e-1200677a56e9,telegram,primary_dataset,telegram_playstore,Apk telegram ini sangat membantu sekali dan apk ini seperti whatsapp bisa berbicara dg teman ini bagus banget bidan menjadi pengganti whatsapp Sekian saya akhiri assalamu'alaikum warahmatullahi wabaro katuh Bye Iyya terima kasih yg buat apk ini,2020-12-15T20:27:38Z,0,en,1
6a185f8d-8519-4eab-9b2b-33c243141a2b,telegram,primary_dataset,telegram_playstore,"Oke cukup memuaskan, kayanya kalo tele ada fitur story nya pasti bakalan lebih bagus, bisa-bisa WhatsApp terlupakan",2020-12-15T08:40:14Z,0,en,1
15c30792-24e6-4da0-9110-28d43dc88eea,telegram,primary_dataset,telegram_playstore,aplikasinya bagus banget.. coba deh d kasih story sprti wa pasti yg punya wa pada pindah telegram .. asik banget temanya jg bgus2,2020-12-14T12:15:46Z,0,en,1
5aed95f2-c3aa-4f19-bb71-f373a7be1683,telegram,primary_dataset,telegram_playstore,Nice App Hopefully in the future better Please add the Status feature,2020-12-13T03:46:21Z,0,en,1
46ea98fa-0a5a-4b1a-8578-c7ca4a26cab5,telegram,primary_dataset,telegram_playstore,Tingkat keamanan data pengguna.,2020-12-12T08:24:33Z,0,en,1
2a9eb53a-90c4-4f46-8cb2-a989a8d58626,telegram,primary_dataset,telegram_playstore,Tingkat keamanan data pengguna.,2020-12-12T08:24:05Z,0,en,1
b9be998f-b4d3-45a4-a184-b7283c9579f5,telegram,primary_dataset,telegram_playstore,Tingkatkan keamanan dan rahasiaan data pengguna.,2020-12-12T08:20:19Z,0,en,1
9ad93f78-9985-4a52-b4aa-e2cb841bfbc1,telegram,primary_dataset,telegram_playstore,"Tolong donk tele di buatin story biar kayak WhatsApp g asik kalo g di buatin story,, canda story",2020-12-11T18:03:20Z,0,en,1
21e72234-257f-482b-8e17-cc06b51f8989,telegram,primary_dataset,telegram_playstore,Bagus tapi ko penyimpanan data nya 1gb,2020-12-11T15:16:24Z,0,en,1
ef3510c3-9b0a-478c-8bea-fa2f7f3dc8e3,telegram,primary_dataset,telegram_playstore,Apk ini bagus. Apk sosmed pengganti WhatsApp Tapi sayangnya masih banyak yang belum menggunakan apk ini. Karena banyak yang belum tau Dan terimakasih buat yang telah memprogramkan apk ini,2020-12-11T14:04:37Z,0,en,1
18447ab8-57c4-4e29-8004-833362a17a8b,telegram,primary_dataset,telegram_playstore,"Klo TELEGRAM ada fitur up status, fix gw hps whatsapp!!",2020-12-11T12:05:11Z,0,en,1
933945a9-d6fa-4f48-bb49-f9682dc4bdf0,telegram,primary_dataset,telegram_playstore,"bagus kok apl nya wkwk, kalo disini gua pake buat main rp sm nonton film si, kalo disini nyari apa2 juga gampang tinggal search. Disini juga lebih safety sii data2 kita, bisa ganti2 theme dll. Tapi minusnya telegram data nya gede bgtt, suka bikin memo hp penuh walau cache nya udh diapus. Tapi over all bagus",2020-12-11T00:03:01Z,4,en,1
d4428ca3-ef15-4aa8-8757-84a753da1c7d,telegram,primary_dataset,telegram_playstore,"sebenernya apk telegram ini bagus bgt, fiturnya juga bagus2, but- knp ya? Kok skrg telegram datanya gede bgt, pdhl dulu kynya kecil deh, ms ini sy harus hapus install trs, mau komunikasi loh..:( ram hp sy kecil ..",2020-12-10T22:40:21Z,7,en,1
e61a2660-4596-4ff6-b6e4-c6bcbfdad505,telegram,primary_dataset,telegram_playstore,PLIS TOLONG ADA FITUR BIKIN STATUS SEPERTI WHATSAPP,2020-12-10T19:07:58Z,0,en,1
0e9003f8-fdb3-48d6-ba94-1bfeb9c09a34,telegram,primary_dataset,telegram_playstore,"Tolong kasi fitur stts nya donggg , biar kayak di WhatsApp",2020-12-10T16:09:57Z,0,en,1
63fd8a1f-e05b-4a3f-81ed-f216ae4297e0,telegram,primary_dataset,telegram_playstore,Mantulll Tpi kadang data dalam message hilang jdi ngk jelas,2020-12-09T17:52:12Z,0,en,1
5bef2215-1a7c-4fd4-98a0-7569076b81e6,telegram,primary_dataset,telegram_playstore,"Telegram plis kasi fitur story kaya whatsapp trus di bagian kameranya dikasi efek gitu kaya instagram, oghey makasihhh",2020-12-09T16:59:04Z,0,en,1
7ab0c6fd-32f9-4a62-ac35-88fa23ec66f0,telegram,primary_dataset,telegram_playstore,"Apknya jelek bangettttt!!!!!!!!!!!!!!!!!!!!!!!!!!!!!!!!!!!!!!!!!!!!!!!!!!!!!!!!!!!!!!!!!!!!!!!!!!!!!!!!!!!!!!!!!!!!!!!!!!!!!!!!!!!!!!!!!!!!!!!!!!!!!!!!!!!!!!!!!!!!!!!!!!!!!!!!!!!!!!!!!!!!!!!!!!!!!!!!!!!!!!!!!!!!!!!!!!!!!!!!!!!!!!!!!!!!!!!!!!!!!!!!!!!!!!!!!!!!!!!!!!!!!!!!!!!!!!!!!!!!!!!!!!!!!!!!!!!!!!!!!!!!!!!!!!!!!!!!!!!!!!!!!!!!!!!!!!!!!!!!!!!!!!!!!!!!!!!!!!!!!!!!!!!!!!!!!!!!!!!!!!!!!!!!!!!!!!!!!!!!!!!!!!!eitssss tapi boong, apknya bagus bisa dibuat untuk chatingan sm temen udah kya whatsapp",2020-12-09T06:48:20Z,665,en,1
15a0def4-8a84-4bca-ae97-4546e6852e4c,telegram,primary_dataset,telegram_playstore,"jadi gini, aks mewakili anak rp tele, bisa nda mon maap banget sbnernya, shei bukannya gimana gimana taffi buat naks rp ini bikin jantungan, tolong banget pitur vn itu di pindah, kami ank rp sering kepencet dan itu bikin maraton jantung, kalo bisa tambahin pitur story, kek ig gitu kan mantep, dah gitu aja makasii, tolong ya moga moga di usahakan dipikirkan tentang keresahan anak rp makasii:)",2020-12-09T00:10:09Z,0,en,1
a44f2e74-22d2-4a1d-be14-128af901b8d0,telegram,primary_dataset,telegram_playstore,"Hadirkan fitur story, akan kuhapus whatsapp dan pindah sepenuhnya kesini",2020-12-08T12:50:41Z,0,en,1
4de51316-dd58-4fdb-b2e1-f3234ebadaf0,telegram,primary_dataset,telegram_playstore,request untuk team developer nya biar ada untuk update status seperti di WhatsApp . trims,2020-12-07T17:52:25Z,0,en,1
e85b31d2-0c67-4b96-a892-a11f61bd8118,telegram,primary_dataset,telegram_playstore,"Kalo bisa tambahin fitur story kea di Whatsapp , Kalo di tambahkan fitur story sumpah keren dah nih telegram",2020-12-06T19:36:48Z,0,en,1
0b0fee94-0bcd-4460-8976-18ff2fc2fd6a,telegram,primary_dataset,telegram_playstore,Bagus sih bisa nonton drakor. Tapi apk nya bikin data makin boross,2020-12-06T07:47:09Z,0,en,1
8ab27b08-6a62-499a-a5c2-fd81fdc8e989,telegram,primary_dataset,telegram_playstore,"Woeeeeee! Tolong kasi fitur story!! Gua jamin, lu bakal ningkat ratingnya daripada apk sebelah fiks, klo lu nambahin fitur story, WhatsApp gua uninstall!",2020-12-05T20:06:55Z,0,en,1
69717be3-c98a-4c5f-a868-862eca564ade,telegram,primary_dataset,telegram_playstore,use telegram for a better life,2020-12-05T11:01:46Z,0,en,1
d0aecaee-0492-4721-a0d6-9e5407f96e0e,telegram,primary_dataset,telegram_playstore,"I am very satisfied and happy to use this application ... I can save my life story with various stories ... I hope my data is safe here ... and hopefully the telegram can maintain the security of its users ... hopefully telegram can also innovate better, so that this application becomes the best application of all time ...",2020-12-05T10:09:29Z,0,en,1
85bf79b2-f262-4bd3-96a5-b8ec997cde9c,telegram,primary_dataset,telegram_playstore,"Aplikasi sangat baguss,tolong Adain fitur untuk membuat status jadi biar kayak WhatsApp",2020-12-04T10:52:48Z,0,en,1
76e4adab-e7b0-4d40-8caa-7e3978a61d9a,telegram,primary_dataset,telegram_playstore,"Bagus sih apk nya, tapi sayang ga ada tempat status nya, seperti status Whatsapp",2020-12-02T15:27:21Z,0,en,1
db3ae44f-b704-4dae-89eb-7c1412c452d2,telegram,primary_dataset,telegram_playstore,"Yang berharap di telegram ada story nya, fix kalian mau pamer keseharian kalian. Emang kalian gak cukup pamer di WhatsApp, ig, sama facebook??",2020-12-02T06:43:34Z,0,en,1
b41f39ab-599c-4962-8739-1547ec7213c5,telegram,primary_dataset,telegram_playstore,Better than WA,2020-12-02T01:18:39Z,0,en,1
a1aa7e62-5a50-490e-bd57-c5661d4ee83a,telegram,primary_dataset,telegram_playstore,"AAAAAAA ...... TELEGRAM MULTIFUNGSI BGT!! Sayangnya kurang fitur storynya tuan tuan dan nyonya nyonya. Nanti klo udah ada fitur storynya kasih tau gw, ntar gw uninstall whatsapp :) bhaks cnd WhatsApp sekian terima taehyung",2020-12-01T22:12:48Z,2,en,1
8b1d20f1-2c41-4f97-8042-928b22846344,telegram,primary_dataset,telegram_playstore,"Sebenarnya sih udah bagus apk nya tapi kalau bisa tambahi Donk fitur status seperti di WhatsApp, itu cuma saran saya aja",2020-11-30T21:02:39Z,0,en,1
e612f519-b2b4-4aa6-862b-7dc3eaac1f81,telegram,primary_dataset,telegram_playstore,Teruntuk telegram sebenarnya sudah Bagus tapi tolong di tambah fitur story' seperti WhatsApp,2020-11-28T16:45:05Z,0,en,1
91935af2-a486-4c6b-af83-383dd5610531,telegram,primary_dataset,telegram_playstore,"Aplikasi ini bgus bgt tpi kurang fitur bikin status , coba bikin fitur mirip kaya whatsapp dong pliss",2020-11-27T19:19:14Z,0,en,1
262dea6e-5239-44dd-96b7-5ac995891be0,telegram,primary_dataset,telegram_playstore,Telegram tambahin efek status dong kaya whatsapp kaya nya bakal seru bagi anak rp,2020-11-27T16:48:07Z,0,en,1
4c13aec8-a71c-4521-8f57-a739bf1b8830,telegram,primary_dataset,telegram_playstore,"Aplikasi multiguna. Tempat Penyimpanan data tidak tersimpan di memory telpon, tapi di cloud, untuk pengiriman file juga lebih besar, max 2gb. Recommended",2020-11-27T15:29:07Z,0,en,1
ee251f00-5e5b-4925-b57e-bef3e51f2888,telegram,primary_dataset,telegram_playstore,"Saya agak suka dengan telegram, tp mungkin bisa ditambah lagi fitur-fitur agar lebih mengasyikkan, seperti WhatsApp",2020-11-27T14:20:29Z,0,en,1
73c5d231-57c0-4966-aed5-b16639c0e96d,telegram,primary_dataset,telegram_playstore,TOLONG TAMBAHKAN STORY! SEPERTI WHATSAPP ! SEMUA SABGAT BAGUS TETAPI STORY JUGA SGTLAH PENTING.,2020-11-27T06:49:09Z,0,en,1
246e94c6-2d9b-467b-bf09-dd85a5db2b4b,telegram,primary_dataset,telegram_playstore,"Hi, developer! Mungkin akan lebih baik jika telegram bisa dikunci dengan keamanan sidik jari. Supaya tingkat kemanannya lebih tinggi. Overall, telegram aplikasi terbaik selain whatsapp. Terima kasih.",2020-11-27T04:55:12Z,0,en,1
eda47c77-cedd-470a-8c63-401e6bf28005,telegram,primary_dataset,telegram_playstore,Bagus sih tapi lebih bagus kalo ada fitur status kayak WhatsApp . . .,2020-11-27T04:29:18Z,0,en,1
728ba8bf-ca4a-4d8d-a650-d27ec1f20dab,telegram,primary_dataset,telegram_playstore,"bangus banget telegram banyak fiturnya, tapi tolong nya tambahin stori kaya whatsapp dan telegram, nanti saya kasih bintang 5 deh",2020-11-26T19:28:27Z,0,en,1
951b8ace-a968-4b54-b400-57b154a22161,telegram,primary_dataset,telegram_playstore,Wow......... aplikasi bagus banget kalian harus download nih aplikasi karena ini tuh kayak WhatsApp tapi ini beda nah buat kalian yang tertarik langsung aja klik instal dan cara masuk nya gampang banget cuma masukin no teleponnya dan langsung klik mulai sekarang nah gampang banget kan sekarang tinggal download di jamin kalian gak bakalan nyesel oh ada yg chat aku jangan lupa download bye.......,2020-11-26T18:38:45Z,0,en,1
6dc174a1-3687-411b-a33e-7bc4e3f935c1,telegram,primary_dataset,telegram_playstore,"Di Jakarta lebih cenderung menggunakan WhatsApps, tapi... saya mau coba menggunakan aplikasi ini.",2020-11-26T17:18:24Z,1,en,1
c5c131d7-a614-4ee7-b1e2-de31210bc85b,telegram,primary_dataset,telegram_playstore,"Bagus apk ini, tapi lebih bagus lagi ada fitur buat post story kayak WhatsApp",2020-11-26T16:50:26Z,0,en,1
0c3ba10e-0483-4b13-ba3d-260cf003803c,telegram,primary_dataset,telegram_playstore,Data akan selalu aman tersimpan,2020-11-26T15:56:02Z,0,en,1
7c2bd3a0-dada-4355-b3c0-8e4b0221f5e2,telegram,primary_dataset,telegram_playstore,Dear Telegram... Gak ada niatan buat pembaharuan biar bisa buat status kek WhatsApp gitu?,2020-11-26T15:07:49Z,0,en,1
bbd8c6c2-9a9b-4247-b9bb-ab5647176418,telegram,primary_dataset,telegram_playstore,"aplikasinya bagus tetapi masih ada yang hilang, sila tambah status agar sama dengan WhatsApp, terima kasih, saya harap aplikasi ini akan lebih baik pada masa akan datang",2020-11-26T06:08:23Z,1,en,1
10970107-adad-47fb-9b4a-28c234093741,telegram,primary_dataset,telegram_playstore,"Bagus , sederhana , andalan tim kerja kami karena tidak aneh2 seperti WhatsApp yg ada fitur story semoga tetap tidak ada fitur yg berlebihan dan tetap tidak ada iklan sehingga membuat komunikasi antar sesama karyawan didlm perusahaan kami lebih efektif",2020-11-26T02:17:13Z,0,en,1
2f4d9694-886c-4a02-9154-40edfd53dbed,telegram,primary_dataset,telegram_playstore,"Sangat disayangkan gak ada fitur story, kenapa? Karena saya udah ditambahin sama akun real artis, babyy, jadi kalau ada kan bisa saya lihat storynya. Huhu, tbahin dong mas Durov. Please. The sooner that the better",2020-11-25T20:55:20Z,0,en,1
3b73fda2-408d-44b6-819d-03fa9f757a4d,telegram,primary_dataset,telegram_playstore,"Saya sangat menyukai telegram dibandingkan whatsapp. Tidak ada fitur story, beragam stiker, ada fitur channel, dan tentunya sangat menjaga privasi individual.",2020-11-25T19:47:04Z,1,en,1
d3ad998b-afd4-4bf1-b6d1-56b61493e26b,telegram,primary_dataset,telegram_playstore,Lumayan menarik karena Bisa mengirim data lebih besar dan lebih formal untuk pekerjaan,2020-11-25T16:05:22Z,0,en,1
ce04ec9c-b4af-42f0-99e2-b99b75cb6ca4,telegram,primary_dataset,telegram_playstore,Aplikasi nya sudah sangat membantu dan bagus banyak fitur yang bisa digunakan tapi sayangnya tidak ada fitur story seperti WhatsApp saya sebagai anak Rp sangat berharap kalau ada fitur story saya kasi bintang 4 dulu nnti kalo udah ada fitur story nya saya jadiin 5,2020-11-25T16:04:20Z,5,en,1
20f81fc8-3a90-4419-bde4-e3ada9b5cf62,telegram,primary_dataset,telegram_playstore,"Aku cuman mau bilng aplikasi telegram sangat bagus to akan lebih baik jika ada fitur story' seperti : WhatsApp , Facebook, dan Instagram.",2020-11-25T13:21:08Z,0,en,1
30f40117-e5b0-4f36-8a73-2c3d9408b8a0,telegram,primary_dataset,telegram_playstore,Bagusss si coba telegram kaya WhatsApp ada status nya auto hapus WhatsApp,2020-11-25T11:21:26Z,0,en,1
ab5edea5-0348-4fe6-8f3b-db3c0cb5dd8f,telegram,primary_dataset,telegram_playstore,"Apknya bagus, tapi sygnya ga ada fitur story kayak instagram, whatsapp, twitter, dll.",2020-11-24T12:05:03Z,0,en,1
7dfc6b30-d5b3-414c-af50-abe8978deb88,telegram,primary_dataset,telegram_playstore,"bagus bangett,,tapi baru ku kasih bintang 4,,di update lagii dongg kaya WhatsApp nnti ku kasih bintang 5",2020-11-24T08:55:43Z,0,en,1
2179c868-69f0-4994-8768-c19045cdab25,telegram,primary_dataset,telegram_playstore,"Kalo di uninstall terus di install lagi terus log in, datanya jangan ikut ilang juga pliss",2020-11-23T23:57:25Z,0,en,1
158d5e54-f217-49ac-8e93-9a19d076d98c,telegram,primary_dataset,telegram_playstore,"WOI TELEGRAM, KAPAN ADA FITUR STORY NYE KAYAK WHATSAPP",2020-11-23T23:01:04Z,0,en,1
83373a6e-42dc-4042-9417-178a22464ff2,telegram,primary_dataset,telegram_playstore,"Aplikasi nya bagus untuk menginput data,dan buat yg bilang GK ada vitur statu yah lu mikir lah emang lu bisa bikin bot di wa bisa input forum diwa kagak kan makanya jangan asal"" ngomong kalo gk ngerti,tetap semangat pendiri telegram",2020-11-23T19:17:43Z,0,en,1
a5bd6d24-237e-42a0-b87b-dc96524c4ba0,telegram,primary_dataset,telegram_playstore,"aplikasinya sudah bagus, saya sudah nyaman menggunakan telegram dalam waktu yg lama, saya hanya berharap agar telegram bisa menambahkan fitur story sama seperti instagram dan whatsapp, saya bermain roleplayer tele dan saya capek harus memasang fotbar atau vidbar di foto profil, tidak mungkin kan mereka melihat profil saya, mereka tidak segabutt itu, jadi saya mohon untuk tambahkan fitur story di telegram, sekian dari saya Terimakasih",2020-11-23T06:24:43Z,299,en,1
3405b213-92fa-41af-a428-0f51dd95874b,telegram,primary_dataset,telegram_playstore,Saya cuma mau ketik tolong perbarui telegram yahh biar ada fitur story kayak di WhatsApp dan Instagram itu. Sekian terima cash-!!,2020-11-23T06:01:58Z,0,en,1
1f69e735-69ef-4975-97e4-e389239718b9,telegram,primary_dataset,telegram_playstore,Telegram ini mantaf untuk aplikasi data mencari penghasilan bareng aplikasi vtube..nonton 10 iklan di bayar dengan dolar (uang)..sukses terus telegram dan vtube nya,2020-11-22T21:02:59Z,0,en,1
39cddd30-7363-4176-b9d0-e14272b42f75,telegram,primary_dataset,telegram_playstore,"Cukup bagus aplikasinya TAPI tambahin FITUR STORY PLEASE, ENTAR GUA UNINSTALL WHATSAPP KALO TELEGRAM ADA FITUR STORYNYA",2020-11-22T18:41:11Z,0,en,1
dc99d511-7760-4498-944f-56f069f08169,telegram,primary_dataset,telegram_playstore,Aplikasi ini sangat bagus karena bisa kirim vidio dan foto dengan hemat data tidak seperti wa sangat boros data,2020-11-22T16:11:35Z,1,en,1
85aab7db-5354-4cd9-8a6c-40ed356fc53b,telegram,primary_dataset,telegram_playstore,"please add a status feature to telegram , that would be better",2020-11-21T20:00:50Z,0,en,1
443514ad-48cf-4db1-91e5-67b7b9ecfdb6,telegram,primary_dataset,telegram_playstore,tolong dong pakein story kaya WhatsApp biar seruu!!,2020-11-21T19:16:24Z,0,en,1
7da45574-fd05-4f61-9ff0-990c46cfa679,telegram,primary_dataset,telegram_playstore,Hemat Data Anjirr. jika Dipakai Ini.,2020-11-21T15:38:31Z,0,en,1
a57ef5e7-14b1-4e8b-a324-90be14ac5c36,telegram,primary_dataset,telegram_playstore,"fitur story kapan ada woeee, ceffatt aks muk pindah lapak masih mikir gaada story, kalo ada story aks uninstall wa piks",2020-11-21T09:20:38Z,0,en,1
d691d038-ee85-4b0d-ac7f-8af4a02798ab,telegram,primary_dataset,telegram_playstore,"tambahinnn status kaya whatsapp, guaa apus whatsapp nih kalo di tambahin :(((",2020-11-20T12:00:05Z,0,en,1
9d109648-7817-4ca1-a6f7-7f653cd15022,telegram,primary_dataset,telegram_playstore,Aplikasi ini juga dapat membuat seseorang menjadi lebih baik dari segi apapun yang terjadi pada saat itu juga ada dalam proses pembelajaran di wilayah kabupaten dan kota bisa daftar harga hp ne sopo iki di dunia yang pernah saya baca di bawah ini juga dapat membantu Anda yang ingin Anda yang ingin dicapai dengan yang lain adalah bagaimana yang kita dan kita berusaha apapun dan biodata lengkap tidak yang kita inginkan akan terjadi pada saat itu,2020-11-20T10:45:03Z,0,en,1
67407c0c-c472-4fc2-ae86-87fa13828b16,telegram,primary_dataset,telegram_playstore,Mudah dan lebih cepat dari WhatsApp,2020-11-20T05:53:29Z,0,en,1
4af1dce1-f5ec-4d68-b3af-9ebb58ffb54b,telegram,primary_dataset,telegram_playstore,tolong buat telegram (buat story di aplikasi telegram buat naroh status kek di WhatsApp) kalo misalnya udah ada fitur story nya saya kasih bintang 5,2020-11-19T18:39:02Z,0,en,1
b977b8df-3a92-42e6-87c0-3a12a9a57890,telegram,primary_dataset,telegram_playstore,Rabbisyrahli shadri wayassirli amri wahlul 'ukdatan minlisaani yafqahu qauli AAMIIN YA RABBAL'AALAMIIN,2020-11-19T17:24:11Z,0,en,1
1640c883-2614-4802-a193-e04b1e8f39c7,telegram,primary_dataset,telegram_playstore,"Coba kalo dah ada story' ny,,hmm dah ku hpus WhatsApp",2020-11-19T17:12:49Z,0,en,1
f3f101e9-99e1-4738-bf2a-b3ed4de470b2,telegram,primary_dataset,telegram_playstore,"Tambahin fitur story dong. Biar bisa nge posting , seperti fitur di instagram sama WhatsApp",2020-11-19T14:20:04Z,0,en,1
e502f629-2870-40c5-9f38-f196a0daa73b,telegram,primary_dataset,telegram_playstore,Saran aja ya bund dikasih fitur status kek WhatsApp moms makasihh moms,2020-11-19T11:35:38Z,0,en,1
af8a7f5c-21de-4d2f-948c-ef0996513e60,telegram,primary_dataset,telegram_playstore,"Yg gk download nyesel,Kalian tau WA kan? Dan setelan nya sekaligus,Jadi Telegram ini sangat mirip dengan Whatsapp.Setelannya juga sama Seperti Whatsapp,jadi klen bisa langsung Pake Telegram nya krn seperti Whatsapp.Fitur lengkap,Semoga pencipta nya sukses ya guys.. Amin",2020-11-18T21:37:32Z,17,en,1
cb4d21b0-9b93-4e26-b508-4baae3355d34,telegram,primary_dataset,telegram_playstore,"Tolong ya buat developer,supaya menyediakan fitur story wa gitu dijamin kalo udah ada fiturnya gua pindah lapak dari wa ke telegram. Dan pastinya makin banyak orang yg mengunduh telegram",2020-11-17T23:47:43Z,3,en,1
42cc7724-cb18-4638-81ff-df280293b9f9,telegram,primary_dataset,telegram_playstore,Aku kasih bintang 4 dulu karena kurang fitur story nanti kalau ada yang baru saya kasih bintang 5 semoga ada fitur lainnya yang bisa mengalahkan WhatsApp maupun Instagram perbarui ya nanti bakal saya kasih bintang 5 kok kalau sudah perbarui makasih ya tapi aku tetap suka telegram karena emoticonnya seru,2020-11-17T21:32:54Z,6,en,1
3bd2111e-e7cb-4477-87b0-ca38e37b27b3,telegram,primary_dataset,telegram_playstore,Aku suka sama telegram ini dia seperti WhatsApp hehehehehehe,2020-11-17T06:57:41Z,0,en,1
d0ff1a53-1f5e-4fe8-849e-1671bf4eeaed,telegram,primary_dataset,telegram_playstore,"Haii nama ku zahra,suka bngt pake apk ini emot nya kyk ip,jadi pengn pindah ke telegram dehh,tpi sayang nyaa ga ada fitur buat story,tolong yh di buat fitur story nya NakGaAwsOn",2020-11-16T16:50:14Z,0,en,1
87e6bf77-6e0d-4c3b-9282-0b8a9c8116aa,telegram,primary_dataset,telegram_playstore,"keren sih parah , skrng lebih seru chating lewat Telegram dripda WhatsApp. andai aja ditambah fitur story pasti lngsng pindah lapak deh.",2020-11-16T09:39:42Z,0,en,1
ddd865c4-d202-427b-9df4-2a591a2cb566,telegram,primary_dataset,telegram_playstore,Ok.....maju lah dengan inovasi user friendly dan tingkatan terus keamanan data diri dan siapapun dari pembobolan hacker,2020-11-16T09:29:35Z,1,en,1
85660ea5-4325-4eaf-897b-95c6efc466a7,telegram,primary_dataset,telegram_playstore,Assalamualaikum semuanya kenalin nama aku izzah apk ini sangatlah berguna bagi saya karena apk ini seperti WhatsApp jadi saya kasih bintang 5 karena apk ini gk mengecewakan kalian salah menilai apk ini ya udh mksh ya wassalamu'alaikum byeee,2020-11-16T05:33:51Z,0,en,1
0f86fca7-a0e7-4511-abfe-e08855d5a893,telegram,primary_dataset,telegram_playstore,Telegram fiturnya masih kurang buat update status seperti di whatsapp,2020-11-15T22:59:53Z,0,en,1
94d5fc9a-5141-4bb2-b39c-797c42887a83,telegram,primary_dataset,telegram_playstore,Seperti WhatsApp tapi lebih seru,2020-11-15T20:30:39Z,0,en,1
4135307a-9113-4b6e-93c5-675b7212d96b,telegram,primary_dataset,telegram_playstore,Telegram bagus si lebih bagus lagi kalo kita bisa up story kaya WhatsApp gitu,2020-11-15T10:08:19Z,0,en,1
dde5805e-f1a2-450c-9966-63df1e8eeb75,telegram,primary_dataset,telegram_playstore,"Terbaiklah pokoknya bisa nonton film korea ,.mau Nonton film apa sja, semua ada disini...malah lebih lengkap filmnya daripada youtube...terus gak penuhin memory gak kayak whatsapp setiap dikirimin photo atau video di group ( group belajar online anakku) langsung masuk di memory internal...asli jengkel bangeettt. ...capek hapusnya ,..mending hapus whatssapp saja lah...",2020-11-14T20:19:58Z,23,en,1
5b25a2a7-e9c9-4568-a910-4b7b8f972b74,telegram,primary_dataset,telegram_playstore,"Saya senang sekali menggunakan Telegram, karena sederhana dan mudah! Tetapi, ada satu kekurangan, yaitu bagaimana cara memperbarui status seperti WhatsApp? Mohon agar kedepannya ada fitur tersebut.",2020-11-14T13:11:52Z,0,en,1
b0622819-340c-4186-9169-4031341e64f1,telegram,primary_dataset,telegram_playstore,Kalo telegram punya fitur story gw bakal uninstall whatsapp,2020-11-14T03:56:03Z,0,en,1
2d0f30f8-f6c9-44c7-ab20-aa62ec8178c2,telegram,primary_dataset,telegram_playstore,"Telegram lebih cpt mengirim data, foto dll...",2020-11-13T20:09:24Z,0,en,1
18eb9c6d-c46c-40bd-8352-dc93a62c948e,telegram,primary_dataset,telegram_playstore,"Bagus sih, emot2nya ala iphone gitu bagus ada thema juga... bagus.. cmn kayanya kurang buat status deh... kaya di WA / IG itu ada status skrg, hrsnya kita bs bagiin status kita... pasti nt banyak yg lebi pindah ke tele. Ditunggu updatenya",2020-11-13T15:47:02Z,0,en,1
5ebbce2b-3b37-4b84-910d-17d68b341d6f,telegram,primary_dataset,telegram_playstore,"Aplikasinya sudah bagus, kalau boleh saran ingin di sediakan fitur story Seperti whatsapp, instagram, line, Facebook, dll.",2020-11-12T23:15:03Z,0,en,1
23f15478-6be7-40fc-8855-036374c403f3,telegram,primary_dataset,telegram_playstore,Kalau bisa kek WhatsApp,2020-11-12T07:41:06Z,0,en,1
fc4d469a-746d-405d-8041-db051aff31c6,telegram,primary_dataset,telegram_playstore,Bagus bgt stickernya kya iphone hehe alangkah bagusnya ditambahkan story kek whatsApp pasti uda plih telegram pke bgt bkalan uninstal wa klo tele ada storynya mah,2020-11-11T20:11:57Z,0,en,1
7d1c43c0-0449-4d71-8e32-85c21dfbb3c2,telegram,primary_dataset,telegram_playstore,"apk nya bagus, fitur nya juga banyak, cuma kalo bisa update telegram supaya bisa buat status, kayak di WhatsApp gtu, saya jamin bakal banyak yg pindah ke telegram, soal nya temen saya banyak yg main tele, mau buat status tapi ga bisa, semoga bulan depan ada ver terbaru makasih",2020-11-11T17:23:27Z,520,en,1
95f7672f-9c13-4890-bd10-f44b78bb1757,telegram,primary_dataset,telegram_playstore,Lebih bagus dibanding whatsapp,2020-11-11T08:45:54Z,0,en,1
9809c72f-9089-4785-9c01-97809077e8c2,telegram,primary_dataset,telegram_playstore,Pokoknya the besttttt ini tuh apknya ke whatsapp tapi agak beda dikit kl whatsapp ada sw nya kl telegram nggak ada,2020-11-10T18:55:58Z,0,en,1
7f3ca19c-7095-4be4-b5ce-a30428c9b933,telegram,primary_dataset,telegram_playstore,Pengganti WhatsApp,2020-11-10T15:15:15Z,0,en,1
b50636bb-70cb-439c-895e-5225282f0c00,telegram,primary_dataset,telegram_playstore,"Aplikasi bagus, chatnya bisa di kirim sesuai waktu yang kita mau, emojinya iPhone, dan ada stiker juga. Kurangnya cuma gak ada fitur status aja. Mungkin misalnya telegram udah ada fitur status aku bakal pindah sepenuhnya ke telegram.",2020-11-09T19:54:48Z,1,en,1
ea95a92b-cc34-4b12-a8b4-9284eb34143d,telegram,primary_dataset,telegram_playstore,Tambahin story seperti whatsapp oke!!?,2020-11-09T18:36:53Z,0,en,1
b14bc504-6b73-4e8e-869b-ef495c303269,telegram,primary_dataset,telegram_playstore,Kapan kapan tambahin story Biar kek WhatsApp okey,2020-11-08T21:45:56Z,0,en,1
abd96c74-4252-49e8-8672-7fd07c1d5209,telegram,primary_dataset,telegram_playstore,Memudahkan untuk.berkomunikasi selain pemakaian WhatsApp.,2020-11-08T07:48:53Z,0,en,1
7ee38306-0434-401b-873a-8102bf07cf85,telegram,primary_dataset,telegram_playstore,"more better than Whatsapp. apalagi soal video/foto kirimam dr temen yg sudah di donlod bisa kita hapus di foldernya. tapi kalo kita butuh lg bisa dong di donlod lagi, wlpn udh lama tp msih bisa didonlod. ada opsi untuk menyimpan digaleri juga. beda bgt sm whatsapp yg kebanyakan spam galeri dn penyimpanan. mungkin kedepannya telegram ada tambahan untuk status ky whatsapp skrng. semoga tmbah maju lagi",2020-11-07T17:59:10Z,0,en,1
ff29189c-1c06-4e05-a3ba-ed4c744196fc,telegram,primary_dataset,telegram_playstore,Aaa aku pengen tapi memory aku penuh jadi ga bisa download telegram aku harus hapus free fire/WhatsApp/capcut Yaalah,2020-11-07T12:44:20Z,0,en,1
bea9cc71-d099-4db8-9173-7082f8651c2b,telegram,primary_dataset,telegram_playstore,Makasih banyak telegram menghemat mmry ku.. Kalo WhatsApp kan mengunduh data2 dan menyimpan di mmry internal Kalo tele tersimpan di server cloudnya. Platfrom chat terbaik.. simple sesuai kebutuhan dan ux by mnatabbb... Love,2020-11-07T10:46:46Z,0,en,1
3414f7f7-f8c7-4187-a373-8f395e44e5b3,telegram,primary_dataset,telegram_playstore,"Apps bagus, kalo telegram ada story lebih bagus lagi, whatsapp bakal lewat. Buat orang IT telegram membantu bgt, bot nya bisa untuk kirim notify dari server kita untuk nanti nya masuk di telegram, ini saya pake untuk monitor. Great job",2020-11-06T23:41:14Z,0,en,1
76c261a9-9cf7-446e-900f-0d451abfba2b,telegram,primary_dataset,telegram_playstore,"Yang baru gabung yok join KODE REFERRAL: 5803673 Agar cepat di proses Jangan sampai salah isi kode Refferal saat Verifikasi. Pastikan juga isi data Nama sesuai KTP / KK, Isi NIK jangan sampai salah. Cek dulu baru klik SUBMIT Verifikasi NAMA: sesuai ktp / kk NIK: sesuai ktp / kk Kode Sponsor: 5803673",2020-11-06T20:38:33Z,315,en,1
7a5b5ff0-0afe-421c-8175-b3a183606899,telegram,primary_dataset,telegram_playstore,"Please for telegram developers please make a story feature, the telegram feature is really cool but one thing is missing, namely a story like WhatsApp and please read my response:)",2020-11-05T21:53:35Z,0,en,1
879340be-5543-4f3e-b09b-8244640d87f5,telegram,primary_dataset,telegram_playstore,"Apk nya udah bagus sii,tp kalo ada fitur story kya whatsapp pasti bkalan lebih bagus lagii",2020-11-05T16:56:49Z,0,en,1
dc64fbaf-99d2-4a44-a5ac-68bf8b965912,telegram,primary_dataset,telegram_playstore,"Plis ada fitur story, yakin dah klo ada fitur story WhatsApp gua apus",2020-11-05T12:39:11Z,0,en,1
a3f4bbaa-c41b-4630-bd3e-226e15332510,telegram,primary_dataset,telegram_playstore,I've given you a star 5 and please give this application a story feature like whatsapp,2020-11-05T10:07:06Z,1,en,1
238cf185-c91c-4e07-bf8e-2eec9fb24c4d,telegram,primary_dataset,telegram_playstore,Tambahin buat bikin sw dong kan enak kalo di bikinin gw bakal pindah sepenuhnya dari wa ke tele,2020-11-05T08:14:14Z,0,en,1
a91d5204-b8f2-4487-853e-f9d41f446637,telegram,primary_dataset,telegram_playstore,Lebih ringan daripada whatsapp,2020-11-05T02:17:01Z,0,en,1
312ce479-7149-481f-bc7d-8e032a2b4674,telegram,primary_dataset,telegram_playstore,Fitur yg keren yg WhatsApp gak punya,2020-11-04T17:21:29Z,0,en,1
f6572506-df08-4197-8446-e0dbe65949f6,telegram,primary_dataset,telegram_playstore,"Apknya bagus banget ,suka bgt ama apk telegram tp ada 2 kekurangan di telegram yaitu Tidak ada vitur story telegram 24jam seperti whatsapp dan tydak ada vitur info siapa aja yg udh baca",2020-11-04T16:32:24Z,0,en,1
df00755f-ed5b-4393-8f1b-bee27594ebba,telegram,primary_dataset,telegram_playstore,"BAGUS BNGT SIH TAPI KURANG NYA GA ADA STATUS KAYA DI WHATSAPP, KALO ADA STATUS NYA PASTI PADA PINDAH KE TELEGRAM, KARNA DI TELE PADA SUKA SAMA STIKER NYA, STIKER NYA KAYA HP IPHONE, TOLONG DI TAMBAHKAN STATUS NYA DI TELEGRAM",2020-11-04T13:34:26Z,0,en,1
36f5c45b-f9b8-455f-ab43-826a6255b66e,telegram,primary_dataset,telegram_playstore,"Aplikasi perpesanan yang ""sempurna"", fitur yang kumplit, kalah populasi aja dari WhatsApp.",2020-11-04T12:08:48Z,1,en,1
df637816-7bac-4d51-aa55-e6d9f8787667,telegram,primary_dataset,telegram_playstore,"kalo telegram udah ada buat bikin status , fix gue hapus whatsapp .",2020-11-04T09:34:06Z,0,en,1
c8ca7991-9f63-4704-85df-bda7ffa539c0,telegram,primary_dataset,telegram_playstore,Untuk development nya tambahin sisitem status donggg biar kayak WhatsApp,2020-11-04T07:17:41Z,0,en,1
82494bc9-9cfb-4566-b423-106a11ce26b0,telegram,primary_dataset,telegram_playstore,"di dalam aplikasi ini sangat baguss dan bermanfaat y guyss.. sumpa ini apk bagus bgttt, apk ini sama aja seperti (whatsapp),tp kalo di apk ini sangt berbeda, dia bisa mengubh folder gitu di pengaturan (telenya) ,disini juga bisa buat belajar.. KALIAN HARUS COBA. MAKASII""",2020-11-04T05:51:30Z,768,en,1
de30b1a7-2ed9-430b-852f-0ef0f772f023,telegram,primary_dataset,telegram_playstore,Saran dong update nya bisa bikin story di telegram biar kaya Whatsapp gitu min,2020-11-03T16:00:32Z,0,en,1
56e66cb1-e032-4cd6-8dc6-8b2c2fbc0648,telegram,primary_dataset,telegram_playstore,"AAAA TELE BAGUS BANGEETTT , sumpah sih emoji nya pake emoji ip , terus stikernya gwsa nyolong dlu , tapi kurang nya ngga ada status , klo ada status aku bkl hpus whatsapp , ganti jadi ke tele ok itu aja pkonya ini bagus banget!",2020-11-03T12:05:52Z,0,en,1
e1027648-d58f-43bb-a178-6bc7325d56a1,telegram,primary_dataset,telegram_playstore,Lbh bgs dr Whatsapp cmn kurang populer..,2020-11-03T12:05:50Z,0,en,1
ec35dee9-e27a-4425-a420-54a6980acde8,telegram,primary_dataset,telegram_playstore,"Misii mau request, telegram nya ada in fitur snapgram kayak di whatsapp dong, biar saya bisa posting status;)",2020-11-03T09:08:58Z,1,en,1
01f4339c-a950-4a96-af49-7c4894385407,telegram,primary_dataset,telegram_playstore,Lebih lengkap daripada WhatsApp..,2020-11-03T08:07:54Z,0,en,1
2326ed18-7c45-4bc6-929f-6c86ea45d7aa,telegram,primary_dataset,telegram_playstore,"Telegram adalah aplikasi perpesanan dengan fitur paling lengkap dan keren menurut saya. Setidaknya sampai saya mencatatkan komentar ini. WhatsApp masih kalah secara fitur tapi masih menang secara popularitas. Masih banyak fitur Telegram yang tidak ada di WhatsApp. Kalaupun ada, mungkin meniru Telegram. Saya tidak berharap WhatsApp punya fitur layaknya Telegram tetapi saya rasa Telegram lebih layak populer dibandingkan WhatsApp.",2020-11-03T07:28:54Z,507,en,1
b07a6a4e-107b-4fd7-a1f0-28d582d7b33f,telegram,primary_dataset,telegram_playstore,"eh bang, coba dah telegram bisa bkin status kaya wa, tar gua pindah ke tele dah asli di bales ya bang jgn dibaca doang hehe :)",2020-11-02T21:14:31Z,0,en,1
ce5524cb-ecc0-45ef-832c-c6cebb97ca86,telegram,primary_dataset,telegram_playstore,"Saya sangat suka dengan aplikasi ini, karena disini terdapat banyak bot, disini juga grupnya seru seru. Tapi ada kurang nya karena di aplikasi ini tidak dapat memposting status seperti di WhatsApp, jika bisa memposting status seperti di WhatsApp pasti saya akan langsung beralih ke aplikasi ini dan menghapus aplikasi WhatsApp.",2020-11-02T11:29:58Z,3,en,1
e515e36e-c7ef-4f7d-91cd-6fb6d7322b01,telegram,primary_dataset,telegram_playstore,Bagus sih tapi lebih bagus lagi tambahin fitur buat story kaya WhatsApp,2020-11-01T22:08:11Z,0,en,1
7404b6cb-1f47-4524-80eb-f8d20e861f83,telegram,primary_dataset,telegram_playstore,Bagus lebih baik dari pada WhatsApp,2020-11-01T15:31:27Z,0,en,1
e3d3d540-24f4-476d-a43e-f6a05c3b427f,telegram,primary_dataset,telegram_playstore,PLIS UPDATE LAGI SUPAYA BISA BIKIN STORY!!!!KALO ADA FIKS AKU AKAN UNISTAL WHATSAPP SERIUS!!!,2020-11-01T03:52:57Z,0,en,1
