post_id,source,source_type,source_name,text,timestamp,engagement_metric,lang,backlash_flag
90f93181-fb55-4f4d-803d-8734c40e7a5b,whatsapp,primary_dataset,whatsapp,"WhATSAPP DOESN'T INVOLVE IF IT DIDN'T OPEN HIS PROGRAM, I KIRA PAKET MY DATA YG HABIS",2021-07-30T21:25:31Z,0,en,1
1a670ae7-c2f7-42ba-9f26-4ca33d4f6013,whatsapp,primary_dataset,whatsapp,Assalamu'alaikum wr wb.,2021-07-30T18:00:33Z,0,en,1
5e345ba8-0b25-4e0e-b331-1291a87ff20b,whatsapp,primary_dataset,whatsapp,"Why can't you see the photos, vidio,sticker, same voice mail changed numbers? Same number. You can't see everything.",2021-07-30T06:54:10Z,5,en,1
cd915737-1ffc-4c34-a6bb-9a2e4342972c,whatsapp,primary_dataset,whatsapp,"It's crazy, after the update, whatsapp data is so big..dispensing memory, 6GB data whatsapp doong..",2021-07-30T03:31:34Z,1,en,1
49be2d8e-19d5-4c16-b007-8cf975a91a6e,whatsapp,primary_dataset,whatsapp,"I'm sorry I couldn't download or send the media when the memory isn't full and the network is good, so please make it difficult for me to accept or send the media. I love you.",2021-07-30T01:38:48Z,0,en,1
029c8b77-f88e-43b9-8505-87bb69a001c6,whatsapp,primary_dataset,whatsapp,"Why did my new WA group use the notification package? Must use WFI ""Please fix it again.""",2021-07-29T23:20:47Z,1,en,1
640793f2-4029-4882-b8ad-2ba1a5b46974,whatsapp,primary_dataset,whatsapp,Why can't you just send me a jrngn bgs and a lot of data dsr plug,2021-07-29T20:17:51Z,0,en,1
8eacd209-7930-49c5-aa6a-b5b6ffc9875a,whatsapp,primary_dataset,whatsapp,"Updated can't even delete messages for everyone, this feature can only be used in less than an hour, please change these terms without any time limit, because it's important to protect personal data",2021-07-29T19:57:13Z,0,en,1
eb505fd8-189d-40b0-874f-478eb0719305,whatsapp,primary_dataset,whatsapp,"Donk advice, please read admin. To the user WA but to use a card number which is not active right away to change the number, afraid to change my WA. The number I wear is off, and there are people who use the same number as my WA. Admin to fix a problem like this, add a gooale account link so that things don't happen that bad things don't happen that way, don't have privacy for others to be able to hack/take account of the same number.",2021-07-29T19:27:14Z,0,en,1
369a8786-2895-4557-bfce-6e2aa7c293aa,whatsapp,primary_dataset,whatsapp,Why is there such a thing as expired? It's hard to make a full list of all the things I've deleted.,2021-07-29T14:45:47Z,0,en,1
d8f76c60-3c97-411a-a55d-94e9c95ef4f2,whatsapp,primary_dataset,whatsapp,Create privacy profile like privacy status dong,2021-07-29T12:40:18Z,0,en,1
9c78e141-7de9-428f-bfa6-23a3a28b80b4,whatsapp,primary_dataset,whatsapp,"suddenly ate a lot of memory, even after the data was deleted",2021-07-29T12:24:23Z,3,en,1
885ef7e4-0db6-49d7-91d6-9378b12e729d,whatsapp,primary_dataset,whatsapp,Why can't you download the picture and see the status? ...during all this work I can't send data ...please fix it.,2021-07-29T12:22:19Z,0,en,1
502c5f19-b164-4682-8f15-8d0f2a9ffb66,whatsapp,primary_dataset,whatsapp,"Since WhatsApp switched hands to facebook, the application's starting to drop. Sometimes ForceClose has bugs. So make Facebook here.",2021-07-29T09:39:43Z,0,en,1
ba4a5cae-0c1b-4fdc-917d-af5f98dfa79a,whatsapp,primary_dataset,whatsapp,Please file it downstairs. Don't go upstairs. It's dangerous to keep personal data there.,2021-07-28T23:36:30Z,0,en,1
6e83bb47-ffd0-4885-aab8-1b986cfd3512,whatsapp,primary_dataset,whatsapp,Woe ruma who has watshap where sharelock w.a cave errr blue douuuuuuuuu help me find woe woe.,2021-07-28T23:26:55Z,0,en,1
8d77c8a9-1202-4135-9c39-dc542e16737a,whatsapp,primary_dataset,whatsapp,Please make wa mod block just his account disturbs privacy thanks,2021-07-28T16:26:40Z,0,en,1
1ea3ecbf-f1dd-456d-a9ff-e9062e973bc2,whatsapp,primary_dataset,whatsapp,"It's so bad, I want it so much that I can wipe out my dn downlod again, I don't think cave data networks, I'm getting worse, I'm going to get worse, I'm going to have to do it for a while, and then I'm going to get rid of my ass again, and I'm going to fix what's up, and I'm going to speed it up, and I'm going to move it around.",2021-07-28T12:53:54Z,2,en,1
fdd3ad58-8341-4091-a122-928181fc29f3,whatsapp,primary_dataset,whatsapp,This application is good but when I share status in applications such as Vidio and photos the results become blurry even though before uploading the videos and photos are not blurry.,2021-07-28T11:42:11Z,0,en,1
f854dfbd-a0d8-477a-a7fa-82a8ae9b9932,whatsapp,primary_dataset,whatsapp,Why can't you download a file while it's still full memory? Please help the whatssaap to update the problem.,2021-07-28T09:23:46Z,1,en,1
c52596dc-268d-4bb6-a56f-9d0896138a84,whatsapp,primary_dataset,whatsapp,This is why the status of not coming in while not being in the privacy of loo please fix it again.,2021-07-27T19:42:24Z,0,en,1
16bbce01-899f-4abf-a08c-1c4036233332,whatsapp,primary_dataset,whatsapp,Apdatan bru ora can donlod vidip chrome send gmbar,2021-07-27T17:33:19Z,0,en,1
bd769b65-e604-421f-a79c-b8aa6538c49c,whatsapp,primary_dataset,whatsapp,The application sucks to arrive The number blocked WhatsApp already 3 times changed contact number is missing important data is missing,2021-07-27T16:29:27Z,0,en,1
e1cbd21f-c80c-469c-b08d-198d4ed58906,whatsapp,primary_dataset,whatsapp,"A little advice for the next update would be better to provide chat-delete features for the group at the same time not necessarily one-on-one, make a separation between personal and group messages, for the archive should be kept hidden as long as it dislikes for what we file a message regarding privacy if the archive is displayed clearly",2021-07-27T15:08:14Z,2,en,1
c84410a4-8dc3-414e-bfdd-3c6a26ad8d78,whatsapp,primary_dataset,whatsapp,"There are often bugs going back to the start of the application, so numbers and whatsapp data are missing, and it says that the number has been blocked, please fix this bug yes:)",2021-07-27T14:29:38Z,0,en,1
d4588724-2656-42bf-8251-9e5ec27e8cb6,whatsapp,primary_dataset,whatsapp,"It's not worth it, try not to use data. It's useful.",2021-07-27T13:38:26Z,0,en,1
eea998e9-9636-4d6d-a0a0-70df6bebb97c,whatsapp,primary_dataset,whatsapp,Why can't you open a photo or share a photo in the wa,2021-07-27T08:35:30Z,0,en,1
4b43aa3a-0022-4a97-950b-3d00776b71e3,whatsapp,primary_dataset,whatsapp,Why can't I download a video of vidio voice note when I already have the data package wifi,2021-07-27T08:24:08Z,1,en,1
bfaec70a-b172-493c-8d1d-f5816293ff0b,whatsapp,primary_dataset,whatsapp,"The app is clear, the press is sending, see if there's any story, and there's still a lot of data...",2021-07-27T06:24:33Z,0,en,1
9cd3aa76-b88f-4a64-bc93-c63aae219c43,whatsapp,primary_dataset,whatsapp,WhatsApp photos and videos disappeared from the gallery after this update Back up and the data base WA also didn't update,2021-07-27T06:07:00Z,0,en,1
c9602224-e91b-4411-99f7-1be1a660c25c,whatsapp,primary_dataset,whatsapp,Please don't do this. The file won't show up to the notif. So I don't know if there's a message coming.,2021-07-26T20:59:52Z,1,en,1
9f3a5c18-f8d8-4330-8c7c-153149c8c6e9,whatsapp,primary_dataset,whatsapp,"After the update, I couldn't download anything; I couldn't send photos, videos, etc. I moved it from the wa business so I couldn't even delete the data.",2021-07-26T18:17:40Z,162,en,1
d4c1c666-3311-4d31-b2d3-e326008e9337,whatsapp,primary_dataset,whatsapp,May the fb company be wise in making privacy plates.,2021-07-26T15:25:32Z,0,en,1
d1274181-779a-47c3-a7cf-e3ab1906aba2,whatsapp,primary_dataset,whatsapp,"After the update, the data was moved to a place hard to find",2021-07-26T11:34:30Z,0,en,1
f27759e2-7fe5-4758-a70d-42e955995443,whatsapp,primary_dataset,whatsapp,Why is Adh's terrible app not coming in... full data pdhal...,2021-07-26T10:18:57Z,0,en,1
de78d05b-fe62-473f-91c2-fd41c20710a7,whatsapp,primary_dataset,whatsapp,"After the update, I saw the bad guy's stts. It's not like he's up and running Internet data.",2021-07-26T09:57:29Z,0,en,1
b2ecf318-dc8c-4f87-8058-a442eec38888,whatsapp,primary_dataset,whatsapp,"This altitude is upsetting, for a day can't see photos and videos and send data files when there's still a lot of data and wifi and it's already on its way and it's really disappointing.",2021-07-26T09:30:07Z,2,en,1
3874c21e-7bdc-487e-8e09-6fa1bd8fd4cc,whatsapp,primary_dataset,whatsapp,Unprofessional in maintaining data,2021-07-26T08:40:36Z,0,en,1
a1f2abf7-2220-493a-9583-bdbb317a73d6,whatsapp,primary_dataset,whatsapp,"Open sosmed, facebook, youtube smooth, open WA hard, not sent, there is a notice ""you may have received a new message""!!! MAMPUS GW LOVE 1:1",2021-07-26T07:33:43Z,1,en,1
7b9de3ed-7776-4eb8-be0d-1c50c3053fdd,whatsapp,primary_dataset,whatsapp,"Keep going, keep going but still keep bagging, let's keep audio video status late, even cut the video in the middle of the audio!!!! just keep bagging, update often but still don't share offten, make audio video status always late, even cut the video in the middle of the audio in front!",2021-07-25T23:30:09Z,0,en,1
4bda8b5b-bea7-4018-bdc6-101d9fdd454d,whatsapp,primary_dataset,whatsapp,"Why can't I download photos, send photos, and status. With cell phones being researched, delete data, sd, sdl automatically,and then unplug the install again and again so what should I do?",2021-07-25T21:50:26Z,0,en,1
1d7913df-46ce-4914-8690-dd9a3f84fe1d,whatsapp,primary_dataset,whatsapp,"Can't open story. Can't open vidio photo. Can't send vidio photo. Good signal, reset phone to factory file 4x.",2021-07-25T18:24:32Z,1,en,1
79e23602-b7c8-4f1f-aa81-21eaea585f26,whatsapp,primary_dataset,whatsapp,The keys arrive at the uninstall themselves. Don't know. Why do you have to do this?,2021-07-25T15:02:34Z,0,en,1
de3d5c86-07d0-4a23-b2f9-3e015943fc8d,whatsapp,primary_dataset,whatsapp,"The old Apk"" doesn't seem clear when the data wants me to back up into the gogle account.",2021-07-25T14:28:50Z,0,en,1
780feb47-0996-40f0-8ed0-28f10e70c9db,whatsapp,primary_dataset,whatsapp,"I can't download or send all the media. (video, photo,audio,sicer,emoji,dll) other than whatsapp. There's no problem with my memory or data, I still have more than 4gb of empty memory and data that can still be used.",2021-07-25T12:36:56Z,137,en,1
2ef181af-d6f7-495e-80a6-3be12071060d,whatsapp,primary_dataset,whatsapp,Whatsapp cave eror uk defoloper gilla fix fast since yesterday's updete all types of files can't be downloaded or uploaded. Since whatsapp joined facebook so much updete an updete is also not much changed,2021-07-25T11:34:23Z,0,en,1
91f46f97-437e-4d74-bc99-9ea428f808a2,whatsapp,primary_dataset,whatsapp,My camera is zooming in after it's been deleted.,2021-07-25T06:57:52Z,0,en,1
d1b83fe1-6033-4db5-9308-e7ec6a582b22,whatsapp,primary_dataset,whatsapp,"It's a little harder now. Oh, my God. It's so much harder now.",2021-07-24T18:12:32Z,0,en,1
bf47c8ea-fc4a-415e-88c8-988ce9b67013,whatsapp,primary_dataset,whatsapp,Crazy Data Storage 1.7 Gb...ends deleting data and updates again... set bgt...,2021-07-24T16:49:33Z,0,en,1
fbcfc8d9-f8cb-432e-ac8b-541c329a76f5,whatsapp,primary_dataset,whatsapp,Does anyone know that I have a link but it's not blue?,2021-07-24T13:59:46Z,0,en,1
a88b34c1-1535-4007-a574-a8c7674c9857,whatsapp,primary_dataset,whatsapp,"What's this since WA updated my number everywhere he says he's been private,",2021-07-24T13:44:00Z,0,en,1
7adac179-6d93-4b53-9ce7-266fd5e2a6b6,whatsapp,primary_dataset,whatsapp,"The data the officer entered is not appropriate so it's an obstacle, when checking for vaccine certificates, please monitor the officers while filling in someone's data so there's no misunderstanding.",2021-07-24T12:21:18Z,1,en,1
13abb766-12bd-4836-9fd0-b7c60049be74,whatsapp,primary_dataset,whatsapp,"Whatsapp me why it's blocked, please help, because there's a lot of important data in there.",2021-07-24T12:16:49Z,0,en,1
ee86bb02-0b1c-4350-ab6f-63c5a32c33e9,whatsapp,primary_dataset,whatsapp,Why does the data have to be blocked?,2021-07-24T00:03:11Z,0,en,1
3dc1ff82-6267-417c-bdd0-7ac4ffb422c9,whatsapp,primary_dataset,whatsapp,Please fix sharelok's location again...!!!!!!,2021-07-23T21:54:47Z,0,en,1
bed373d5-9bbb-4738-b7ae-603a9697e309,whatsapp,primary_dataset,whatsapp,Wasn't able to get in because of one-sided block. So all the data on whatsApp apps and cache phones just got back in.,2021-07-23T21:48:03Z,0,en,1
237620ea-52bd-400e-b4a4-c28835ee464c,whatsapp,primary_dataset,whatsapp,Tolmg correct vc and call me using special and special data please fix it,2021-07-23T21:38:29Z,0,en,1
beb523c1-1f3c-4fb3-b43e-ae7fa30172f3,whatsapp,primary_dataset,whatsapp,Why didn't I just update the video... ...vidio....share lok... ...and open the google drive?,2021-07-23T20:51:03Z,0,en,1
576eea22-2a52-4b5c-acca-5398e4d04ed0,whatsapp,primary_dataset,whatsapp,That's a bad update.,2021-07-23T19:44:26Z,0,en,1
f4be976c-bebe-48af-8ee1-accf4cb10640,whatsapp,primary_dataset,whatsapp,"Please increase your privacy and security, whatsapp me today suddenly sends hundreds of stickers to others at one time without my knowledge.",2021-07-23T16:35:08Z,0,en,1
d7df4568-97c2-4069-8d0a-41f91c7b9946,whatsapp,primary_dataset,whatsapp,"I found error, lack of security, and bugs in whatsapp. Suddenly I saw my phone automatically send hundreds of stickers to my contacts, without my knowing it and not me doing it.",2021-07-23T16:31:43Z,0,en,1
53dc4885-954d-4644-b8b2-ec6988c20875,whatsapp,primary_dataset,whatsapp,Sad bgt... memory is always full for install w.a... turns out to be able to eat GB2 storage... when deleting w.a/repair phones must be backup first.,2021-07-23T10:06:55Z,0,en,1
2a55bd7d-3acd-44e1-b7d3-d4ce9380f2e6,whatsapp,primary_dataset,whatsapp,"Please tell the other side that if I don't accidentally delete the data or want to re-install it, please let the old chat be able to return without backup, backup won't even go to the account so all the important chats are gone.",2021-07-23T08:26:57Z,0,en,1
96d3ab17-6f5f-4a06-9857-5ee20980b313,whatsapp,primary_dataset,whatsapp,"I'm using the WhatsApp dual, but the second application can't save data. The data is often unreadable.",2021-07-23T06:48:09Z,5,en,1
0d939cab-8f7d-425d-a099-f837d5b233be,whatsapp,primary_dataset,whatsapp,It's good to die. Let's go.,2021-07-23T00:22:45Z,0,en,1
d8b19432-79ff-4346-8ecf-bab5a0e972b9,whatsapp,primary_dataset,whatsapp,Ga recomend.Udh is 3 times nonuseable. Ask for claripation to continue this use data package,2021-07-22T17:28:46Z,0,en,1
94c72925-498c-4e61-b359-b294e2b799d7,whatsapp,primary_dataset,whatsapp,"Don't make it difficult for people to live, it's easy to change new numbers.",2021-07-22T15:19:04Z,0,en,1
bc5c8848-b044-4736-b7c1-9d52e4507cc8,whatsapp,primary_dataset,whatsapp,"If I'm hacked, it's a matter of whatsap for having to use Facebook.",2021-07-22T06:18:51Z,0,en,1
8179447c-1da1-4470-920e-9e98583171c2,whatsapp,primary_dataset,whatsapp,"The back-up of the google drive is getting longer. It can take up to one day of backup data, and a daily backup sequence! Why do backups have to wait for the backup to open?",2021-07-22T03:54:20Z,0,en,1
3bd36506-1584-46ca-9143-ddf7637ec4b3,whatsapp,primary_dataset,whatsapp,"WhatsApp is right on the upgrade. There's no storage notification, it's re-installing the data, including Jancoook's pictures and videos.",2021-07-21T20:30:48Z,0,en,1
4b5f1e15-94c4-4bfd-8316-6606aeb442c2,whatsapp,primary_dataset,whatsapp,Not good. Because it can't live streaming with music. Examples are like keyboard apps. Instagram. And Facebook. Live streaming videos in status can be completed music and lots of music options. WhatsApp applications need to be updated again!,2021-07-21T18:52:20Z,0,en,1
3df15b44-b286-4f8c-8a0d-e5635e42045f,whatsapp,primary_dataset,whatsapp,"fontcolor="" # FFFF00""camera fontcolor="" # FFFF00""um fontcolor="" # FFFF00""um fontcolor="" # FFFF00""removedd fontcolor="" # FFFF00""datastill",2021-07-21T17:55:28Z,0,en,1
32db79bb-267e-4c89-ad47-aa87ffd81a1d,whatsapp,primary_dataset,whatsapp,"I can't log in because my number isn't working, and I forgot to change the account number to a new phone number, and the chat group data is very important, so you should have a relocation of old accounts to the new account, so don't just have the same number to restore, as long as the number and the new number are connected to the same email.",2021-07-21T12:09:01Z,1,en,1
44605b1d-529c-4a06-ae95-28489c0c7fa7,whatsapp,primary_dataset,whatsapp,I don't know if I'll be able to send a wifi woii message in the morning. I'll pay you back if you don't want to buy a quota first.,2021-07-21T06:43:15Z,4,en,1
329976d5-f6f3-4b13-abd0-48b47c49d2e8,whatsapp,primary_dataset,whatsapp,"fontcolor="" # FFFF00""DefaultWhatsApp fontcolor="" # FFFF00""up to 1GB fontcolor="" # FFFF00""I 'm almost finished fontcolor="" # FFFF00""right",2021-07-21T00:17:07Z,0,en,1
74892e82-0e81-473c-9824-f025425a92b4,whatsapp,primary_dataset,whatsapp,"Please, devellover, confirm the same security of the bug because of my experience, I've been hacked into the hack, the way an unknown number sends strange data of money makes me unable to open up the wa and hack my account, I've had to delete and re-install the apk and put in avertification code to go back in, and luckily my account came back to me and there's a trace of the hacker's fraud chatts done, so I'm going to ask for more security so that I don't repeat myself.",2021-07-20T18:53:56Z,0,en,1
eeac7e55-ec73-409c-b346-ddcddc9d073b,whatsapp,primary_dataset,whatsapp,"Kmera ma'am ngzoom sndri,hpus install,hpus data ko msh tstep j...mkin jlk",2021-07-20T17:14:53Z,0,en,1
2d7ef611-4d41-44bd-85ce-66e74dcd8f76,whatsapp,primary_dataset,whatsapp,"Please don't fix it for this new version, especially the camera user in the share feature pict and then camera zoom self and such an error... it's not worth it.",2021-07-20T16:29:43Z,0,en,1
5d794a8b-d80b-459c-ac58-450e6b33eedf,whatsapp,primary_dataset,whatsapp,"Again and again, for the second time, have there been no considerations or policies against me? my whatsapp account was hacked into, many people contacted me and I didn't know him, my accounts were used for fraud mode.",2021-07-20T15:53:14Z,86,en,1
5f7aa4ab-16e4-4518-9167-93cdcec96cc9,whatsapp,primary_dataset,whatsapp,"He said it was private, but why was it blocked? Why was my account blocked?",2021-07-20T12:02:52Z,0,en,1
50f94a0b-4fa2-48d7-9ba2-732b0db96746,whatsapp,primary_dataset,whatsapp,It's after I update the camera. What should we do about deleting the data?,2021-07-20T11:01:09Z,0,en,1
58c315c1-d72f-4a30-9d77-20d812d8e0d5,whatsapp,primary_dataset,whatsapp,"After the computing, the camera came out thinking it might be my phone that heng, uh, just checked at his play store at Sono, so it's confusing to send pictures from the camera, so it's normal.",2021-07-20T10:07:09Z,0,en,1
2e1bc649-0706-47d4-97ea-622e43616db0,whatsapp,primary_dataset,whatsapp,"The upgrades are getting even worse, aren't they? Why is my front camera even zooming in after an update? The old version is fine.",2021-07-20T01:10:53Z,52,en,1
d4238164-ca17-471c-a186-a1a1e762ff84,whatsapp,primary_dataset,whatsapp,"Since data updates are often lost, media is often deleted and can't be downloaded again, please repair it to make users more comfortable using this application",2021-07-20T00:46:50Z,0,en,1
0e65684e-5ca3-40d7-ad9e-3896795f2db5,whatsapp,primary_dataset,whatsapp,129068 Open old data,2021-07-19T17:29:17Z,0,en,1
6461a344-467b-4abf-b78e-49d5b4bb17ef,whatsapp,primary_dataset,whatsapp,Just want to say follow up on whatapps GB/Mod users because their users they can see someone's privacy,2021-07-19T08:03:15Z,0,en,1
93f73ac1-3fdb-4174-86e5-2ba7c0e52f89,whatsapp,primary_dataset,whatsapp,"I gave you 2B because the internal drain of the android, I suggest the WA should be able to store data like the FB, see, but if it is needed then it is downloaded... so that our internal Android isn't full of vidio2 and photos or so.",2021-07-18T22:15:37Z,10,en,1
32136986-02d6-428a-b99e-6befb56af96b,whatsapp,primary_dataset,whatsapp,His ringtones often bugle after removing caches and data,2021-07-18T19:56:43Z,0,en,1
bdfc9082-c704-4dbd-9453-221188585850,whatsapp,primary_dataset,whatsapp,"fontcolor="" # FFFF00""againcomestyou fontcolor="" # FFFF00""yes?????? it'salwaystoZOOOM sndri. fontcolor="" # FFFF00""Sdhin updatetothenew version fontcolor="" # FFFF00""cannotremovethedd datachace fontcolor="" # FFFF00""but also keeptoZOOOMS fontcolor="""" # FFFF00. fontcolor="" # FFFF00""How do you thinkabout the solution????? fontcolor="" # FFFF00""",2021-07-18T19:37:14Z,0,en,1
209194bc-46ce-4f7b-bf6a-cf8e660f3156,whatsapp,primary_dataset,whatsapp,Get update! &lt;i&gt;&lt;/i&gt; &lt;i&gt;&lt;/i&gt; &lt;i&gt;&lt;/i&gt; &lt;i&gt; Let's go! &lt;/i&gt; &lt;i&gt; Let's go! &lt;/i&gt; &lt;/i&gt; &lt;i&gt; Let's go! &lt;/i&gt; &lt;/i&gt; &lt;i&gt; Let's go! &lt;/i&gt; &lt;i&gt; Let's go!,2021-07-18T13:45:35Z,0,en,1
998065a6-9f72-4860-a505-e49d9d2bcc22,whatsapp,primary_dataset,whatsapp,Am I in the BLT recipient data?,2021-07-18T08:57:22Z,0,en,1
b924bb43-9ace-48c9-b938-a6194b9601bd,whatsapp,primary_dataset,whatsapp,Please take whatsapp..why my WA is blocked.. please confirm..because my personal and work data is in apk whatsapp.. please confirm..,2021-07-18T08:52:01Z,0,en,1
8bd3cdf8-b777-49af-af0a-88ef80397baa,whatsapp,primary_dataset,whatsapp,"The camera zoomed in, deleted the data and reset the factory suit. Just keep zooming in by yourself. Can you fix it?",2021-07-18T06:15:23Z,1,en,1
dd7dff4e-b74d-49e5-9ad7-8a613709ea37,whatsapp,primary_dataset,whatsapp,"All my chat data arrived to clear itself, pig applications.",2021-07-18T06:14:36Z,0,en,1
a1bc0ede-82bb-439b-89f3-76da9928f60f,whatsapp,primary_dataset,whatsapp,"This is how whatsapp, how come the camera in front of me is fine, why this morning tbtb zoom itself. please fix it, so it's uncomfortable if you put it like this.",2021-07-17T11:49:01Z,0,en,1
928fddb5-a98d-4409-9c69-bd8fdc3b6dea,whatsapp,primary_dataset,whatsapp,"Excuse me, min, this is why my whatssrup error can't be opened? &lt;i&gt;I said remove the chase.&lt;/i&gt; &lt;i&gt;I've still deleted the data.&lt;/i&gt; &lt;i&gt;I can't open it. &lt;i&gt;Please help it.",2021-07-17T07:56:42Z,13,en,1
b02d2e98-da50-4660-95c8-1d066feda441,whatsapp,primary_dataset,whatsapp,It's good. Google workers. Whatsapps can afford no privacy that can be kept secret.,2021-07-16T20:11:56Z,0,en,1
f100a006-20fa-473c-b085-36abba2b0389,whatsapp,primary_dataset,whatsapp,The camera suddenly zoomed in. It's until it's removed. The data still can't recover.,2021-07-16T20:05:41Z,1,en,1
f73e9081-71c4-4b07-8523-a72c0e09d76c,whatsapp,primary_dataset,whatsapp,"I'm disappointed by the new WA update app, please hear the user WA's complaint: I'm working every day in the field sending online data through wastsAp to send photos and PLN data but lately the photo has changed completely that if it's self-inflated/ngemzoom but if it's like normal and it's hard to estimate fit or not, I'm normal to take pictures and if there's no need to be recorded because it's just going to be full of rams,",2021-07-16T20:05:27Z,6,en,1
c512963f-61fc-4d63-bfb3-6125b11b8999,whatsapp,primary_dataset,whatsapp,Please do me a favor. My phone is blocked. I didn't do anything wrong.,2021-07-16T19:05:30Z,2,en,1
8919b88e-eab6-450e-b5e1-e56459f1ea8a,whatsapp,primary_dataset,whatsapp,"Zoom in on the camera, delete the data, cache,gerestart the phone but it's the same thing.",2021-07-16T17:08:02Z,0,en,1
1bf8afdd-3594-4b8b-84ec-3e8a0c9c5b3c,whatsapp,primary_dataset,whatsapp,"I rated two stars, why, because whatsapps that use camera are always zoom in, I've tried to reset, delete data, change numbers, and even re-install applications, but the problem hasn't been solved yet. For whosapp, please get it fixed and up again for a case like this, because it's not just me, maybe other users have experienced the same thing as me.",2021-07-16T16:02:40Z,435,en,1
893f2743-c963-4e2c-9033-bbc465b5de3c,whatsapp,primary_dataset,whatsapp,Kerestart itself and data instantly is missing,2021-07-16T06:41:48Z,0,en,1
bc6e0142-409d-4c40-b77b-25e3728e7c98,whatsapp,primary_dataset,whatsapp,What's wrong with being 2x as fast as in a few minutes?,2021-07-15T20:41:48Z,1,en,1
26fe9948-e9a3-4c7c-8790-9c27ac90da2c,whatsapp,primary_dataset,whatsapp,I don't feel like doing anything wrong. & violate policy. But suddenly my number is blocked. There's not even an email notice.,2021-07-15T12:07:16Z,0,en,1
a057670c-2175-4fdf-aed5-c21608f608ff,whatsapp,primary_dataset,whatsapp,What's up top isn't good? It's even worse.,2021-07-15T07:25:09Z,0,en,1
75674045-edbc-4185-a7d7-e4743413760c,whatsapp,primary_dataset,whatsapp,"WHEN THERE'S TO BE UPDATE THE NGE ZOOAM ALONE?? BUT WHEN THERE'S BEEN A DIXON OF THE NORMAL, HAVE I REEBOT HIS PHONE, I HAPUS DATA, THERE'S A PENTING CHAT!!!!!!!!!!!!!!!!!!!!!!!!!!!!!",2021-07-14T22:43:40Z,0,en,1
ba111bbd-44ec-4ad1-b071-5d4a7e4dc2b2,whatsapp,primary_dataset,whatsapp,"I'm sorry. WAya can't send me a chat.. ..even if the data is so good, why can't you send me a chat?",2021-07-14T21:18:29Z,0,en,1
da889175-00a7-4ff3-8d00-728c939b95e2,whatsapp,primary_dataset,whatsapp,Not good on camera display to zoom the message in the notip file,2021-07-14T21:10:16Z,0,en,1
17f1d1f9-9816-4a00-a9e4-a0a9a9b21f1d,whatsapp,primary_dataset,whatsapp,"The more she serves... the more she wishes... the more good she is, the more she is, the more she is, the more she is, the more she is, the more she is, the more she is, the more she is, the more she is, the more she is, the more she is, the more she is, the more she is, the more she is, the less focused on service.",2021-07-14T21:05:33Z,0,en,1
4f8fdf10-1ee3-4a23-8fd5-a534f491989f,whatsapp,primary_dataset,whatsapp,"fontcolor="" # FFFF00""Staronefirst fontcolor="" # FFFF00""whentherearereportsofreviewsofthecam fontcolor="" # FFFF00"" ngzoom fontcolor="" # FFFF00""Igivethe 5stars fontcolor="" # FFFF00""it'slikeeveneveneven thoughI updateorremovethed fontcolor="" # FFFF00""iftherearenoreviews fontcolor="" # FFFF00""Imustbe forcedtoreturna telegram",2021-07-14T18:06:22Z,0,en,1
304cbaef-226b-48b2-9e1d-ca2655744a4b,whatsapp,primary_dataset,whatsapp,After os phone upgrade whatsapp couldn't share the location,2021-07-14T17:31:17Z,0,en,1
6021d3d4-9402-49d6-a7ba-5a456c765ea0,whatsapp,primary_dataset,whatsapp,"Unsuited after camera updata feels in zoom, please fix it",2021-07-14T17:25:49Z,0,en,1
d2487077-3e99-4941-b7ed-f4810f75f8b9,whatsapp,primary_dataset,whatsapp,"You can't share Story's status with Facebook, normally, but you can't do it right now.",2021-07-14T17:01:22Z,0,en,1
7db6e954-fd26-47b2-a24c-52b7b50719ac,whatsapp,primary_dataset,whatsapp,The data management is very hard to run.,2021-07-14T16:15:39Z,0,en,1
30f483bf-a3e1-4f69-b250-6f36bdf8afea,whatsapp,primary_dataset,whatsapp,"I'll give you one first. Since there are more important data, I'm correcting the google instructions.",2021-07-14T10:13:34Z,0,en,1
602cb102-9f99-4eb2-bbda-5aa62eeea100,whatsapp,primary_dataset,whatsapp,What's on the update is that the cameras are making their own comments.,2021-07-14T10:11:39Z,0,en,1
422ac75b-22c5-404f-8c6b-f7cb7a612c81,whatsapp,primary_dataset,whatsapp,Why is whatsapp data always 25gb up when it's not often used:,2021-07-14T05:51:30Z,0,en,1
f28b8e43-3f61-4acc-9685-2e7a01df0adf,whatsapp,primary_dataset,whatsapp,Why are you doing this? &lt;br /&gt;Why is today not good? &lt;i&gt;Please policy!&lt;/i&gt; &lt;i&gt;I just opened up and looked at the strangeness of my wife who was in the archives. &lt;i&gt;There are 134 to 21 where all my archives are! &lt;i&gt;Please don't fix this! &lt;/i&gt; &lt;i&gt;Please don't fix this! &lt;/i&gt; &lt;i&gt;lt;/i&gt; &lt;i&gt; Don't fix it. &lt;/i&gt; &lt;i&gt;,2021-07-14T03:56:42Z,6,en,1
1a1a69f6-a27e-4c6d-b726-e438a1c323d8,whatsapp,primary_dataset,whatsapp,"This is why now WhastApp a lot of RAM kills, a lot of data when the files aren't looking for anything.",2021-07-14T01:52:01Z,0,en,1
47a5eda1-accf-4cc2-9da7-252ce88100d3,whatsapp,primary_dataset,whatsapp,"fontcolor="" # FFFF00""Don'tlikethe versionofWAnow,thecamsocommers fontcolor="" # FFFF00""thenthe chatfileswhybeupside fontcolor="" # FFFF00""shouldbedisturbing privacy fontcolor="" # FFFF00""then",2021-07-13T21:48:02Z,0,en,1
7933e185-5584-4813-a628-faa773dd8c69,whatsapp,primary_dataset,whatsapp,"If it's called Nyedot Data, don't worry about it.",2021-07-13T19:40:45Z,0,en,1
eaf6bce1-044e-43d8-8283-36ce3f60c333,whatsapp,primary_dataset,whatsapp,Why can't I be used with these changes / updates and I've deleted a lot of data but still can't download whatsapp,2021-07-13T19:29:05Z,0,en,1
155bbe77-68d5-4c85-aab5-5c8d8d259f9a,whatsapp,primary_dataset,whatsapp,"Why are all my accounts blocked? Instagram, Facebook, WhatsApp got blocked. What a mistake I made.",2021-07-13T15:10:57Z,0,en,1
6bcd1aa7-1fa6-43f0-8aa7-aa3a19b2f635,whatsapp,primary_dataset,whatsapp,"Whats' up, whats' up???? when I uninstalled it, even deleted the data but still zoomed myself in..",2021-07-13T15:06:11Z,1,en,1
0eb849bb-eaf8-43fa-b089-b25ea37b829c,whatsapp,primary_dataset,whatsapp,"Looks like WA is in trouble, no one I know, and another case happened to my friend where his WA number was automatically blocked, the disappointment could not be hidden, and please friends try to activate the privacy of your group and back up your data, so that if this happened to you at least there was some preparation for your account, and me.",2021-07-13T12:11:57Z,0,en,1
42fc09cb-9227-45b9-93e3-5678c30ec5d2,whatsapp,primary_dataset,whatsapp,"Why all the data, media, and files in my wa are erased when I've spent every week trying to get rid of all the files in case the wa were erased..when I was about to return the backup to disappear, Cri googled the drive and googled the photo anyway.",2021-07-13T12:09:28Z,27,en,1
7fbe6751-9833-421d-a348-46af50d288c7,whatsapp,primary_dataset,whatsapp,Your privacy karo notifmu mindno,2021-07-13T11:25:35Z,0,en,1
2a7a38af-e570-48a1-b8c0-ba977d17c633,whatsapp,primary_dataset,whatsapp,"There you are.. because you've been slandered of cheating, you've taken a vow to get close to you when you're dead for so long to come ask me what do you mean?",2021-07-13T10:14:32Z,0,en,1
78ca1958-868d-4a7f-b339-77e660e57dc6,whatsapp,primary_dataset,whatsapp,I don't know if I can see anyone in my privacy.,2021-07-13T07:46:25Z,0,en,1
7131ad5f-cbdb-4083-82b8-519e3042c386,whatsapp,primary_dataset,whatsapp,"What's the matter with whatsapp!!!! In a 15-minute period I reopened my whatsapp and lost all my messages, although I always spare them once a week!!!very unsatisfied in this way, how about file and data"" I'm in whatsapp",2021-07-13T07:43:29Z,69,en,1
1ed3564d-01c3-4bfe-b57d-f31b5bce46bb,whatsapp,primary_dataset,whatsapp,"Always force close when you want to make a story, already delete the uninstalled data as well as force close.",2021-07-13T07:08:53Z,0,en,1
2966a7d7-c37a-4f18-95a4-27abf3a996d5,whatsapp,primary_dataset,whatsapp,What's the matter with me? Because I can't see my status when I'm not in privacy.,2021-07-12T23:49:17Z,1,en,1
43c801de-ff53-4943-8ab5-00ac77b1ed03,whatsapp,primary_dataset,whatsapp,"Why is it that the camera's updates are now zoomed in, so it's hard if you want photos.",2021-07-12T22:55:58Z,1,en,1
edb11b9a-abf9-47fe-a2a7-25189bd127c5,whatsapp,primary_dataset,whatsapp,The camera ngzoom itself tried to delete the data stays the same as the boss's solution.,2021-07-12T21:20:04Z,0,en,1
1cd548b0-b5f9-4f1a-88b7-0d4da7d9af0a,whatsapp,primary_dataset,whatsapp,Applications often dig up text delaying slow incoming messages when good signals I also try to use wifi and cellular data,2021-07-12T20:42:25Z,0,en,1
55a8fa40-5ea4-4eed-b304-7217b84235b3,whatsapp,primary_dataset,whatsapp,"fontcolor="" # FFFF00""eh wa wa you dodol fontcolor="" # FFFF00""yoh,KOO fontcolor="" # FFFF00""in UPDATE fontcolor="" # FFFF00""therefactorDIitasses???!no privacy fontcolor="" # FFFF00""oh fontcolor="" # FFFF00""oh fontcolor="" # FFFF00""oh fontcolor="" # FFFF00""oh fontcolor="" # FFFF00""canpeople see FFFF00""thisgirlfriend fontcolor="" # FFFF00""I'msaftroubled bythefilesstop fontcolor="" #",2021-07-12T17:53:57Z,0,en,1
ce999be5-70ce-4284-86c1-983de203c8f8,whatsapp,primary_dataset,whatsapp,"Koq arrives"" Zoom camera by itself. Delete data, download data, continue to create status, zoom can't be normalin. Please fix it.",2021-07-12T15:11:13Z,2,en,1
1d9b6472-ddc5-4907-9c0f-4ab92ef1491d,whatsapp,primary_dataset,whatsapp,"I think I'm the only one whose camera zoomed in. Apparently, a lot of times, I've been uninstalled, I'm still zooming too, and I keep seeing the tutors in Youtube have been told to delete the data.",2021-07-12T15:04:05Z,8,en,1
6be0bcc2-c619-4aa9-8f91-3ee2292a4fc7,whatsapp,primary_dataset,whatsapp,Couldn't trace the location of the friend share,2021-07-12T14:43:59Z,0,en,1
7fb104f1-dc39-4e01-a509-14b7640073b9,whatsapp,primary_dataset,whatsapp,Why is my whatsap account blocked what's the reason it's because I don't do things that violate whatsap rules please policy thanks!!!!!,2021-07-12T14:06:03Z,0,en,1
b5addac3-bd54-4721-a330-4fe04c0250b2,whatsapp,primary_dataset,whatsapp,"fontcolor="" # FFFF00""whythecambebeginning fontcolor="" # FFFF00""has beendeleted fontcolor="" # FFFF00""fail ..pakeanotherway fontcolor="" # FFFF00""dataandthe changeisdeleted fontcolor="" # FFFF00""still fontcolor="" # FFFF00""itcan... fontcolor="" # FFFF00""pleasenotanywayagain",2021-07-12T14:00:09Z,0,en,1
4c1b3c37-7c44-44cc-8572-b709aaa8e352,whatsapp,primary_dataset,whatsapp,"Please follow up, my number is suddenly blocked for no apparent reason. I never violated any policy regarding whatsapp policy. Then why is my number suddenly blocked so I can't open it at all.",2021-07-12T12:05:37Z,1,en,1
77d9fa0a-f560-43b3-993e-9d4f10908ee2,whatsapp,primary_dataset,whatsapp,I'd like to ask you if my group had come to a quiet place:,2021-07-12T10:31:54Z,0,en,1
ba8adb1d-d7b8-44ec-856d-55963df1b783,whatsapp,primary_dataset,whatsapp,What is the effect of an update? Let's get into trouble?,2021-07-12T10:28:55Z,0,en,1
136ebfaf-4de5-4802-8426-8b533d6f0193,whatsapp,primary_dataset,whatsapp,I can't update it and it's gone.,2021-07-12T09:27:03Z,0,en,1
f706f48b-f44b-4469-bd25-c567c608c585,whatsapp,primary_dataset,whatsapp,It WAS a arrival error' All data on miss performance whatshap is not clear at all,2021-07-12T05:28:55Z,0,en,1
2b230d2c-c36a-4983-8ef7-b821e0a6f2b3,whatsapp,primary_dataset,whatsapp,"Please take care of the wisdom of the min oppa, whatsupp which is published like a dlu, now that the version is bad because it's good, because it's interesting.",2021-07-11T23:30:50Z,0,en,1
b15c22dd-1abd-45fd-8e4f-5cd701764106,whatsapp,primary_dataset,whatsapp,"The camera itself is not comfortable using any status is also offered to share with Facebook, so it's not interesting anymore.",2021-07-11T22:39:12Z,2,en,1
69218a93-d1df-4e36-abe8-00f00422fb50,whatsapp,primary_dataset,whatsapp,"No. I'm going to reset, because I'm cleaning up the data.",2021-07-11T22:13:14Z,0,en,1
06ac7bc0-c8da-482e-8666-57b0afb720f9,whatsapp,primary_dataset,whatsapp,"It's not clear, there comes a time when you can't send a video photo, and you can't accept a photo, a video, a sticker, when in apus the data becomes like an apk all in registration. It doesn't clear bangke.",2021-07-11T20:46:33Z,0,en,1
eced0115-d3ab-4cec-a811-0fd58c91a09e,whatsapp,primary_dataset,whatsapp,It's why the camera whatsApp's own zoom suddenly tried to ask for wisdom,2021-07-11T19:58:21Z,0,en,1
159f35b6-141f-48a8-a9f1-f693f8ce82a0,whatsapp,primary_dataset,whatsapp,Why is whatsapp my own camera? Yes... I want to be normal again I don't understand...,2021-07-11T19:41:31Z,0,en,1
e35323df-bc9e-4db1-bc82-6fb173e5f303,whatsapp,primary_dataset,whatsapp,"Hello sis, please do WA web on the laptop is made feature for status updates as well. The lack of it is, sometimes want to update the status on the laptop but it won't work. And if the status update on the cell phone will eat a lot of memories, please apologize that my phone memory has home potatoes, not mekdi so anything please delete the data first let there be a memory:",2021-07-11T17:26:42Z,0,en,1
d8781e91-7310-4562-b14b-b6b21739da94,whatsapp,primary_dataset,whatsapp,"From where comes disappointment, face-to-face different, really disappointed I'm really disappointed why his face is different!!!",2021-07-11T15:29:55Z,1,en,1
f27d6388-d9bc-4648-b397-47f9ce48f17a,whatsapp,primary_dataset,whatsapp,"The camera is zooming, it's deleting data, it's uninstalling, it's still zooming, it's not just me.",2021-07-11T13:12:59Z,0,en,1
b986d29e-6342-4f56-95de-69475832678b,whatsapp,primary_dataset,whatsapp,"Why is whatsApp installed on the phone so I can't shareloc every time I want black blanks and go back to the original menu, so I can't use the WhatsApp feature to the maximum.",2021-07-11T07:43:14Z,0,en,1
9d7fadc6-4f10-42af-8ca6-551f3b0c63d1,whatsapp,primary_dataset,whatsapp,"Please look at why the accuracy is so bad right now, how can the solution solve a data/file error causing a blocked number, as well as an old number and a new one??",2021-07-10T20:39:12Z,17,en,1
8e014380-bb47-48b8-802d-03b1c402878a,whatsapp,primary_dataset,whatsapp,"The camera went uninstalled, deleted data, reset the factory. Still zoomed in. Good beta krg version.",2021-07-10T18:20:20Z,0,en,1
5a756cbe-ad53-4695-9f6e-9709d2a747b8,whatsapp,primary_dataset,whatsapp,Already deleted the data uninstalled the meme zom Mulu fix it,2021-07-10T12:20:47Z,0,en,1
35e1ffbf-cb32-40a7-bbd5-058a35cbe26d,whatsapp,primary_dataset,whatsapp,"Abis updated the video camera on his own, but after normal photo lgi. already back and forth blik unins, phoneus cace data is still the same",2021-07-10T11:34:05Z,0,en,1
c1c7b64a-dca1-4b3a-8176-1a45990f3e04,whatsapp,primary_dataset,whatsapp,Why is my number suddenly blocked for no reason?,2021-07-10T11:00:11Z,0,en,1
18532b91-d09d-43c2-8aa9-fc69a47c69a9,whatsapp,primary_dataset,whatsapp,Please whatsapp!! hate it when you first have this kind of privacy that you can vc etc but now you can hack people!!! cybercriminal is his name!!! I'll go back to BBM for a while!!!,2021-07-10T00:24:38Z,0,en,1
6dcd366c-d991-45be-801c-179e1aa36a11,whatsapp,primary_dataset,whatsapp,"Camera WhatsApp is uninstallable, can't fix it, has tried to delete the data and cache, and I try uninstall it still can't, and only the camera at WhatsApp is errr, I try camera on Instagram is still okay, but why is WhatsApp suddenly permanent errzoom itself can't be returned to the default suit please what'sapp development in the service of the U.S.A.",2021-07-09T22:37:50Z,442,en,1
86c2b309-35ab-4b3a-9df0-cc3017ad0dfc,whatsapp,primary_dataset,whatsapp,"For the millionth time my number has suddenly been blocked for vague reasons. while I feel like I've never violated the policy of whatsapp. I've already sent whatsapp questions by email but there's no clear response Please, don't let user apk whatsapp be disappointed!",2021-07-09T18:29:21Z,112,en,1
0b0183df-39ba-4dbd-abeb-b552cd09ccb0,whatsapp,primary_dataset,whatsapp,"fontcolor="" # FFFF00""whynowthe camerainstalled fontcolor="" # FFFF00""alreadyuninstallal fontcolor="" # FFFF00""alreadyuninstallal fontcolor="" # FFFF00""too. fontcolor="" # FFFF00""isremoved fontcolor="" # FFFF00""same fontcolor="" # FFFF00""the phoneisnotnormal fontcolor="" # FFFF00""alreadyrecordal fontcolor="" # FFFF00""whatsappendsup the solution fontcolor="" # FFFF00""howtomakethecambecamnormalal?",2021-07-09T15:47:01Z,778,en,1
b0454306-a0c4-4882-86ac-74ad3ed74847,whatsapp,primary_dataset,whatsapp,"Why is my number always blocked, when in my number there's a lot of data that matters, please policy from whatsapp apps.",2021-07-09T09:16:26Z,0,en,1
57426686-36c7-4035-a3d1-105ac500ab0d,whatsapp,primary_dataset,whatsapp,It's just that I started interacting with a variety of data and urgent information in this room.,2021-07-09T09:09:28Z,0,en,1
d77ea1fd-2154-4e34-b1d2-04797712626d,whatsapp,primary_dataset,whatsapp,Enable connection and turn on data,2021-07-09T08:17:57Z,0,en,1
4bda908e-8fbb-49cf-98d8-a90fe9aa8919,whatsapp,primary_dataset,whatsapp,"fontcolor="" # FFFF00""WA, now uploadingthevictim fontcolor="" # FFFF00""Wa fontcolor="" # FFFF00"" fontcolor="" # FFFF00""was fontcolor="" # FFFF00""installingtheinsttory, fontcolor="" # FFFF00""whentherecord'sgood fontcolor="" # FFFF00""butit'suploadedlike , fontcolor="" # FFFF00""dh fontcolor="" # FFFF00""dh fontcolor="" # FFFF00""dh fontcolor="" # FFFF00""dh fontcolor="" # FFFF00"" fontcolor="" # FFFF00"" fontcolor="" fontcolor="" # FFFF00""dh fontcolor=""dh fontcolor="" fontcolor="" # FFFF00"" fontcolor="" # FFFF00"" fontcolor="" fontcolor="" # FFFF00"" # FFFF00""emg fontcolor="" # FFFF00"" # FFFF00""E!",2021-07-09T01:21:33Z,0,en,1
4789d27e-a14a-4ecc-b026-fa72444b51c1,whatsapp,primary_dataset,whatsapp,"The camera suddenly zoomed in and couldn't zoom out, tried restarting the phone, uninstalled it and re-installed it, deleted the data on the phone too",2021-07-08T21:49:05Z,0,en,1
bdfdd0b0-c9c4-400a-b156-6559355d986a,whatsapp,primary_dataset,whatsapp,Why is whatsapp bad now? I can't send the video like it used to. And please reduce the data storage space.,2021-07-08T14:44:25Z,1,en,1
930664e9-3a8e-49a8-97f3-f1d33cf6eb89,whatsapp,primary_dataset,whatsapp,ALL ALMOST ALL MY DATAS YOU SEE WITHOUT THE IZIN,2021-07-08T08:34:31Z,0,en,1
b8c4dc76-53a3-46a2-b241-a2dddc093f26,whatsapp,primary_dataset,whatsapp,Whatsapp data update,2021-07-08T00:48:47Z,0,en,1
ea303f51-7bda-49f6-89ac-45974b368656,whatsapp,primary_dataset,whatsapp,"Why don't you make a status of whatsApp from the morning when you don't have a name to look at when you're not in privacy, but please fix it.",2021-07-07T17:43:36Z,0,en,1
8f42649d-6578-41d6-89d7-8bf400d03a9c,whatsapp,primary_dataset,whatsapp,"I'm sorry why what'sApp now can't use the notification tone using his own song, huh? Please fix the policy, maybe I'm not the only one who doesn't like it, either.",2021-07-07T15:10:24Z,5,en,1
4897116a-eac1-40a1-9a39-d0d2fc5a31fb,whatsapp,primary_dataset,whatsapp,"I don't know. Since there's a piece of facebook, it's not good to go to the block. I don't know.",2021-07-07T14:29:11Z,0,en,1
583852b8-39eb-4241-b3df-bad9a4d0409b,whatsapp,primary_dataset,whatsapp,"Applications often bug, whereas the data is active, the wifi is on but every chat or phone is unreachable. Notification does not appear. Must open the application first and then exit the notive.",2021-07-07T11:23:40Z,0,en,1
7363e3ff-2c8f-4219-b75c-a8c75778d1c7,whatsapp,primary_dataset,whatsapp,"fontcolor="" # FFFF00""Apknywhylikethis fontcolor="" # FFFF00""y?jdianold error fontcolor="" # FFFF00""dhopusalldata fontcolor="" # FFFF00""buthe errorrplongrepairny",2021-07-07T10:16:16Z,0,en,1
80e4b98a-1199-4298-95a6-287659b989cf,whatsapp,primary_dataset,whatsapp,Whatsapp applications are often lost on their own.,2021-07-07T05:34:12Z,2,en,1
102f6a39-0cfe-4cfd-b4f8-93435d31607c,whatsapp,primary_dataset,whatsapp,Trash caches Don't Merge Into Data... lt's Privacy So If To Remove Danger.,2021-07-06T21:37:39Z,0,en,1
800749c2-0f5a-4590-8247-08d56496009d,whatsapp,primary_dataset,whatsapp,"fontcolor="" # FFFF00""What'stheproblem fontcolor="" # FFFF00""I rarelyopenup fontcolor="" # FFFF00""uh fontcolor="" # FFFF00""2gb... fontcolor="" # FFFF00""please fixit",2021-07-06T20:20:22Z,0,en,1
9646db89-a1d5-40cb-9d7c-18841bde0e26,whatsapp,primary_dataset,whatsapp,One day whatsapp. I didn't have a text code coming in.,2021-07-06T06:24:39Z,0,en,1
9dd0bad5-81ba-415e-ba27-5e6408b9c2d4,whatsapp,primary_dataset,whatsapp,"Since joining Facebook, whatsapp has gotten worse.",2021-07-06T02:18:52Z,0,en,1
fcc05aef-7cff-49a6-88dc-9b031c22846b,whatsapp,primary_dataset,whatsapp,"Let's just say, if there's a number that lists with the same number as ours before (because we have the number before it but it's not on and we forgot the number but we've changed the number before) it's fix it not automatically come out, because it happens often and people's data can disappear, so please give the person who used the number before to change the number so the data won't be sad if it's like this",2021-07-05T22:25:48Z,0,en,1
a85d5c69-be98-4ebe-9ce0-e51f73f12eb8,whatsapp,primary_dataset,whatsapp,"Dear team whastapp I've been very disappointed since whastapp was held by Facebook, my account has been 7 times blocked easily hack into the team whastapp",2021-07-05T16:03:54Z,0,en,1
96348ec7-38ab-46bc-bfee-b618e56c88c2,whatsapp,primary_dataset,whatsapp,Notifications don't login should be in if new applications come text messages with calls.,2021-07-05T13:45:09Z,1,en,1
3cda48eb-7644-4a2e-b2dc-c6058eb63fd2,whatsapp,primary_dataset,whatsapp,"Klo send vidoe likes data corruption, which is good.",2021-07-05T11:31:17Z,0,en,1
dbf223f6-9867-4273-b9c7-8be29328c851,whatsapp,primary_dataset,whatsapp,"Why did my account arrive? ""Blocked it up. It's weird, you don't want to pack it.",2021-07-05T10:46:10Z,1,en,1
a1a5a267-2ced-49bd-901f-b6ed18d8c430,whatsapp,primary_dataset,whatsapp,"Why is my number back and forth blocked?!!! it's not clear that the policy is now, when I've never broken application rules, my 3 numbers are used and 3 numbers are blocked,",2021-07-05T09:51:10Z,3,en,1
923a2135-959b-4a33-893e-448701f7ddaf,whatsapp,primary_dataset,whatsapp,Privacy messed up,2021-07-05T09:21:41Z,0,en,1
6b0d5588-3093-464f-9df9-830964440488,whatsapp,primary_dataset,whatsapp,"It's easy to break into, but with a million people on it, it's a need..it's necessary to put yourself in an unsafe condition..if this is necessary it'll have good security, it'll be worth it..and i'm so pissed that i like to hack into people's accounts, it's good for you too..",2021-07-05T08:14:28Z,0,en,1
f44509b2-840c-4128-9f44-de9edde01a4f,whatsapp,primary_dataset,whatsapp,"You often bug the app, you have a sudden swelling 2GB / 1 GB while working hard to clear change with Chat weird, trust. In fie manager, there's no data.",2021-07-05T07:11:22Z,0,en,1
8b4a8f0d-45b8-4e9f-ae5a-7e4dec2cc9b8,whatsapp,primary_dataset,whatsapp,I'm so overwhelmed by the fact that there's a blockage of my life every day. I'm asking you to respect my privacy as an application for ruining my comfort in sharing the news with my brother.,2021-07-05T06:48:46Z,5,en,1
9e3a563e-55c3-4ec9-a15b-56f58c4e73b9,whatsapp,primary_dataset,whatsapp,"I wonder why my number is always blocked in one week, when I'm not committing any violations of whatsapp policy, MOHON PENCERAHAY...",2021-07-04T23:16:31Z,4,en,1
8b71df8a-4d1c-431f-a931-8dacad81891b,whatsapp,primary_dataset,whatsapp,I'm giving you star 1 because whatsApp is not very thorough and not very good at working. Why my mother's number is blocked and arrived for no apparent reason. Do you think it's possible to block my mother's number? It's not important that my mother never violated her privacy policy.,2021-07-04T22:02:09Z,3,en,1
6b723b9a-0bf2-4026-96bd-fb439443757a,whatsapp,primary_dataset,whatsapp,I'm sorry I gave you star 1 because whatsapp didn't work so well why my number suddenly got blocked when I didn't violate privacy policy. Please respond.,2021-07-04T21:57:55Z,0,en,1
28c0f3a4-bf42-42a2-af38-409f1076cf24,whatsapp,primary_dataset,whatsapp,"Late version of WhatsApp (2.21.12.21) can't restore local backup. I always use local backup whenever i migrate to new phones, or have just done factory reset. I know safely how to do backup WhatsApp data already used time, and with this meth i can play my 4 years WhatsAP Data. now i log to my account, my backup is not checked out. And log out what account iApp should long wait for wait for time.",2021-07-04T20:52:09Z,0,en,1
898c314d-cc18-45b9-8141-c4bda57e2b81,whatsapp,primary_dataset,whatsapp,My account is that the end of this bill is often blocked somehow until this application doesn't seem to keep us safe. ...the nehbapplication system is not available to users.,2021-07-04T18:13:24Z,0,en,1
b46dcc72-e55d-4b49-90cf-5034d9062eaa,whatsapp,primary_dataset,whatsapp,"Since joining Facebook whatsap is getting broken, accounts are easy to break into. Hacking is always like that.",2021-07-04T18:06:48Z,0,en,1
e279fa89-fa58-419d-bcbb-f0ea2fb8598f,whatsapp,primary_dataset,whatsapp,"It's terrible, my number has been blocked several times without cause for eight times. Although I've never used a wa mod or anything like that that can violate. Please whatsaap my old user, this has recently happened like this, my data and the content of my conversations are very important there. Please fix this, don't let us be disappointed as users.",2021-07-04T14:06:42Z,208,en,1
fd1a99f2-cc8f-4fa4-a15f-0aeedea2ac55,whatsapp,primary_dataset,whatsapp,"I often can't download documents, images, or the status wa, it says that downloads can't be completed when my network signals are fine I've changed the same cellular data can't be downloaded. There's a lot of storage.",2021-07-04T10:21:47Z,47,en,1
529044a4-94e7-4716-b86e-24fe9ff675af,whatsapp,primary_dataset,whatsapp,"fontcolor="" # FFFF00""againsttimesthis app!!!!!!!!!! it's sickII'venohighguard privacyovermyphones!!!!!!",2021-07-04T00:09:07Z,0,en,1
a720dda5-807f-4980-80e8-5bd19871f714,whatsapp,primary_dataset,whatsapp,"Where is Dev's policy? My account is suddenly blocked without cause, and I've never broken the rules of this application. Come on, please fix it, don't do nothing. Please open my block soon.",2021-07-03T14:17:39Z,1,en,1
11f5221c-d61f-4c97-b673-cd767d5280aa,whatsapp,primary_dataset,whatsapp,Do not use WhatsApp!!! I say apl WhatsApp is now weak!!! WhatsApp accounts can now be hacked!,2021-07-03T13:46:44Z,155,en,1
1b2c420a-aca0-4373-b319-8b47e096211d,whatsapp,primary_dataset,whatsapp,"fontcolor="" # FFFF00""timesinsenttochat fontcolor="" # FFFF00""but insteadcannotrepairthechat fontcolor="" # FFFF00""also fontcolor="" # FFFF00""noonecomesinafter cleardig data",2021-07-03T10:14:30Z,0,en,1
3d45502b-2aae-4606-9ab6-6591b6d030ad,whatsapp,primary_dataset,whatsapp,It's been two weeks. This application sucks. Send a message.,2021-07-03T04:36:23Z,0,en,1
c3c2f86d-8a0a-4196-944f-1c43d0989019,whatsapp,primary_dataset,whatsapp,"""Strange arrives"" lnsang all old backup data has gone all arrived""",2021-07-03T02:15:36Z,0,en,1
63a0b29b-ac90-4c34-b147-7fcf99e16584,whatsapp,primary_dataset,whatsapp,"Having been held by Facebook, whatsapp's security went bad. It's easy to hack, if you agree with the report people and there's more. My account was blocked because of the hack, the help from whatsapp put on the boots so it's hard to hold. Please return my whatsapp account or delete the account.",2021-07-03T02:13:36Z,162,en,1
0a3b78d4-80d8-4a10-9dfa-64c8f399359c,whatsapp,primary_dataset,whatsapp,"fontcolor="" # FFFF00""Abadapbajik... fontcolor="" # FFFF00""willyou do fontcolor="" # FFFF00""yes fontcolor="" # FFFF00""what fontcolor="" # FFFF00""willyou fontcolor="" # FFFF00""what fontcolor="" # FFFF00""what fontcolor="" # FFFF00""willyou fontcolor="" # FFFF00""you fontcolor="""" # FFFF00""will fontcolor="" # FFFF00""will fontcolor="" # FFFF00""will fontcolor="" # FFFF00""will fontcolor="" # FFFF00""will fontcolor="" # FFFF00""will fontcolor="" # FFFF00""will fontcolor=""will fontcolor="" # FFFF00""will fontcolor=""will font"" # FFFF00"" # FFFF00""will FFFF00""will FFFF00""will FFFF00""will fontcolor=""will FFFF00""will font""will FFFF00""will... font""will FFFF00""will font FFFF00""will... font""will fontcolor FFFF00""will font""ifsee FFFF00""when FFFF00""whenablock FFFF00""when FFFF00""when FFFF00""when FFFF00""ofablockblockblockblockblockablockablockablockablockblockblockblockblockblockblockblockblockdabblockdbarblockdabdbardbartheex FFFF00""theex FFFF00"" font FFFF00""dabdabdabdevillikelikeliketblock FFFF00""dabdabdabdabdabdabdabin FFFF FFFF00""why FFFF00""ofwhy FFFF FFFF00""ofwhy FFFF00"" FFFF00"" FFFF00"" FFFF00"" FFFF00"" FFFF FFFF00"" FFFF00"" FFFF00"" FFFF00"" FFFF00"" FFFF00"" FFFF00"" FFFF00"" FFFF00"" FFFF00""dabdabdabdabBBBBBBBBBBBBBBBBBBBBBBBBBBBBBBBBBBBB",2021-07-02T16:41:34Z,1,en,1
ea0054bd-58c6-44c2-8ca6-eea6cee8c46a,whatsapp,primary_dataset,whatsapp,It's bad when you remove the installation until you delete the data. Research still doesn't work.,2021-07-02T16:27:39Z,0,en,1
d1617f41-4494-4016-9c6c-aa7258ac33a3,whatsapp,primary_dataset,whatsapp,Has the user data started to sell yet?,2021-07-02T10:04:19Z,0,en,1
ee17aec6-f111-44d3-b393-8541b23cccd4,whatsapp,primary_dataset,whatsapp,Selling privacy data...,2021-07-02T00:55:42Z,0,en,1
ebdaeed2-58c8-4458-a619-8e53cc5ca66d,whatsapp,primary_dataset,whatsapp,"Wow, the device can see people's privacy, isn't it fair as we use wa ori directly from the palace, if it's already tar, I'll add stars, okay?",2021-07-01T19:08:21Z,0,en,1
f7096727-4fd5-43cf-8bf7-804d5b448505,whatsapp,primary_dataset,whatsapp,WhatsApp user's privacy is unsafe and vulnerable to hack.,2021-07-01T18:39:28Z,0,en,1
6d85a942-9152-4d63-afb8-1995aab6adcc,whatsapp,primary_dataset,whatsapp,Why do you use the data to be a disc... if you can use wifi... the problem is where is it?,2021-07-01T16:35:01Z,0,en,1
70ccb4e8-3737-4b5f-b57d-a0048fa03fd8,whatsapp,primary_dataset,whatsapp,Why don't I go back to reset? Where's any important data that hasn't been backed up. Please ask before resetting the user's permission don't reset it.,2021-07-01T10:06:02Z,0,en,1
f925bfa5-0c19-4d0e-97b4-9dde831f7fb9,whatsapp,primary_dataset,whatsapp,The same review as Facebook,2021-07-01T05:38:58Z,0,en,1
f67c591a-cacf-4c23-8174-c7b8a565675e,whatsapp,primary_dataset,whatsapp,My complaint after apdet wa went wrong and instead went down the chat without sending . hbis telp wa error as well. The data can't be in bad backup anyway. There are some important chats finally gone. Please fix them.,2021-06-30T19:43:01Z,37,en,1
e9d349d0-feb4-432c-bd14-d2afb1bb87e7,whatsapp,primary_dataset,whatsapp,It's bad if you don't have a data package and you can't even use it.,2021-06-30T14:02:17Z,0,en,1
2b836183-0623-459b-9f84-cae2cda4a22c,whatsapp,primary_dataset,whatsapp,"fontcolor="" # FFFF00""Astagfirullah fontcolor="" # FFFF00""Iinstallthis frommam sampakat atthistimeuninstalled fontcolor="" # FFFF00""whenmydatapacksaresomuch ,this iswhyyes fontcolor="" # FFFF00""so long",2021-06-30T11:47:15Z,0,en,1
eb43f452-29d4-4601-856a-3617607fc8fe,whatsapp,primary_dataset,whatsapp,"Why my friend's story in whatsaap didn't show up, whatsap i've updated, not even the ones who saw my story, not even the ones that looked at it, but my number was removed, not blocked or privacy.",2021-06-30T07:27:41Z,4,en,1
ff5d9466-e311-464e-af01-42b2b8b0971d,whatsapp,primary_dataset,whatsapp,"Can't save contact number already checked settings, still can't, finally delete data back to the original settings",2021-06-29T19:08:08Z,0,en,1
4a7b7f05-97f6-4f77-8d99-22a474b5a726,whatsapp,primary_dataset,whatsapp,"Don't go straight off an apl donk if you're out of pepper. If you're not broken and you're not new.sdkkn d in apl there's data"" important kt",2021-06-29T09:02:56Z,0,en,1
20b9649a-33d3-4a4a-b3af-6fb6834fc657,whatsapp,primary_dataset,whatsapp,It's so bad these two can't beat people if we're vidio kol data package.,2021-06-28T18:41:16Z,0,en,1
d88ee835-e73a-49b4-9070-c465dda8377e,whatsapp,primary_dataset,whatsapp,Why is my number blocked! Then twice change the number!!!! and I won't give anyone else thevertification code!!!!!!,2021-06-28T14:00:29Z,0,en,1
b4532636-b4fa-485d-8a07-c92fe1908dfa,whatsapp,primary_dataset,whatsapp,"Why is this, I was suddenly asked to verify and then exit the application, this can't go in, please there is important data",2021-06-28T13:22:49Z,0,en,1
67db7ae4-c828-4dfb-a79c-75f5cb89ed7f,whatsapp,primary_dataset,whatsapp,Keep up-to-date. You think you don't have the data?,2021-06-28T13:20:49Z,0,en,1
e3375eb2-8aea-4f47-b8cf-c59ccdb5ccbd,whatsapp,primary_dataset,whatsapp,"fontcolor="" # FFFF00""whyw often eror. fontcolor="" # FFFF00""surpriviouslyjam fontcolor="" # FFFF00""andnotablereceivesmessages. fontcolor="" # FFFF00""alreadyalot. fontcolor="" # FFFF00""toopenanother appstoo",2021-06-28T11:18:14Z,0,en,1
56b7e228-8f22-4c9a-8436-317dcedf8002,whatsapp,primary_dataset,whatsapp,It has to be on the data...,2021-06-28T10:43:48Z,0,en,1
509ba8a9-9b84-4fad-a740-39044906f77d,whatsapp,primary_dataset,whatsapp,"Time and again the number WA is blocked and WA support is not maximum in response and helps resolve. The user's privacy is also unprotected, when the number is blocked there are strangers who use it. This type of problem should be resolved quickly. Protect the user's privacy dong.",2021-06-28T06:39:20Z,0,en,1
ba59d41e-e07f-4d9d-a59a-1d0370ba95da,whatsapp,primary_dataset,whatsapp,"This application has had a lot of updates even once a week. But somehow every time I change my phone, I have trouble restoring my backup data, whereas I'm always backup first of course with my email connected to the Google drive. Before I change my phone, I'm having this problem all the time, and I'm always saying your backup account is not found.",2021-06-28T05:36:03Z,78,en,1
721f4d1f-f018-4512-b1a6-62c8bbd37318,whatsapp,primary_dataset,whatsapp,Can't be trusted anymore. Keeping the user's privacy.,2021-06-27T22:35:04Z,0,en,1
b9417230-88c9-4888-aad8-5e04e33766f9,whatsapp,primary_dataset,whatsapp,All the data I've deleted but I can't app wa?,2021-06-27T20:28:36Z,0,en,1
5625aaff-62cb-45c7-8dd8-46cbb4df8f42,whatsapp,primary_dataset,whatsapp,"Sis, do you have to use the data?",2021-06-27T19:05:48Z,0,en,1
c1c326e1-ea2a-493c-8ee1-62d445435116,whatsapp,primary_dataset,whatsapp,Lemod data network,2021-06-27T17:26:33Z,0,en,1
5f0c9978-bb5b-4d87-92b6-800d5e7fbbca,whatsapp,primary_dataset,whatsapp,It's not good to eat data d update on,2021-06-27T17:05:39Z,0,en,1
f4d1b074-7689-4b75-b080-068ef9d97230,whatsapp,primary_dataset,whatsapp,It's very difficult to verify data,2021-06-27T14:05:33Z,0,en,1
8d363e23-767b-4a5c-87bd-2f70db990cbf,whatsapp,primary_dataset,whatsapp,"The stupid app, it's not like I'm being blocked for no reason, it's not clear what I've broken, it's not even using an app, it's not even on the web, it's verifiative.",2021-06-27T12:22:52Z,1,en,1
d9d9fdc1-1964-4e2f-9dd8-376bf2694098,whatsapp,primary_dataset,whatsapp,"The data is so large, it consumes the storage space.",2021-06-27T08:59:56Z,1,en,1
51efd8a9-b97b-4205-a74c-28acdec7870e,whatsapp,primary_dataset,whatsapp,"It's weird, though. Data's off at spamm. Phone's not working. Data's on.",2021-06-27T06:33:52Z,0,en,1
c5907adc-1346-47f7-ba25-5f30eefcff33,whatsapp,primary_dataset,whatsapp,"I think that many of the users of this application are upset, starting with the blocking for no reason. Security and personal data are getting worried. And it seems that whatsapp is not very thorough in blocking some accounts. The end of the user of this application will switch to other applications with more secure privacy.",2021-06-26T23:54:21Z,0,en,1
b7c7926f-0ae4-4d9c-a09a-8d004d1c6588,whatsapp,primary_dataset,whatsapp,"The wa policy is one-sided, my number is blocked by 2x without knowing the cause. &lt;i&gt;The appeal is to use screenshoot evidence and others tttp blocked.&lt;/i&gt;",2021-06-26T18:18:09Z,2,en,1
88079685-c27e-4ddf-bd54-6d8083b8d8ce,whatsapp,primary_dataset,whatsapp,"My whatsapp number is blocked by 3x and now I can't log into my whatsapp account, honestly I'm very disappointed because in my whatsap account a lot of data"" important work, and now it's gone instantly.",2021-06-26T12:26:55Z,0,en,1
41740058-28c7-4dba-96f6-a75fdfc40bdf,whatsapp,primary_dataset,whatsapp,"Whatsapp's an emotional application, twice my account is blocked for no apparent reason, but I'm not violating the terms. So this dizziness is a lot of important data work in my WA. Please fix this problem so that loyal users whosepp are not disappointed & not switched to other applications.",2021-06-26T05:18:18Z,88,en,1
7c0467a6-249b-490b-9569-87bc397e2873,whatsapp,primary_dataset,whatsapp,"BUILT DEVELOPER TOOK TO THE FALL OF THE SOCIETY OF THE SOCIETY OF THE WHATSAPP DEVELOPMENTS, THE NORMOR THAT I'VE BLOCIFICED TO THE FITNESS OF THE BLOCIR OF THE WHATSAPP...",2021-06-25T23:08:12Z,1,en,1
1a4297be-c407-478f-a604-cee4f416c8dc,whatsapp,primary_dataset,whatsapp,"I'm giving a star one day, 'cause it's an APOCT BAKIN PURSING GAMNA TRYING MSA NW DIBLOKED DAH BUSET, GWlSIW WORKS ALL IN LGI, and there's responsibility for the apl side",2021-06-25T21:20:09Z,18,en,1
f015a330-6bb3-4adf-8654-4f6473e4b01d,whatsapp,primary_dataset,whatsapp,"Can't share okay, suck",2021-06-25T19:36:16Z,0,en,1
c833c213-5040-4f3d-8460-65407175c85c,whatsapp,primary_dataset,whatsapp,"WhatsApp I was in the blocker arrived how come I don't think I violated the policy please help twice today, please fix the system",2021-06-25T17:39:01Z,2,en,1
65297efd-91ea-488e-a1e8-52091d9b76a0,whatsapp,primary_dataset,whatsapp,"I'm sorry. Why is it that for two Masaager Samsung doesn't show up media, can't share video photo files and can't open files and always appear an unavailable format. That's why yes.... please policy from the authorities",2021-06-25T16:45:44Z,36,en,1
85cb264a-97f2-47d9-b700-aec4aa8533cd,whatsapp,primary_dataset,whatsapp,I couldn't agree more on my own data.,2021-06-25T15:07:38Z,0,en,1
ac5ee1d7-7c96-40dc-b868-64a33a366c70,whatsapp,primary_dataset,whatsapp,"I've used 2 factor verifications, but my Wa Number is logged in on another device and it's blocked, and it's already happened three times. Whatsapp doesn't protect user data? My belief in user protection is down.",2021-06-25T13:48:46Z,35,en,1
563874f1-bae3-47b1-b527-5964f0104b6e,whatsapp,primary_dataset,whatsapp,"If you want to share a post, can you choose the one you want?",2021-06-25T13:21:23Z,1,en,1
c4ff9ea9-7dd1-4b62-b76d-ba44a4b80ae7,whatsapp,primary_dataset,whatsapp,"It's ugly, it's a waste of data.",2021-06-25T12:13:35Z,0,en,1
9c68481b-b8fd-4024-89da-c267068b6f95,whatsapp,primary_dataset,whatsapp,"fontcolor="" # FFFF00""safe fontcolor="" # FFFF00""No fontcolor="" # FFFF00"" fontcolor="" # FFFF00"" fontcolor="" # FFFF00"" fontcolor="" # FFFF00""No fontcolor="" # FFFF00""I fontcolor="" # FFFF00""I fontcolor="" # FFFF00""regulated fontcolor="" # FFFF00""I fontcolor="" # FFFF00""ifIwanttogiveyou fontcolor="" # FFFF00""gave beguntogive fontcolor="" # FFFF00""acacacacabel font"" fontcolor="" # FFFF00""guabe suspect fontcolor="" fontcolor="" # FFFF00""I fontcolor="" fontcolor="" font"" # FFFF00""Igacacacacacacaube suspect font"" fontcolor="" fontcolor="" fontcolor="" fontcolor="" # FFFF00"" font"" fontcolor="" fontcolor="" font"" # FFFF00"" font"" font"" font"" fontcolor="" font"" # FFFF00"" fontcolor="" # FFFF00"" # FFFF00""d font""d fontcolor="" fontcolor="" fontcolor="" font"" # FFFF00"" fontcolor="" fontcolor="" # FFFF00"" fontcolor="" fontcolor="" fontcolor="" # FFFF00"" fontcolor="" font"" font"" # FFFF00"" font"" # FFFF00"" # FFFF00"" # FFFF00"" font"" font"" #"" # FFFF00"" font"" font"" font"" font"" fontcolor="" font"" fontcolor="" fontcolor="" fontcolor="" font"" fontcolor="" fontcolor="" font"" font"" font"" font"" font"" fontcolor="" font"" font"" #"" font"" font"" font"" font"" font"" font"" font"" font"" font"" font"" font"" font"" font"" font"" font"" font"" font"" font"" font"" font"" #"" # FFFF00"" font"" font"" font"" font"" font"" font"" font"" font"" font"" font"" font"" font"" font"" font"" font"" font"" font"" font"" font"" font"" font"" font""",2021-06-25T10:17:55Z,1,en,1
43f99070-d0bc-4bf5-8db5-f17e2c7ee269,whatsapp,primary_dataset,whatsapp,"Why is doc's video file the same as my business? Badly ajig, and why did the storage drive to the android>media and then the usual files with business cross all the data is important, so it's bad",2021-06-25T09:19:00Z,0,en,1
a19b537a-7ab1-4a6a-8963-ee88438ea52e,whatsapp,primary_dataset,whatsapp,"Disabled, sent video/drawed so long that I deleted data"" and downloaded it again, but it's the same thing, who doesn't get emotional.",2021-06-24T19:22:17Z,0,en,1
feb699b3-a9e3-4e56-aabc-4e5edf382506,whatsapp,primary_dataset,whatsapp,"Ko WhatsApp Number I was Blocked by Whatsapp, please help me I've never been blocked before, help her and help her!!!!!!",2021-06-24T13:00:05Z,33,en,1
7884a5e9-ee03-4130-ba26-b5d3766ebdde,whatsapp,primary_dataset,whatsapp,Why does the aplilation have to use the data? It has to be that mastenger system. We've been made easier.,2021-06-23T18:53:25Z,0,en,1
4fa03241-a051-4e83-bf80-250374f8c0de,whatsapp,primary_dataset,whatsapp,"I'm sorry. Change the number five in the block. The security system is fixed, what's going on?",2021-06-23T16:26:17Z,0,en,1
ac59740c-f347-4463-bc17-3feaa02d9935,whatsapp,primary_dataset,whatsapp,Phone numbers are always blocked for no reason.,2021-06-23T12:23:31Z,0,en,1
b2857a02-119b-474f-88e9-5dff03148535,whatsapp,primary_dataset,whatsapp,"Why did my number arrive? It's blocked, it's not in my room. It hasn't been that way in four days.",2021-06-23T02:30:36Z,0,en,1
0210edd9-5c0a-42fc-b558-3c27445c90d2,whatsapp,primary_dataset,whatsapp,Why now when opening the status must be downlad automatically....expend data packages,2021-06-22T14:15:03Z,0,en,1
bb2e8949-23e6-40fb-b5d6-96af9be2b055,whatsapp,primary_dataset,whatsapp,"Hey, whatsaap. Today I've listed three numbers and all the blocks, I don't think I've broken any rules. And I don't know where I went wrong.",2021-06-22T12:35:28Z,240,en,1
73eb8607-f52a-4721-9530-aa551df34d54,whatsapp,primary_dataset,whatsapp,"It's always blocked so suddenly, Alesa is breaking policy, and my number is not even related to the organization.",2021-06-22T02:53:16Z,0,en,1
e0f5dfb3-efb0-430e-a69b-1c3aad48dd4f,whatsapp,primary_dataset,whatsapp,"Whatsapp's been bad since his shares were in Facebook. once blocked, once removed, a lot of chats from foreign numbers.",2021-06-22T02:00:21Z,0,en,1
dd06b11d-7c7e-4b45-ac52-6051977df0f6,whatsapp,primary_dataset,whatsapp,"I'm sorry I turned a 5 star into a 2 star, because a lot of my friends who were suddenly blocked by WhatsApp.",2021-06-21T21:27:31Z,88,en,1
bf9a0107-350a-40bd-8156-1014eee41017,whatsapp,primary_dataset,whatsapp,"As a result of new policy on privacy this application is prone to hackers. What if others have a low-income fund as a result of data transfers to Facebook and from fb leaks it can be drained that balance is a huge impact, sure a data deposit to FB Aman??",2021-06-19T22:33:54Z,0,en,1
5a1450ef-1021-4cc8-9187-df53eb960b0e,whatsapp,primary_dataset,whatsapp,"No privacy, easy to tap.",2021-06-19T20:43:42Z,0,en,1
24112042-5005-4cdb-b432-c76be04e7e8b,whatsapp,primary_dataset,whatsapp,"Please let the backup media recover using data. Don't use wifi, it's difficult.",2021-06-19T19:26:17Z,0,en,1
d1125c4c-3c36-4ed0-9e51-cd33194d11b4,whatsapp,primary_dataset,whatsapp,"Some are aware of no changes from W.A. Now, where the folder for the data does not exist. The data file that we received either photos or other mail data is no longer in the data folder.. and that folder no longer exists in kt phone memory.",2021-06-19T15:57:08Z,0,en,1
181deac2-2d26-4086-8e52-39362f2887fe,whatsapp,primary_dataset,whatsapp,Crash While receiving call. Did clear data. Reinstall. Problem still exists,2021-06-19T10:17:52Z,0,en,1
f8f6af4c-98d3-42b5-800c-011c3699c9b8,whatsapp,primary_dataset,whatsapp,Why do I get blocked so often? Please keep the policy.,2021-06-19T00:05:59Z,0,en,1
4b0aebab-d998-4383-81c0-63807d72698f,whatsapp,primary_dataset,whatsapp,I love this app because it's fast and data-saving.,2021-06-19T00:02:08Z,0,en,1
b3759c97-1e18-45ca-89e5-ec26fb92bc37,whatsapp,primary_dataset,whatsapp,"Mr. Developer, I'm sorry I edited it to star 2, because I used it to wear it to the library today.",2021-06-18T20:10:56Z,12,en,1
d9a386b1-c2d0-427b-a29b-b0470484c33d,whatsapp,primary_dataset,whatsapp,Wa plus feature store data on sd dong so that the small internal phone can fit,2021-06-18T01:17:03Z,0,en,1
9db95402-ad1a-479d-9e71-05d11890937c,whatsapp,primary_dataset,whatsapp,"Number too often blocked by Whatsapp for vague reasons, and without any grounding alone playing block... please improve privacy and policy.",2021-06-18T00:50:46Z,2,en,1
c5958279-c4d6-4ba0-87f3-7b8e3d83c0c5,whatsapp,primary_dataset,whatsapp,"Why is the application so big so fast now, just a few days later deleted data for 5 gb, not so long ago",2021-06-17T17:09:10Z,0,en,1
f442d49d-3a9d-43d6-8cd8-8cd061f2eaa8,whatsapp,primary_dataset,whatsapp,How to get Michael Jackson you cave subscribe to this post to Twitter share to last. Here's a sense of season of your friends like this page and web.,2021-06-17T16:39:02Z,0,en,1
6df52028-1cfe-4e9d-ad34-e72577208de7,whatsapp,primary_dataset,whatsapp,"fontcolor="" # FFFF00""the datacameup""",2021-06-17T14:04:03Z,0,en,1
bef0caf6-72ea-464d-aaa5-467f2c8ce797,whatsapp,primary_dataset,whatsapp,Data leak,2021-06-17T11:47:57Z,0,en,1
eb47a595-9d5b-4844-8500-f4ee3c690404,whatsapp,primary_dataset,whatsapp,"3 times suddenly wa error continues, reset. The data hasn't been blocked in backup. And it can't be recovered!!!!!!",2021-06-16T23:03:49Z,0,en,1
24248e37-62af-4c2c-b857-5a27a2e1b7d8,whatsapp,primary_dataset,whatsapp,"Please keep it tight, because there's a lot of data from the watsapp app.",2021-06-16T20:44:33Z,0,en,1
fed4f32e-9fb5-4454-923c-eeab78eb2178,whatsapp,primary_dataset,whatsapp,"Since the updates of so many spam numbers have appeared, it's disappointing that you're selling customer data. #Stop wearing Whatsapp",2021-06-16T16:26:15Z,0,en,1
f50ea452-e952-4e21-aa03-922de2e003ad,whatsapp,primary_dataset,whatsapp,My number is blocked suspected of downloading with whatsapp third party.,2021-06-16T09:44:58Z,42,en,1
b9764bc8-041c-4898-8c15-c236a9581439,whatsapp,primary_dataset,whatsapp,I can't updata WhatsApp,2021-06-15T23:03:16Z,0,en,1
d5705081-a252-4b0c-8e11-9bee50b0a66d,whatsapp,primary_dataset,whatsapp,"What I didn't like was my order. 17000 marks. When I came, I paid 85 thousand B.C. alone.",2021-06-15T22:12:32Z,0,en,1
94877c0c-6739-4376-a40b-771354f24391,whatsapp,primary_dataset,whatsapp,"Why does the app come out so often itself, it doesn't make its story' song, in which it makes the buyer come, what if the story's romantic? The picture's beautiful.",2021-06-15T21:24:30Z,0,en,1
f3078e2b-6eba-497a-b784-7bd1be6c3ee3,whatsapp,primary_dataset,whatsapp,It's easy to hack and security is very low. Can't keep privacy.,2021-06-15T17:57:40Z,0,en,1
109befcc-d706-49d2-8b94-05328a762c84,whatsapp,primary_dataset,whatsapp,"If there's a call, there's always no way to get in, when there's lots of live data.",2021-06-15T14:34:36Z,0,en,1
a756929f-7ce5-4f2a-9c73-386573b17fb4,whatsapp,primary_dataset,whatsapp,"Bad!!! my number 2x is blocked for no reason. I as a student am bothered by all these actions. Data and chat history are always missing has not been provided yet. and I don't feel like doing anything to cause whatsips, anyone else feels wrong.",2021-06-15T13:18:09Z,0,en,1
3fd8fc5a-2e50-4b02-bee8-e706264f8cdd,whatsapp,primary_dataset,whatsapp,"Why is whatsapp me?? Ready to update the front camera whatsapp not being able to complete the screen. The data is all gone, too.",2021-06-14T21:27:08Z,1,en,1
c7ad9fac-9819-4903-9988-a0dbe769846d,whatsapp,primary_dataset,whatsapp,Data usage no problem,2021-06-14T16:24:22Z,0,en,1
a86bd06a-bb1e-4b73-a3fa-ee5c22011df1,whatsapp,primary_dataset,whatsapp,"Why I was blocked all of a sudden, it's very damaging, all my work data is gone.",2021-06-14T13:42:44Z,1,en,1
dfad65bc-2202-474a-846e-5c1ccb0afec4,whatsapp,primary_dataset,whatsapp,My personal data is tainted How can this be,2021-06-14T12:44:25Z,0,en,1
dd902555-50fd-4584-8781-331a4d96a5be,whatsapp,primary_dataset,whatsapp,"fontcolor="" # FFFF00""what if I can't do it twice fontcolor="" # FFFF00""changethenumberstep isblockedalso fontcolor="" # FFFF00""Idon'tuseaw gb orsomething fontcolor="" # FFFF00""pleaseresponsivelotsof importantdatain wa",2021-06-14T10:35:51Z,0,en,1
01ed9043-3ad5-4a7c-a667-981e3f2a9a94,whatsapp,primary_dataset,whatsapp,"Since under whatsapp's Facebook cover, my number is blocked and can't be used for school purposes.",2021-06-14T09:44:56Z,0,en,1
021c53ca-58eb-4e3b-b3b6-03eea696fc29,whatsapp,primary_dataset,whatsapp,My data came through.,2021-06-14T08:47:55Z,0,en,1
8f7355fd-fa77-432e-8d25-dee111f741ad,whatsapp,primary_dataset,whatsapp,It's not like whatsapp used to be strong. It's not like whatsapp used to be data-saving.,2021-06-13T18:31:48Z,0,en,1
f519e887-4a8d-4e90-8387-d10d66cc6653,whatsapp,primary_dataset,whatsapp,"I swear to God, without knowing what the cause is suddenly blocked, to use the old number. The new number is blocked. All of you, please increase the privacy of the user.",2021-06-13T12:32:43Z,0,en,1
21196712-a55f-4cb1-b615-8926a8fc00bb,whatsapp,primary_dataset,whatsapp,"Could not use wa, although data packages are still 6.33 GB",2021-06-13T08:05:05Z,0,en,1
b55a9ba0-20bc-4c8d-91ef-d1c49bacd80a,whatsapp,primary_dataset,whatsapp,Why don't you check out the privacy snap wa but you can still see what people are up to?,2021-06-12T18:47:08Z,0,en,1
b828fbe7-c769-42dc-a364-027842d4afab,whatsapp,primary_dataset,whatsapp,I've supplied the data but can't restore.,2021-06-12T18:06:24Z,0,en,1
c7b83081-f243-45e5-bcbe-0c551a5402c6,whatsapp,primary_dataset,whatsapp,"fontcolor="" # FFFF00""AdminWA fontcolor="" # FFFF00""helpallmymessages return, fontcolor="" # FFFF00""there'saphonetoresetreme error fontcolor="" # FFFF00""all thedminWA fontcolor="" # FFFF00""howtoreturnit?",2021-06-12T17:08:44Z,0,en,1
d99835e7-a836-43db-8399-660d8a1999f5,whatsapp,primary_dataset,whatsapp,"Min, please tighten the privacy of people who can see my story even if they're in privacy.",2021-06-12T10:58:44Z,0,en,1
03dd7971-be07-42a4-872b-7cc555e9cc11,whatsapp,primary_dataset,whatsapp,"Since it's bought facebook, it's been a broken application.",2021-06-12T10:28:56Z,0,en,1
bfdb700a-71c8-42bd-829b-59fb98d8aeb7,whatsapp,primary_dataset,whatsapp,OIWA GW BLOWS THE GAW GAW GAW GUINE TEAM THERE'S A JOTIF WAS INTERESTING THE GOVERN GUEST OF THE GAW GWW GLO DATA KALO DAW,2021-06-12T02:20:35Z,0,en,1
d303c04c-4c15-496b-aca8-991a9347f18c,whatsapp,primary_dataset,whatsapp,"This is why it came"" is blocked my number. &lt;i&gt;Please turn my number back on.&lt;/i&gt; &lt;i&gt;Uninstall it again, install it again for a long time.&lt;/i&gt; &lt;i&gt;I don't want to walk.&lt;/i&gt; &lt;i&gt;What is wrong with you!!!!!!!!!!!",2021-06-11T22:31:23Z,48,en,1
678d5855-c283-4c10-930f-3a1be03db411,whatsapp,primary_dataset,whatsapp,"For privacy and security is still less tight, it can still be breached. A.K.A. hacked.",2021-06-11T21:53:08Z,0,en,1
ac60bfa0-6dab-415d-b4d7-8105ae8c2e61,whatsapp,primary_dataset,whatsapp,"As a matter of fact, I've never broken whatsapp's terms, but I've been blocked twice whatsapp recently.",2021-06-11T21:33:57Z,154,en,1
fc462f50-1d8c-4066-ac62-ec36cc9b3d6d,whatsapp,primary_dataset,whatsapp,All of a sudden the numbers are blocked while always using official applications & don't feel like violating policy. Confused to report where. Twitterer and facebook no response.,2021-06-11T13:34:15Z,1,en,1
4e742adc-0825-44f5-8363-6335a08e8954,whatsapp,primary_dataset,whatsapp,"I don't know, I was wearing a new number, suddenly blocked by whatsapp.",2021-06-11T13:07:43Z,4,en,1
41898da2-e60b-49be-addf-e9438eeadbfe,whatsapp,primary_dataset,whatsapp,No privacy_frequently update instalan but not quality. line only,2021-06-11T06:26:42Z,0,en,1
d732799f-26b2-4543-a877-5d2f1ca07998,whatsapp,primary_dataset,whatsapp,"My data's all wiped out, just a concussion virtex.",2021-06-10T23:14:08Z,0,en,1
c9915cf6-97d7-4978-91d3-7116df1bbc94,whatsapp,primary_dataset,whatsapp,keep my privacy,2021-06-10T21:12:28Z,0,en,1
6f4aa975-6fa2-473c-b393-366a775b558f,whatsapp,primary_dataset,whatsapp,Whatsapp since the same Facebook hack has been on and on and on and on and on and on and on and on and on and on and on and on and on and on and on and on and on and on and on and on and on and on and on and on and on and on and on and on and on and on and on and on and on and on and on and on and on and on and on and on and on and on and on and on.,2021-06-10T16:48:02Z,0,en,1
d68c9928-9cdf-4316-9a7a-331c6b4dbfa6,whatsapp,primary_dataset,whatsapp,Don't violate privacy,2021-06-10T12:27:52Z,1,en,1
714f146d-1266-42a9-8564-bcf01a093018,whatsapp,primary_dataset,whatsapp,If you want to share a video of its duration in the story wa can't automatically we have to manually set its own duration,2021-06-10T10:26:48Z,0,en,1
556ee259-3e2d-41a4-8546-c0ced5a27823,whatsapp,primary_dataset,whatsapp,Create continue path share error,2021-06-10T09:37:10Z,0,en,1
ecd7c455-0d74-4f2a-ba6e-a0943d61657c,whatsapp,primary_dataset,whatsapp,"The notification is sometimes not real time. The profile photo is often invisible to images, which have been installed or replaced, alias is not deleted. The quality has decreased since new policy.",2021-06-10T05:40:56Z,0,en,1
3d04a295-0bc4-482d-a6df-c89402ee4965,whatsapp,primary_dataset,whatsapp,"Well, if the app is ok, but there's a lot of updates, and it looks like there's often updates like Facebook and mesenger, if I think it's the same as coercion, we don't want to update because we're tied to this app.",2021-06-09T20:27:51Z,6,en,1
fd1968a4-f84a-465c-b3cb-ce80452cd708,whatsapp,primary_dataset,whatsapp,Can't keep people's privacy. &lt;br /&gt;The deleted SW can still be seen by other people with WA MOOD apps.,2021-06-09T10:55:55Z,0,en,1
6fae4d28-85d7-4ab7-8c43-5ab953a4df75,whatsapp,primary_dataset,whatsapp,"My account arrived at 7:20 p.m. when I didn't use the 3rd application. 0 is still in use, after I got back on the morning of 07:20 09/2021 can't and there's no way that my account arrives"" in the block.",2021-06-09T08:37:58Z,0,en,1
1fe4618a-d1a7-43b2-8074-1b086a550be6,whatsapp,primary_dataset,whatsapp,"Already updated, but when used for shared info always appears the application's notives stopped.",2021-06-09T05:27:04Z,0,en,1
2d580346-90ae-4566-b429-85a0cd606531,whatsapp,primary_dataset,whatsapp,"Bug, my data went missing suddenly... how do I get it back?",2021-06-09T00:44:10Z,0,en,1
d7c35287-ca5e-404f-bb46-a52bae522c4c,whatsapp,primary_dataset,whatsapp,"The longer it gets worse, the 40% contact is still using this apk, wait 20% longer to get out and be ready before personal data is for sale.",2021-06-08T23:10:20Z,0,en,1
48a517b6-3634-48e5-96f0-22a478a6b198,whatsapp,primary_dataset,whatsapp,Why no knowledge has agreed to privacy in my wamin? I'd agree to privacy. But there's no surveillance yet.,2021-06-08T19:11:32Z,0,en,1
ccbfd9de-6875-49c1-967e-f65c84939cfc,whatsapp,primary_dataset,whatsapp,"Since its acquisition with facebook, whatsapp has gotten worse and worse.... a lot of inconceivable rules...!!!! No WhatsApp for Tomorrow!",2021-06-08T18:38:04Z,0,en,1
d970efa0-2cbc-486e-9bd6-862bd84212fe,whatsapp,primary_dataset,whatsapp,"Please immediately eliminate user apclication wa mod, because illegal Whaatsap has disturbed user whatsap/disrupts Wa legal privacy section.",2021-06-08T15:55:38Z,0,en,1
820f21e5-7ce1-4948-946e-133e1089d771,whatsapp,primary_dataset,whatsapp,"Please for whatsapp remove the racist/sarad, please respond to whatsapp. Add a theme feature for user wa mod to move to wa ori",2021-06-08T13:23:15Z,0,en,1
13ca13bc-b3f7-4a45-a855-758889efc8bb,whatsapp,primary_dataset,whatsapp,Privacy Fixation,2021-06-08T11:31:00Z,0,en,1
00a85c39-77d9-4d91-bea9-792648a7aeb3,whatsapp,primary_dataset,whatsapp,It's bad..what's going on in such a way that the phone number from the phone is missing / know / hearts it's a data robber! name. account I'm the one who's missing,2021-06-08T09:56:12Z,0,en,1
a32fd905-c52f-4ed6-84fb-e926a24e46e0,whatsapp,primary_dataset,whatsapp,So disappointed now that we can't afford to go down.,2021-06-08T06:33:14Z,0,en,1
492d4e60-90c2-4894-b289-85dd54c6937b,whatsapp,primary_dataset,whatsapp,"I used Internet data using one of the most popular cards in Indonesia, but now when there's a wa in, it's not a notice so that people who chat or call through this APK are thought to be inactive until now have no solution.",2021-06-07T14:59:44Z,0,en,1
154d96de-8455-4211-9b98-96d585cce95f,whatsapp,primary_dataset,whatsapp,"Please whatsapp, put a Chat Restoration feature in the setting, because there's no such feature. My chats are gone, although my database chat files are in internal storage.",2021-06-07T14:09:39Z,3,en,1
9a4de00c-f7b4-4732-8477-cccc42ed21e1,whatsapp,primary_dataset,whatsapp,Hi wa thank you for your painful service service that doesn't block people who share virtex/virus and block my no wa who only share fake groups and unsupported letters should there be a warning for years using a nice apk,2021-06-07T12:19:49Z,6,en,1
5ba077c2-8cfb-471f-b3ce-4e9a0803b41e,whatsapp,primary_dataset,whatsapp,lack of privacy,2021-06-07T11:21:38Z,0,en,1
ff389288-f37a-4bd2-ac61-d967cabf6c8b,whatsapp,primary_dataset,whatsapp,"fontcolor="" # FFFF00""Apkwhatthis fontcolor="" # FFFF00""packsmydata fontcolor="" # FFFF00""lotsogood fontcolor="" # FFFF00""butstillsomechat",2021-06-07T10:55:19Z,0,en,1
bcfcb9b4-d3fc-4fa7-a8c1-43b0d21a6915,whatsapp,primary_dataset,whatsapp,"Why don't I see the file manager, or if there's a file manager, or if there's a manager's file, or if there's a manager's file, or if there's a manager's file, or if there's a manager, or if there's a manager's file, or if there's a file, or if there's a manager, then there's gotta be a reinstall of WA Trs d install again. Then there's another couple of hours later gone again, hp sudh syret and then the software re-up version y is still the same. There's still a solution. (A11) sblum y.",2021-06-07T09:48:33Z,2,en,1
5b919bba-5d57-4f4d-8f25-5193e4b7011c,whatsapp,primary_dataset,whatsapp,Long time ago this app was bad info there was a gc waste of data and battery .jirr..,2021-06-07T00:44:36Z,0,en,1
ea9d911a-269f-49b2-870c-60e4a7a45bd2,whatsapp,primary_dataset,whatsapp,"Data stealer, dont use it",2021-06-06T21:23:18Z,0,en,1
ccc4e6c2-4ba2-437d-8295-71487ec472fd,whatsapp,primary_dataset,whatsapp,Unlike BBM whats up many less like sharesharean which is piled up in grub,2021-06-06T20:36:39Z,0,en,1
409533d6-60ac-48f5-b317-25a7bea31a88,whatsapp,primary_dataset,whatsapp,Bad privacy policy,2021-06-06T19:28:44Z,0,en,1
6064c758-e4eb-4a2c-8b26-b22eb9339dcb,whatsapp,primary_dataset,whatsapp,Can't restore local files anymore.,2021-06-06T16:57:01Z,0,en,1
b059f9ca-3bea-4cf0-9afd-22ef3d46fc8f,whatsapp,primary_dataset,whatsapp,Assalamu'alaikum warmatullahi wa barbaratu my full name is accursed abdhilah can also be called stipendah naya not mock and mock only after downloading it a few days why don't download it again? I'm sorry if I didn't satisfy your army,2021-06-06T15:07:25Z,0,en,1
c5b7bffd-bde3-4a9e-8f65-e4ef14f5b26a,whatsapp,primary_dataset,whatsapp,"You can't download it, you can open it, you can open it, you can't open it, you can't open it, you can't open it, you can't open it.",2021-06-06T12:57:38Z,0,en,1
1c83b4f3-07ba-425a-a48e-9ba050e77773,whatsapp,primary_dataset,whatsapp,"But since people at work use WA more, you know what else to do.",2021-06-06T12:33:46Z,8,en,1
be4635b6-d197-4d66-b808-304843adba1a,whatsapp,primary_dataset,whatsapp,Privacy,2021-06-06T12:32:25Z,0,en,1
1c2f4846-d456-46e0-89a1-987ab83a55b5,whatsapp,primary_dataset,whatsapp,Wes wasn't where the memory wasn't enough to update... if you needed to text me directly or call me..if you could just come straight home..talk more.. good...,2021-06-06T12:17:59Z,3,en,1
280336ac-24eb-4cd3-95f4-6c6c9e065127,whatsapp,primary_dataset,whatsapp,Due to privacy policy,2021-06-06T00:06:54Z,0,en,1
a943c68e-dee9-46ea-bd82-8aedcb8e3727,whatsapp,primary_dataset,whatsapp,I don't know if every time you want a data cream or a file likes to go outside...,2021-06-05T19:52:35Z,0,en,1
07a13a2c-736a-4b01-a0aa-62f4bf5cf01f,whatsapp,primary_dataset,whatsapp,Whatsapp is easier to say than to spread like facebook..jd is safer to cross the account,2021-06-05T17:03:09Z,0,en,1
a76b76b2-bba3-435b-a50e-8e9248cd6832,whatsapp,primary_dataset,whatsapp,"I can't keep my privacy, but now security is getting less and less and more privacy is still to be seen.",2021-06-05T16:07:21Z,5,en,1
1b75f3fa-f6d0-4589-acff-8aa9ef72ca5c,whatsapp,primary_dataset,whatsapp,"Good Masengger, even if the application is erased, still the data is stored in a different form. WhatsApp recovers the message. It's hard to use the number that WhatsApp is active.",2021-06-05T13:36:28Z,0,en,1
fdbffb3e-0ad3-4c72-acb5-4db199c848e6,whatsapp,primary_dataset,whatsapp,"No, I was suddenly blocked by whatsApp when I never violated WhatsApp's policy.",2021-06-05T12:21:38Z,8,en,1
8d0d434e-c532-43fa-bc37-a9e93d60da1b,whatsapp,primary_dataset,whatsapp,"Even worse now, since he bought Facebook, look at that FB shit, now WA is ugly.",2021-06-05T11:14:43Z,2,en,1
3bf24f05-013e-47e9-8997-c16be5251dd8,whatsapp,primary_dataset,whatsapp,What's more fun whatsapp I think his privacy is more awake.,2021-06-05T10:59:13Z,0,en,1
3103a10b-619b-40e1-9b68-938c13e64aa0,whatsapp,primary_dataset,whatsapp,Sharelocked often can't,2021-06-04T20:59:49Z,0,en,1
9cb461f3-9e44-4901-a227-15191a8a0d5d,whatsapp,primary_dataset,whatsapp,Why is it that after an update on whatsapp's files in the manager's file folder suddenly went over and fixed it so the picture can't go into the gallery can't be accessed at all it's an exclamation mark because there's no data,2021-06-04T20:57:04Z,2,en,1
60cc8628-3765-421d-b01f-fbca0a3243d3,whatsapp,primary_dataset,whatsapp,I don't know if you like to delete the message yourself and delete the data.,2021-06-04T19:30:01Z,0,en,1
8585bcfb-a121-424b-9700-c5be445a8ef3,whatsapp,primary_dataset,whatsapp,"Moonmap, kok I w'a her verification code Mrs GK came"" ya to text her, call her as well",2021-06-04T12:47:49Z,0,en,1
36851f0b-66f6-4b50-a396-efaa9c109ee5,whatsapp,primary_dataset,whatsapp,Cave data exhausted:,2021-06-04T11:58:08Z,0,en,1
95822320-7eef-45bd-b82a-8533f1418554,whatsapp,primary_dataset,whatsapp,"Hello, excuse me, introduce my self. My name is Chamemsuu, I'm Indonesian. I have a problem about WhatsApp recovery.",2021-06-04T09:53:39Z,0,en,1
993ca920-5086-41a7-946d-ba0405598978,whatsapp,primary_dataset,whatsapp,How are we supposed to get back to the chat room after you've asked for recovery? There's a lot of privacy chatter missing.,2021-06-04T05:35:31Z,0,en,1
fd74a0fb-2253-4d6e-a95a-bcecfdb5941e,whatsapp,primary_dataset,whatsapp,It's not funny. I'm installing this application because I really need to study.,2021-06-03T21:50:18Z,0,en,1
169e3a45-c02c-4563-89a6-31513eb42c12,whatsapp,primary_dataset,whatsapp,"fontcolor="" # FFFF00""ocannothave achat fontcolor="" # FFFF00""yestimetime fontcolor="" # FFFF00""this internetconnectionhad alreadyusedthe WiFi fontcolor="" # FFFF00""stillbe weird fontcolor="" # FFFF00""wawasdisappointed fontcolor="" # FFFF00""I",2021-06-03T20:54:17Z,0,en,1
74e19963-5e8b-4860-9555-b209c07ec4b5,whatsapp,primary_dataset,whatsapp,"WHEN THE VIDEO SHARE IN STATUS WHATSAPP, THE VIDEO'S VOICE IS ALONE AND ERROR.",2021-06-03T16:40:48Z,0,en,1
d5b2f399-a682-4eac-8eea-45ab443c0a32,whatsapp,primary_dataset,whatsapp,Disapproving to new policy,2021-06-03T11:06:35Z,0,en,1
0941e46a-84d3-487e-a11d-3f944aefdb49,whatsapp,primary_dataset,whatsapp,Suddenly the number blocked doesn't know what the problem is when the data in my wa is very important.,2021-06-03T10:55:46Z,1,en,1
6a30f587-fb43-494c-bf2b-fda1b1dae328,whatsapp,primary_dataset,whatsapp,"Dangerous defense chat apps and firewalls are vulnerable hackers, lots of whatsapp users, especially whatsapp doesn't respect user privacy rights, let's rate 1.",2021-06-03T08:01:54Z,11,en,1
85646523-33e1-4e2e-90a2-3bccffb2c625,whatsapp,primary_dataset,whatsapp,Why is my account suddenly blocked with WhatsApp when it doesn't violate whatsapp policy?,2021-06-02T21:19:18Z,0,en,1
10c546ba-4eda-4a91-9a6a-83391669aa85,whatsapp,primary_dataset,whatsapp,"It's good, it's going down to one star, it's going to Telegram, it's going to be more private.",2021-06-02T21:07:11Z,0,en,1
afec75c6-959d-43e7-9183-cda1fde96483,whatsapp,primary_dataset,whatsapp,"Whatsapp party I beg you to explain my error until my number is blocked by whatsapp, and my number cannot enter whatsapp app, while I am not doing the same mistake as whatsapp policy.",2021-06-02T16:58:49Z,0,en,1
d89e67ab-d739-4143-a197-543c1187e7b4,whatsapp,primary_dataset,whatsapp,"Frequently err, the more bizarre the policy",2021-06-02T15:41:17Z,0,en,1
18fc5e7c-9164-4e95-b81b-17f13f37fbf5,whatsapp,primary_dataset,whatsapp,Hopefully no data leak,2021-06-02T15:33:36Z,0,en,1
a71c4540-2ed3-4ad6-896e-e5ab95265fa9,whatsapp,primary_dataset,whatsapp,Why so many numbers are permanently blocked when Era 5G is coming up with more advanced message services.,2021-06-02T11:56:46Z,0,en,1
525b7329-12d3-4778-9a2c-104921c1f3e1,whatsapp,primary_dataset,whatsapp,Missing privacy policy,2021-06-02T10:50:25Z,0,en,1
3d4e0a63-d8ea-4ab4-a83f-0e8973e55596,whatsapp,primary_dataset,whatsapp,The period of status updates in privacy is still visible to people,2021-06-01T22:22:24Z,0,en,1
cf2c1b45-f5c2-4197-812a-ed62dc31b326,whatsapp,primary_dataset,whatsapp,Restoration of GK data is deprecated,2021-06-01T21:16:51Z,1,en,1
d5b4a3f1-7b5b-44e5-a067-c7eb9cb0b320,whatsapp,primary_dataset,whatsapp,"For chats or sending files is okay. Only incriminate is too many updates. If it's expired, it can't be used. For mobiles that have small storage, it's hard.",2021-06-01T20:35:37Z,238,en,1
acb837dc-1d3d-4059-8d56-3a5db8e072b5,whatsapp,primary_dataset,whatsapp,It's hard to update and vc's often checketed up to the hbs batre and now more if you don't open the chats people can't get in when you don't turn off the data,2021-06-01T20:00:49Z,0,en,1
e58ac265-55a8-43af-b113-b30a32a0ed02,whatsapp,primary_dataset,whatsapp,The application's share permit,2021-06-01T18:50:33Z,0,en,1
a8976ccd-77f7-43c4-8724-df4c0996e3c0,whatsapp,primary_dataset,whatsapp,Many apdets keep data so lost,2021-06-01T16:48:18Z,0,en,1
a5c90dfd-74f0-440f-a964-057b6d2a9926,whatsapp,primary_dataset,whatsapp,Hanakaki taekmichi Facebook I'm looking for someone who read it,2021-06-01T15:57:31Z,0,en,1
c285861f-372f-4d69-99f6-fda409e516b0,whatsapp,primary_dataset,whatsapp,Shareloc often acts out on target.,2021-06-01T12:18:40Z,0,en,1
32e1eecb-e876-4a0e-9dfd-cc36b9eb2e84,whatsapp,primary_dataset,whatsapp,Max updates... and data still can't be saved to sdcard.,2021-06-01T10:51:15Z,1,en,1
3cc54403-40ee-4981-a16d-764f1aeb187f,whatsapp,primary_dataset,whatsapp,Please hurry. I've been waiting for you. I'm tired.,2021-05-31T21:20:56Z,0,en,1
d1ad129e-b09c-4200-9d7a-4eecccd1c711,whatsapp,primary_dataset,whatsapp,My number was blocked for no reason. I don't have a warning at all. It's been such a long time.,2021-05-31T20:04:17Z,97,en,1
5e07500d-9489-48f6-b4f4-9e9649afe014,whatsapp,primary_dataset,whatsapp,Lebe difficult mo download must delete other data,2021-05-31T19:47:20Z,1,en,1
4bc8ebff-212c-49fe-8ad2-e38e1b9a0209,whatsapp,primary_dataset,whatsapp,"No. I can be in a heck. No, no, no, no, no, no.",2021-05-31T18:23:00Z,0,en,1
7396033b-e69b-4244-b4f5-c1d7377c1d1c,whatsapp,primary_dataset,whatsapp,ALL TO THE TELEGRAAM... THIS APVACE IS NOT AMAANN!!!!!!!!!!!!!!!!!!!!!!! !!!!!!!!!!!!!!!!!!!!!!!!!!!!!!!!!!!!!'!!!!!!!!!!!!!!!!!!!!!!!!!!!!!!!!!!!!!!!!!!!!!!!!!!!!!!!!!!!!!!!!!!!!!!!!!!!!!!!!!!!!!!!!!!!!!!!!!!!!!!!!!!!!!!!!!!!!!!!!!!!!!!!!!!!!!!!!!!!!!!!!!!!!!!!!!!!!!!!!!!!!!!!!!!!!!!!!!!!!!!!!!!!!!!!!!!!!!!!!!!!!!!!!!!!!!!!!!!!!!!!!!!!!!!!!!!!!!!!!!!!!!!!!!!!!!!!!!!!!!!!!!!!!!!!!!!!!!!!!!!!!!!!!!!!!!!!!!!!!,2021-05-31T14:39:20Z,6,en,1
67e0c61b-7d97-4a0b-8b1f-6f622f809cb4,whatsapp,primary_dataset,whatsapp,Cannot share to broadcast list,2021-05-31T13:15:53Z,0,en,1
97917320-9ddd-47b4-9ef5-e1e228e2865f,whatsapp,primary_dataset,whatsapp,"WhatsApp, don't take sides with zionists, if you side with zionists like Facebook, then your ratings will drop dramatically.",2021-05-31T11:47:55Z,0,en,1
6c4e659a-585b-434d-b519-b1274a19ddcf,whatsapp,primary_dataset,whatsapp,I really don't like why it has to be the expiry style for the dowload again. I don't have any data. I don't have any expiry.,2021-05-31T11:25:51Z,0,en,1
22cc99f3-c307-450a-9109-93ea5431aa66,whatsapp,primary_dataset,whatsapp,Facebook partnership,2021-05-31T10:54:16Z,0,en,1
901bb33c-78b6-467e-98d8-3ade0ca4bb04,whatsapp,primary_dataset,whatsapp,Ribet mindahin data wa android to iphone,2021-05-31T10:14:02Z,0,en,1
2ebe7eb0-ce8a-42b2-bd14-59e4701972d5,whatsapp,primary_dataset,whatsapp,Redeveloped for his privacy to be able to privacy profile photos on most contacts...,2021-05-31T09:11:15Z,0,en,1
cd9d15c4-8e0b-46ac-a3b5-d3ef330631ec,whatsapp,primary_dataset,whatsapp,Less privacy.,2021-05-31T08:10:27Z,0,en,1
795fd037-ad30-4c40-9442-babd45727c93,whatsapp,primary_dataset,whatsapp,"Please create for whatsapp status to hd dong, each status share so much",2021-05-30T23:48:59Z,0,en,1
293ec777-8478-44a9-9446-98d97ddd6efb,whatsapp,primary_dataset,whatsapp,"Miss the old version, the present version is full so it's a bit hard to keep data.",2021-05-30T19:12:55Z,0,en,1
761ed345-720c-4fd1-957a-5eb25581eb91,whatsapp,primary_dataset,whatsapp,Could not updet using strange data,2021-05-30T14:47:20Z,0,en,1
07258dcd-2173-4b1f-98a6-85660c75ae32,whatsapp,primary_dataset,whatsapp,Wa pa ne sring in the update.,2021-05-30T11:12:37Z,0,en,1
ac6b938d-3825-457f-a487-4b819d754346,whatsapp,primary_dataset,whatsapp,It's very helpful... whatsapp try to make it look like a messenger without a data package can still be used.,2021-05-30T10:05:02Z,0,en,1
c005df12-e8f8-4da2-b02b-b84efc7386d1,whatsapp,primary_dataset,whatsapp,"What's the matter with you now that you love distractions, the more the updates aren't getting more and more and more fucked up, the more the data doesn't even run out, the more you get, the more you get, the more it gets, the more it gets, the more it gets, the more it gets, the more it gets, the more it goes, the more it goes, the more it goes, the more it goes, the more it goes, the more it goes, the more it goes, the more it goes, the more it goes, the more it goes, the more it goes.",2021-05-30T07:20:50Z,108,en,1
28ff3ffd-ff34-4d7c-8ea5-862b4d75eee7,whatsapp,primary_dataset,whatsapp,Hard warning!!!! Beware of downloading this bad app so dangerous that data theft is likely to be intercepted. Especially with its latest policy. I suggest you move to an application that always preserves the user's privacy.,2021-05-30T07:04:31Z,0,en,1
0244e085-c4e0-46a5-b27e-a6ebd447a2a1,whatsapp,primary_dataset,whatsapp,"My data was erased, it was in the usual place, but somehow the storage moved to the media androids I was looking for, while the data that was once erased.",2021-05-29T20:03:27Z,6,en,1
68fbb165-4d44-48f3-b014-7725522b09a4,whatsapp,primary_dataset,whatsapp,"It's always using new policy, every new policy update, every new policy update, so on. And new policy, it's going to keep loading for hours. And then I'll uninstall it.",2021-05-29T18:15:45Z,0,en,1
1246e7ce-82e2-48b5-aa99-5dfc5ccd3491,whatsapp,primary_dataset,whatsapp,Valnerable abusse data,2021-05-29T17:21:03Z,0,en,1
5ae0086f-c87b-4100-9fa9-b2fb04a8418a,whatsapp,primary_dataset,whatsapp,It would be perfect if we could store the & media database at SD Card.,2021-05-29T15:10:48Z,0,en,1
61529aec-fcbf-4603-a061-4b4af3965242,whatsapp,primary_dataset,whatsapp,"It's good but why do you like updatas again, miss it, so it'll have to be updated again.",2021-05-29T15:02:21Z,0,en,1
0fbc1bde-0355-476b-a41c-8f40d2c1182c,whatsapp,primary_dataset,whatsapp,Facebook donors for zionists,2021-05-29T13:13:57Z,0,en,1
c6185dcb-0266-4ab0-8765-ec702a38612a,whatsapp,primary_dataset,whatsapp,So much for policy.,2021-05-29T11:53:30Z,0,en,1
345b74d2-f5de-4ffc-84f9-d83852a3129c,whatsapp,primary_dataset,whatsapp,Facebook group company,2021-05-29T10:33:28Z,0,en,1
1b2206cd-43e8-4cb3-904c-4ba6a687c534,whatsapp,primary_dataset,whatsapp,Facebook group company,2021-05-29T10:33:07Z,0,en,1
cdaf882a-295c-4302-a4bd-9dd84b7523f3,whatsapp,primary_dataset,whatsapp,Facebook group company,2021-05-29T10:32:44Z,0,en,1
b9e44649-266b-40c1-a778-e92b3985cbb8,whatsapp,primary_dataset,whatsapp,"His privacy is getting worse here, you zionist.",2021-05-29T10:20:12Z,0,en,1
71e2e778-41cf-4436-a668-5bd667423369,whatsapp,primary_dataset,whatsapp,Nice and helpful applications... suggest that we keep the customer's data out of the question without customer or user's permission.,2021-05-29T06:23:24Z,1,en,1
895caf4d-963e-46a6-a809-19759eea2272,whatsapp,primary_dataset,whatsapp,PLEASAPP YG DUBLM DO NOT UNTIL A FACEBOOK FATSAPP YG BOCOR!!!!,2021-05-28T22:06:32Z,0,en,1
51e4d0f5-128d-47fa-a163-1ce420fa59a3,whatsapp,primary_dataset,whatsapp,"What would you do if you didn't open the same call message when you didn't get in, even though the background data settings are active?",2021-05-28T20:00:24Z,0,en,1
5a1e1887-c35d-4209-9061-101adcab1cc1,whatsapp,primary_dataset,whatsapp,It's not good for our privacy.,2021-05-28T16:05:03Z,0,en,1
88131756-c93c-4e35-a0ca-f295ba275d47,whatsapp,primary_dataset,whatsapp,"Shareloc is broken. Don't worry, the network is using WiFi.id. What's the reason?",2021-05-28T14:56:34Z,0,en,1
f2577c96-43f7-4fa6-95d6-5feebd181aab,whatsapp,primary_dataset,whatsapp,"""Arrival update"" data in the miss is all messed up...",2021-05-28T13:40:32Z,0,en,1
39afc94b-36d5-4ae2-982f-d2aed4652454,whatsapp,primary_dataset,whatsapp,Ag's experience has come to grief because it can't see you.,2021-05-28T12:21:46Z,0,en,1
07b97885-f737-4e5e-b084-e16a724a5cdc,whatsapp,primary_dataset,whatsapp,"It's not clear! Now it's not the same as the song, so why is it that videos/pictures that are sent to people/story are always bad, and there's news that WhatsApp has to sync to the FB, please don't want my privacy data spread.",2021-05-28T12:20:48Z,128,en,1
816ea86c-3d1f-495d-8417-7db30ed29c15,whatsapp,primary_dataset,whatsapp,A little data storage please be enlarged,2021-05-28T08:13:49Z,0,en,1
87855b9c-0b5e-4175-b51e-1eef19cfae34,whatsapp,primary_dataset,whatsapp,Facebook banned,2021-05-27T21:50:55Z,0,en,1
2a8a20b9-9e7b-4f92-97b5-5fe1e1516eed,whatsapp,primary_dataset,whatsapp,A lot of data is leaking. Bad.,2021-05-27T21:42:12Z,0,en,1
9ca04a5e-a211-41e3-9680-8a90f505aafe,whatsapp,primary_dataset,whatsapp,Why does everyone have to be connected to Facebook?,2021-05-27T17:58:30Z,0,en,1
f1f2f549-efed-4813-b3c6-b3f63fe1e323,whatsapp,primary_dataset,whatsapp,Forced to take the same facebook Jews were afraid the data would be taken,2021-05-27T13:57:19Z,0,en,1
74eefe13-1286-490a-ac76-85895325d265,whatsapp,primary_dataset,whatsapp,Why the hell did I update the application anyway? It's still on the updata back.,2021-05-27T12:13:42Z,0,en,1
8f52c48f-194a-4227-ba01-f90af4c91518,whatsapp,primary_dataset,whatsapp,"A lot of food, too much update.",2021-05-27T11:50:14Z,0,en,1
8f158dbd-2654-4624-8471-48d65030d2c1,whatsapp,primary_dataset,whatsapp,"fontcolor="" # FFFF00""Whifistilluses alotofwifi fontcolor="" # FFFF00""butmake WalststoryWAdistatus alwayssays fontcolor="" # fontcolor="" # FFFF00""cannotbe downloaded",2021-05-27T09:41:26Z,1,en,1
9f68fea8-dd66-4b87-a458-116c50ed34b8,whatsapp,primary_dataset,whatsapp,It's terrible when the conversation data leaks public,2021-05-27T02:08:54Z,1,en,1
2abcaa19-9eb6-44de-b38e-d12132dc5695,whatsapp,primary_dataset,whatsapp,Personal data became insecure,2021-05-27T00:34:59Z,0,en,1
2154c6eb-f9ae-406d-906a-9fb86c75c194,whatsapp,primary_dataset,whatsapp,Privacy's not safe.,2021-05-26T23:32:48Z,0,en,1
00792f04-6d38-4b8d-b91f-61c3c3206214,whatsapp,primary_dataset,whatsapp,It's the same with Facebook being Jewish.,2021-05-26T23:31:33Z,0,en,1
b3ebf63e-85f2-4ed3-9c9d-5d4694c9d97b,whatsapp,primary_dataset,whatsapp,Too much privacy.,2021-05-26T22:14:39Z,0,en,1
baeadfca-16c9-4865-89b8-55282884d3da,whatsapp,primary_dataset,whatsapp,Starts not independent because it's taken over facebook.,2021-05-26T22:12:00Z,0,en,1
aa997770-4e6b-423a-b7c8-385fc6091d31,whatsapp,primary_dataset,whatsapp,The user's personal data is vulnerable to hacking.,2021-05-26T20:53:48Z,0,en,1
594d439d-a2f9-497d-bdae-a3d5d8b32c40,whatsapp,primary_dataset,whatsapp,"Why do many WhastApp users switch to modifications? Oh, WhastApp himself must know, there are more features that make users comfortable. If you think after there's news it's illegal, fear that the data will be hacked.",2021-05-26T20:29:09Z,0,en,1
7fcf004d-8f99-4857-a896-84f2a7d18cde,whatsapp,primary_dataset,whatsapp,Silly policy.,2021-05-26T20:24:47Z,0,en,1
320f4241-38a6-452e-8bd6-cf072028c642,whatsapp,primary_dataset,whatsapp,You know... one company with Facebook... I don't like...,2021-05-26T20:15:50Z,0,en,1
48ac8400-b9b4-4446-ade8-1a10208dc38c,whatsapp,primary_dataset,whatsapp,Facebook No.,2021-05-26T17:47:04Z,0,en,1
b6340e76-2bac-4c78-8664-4958edba64f6,whatsapp,primary_dataset,whatsapp,Why is my number two at the banned hahhhh I cried and had to change it,2021-05-26T17:16:26Z,0,en,1
f5014738-3a9f-4afa-a641-1f321a39117b,whatsapp,primary_dataset,whatsapp,Start looking for someone's privacy,2021-05-26T17:10:28Z,0,en,1
42965770-9b0e-4cc6-8097-b9d9c104b4db,whatsapp,primary_dataset,whatsapp,I'm so upset because of the policy of this application,2021-05-26T15:50:08Z,0,en,1
3c906257-22b7-4bc6-b2f1-6c32438e459b,whatsapp,primary_dataset,whatsapp,"The more we get here, the less we can afford it, the more we can't afford it.",2021-05-26T13:00:33Z,0,en,1
53b7e360-dc84-4bac-9cc4-10c160fb36bc,whatsapp,primary_dataset,whatsapp,No privacy in apps,2021-05-26T11:49:21Z,0,en,1
64a96d2d-3a6e-4edf-8f65-6e87461a5093,whatsapp,primary_dataset,whatsapp,"News share bar didn't show his preview photo after update, severe",2021-05-26T11:08:05Z,0,en,1
7755d7c8-8934-4d98-b7f6-b3de38fe0bda,whatsapp,primary_dataset,whatsapp,Whatsapp = Facebook = Supporter of Jewish Terrorists!,2021-05-26T10:04:31Z,0,en,1
9165f9c1-5f97-48d0-bfe1-042e2a6f28f2,whatsapp,primary_dataset,whatsapp,It's a facebook infection.,2021-05-26T08:02:34Z,0,en,1
e029864b-1c3b-4683-bcf0-175580475a1b,whatsapp,primary_dataset,whatsapp,Facebook effect,2021-05-26T06:46:00Z,0,en,1
80f65d08-3d86-4b9a-bfc2-454b078d90ce,whatsapp,primary_dataset,whatsapp,"Lots of data leaks, easy to hack.",2021-05-26T05:47:51Z,0,en,1
647f4ef7-fff7-4675-8f39-38dfb25ce8cc,whatsapp,primary_dataset,whatsapp,WA has Facebook too yes...,2021-05-26T04:33:49Z,1,en,1
3a6bf519-b32b-4852-b1cd-8095c759e5c7,whatsapp,primary_dataset,whatsapp,Why is my whatsap always unable to open and then comes whatsap messages don't respond please fix this application,2021-05-26T04:08:39Z,0,en,1
bafd20bf-f374-4f56-9036-0b5dc1f06afd,whatsapp,primary_dataset,whatsapp,Matter of privacy,2021-05-26T00:39:03Z,0,en,1
d0349064-f1d6-42b9-9f0a-a9564a2ef4a2,whatsapp,primary_dataset,whatsapp,Lack of privacy data,2021-05-25T23:04:06Z,0,en,1
4b6b1009-bb33-453b-87f9-7a1049a90db1,whatsapp,primary_dataset,whatsapp,"Why is my data package so much, 25GB? But I can't download it. Yeah.",2021-05-25T22:54:20Z,0,en,1
df8830cf-384a-4cbd-b8f6-7c1d230daa18,whatsapp,primary_dataset,whatsapp,"Just like Facebook, it's already an extension of Zionis' arm.",2021-05-25T21:15:13Z,0,en,1
dd907a4f-b18a-459c-a8ca-50dd4eb22ae6,whatsapp,primary_dataset,whatsapp,whatsapp shares personal data and privacy to facebook,2021-05-25T20:40:36Z,0,en,1
cc0363f2-976c-4dcf-a43e-bbfa052e7cc7,whatsapp,primary_dataset,whatsapp,No privacy.,2021-05-25T18:47:58Z,0,en,1
d1c86f6e-a7e0-47b1-aac5-fb4feacdc1d9,whatsapp,primary_dataset,whatsapp,Privacy not awake,2021-05-25T18:40:49Z,0,en,1
2342f1e8-27f6-481d-9ad3-e27066b7d394,whatsapp,primary_dataset,whatsapp,Privacy please be guarded. Don't use it for bad things.,2021-05-25T18:40:10Z,0,en,1
368ef2ff-bb65-4ac7-999a-1c00a0a90f71,whatsapp,primary_dataset,whatsapp,My data's all caught up in Ama's apocalypse.,2021-05-25T18:38:35Z,0,en,1
1f6d51de-dda3-45f6-bd59-2b52c3f93c3d,whatsapp,primary_dataset,whatsapp,"A troubled and disturbing backup, questionable privacy.",2021-05-25T18:36:14Z,0,en,1
f3114617-3b46-4d21-beb2-34c434e93f7f,whatsapp,primary_dataset,whatsapp,"Hello WhatsApp *please read my comments* or reply sorry (1)I want ""WhatsApp"" to be more PRIVATE. not only chats, but also stones. even WA GB (imitation) can even see stories that are in privacy.and there are still many things that are very not available because everyone has PRIVACY! just want PRIVACY! please give more time to rely on everyone', if there is no need for a period!",2021-05-25T17:35:31Z,0,en,1
6eb9707e-5688-47b9-ad53-3ef1f0bbe514,whatsapp,primary_dataset,whatsapp,No privacy here,2021-05-25T13:27:11Z,0,en,1
06589e18-c20f-4cde-b2cb-9d1d83a6251b,whatsapp,primary_dataset,whatsapp,"When I want to contact someone through Wa, why is my screen black and not responding? &lt;i&gt;I'm in trouble like this.&lt;/i&gt; &lt;i&gt;What does this have to do with new policy?&lt;/i&gt; &lt;i&gt;Starting trouble when new policy arises?",2021-05-25T09:19:11Z,1,en,1
dfee4983-83a4-4239-8de0-1d95335f54cb,whatsapp,primary_dataset,whatsapp,"I'm sorry, man.",2021-05-25T08:01:43Z,0,en,1
65f9a87f-54e3-4c52-8f7d-2e7c09a95809,whatsapp,primary_dataset,whatsapp,no respect for user privacy,2021-05-25T06:18:32Z,0,en,1
0a3a8447-f472-4971-84e2-71c6e93e0bf3,whatsapp,primary_dataset,whatsapp,User data sold to the other side,2021-05-25T03:17:28Z,0,en,1
a70f533d-5d21-4fd5-bc15-5d405755f324,whatsapp,primary_dataset,whatsapp,"Same owner, same Facebook app.",2021-05-25T01:09:50Z,0,en,1
6bafab4f-b78b-4ed1-b5a0-68d878a9b06a,whatsapp,primary_dataset,whatsapp,Bad... publicized data.,2021-05-24T17:28:11Z,0,en,1
a03d51f7-0bf9-4924-bd3d-bb02ed6d048b,whatsapp,primary_dataset,whatsapp,My account of whatsapp is suddenly blocked by many reasons of reporting for unknown content while my account contacts only contain six people and they're all my good friends and I've never made any status because I just need to be on my friend's chat.,2021-05-24T17:05:30Z,0,en,1
2102b27a-596f-4852-9e68-3879c86c5f30,whatsapp,primary_dataset,whatsapp,Facebook isn't what it used to be... you used to serve now that you're discriminated...,2021-05-24T15:17:15Z,0,en,1
cda26f3d-78fa-442c-bb59-cd6dd2a3b331,whatsapp,primary_dataset,whatsapp,That's a lot of dumb shit.,2021-05-24T14:55:37Z,0,en,1
00b8fb8c-96d0-4297-b7cf-57bc2dbbc7b4,whatsapp,primary_dataset,whatsapp,Can't remove the online status so it's uncomfortable if the privacy wants to be kept.,2021-05-24T13:00:16Z,0,en,1
fbb4c0ea-6b0c-4f2b-a09c-21a284dd6f98,whatsapp,primary_dataset,whatsapp,I don't like this application because you are Zionist supporters and data leaks often occur,2021-05-24T12:42:38Z,0,en,1
a9295cc1-4b24-45d6-bdd0-2669ebd76b3a,whatsapp,primary_dataset,whatsapp,"Our data can still be stolen, including a phone/WA number that can be used by people to cheat.",2021-05-24T10:57:56Z,0,en,1
c4240dc3-976e-4c52-b1b2-548372016ed7,whatsapp,primary_dataset,whatsapp,Why didn't the whatsapp call ring when the lights went out when the data was on?,2021-05-24T08:50:20Z,0,en,1
682ccd68-04a1-4213-b127-36fb079e4506,whatsapp,primary_dataset,whatsapp,When I Bug His Data Side . 509 GB,2021-05-24T07:32:07Z,0,en,1
0b50e64c-5514-4683-9295-f76a16d834fc,whatsapp,primary_dataset,whatsapp,Why do you like the new number tb? And I put in a group I don't know where privacy is right now.,2021-05-24T06:23:19Z,0,en,1
8b2a2270-cb18-4641-b58f-5285b335bec7,whatsapp,primary_dataset,whatsapp,"Now whatsapp why does it come off the application, even if it doesn't shut down the data, and it doesn't work that way? Open the application immediately. There's a missed call.",2021-05-23T23:44:35Z,0,en,1
5c508788-bb30-4cd5-a17a-a5e479ec7cc9,whatsapp,primary_dataset,whatsapp,"So much for snaps in whatsapp, when previously shared photos have been edited as likely in the remini, uh just up to the snap wa instead of getting a picture of a burem gad again.",2021-05-23T23:00:21Z,0,en,1
c43b6d37-448a-458b-bee1-f049406219c1,whatsapp,primary_dataset,whatsapp,Apk ko with tll data,2021-05-23T22:33:48Z,0,en,1
a4694e9f-688d-41a9-b185-596ce83f04db,whatsapp,primary_dataset,whatsapp,"WHATSAPP MESSENGER HAS A PARTICUSS, BUT WHY I LOVE A LOVE OF 1 , WHATSAPP RESAMI CAN'T KEEP THE USER'S PRIVATION GOOD OF THE WHATSAPPB/ MOD.",2021-05-23T20:21:23Z,0,en,1
5127fbd0-24ac-4bf1-9b16-8722d2aa3dc4,whatsapp,primary_dataset,whatsapp,"Great. Can chat, status, share, group.",2021-05-23T14:22:28Z,0,en,1
e8b25e60-9fde-404b-bcd0-04949dff697a,whatsapp,primary_dataset,whatsapp,"Since being updated, privacy of personal data is not safe... sometimes there's a wa from marketing hotels that don't know... fix...",2021-05-23T14:03:23Z,0,en,1
3fb5c7b3-e3fd-43a4-aa73-ff6a2413421f,whatsapp,primary_dataset,whatsapp,"Just give it back to the original owner, after being managed to face-to-face privacy all gone, all for political support.",2021-05-23T13:58:57Z,0,en,1
cd378b8b-15ed-4d85-8169-dcb96c5ca8d8,whatsapp,primary_dataset,whatsapp,Because from Facebook,2021-05-23T13:12:03Z,0,en,1
3494470d-e1a4-4628-b191-433df57d16f8,whatsapp,primary_dataset,whatsapp,It's always safe and honest in policy.,2021-05-23T11:58:31Z,0,en,1
bf4383db-0e94-4ad8-ae4c-fda2a6ee4680,whatsapp,primary_dataset,whatsapp,Hooked up to updates that are too keyed to user data,2021-05-23T08:42:31Z,0,en,1
2119319d-9f7e-4cde-b8ba-610556e5163c,whatsapp,primary_dataset,whatsapp,This is how there's a mod app on the web! The developer please remove it because if it stays this way privacy in whattsapp isn't safe and there's a chance I'll switch to another application. The message can still be read by the mod and status is also visible even if it's hidden.,2021-05-23T08:39:13Z,1,en,1
1c74dcf4-8a97-4991-a58e-56dc44c13a8d,whatsapp,primary_dataset,whatsapp,"I don't like it, it's Facebook.",2021-05-23T08:02:10Z,0,en,1
9847b441-4619-4da2-8c27-b1d37069b5b1,whatsapp,primary_dataset,whatsapp,"Why is it that sometimes when there's no immediate entry when the data connection is on, please fix the system again.",2021-05-23T01:00:49Z,0,en,1
1c9d4fd1-caa8-43f7-91d1-175605f83633,whatsapp,primary_dataset,whatsapp,What about the user's personal data?,2021-05-23T00:05:33Z,0,en,1
1aad599f-ab68-4c35-b2ba-65f3271791ff,whatsapp,primary_dataset,whatsapp,Who have the same facebook,2021-05-22T22:08:34Z,0,en,1
312fb650-8706-4357-80eb-fc4d0a0c8cbf,whatsapp,primary_dataset,whatsapp,"It's gotten ugly, wanted to share 20 contacts, but now it's only five.",2021-05-22T21:51:46Z,0,en,1
afbac40a-6ea5-4c58-9ea9-05d80900b816,whatsapp,primary_dataset,whatsapp,Don't like it because whatsApp now has to connect with Facebook,2021-05-22T21:19:50Z,0,en,1
6c44157b-7d12-490d-97ed-609761e65e0b,whatsapp,primary_dataset,whatsapp,"Applications create private data vacuums, be careful to download this application",2021-05-22T20:48:39Z,0,en,1
539de7ef-5208-4557-bf0c-bd94563f38e9,whatsapp,primary_dataset,whatsapp,From Facebook,2021-05-22T20:34:48Z,0,en,1
857cc536-cbf4-48d0-b9d3-2ba923625d99,whatsapp,primary_dataset,whatsapp,Too eager to confirm the data of every human being in the world.,2021-05-22T14:46:37Z,0,en,1
ba3a02cf-f5b4-4460-ac43-e699c4439e60,whatsapp,primary_dataset,whatsapp,Why else break the image? Please increase the size for fto-video share,2021-05-22T12:31:43Z,0,en,1
de98d1d8-c000-4ade-a230-08c18cbe6497,whatsapp,primary_dataset,whatsapp,Forced policy,2021-05-22T11:43:12Z,0,en,1
513cf372-9a50-418b-b6cb-edca2da59130,whatsapp,primary_dataset,whatsapp,Let's save our brothers by choosing a telegram instead of whatsapp because whatsapp has been bought by Facebook.,2021-05-22T09:27:38Z,0,en,1
33da3c59-70a5-4d27-9ea6-b9c68f337fe9,whatsapp,primary_dataset,whatsapp,Update the troooss... the data shares with the fb. Damn it!,2021-05-22T08:19:08Z,0,en,1
f9d5cd01-01bb-460c-a37e-791fe26aae4b,whatsapp,primary_dataset,whatsapp,Don't sell the data.,2021-05-22T08:03:01Z,0,en,1
4e2040eb-e6b3-41ee-80ec-d59223c96f85,whatsapp,primary_dataset,whatsapp,uinstall suggestion too many gj policies,2021-05-22T07:18:06Z,0,en,1
6e389631-1446-48f7-8c7f-ff60b1bbf26a,whatsapp,primary_dataset,whatsapp,Please don't go on Facebook. It's been on it for years... Don't let whatsapp replace it with another chat.,2021-05-22T07:16:56Z,0,en,1
a533efd2-f5d6-41cb-a2fd-2a967b25bbdc,whatsapp,primary_dataset,whatsapp,Ugly Application. User data hijacked. Not independent. Let's switch applications,2021-05-22T00:47:38Z,0,en,1
2998c6e3-10d5-444c-b872-024e2cb57686,whatsapp,primary_dataset,whatsapp,"No, it's okay. It's okay. It's okay.",2021-05-21T23:55:55Z,0,en,1
373bd6d3-ab3c-414b-9957-867a2665cbbb,whatsapp,primary_dataset,whatsapp,Ga savety. &lt;i&gt;Marak wa hijacked. &lt;/i&gt; &lt;i&gt;Acquire the security of consumer privacy. &lt;/i&gt;,2021-05-21T22:45:02Z,0,en,1
c9ed0c26-ae64-481a-9838-5cb6c96acae5,whatsapp,primary_dataset,whatsapp,Privacy?,2021-05-21T22:35:08Z,0,en,1
cf5c3132-953e-417b-b8de-ef1257eb54ce,whatsapp,primary_dataset,whatsapp,My mom told me because it's Facebook.,2021-05-21T22:35:07Z,0,en,1
9c031ee0-8004-4b2b-9fc0-d9f73b5394b2,whatsapp,primary_dataset,whatsapp,Because of the new privacy,2021-05-21T21:47:32Z,0,en,1
ca19bb33-a186-4575-9e9b-b822c258a2f8,whatsapp,primary_dataset,whatsapp,Data security and privacy are vulnerable.,2021-05-21T21:04:23Z,0,en,1
d6ae26c7-b337-48d3-998c-9e0f56ccc04f,whatsapp,primary_dataset,whatsapp,The zionism invader's sub Facebook product app,2021-05-21T20:30:57Z,0,en,1
f868ff58-2424-4ec6-af11-64ba167be624,whatsapp,primary_dataset,whatsapp,Keep your privacy..........,2021-05-21T19:50:33Z,0,en,1
bda4821c-e09b-483d-b740-96a6ef099257,whatsapp,primary_dataset,whatsapp,"Why does it have to be fb, no privacy?",2021-05-21T19:41:25Z,0,en,1
b13726bd-2d44-429a-b60b-0c6336075144,whatsapp,primary_dataset,whatsapp,User data leak,2021-05-21T18:52:57Z,0,en,1
63af3195-5611-4ace-aa7e-c9d3799cd64d,whatsapp,primary_dataset,whatsapp,"""Oh WhatsApp please go to Facebook."" Whatever it is, don't everyone have Facebook. Don't let these WhatsApp residents move to the next app.",2021-05-21T17:36:04Z,0,en,1
2e20a450-4a67-4117-8af1-a1bb281e1936,whatsapp,primary_dataset,whatsapp,Banning freedom of speech and avoiding privacy,2021-05-21T15:51:32Z,0,en,1
df3cde5f-f2d8-419b-bea5-2ee3dbed39bb,whatsapp,primary_dataset,whatsapp,Your new privacy policy is killing me.,2021-05-21T15:50:40Z,0,en,1
a198b9e8-d13e-49b7-b7f4-0879ccd47556,whatsapp,primary_dataset,whatsapp,"After acquired Facebook, whatsApp became an outbreak of Facebook disease, constantly updated, whether it's always a security update or how.",2021-05-21T14:05:51Z,79,en,1
eacfad01-0217-4e92-aa43-c9a33b03c40e,whatsapp,primary_dataset,whatsapp,It's just like Facebook isn't fair.,2021-05-21T14:05:37Z,0,en,1
f56cb3ea-33ab-4ad2-9b32-6186018cadb0,whatsapp,primary_dataset,whatsapp,"fontcolor="" # FFFF00""cannot bebelieved fontcolor="" # FFFF00""his privacy",2021-05-21T13:44:18Z,0,en,1
4694589e-5039-4487-8c87-6b44cdd4feb4,whatsapp,primary_dataset,whatsapp,The user data is sold out a lot.,2021-05-21T13:29:07Z,0,en,1
45883504-7380-4858-84ec-f532b2d7aeb8,whatsapp,primary_dataset,whatsapp,Personal data thief,2021-05-21T13:27:29Z,0,en,1
49f276d5-6d30-4672-ac93-423ea384859f,whatsapp,primary_dataset,whatsapp,Ask for personal nodes,2021-05-21T12:20:33Z,0,en,1
d428ee49-7630-4ec0-961e-17193aa74a44,whatsapp,primary_dataset,whatsapp,'Cause this is Facebook.,2021-05-21T11:23:51Z,0,en,1
87f15acb-6660-40ca-9580-ad62ee52536b,whatsapp,primary_dataset,whatsapp,Government policy!,2021-05-21T11:14:10Z,0,en,1
4660754a-fee2-4efb-96bd-141b0c61a265,whatsapp,primary_dataset,whatsapp,"Facebook supports injustice to Islam and the civility, not neutral,",2021-05-21T10:54:49Z,0,en,1
460d6662-e43e-469d-8924-3add33c7b307,whatsapp,primary_dataset,whatsapp,Privacy is easily accessible by strangers,2021-05-21T10:40:51Z,0,en,1
5874982d-61da-4af6-a42f-d4133ff92d82,whatsapp,primary_dataset,whatsapp,Update doesn't matter if you're just going through data.,2021-05-21T09:31:23Z,0,en,1
ca95e02f-0b11-420d-a427-76718bfcce76,whatsapp,primary_dataset,whatsapp,Less secure in user privacy,2021-05-21T09:24:39Z,0,en,1
5f907bae-ad7d-467b-925b-e26bd035eb74,whatsapp,primary_dataset,whatsapp,"Stupid back up data is hard to go back and forth. Cell phones make back up. Eh.. when you move into a new cell phone, you get a text and wait a long time.",2021-05-21T09:10:10Z,2,en,1
9f2ffc3e-5de8-4d4c-9098-af58aec82f4e,whatsapp,primary_dataset,whatsapp,From facebook Zionis,2021-05-21T08:55:58Z,0,en,1
09389de1-3ecc-49af-90b6-b827991f7788,whatsapp,primary_dataset,whatsapp,Investigating private data theft...,2021-05-21T07:52:29Z,0,en,1
3bd42bce-cd1a-4521-8fe1-65556fbd4ed2,whatsapp,primary_dataset,whatsapp,Its policy threatens the privacy of the user.,2021-05-21T07:16:59Z,0,en,1
a70e9d91-4b91-4b1c-8774-dad131af20a9,whatsapp,primary_dataset,whatsapp,Retrieving Privacy Rights,2021-05-21T06:25:33Z,0,en,1
24f184a3-311a-4e29-ac27-a22677e50d18,whatsapp,primary_dataset,whatsapp,You're from Facebook? &lt;br /&gt;If you're part of Facebook then feel this.,2021-05-21T06:15:25Z,0,en,1
e25d773c-4962-4f7f-beba-6d24e39b42f9,whatsapp,primary_dataset,whatsapp,DATA AND OPEN,2021-05-21T06:11:23Z,0,en,1
6cafbc1e-53fa-45d8-9eae-cfdf26776fe3,whatsapp,primary_dataset,whatsapp,Because it has facebook.,2021-05-21T05:06:25Z,0,en,1
fe322159-afc2-430a-b5ff-593acd0c2de5,whatsapp,primary_dataset,whatsapp,From facebook!!!!,2021-05-21T04:41:52Z,0,en,1
895a1e25-966e-4187-955d-6f74f82304fd,whatsapp,primary_dataset,whatsapp,Weird and crazy policy.,2021-05-21T04:25:16Z,0,en,1
02a55ccb-7d61-4e35-8e60-ccdf162b2549,whatsapp,primary_dataset,whatsapp,Privacy isn't safe yet.,2021-05-21T03:51:18Z,0,en,1
7f76db84-eac8-438e-a3b9-2a4daaa0fb97,whatsapp,primary_dataset,whatsapp,Start a lot of Facebook Settings... Better Uninstalled,2021-05-21T03:03:31Z,0,en,1
f14d7c4b-3109-4d90-ad2e-c71a52fb5181,whatsapp,primary_dataset,whatsapp,Group with facebook,2021-05-21T00:22:12Z,0,en,1
c2f76de4-6d4c-4190-8c7f-173454b2dee5,whatsapp,primary_dataset,whatsapp,Bad privacy policy.. transfer telegrams,2021-05-21T00:20:01Z,0,en,1
911de7d7-de2e-4967-aadf-dfe7cc26d947,whatsapp,primary_dataset,whatsapp,FACEBOOK FACEBOOK ALL JELEK,2021-05-21T00:05:48Z,0,en,1
4a016171-f31c-4c1f-86e5-dba1f2e95625,whatsapp,primary_dataset,whatsapp,I'm sorry I have to give you that. &lt;br /&gt;Because I've been able to get a vague call because of the lack of privacy between the FB and Wa. &lt;i&gt;And thank you for the help that you've been given every day. &lt;i&gt;The group doesn't exactly get me into their group to join and the foreign phone that interferes with my family's safety. &lt;i&gt;Thank you!!!!!!,2021-05-20T23:58:23Z,63,en,1
2cdd4ef8-e0b8-4a8a-a6fa-b04817e7a1ac,whatsapp,primary_dataset,whatsapp,Data-copyer,2021-05-20T23:54:49Z,0,en,1
ca3771b6-5ee5-40b5-98d9-763de80c00d3,whatsapp,primary_dataset,whatsapp,The application is bad... a lot of data is leaking,2021-05-20T23:31:29Z,0,en,1
f435bab3-d5a2-4b4b-836d-a55a2b3e5bfb,whatsapp,primary_dataset,whatsapp,friends ma facebook,2021-05-20T23:19:21Z,0,en,1
cb41334f-9fd7-4436-abd2-0284a014d0b7,whatsapp,primary_dataset,whatsapp,His brother's facebook.,2021-05-20T22:50:26Z,0,en,1
7ed7f92b-57e6-4438-8083-471601577d89,whatsapp,primary_dataset,whatsapp,Are u stolen our data for ur army?,2021-05-20T22:21:53Z,0,en,1
a5b8f6a1-d32d-446d-bd97-eb21b23f94f1,whatsapp,primary_dataset,whatsapp,I've lost all my data. Updates are useless.,2021-05-20T22:16:36Z,0,en,1
6cbf5595-f729-4e0b-9490-79e58ccc35a4,whatsapp,primary_dataset,whatsapp,"Please, the person who made the virus block it. My number was sent to the virus. It doesn't matter where the data is important.",2021-05-20T22:14:04Z,2,en,1
5bac4bff-afc1-4b6c-bb7d-bb3099e0708b,whatsapp,primary_dataset,whatsapp,"Trash app, same like facebook",2021-05-20T22:12:27Z,1,en,1
d8fd5fb6-c806-4ec5-9788-0b7786fe6ef0,whatsapp,primary_dataset,whatsapp,No privacy,2021-05-20T21:52:51Z,0,en,1
0fe6552d-7ce4-4437-a833-002ec4a786c9,whatsapp,primary_dataset,whatsapp,There's no privacy in whatsapp all liars,2021-05-20T21:17:29Z,0,en,1
d7b2022e-39ee-419c-bd60-d9fca2827361,whatsapp,primary_dataset,whatsapp,#uninstall whatsapp #uninstall facebook,2021-05-20T21:05:48Z,0,en,1
fa264673-db6a-4a2a-af7a-bfc07a7735ef,whatsapp,primary_dataset,whatsapp,We dont have privacy..calo intends to say just one ugly star..says ugly but four..hmm.,2021-05-20T20:52:54Z,1,en,1
e453e593-4fbb-44a2-8af0-486082406203,whatsapp,primary_dataset,whatsapp,One of them has facebook.,2021-05-20T20:43:48Z,0,en,1
0768524d-f119-404e-b875-160ad9e1d9d8,whatsapp,primary_dataset,whatsapp,"fontcolor="" # FFFF00""Apjg!!!! fontcolor="" # FFFF00""Attgh long fontcolor="" # FFFF00""a fontcolor="" # FFFF00""so long fontcolor="" # FFFF00""even fontcolor="" # FFFF00""even fontcolor="" # FFFF00"" fontcolor="" # FFFF00"" fontcolor="" # FFFF00"" fontcolor="" # FFFF00"" fontcolor="" # FFFF00"" fontcolor="""" # FFFF00"" fontcolor="" # FFFF00"" fontcolor="" # FFFF00""duet font"" # FFFF00"" fontcolor="" # FFFF00"" fontcolor="" # FFFF00"" fontcolor="" fontcolor="" fontcolor=""d fontcolor="" fontcolor="" # FFFF00"" fontcolor="" # FFFF00"" # FFFF00""d fontcolor="" fontcolor="" # FFFF00"" font"" fontcolor="" # FFFF00"" # FFFF00"" font"" # FFFF00"" font"" font"" font"" font"" # FFFF00""00"" font"" font"" font"" font""d font""d font""d fontcolor="" font"" font"" fontcolor="" font"" fontcolor="" fontcolor="" fontcolor="" fontcolor="" fontcolor="" fontcolor=""00"" font"" font"" fontcolor=""00"" font"""""" font"" font"""""""""""""""""""""""""" font"" font"" font"" font"""" font"" font"" font"" font"" font"" font"" fontcolor="" font"" font"" font"" font"" font"" font"" font"" font"" font"" font"" font"" font"" font"""""" font"" font"" font"" font"" font"" font"" font"" font"" font"" font"" font"" font"" font"" font"" font"" font"""" font"" font"" font"" font"" font"""""""" font"" font"" font"" font"" font"""""""""""""""""" font"" font"" font"" font"" font"" font"" font"" font"" font"" font"" font"" font"" font"" font""00"" font""00""""""""""""""""""""""",2021-05-20T20:33:48Z,0,en,1
8a63a9b1-7b06-4eba-beec-0a893305a6ed,whatsapp,primary_dataset,whatsapp,Privacy please return,2021-05-20T20:25:33Z,0,en,1
6a377da5-aabe-4e6f-baea-5b57ead7ff66,whatsapp,primary_dataset,whatsapp,The privacy of whatsApp user is unprotected!!!!,2021-05-20T20:17:05Z,0,en,1
6a3b8def-6ba5-4921-8139-5706eee2ff31,whatsapp,primary_dataset,whatsapp,It's not safe for our personal data.,2021-05-20T20:08:28Z,0,en,1
3a8cce11-ce3a-4f4d-8d29-75f758f34807,whatsapp,primary_dataset,whatsapp,"Well, your people are working together on the Facebook of Marek saketbeth, in this world that is sold from thousands of online shops in Indonesia that are sold from thousands of typical stores with code on the table and there are also those above can be summed up as follows. This is the result of a search for CPNS vacancy and it's been proven and I don't even know if I don't know if we'll try to sell kavling land in the bathroom and it's been proven and 8",2021-05-20T20:07:07Z,0,en,1
89f66341-ab88-4e00-a41a-db831341088a,whatsapp,primary_dataset,whatsapp,Is there a guarantee of privacy data?,2021-05-20T20:01:47Z,0,en,1
b0207ca8-9f26-42cb-bb5f-7b48c5f44e41,whatsapp,primary_dataset,whatsapp,It's also a facebook product. We're taking care of the 1st star.,2021-05-20T19:50:07Z,0,en,1
9b4b40af-5a25-442c-bbe4-ef54aedc64a2,whatsapp,primary_dataset,whatsapp,Dissatisfied with the latest privacy,2021-05-20T19:49:36Z,0,en,1
97f2ce66-83a8-47b6-9068-97949685cdb8,whatsapp,primary_dataset,whatsapp,I want to chat with friends when they don't read and are told to invite them.,2021-05-20T19:25:41Z,1,en,1
a4b7397b-eaa1-48f6-bad9-f78e32617833,whatsapp,primary_dataset,whatsapp,Applications that start out unsafe because they sell private and privacy are unsafe,2021-05-20T19:18:43Z,0,en,1
8647a8bf-465a-4c69-8e25-492a40acd010,whatsapp,primary_dataset,whatsapp,The privacy policy doesn't appear,2021-05-20T19:06:42Z,0,en,1
5a1b71f4-bd02-4807-8102-3924bd12ef79,whatsapp,primary_dataset,whatsapp,Let's get rich up,2021-05-20T19:06:08Z,0,en,1
62618716-d173-417c-9b1e-8f61b0772ac1,whatsapp,primary_dataset,whatsapp,"Please, for whatsapp's people to increase their privacy, I'm very concerned about my friends using a gb or something like that.",2021-05-20T19:04:06Z,0,en,1
f04efd4b-dd35-47e9-a240-645a9a4e7fe3,whatsapp,primary_dataset,whatsapp,Can't keep privacy,2021-05-20T18:48:01Z,0,en,1
1f8bd305-34b9-40c8-a692-57e023e21ee9,whatsapp,primary_dataset,whatsapp,The application is terrible. There's no privacy.,2021-05-20T18:47:05Z,0,en,1
b6725e4d-cfc4-44dc-807d-1ac89df3e127,whatsapp,primary_dataset,whatsapp,"Still your Facebook product, I'm fucked.",2021-05-20T18:38:42Z,0,en,1
82bbf5c7-b66b-4088-9004-b28e09515bbf,whatsapp,primary_dataset,whatsapp,Apk good but Ama Facebook's cooperation went bad,2021-05-20T18:24:31Z,0,en,1
3efd09d3-c360-4ccc-b16b-5b559aaaca5d,whatsapp,primary_dataset,whatsapp,"I LOVE THE ONE ,KARENATURE OF YG PRIVATION DISAPPRECIATES, THERE'S A DEFENSE PRIVATION",2021-05-20T18:14:40Z,0,en,1
ee4582f7-3a86-45b0-ae91-0cffdae759c5,whatsapp,primary_dataset,whatsapp,The policy is legal.,2021-05-20T17:39:02Z,0,en,1
d1ace0f0-955d-480c-a061-33f5e24b79f9,whatsapp,primary_dataset,whatsapp,There's a lot of stuff going on even if it's 4g n cell phone 8,2021-05-20T16:33:39Z,0,en,1
afa5d985-29c3-4806-a91c-6aa050abd708,whatsapp,primary_dataset,whatsapp,Application cannot keep privacy,2021-05-20T16:11:44Z,0,en,1
32b63b48-0463-4d49-a373-c7278d1c36d5,whatsapp,primary_dataset,whatsapp,Privacy--,2021-05-20T14:50:19Z,0,en,1
7494f5e9-5012-442b-9469-b15eb9aa4726,whatsapp,primary_dataset,whatsapp,"It's terrible, suck up the user's personal data",2021-05-20T14:38:41Z,0,en,1
bd78b98c-05b6-4559-95f6-d1e079b47e11,whatsapp,primary_dataset,whatsapp,Please fix the problem of a bug formed closed caused by an encrypted message that lost my data:,2021-05-20T13:27:03Z,0,en,1
b7dd1ee9-e767-4cc0-8f23-117757f1c112,whatsapp,primary_dataset,whatsapp,Privacy not awake,2021-05-20T13:20:02Z,0,en,1
2ccc4ceb-6bb6-450a-b69c-5f03b072de2b,whatsapp,primary_dataset,whatsapp,Forced privacy policy,2021-05-20T13:11:05Z,0,en,1
e848f4ee-365b-49f2-bd73-2749611c7d39,whatsapp,primary_dataset,whatsapp,"It's so ugly to have to work with facebook, you terrorist zionist.",2021-05-20T13:09:23Z,0,en,1
458e9777-0a55-40b3-b487-56c40b167610,whatsapp,primary_dataset,whatsapp,It's evil that means the user has to open his privacy.,2021-05-20T13:09:19Z,0,en,1
f2f278c1-2a3c-4c1a-b8a5-f31f4238bc0d,whatsapp,primary_dataset,whatsapp,"Don't be weird about the privacy policy. Even though it's connected to facebook, sometimes we're a mess.",2021-05-20T12:56:50Z,0,en,1
65475232-9e53-49da-96a6-4d55ac400018,whatsapp,primary_dataset,whatsapp,The update is too private.,2021-05-20T12:47:23Z,0,en,1
20116c02-f4f9-44d7-9ce5-707f0186dadf,whatsapp,primary_dataset,whatsapp,"WhatsApp takes a lot of quotas and the user data a lot of security when the cheats are so bad when the vidio calls the vidio is so bad at strong networks, don't download WhatsApp. Let's use Telegram, the features on Telegram are complete and again telegrams don't take our data anyway the best, let's delete WhatsApp and switch Telegrams in Best technology.",2021-05-20T12:27:53Z,9,en,1
56b39638-48ba-45f9-a712-4a7a255a3d97,whatsapp,primary_dataset,whatsapp,Sometimes I can't shake it. It's a mess.,2021-05-20T12:01:36Z,0,en,1
2881d8e2-de74-42bb-98ce-b2bf5680d1e8,whatsapp,primary_dataset,whatsapp,Anti-Islam Facebook,2021-05-20T11:30:47Z,0,en,1
1155f3e4-feeb-4eb6-bafa-2e2d896df80c,whatsapp,primary_dataset,whatsapp,"Facebook, Instagram, WhatsApp.",2021-05-20T11:04:05Z,0,en,1
1a93e638-3c67-457b-9972-717cc99b99ce,whatsapp,primary_dataset,whatsapp,It's very helpful and it's very easy to send data.,2021-05-20T11:00:32Z,0,en,1
12036b6f-b47c-4b28-aca1-e780f648ff15,whatsapp,primary_dataset,whatsapp,"I suspect these apps are attached KEYLOGGER, my two different numbers over and over again"" requested verification, where is my privacy?!!",2021-05-20T10:41:43Z,1,en,1
1a31b14b-8e0d-4539-90b8-3906ff5fb7e0,whatsapp,primary_dataset,whatsapp,Love policy all you want.,2021-05-20T10:09:52Z,0,en,1
cac53e74-181c-4d80-8443-111da12b8511,whatsapp,primary_dataset,whatsapp,From facebook it is.,2021-05-20T09:53:55Z,0,en,1
37f49b9f-68a1-43ef-be26-be417637b8d9,whatsapp,primary_dataset,whatsapp,User privacy is not secure!!!!,2021-05-20T09:51:01Z,0,en,1
6296da9e-73f0-455d-b053-b6eb126e2f50,whatsapp,primary_dataset,whatsapp,Data was stolen by hackers,2021-05-20T09:31:33Z,1,en,1
ba929712-aed5-4e63-ae95-3dad0e18f65e,whatsapp,primary_dataset,whatsapp,Data stolen,2021-05-20T09:30:21Z,0,en,1
74c88c31-35e5-4417-a8a8-9ecca8164849,whatsapp,primary_dataset,whatsapp,Data stolen,2021-05-20T09:27:54Z,0,en,1
1c8f1451-713d-46ac-b777-78e4e539f162,whatsapp,primary_dataset,whatsapp,It supports zionis. It can be like facebook on a one-star rating.,2021-05-20T09:10:51Z,0,en,1
7f66e090-eedf-460c-a952-e6fe704a7480,whatsapp,primary_dataset,whatsapp,"The application is severe, privacy is unsafe and w.a its purpose is for business purposes without regard for users",2021-05-20T09:00:48Z,0,en,1
80b55394-9c6f-4806-a1b9-32b7a3b1f8cf,whatsapp,primary_dataset,whatsapp,The user's personal data security is still a question,2021-05-20T08:32:07Z,0,en,1
d8587e59-9718-479f-a8f0-1f3b63fff46d,whatsapp,primary_dataset,whatsapp,"Our security data is highly questionable, and vulnerable to intervention by the authorities.",2021-05-20T08:23:56Z,0,en,1
5884a477-555b-44c5-b39d-3a060d66d7e5,whatsapp,primary_dataset,whatsapp,I just downloaded WA. I already filled out the data but.. I don't have a visa to use!?,2021-05-20T08:08:41Z,84,en,1
af8b33e8-7393-4912-9d78-4bfe330b0605,whatsapp,primary_dataset,whatsapp,Privacy it's so poor,2021-05-20T07:43:24Z,0,en,1
9d39bb81-c0f3-49da-b6c1-2d85e55ae236,whatsapp,primary_dataset,whatsapp,Whatsapp users are very careful because our message seems to have been monitored or intercepted. The privacy of the government or the GM might be tracking whatsapp chat activities because strange things are being monitored. It's the danger of hackers... who can find out about other people's private data business.,2021-05-20T07:38:01Z,42,en,1
8a2f7b8d-9a5d-4f6a-b82a-b8f7704e419e,whatsapp,primary_dataset,whatsapp,"WA is not what it used to be, share cesta can go to 5 groups.",2021-05-20T07:34:01Z,0,en,1
1ebe7467-f328-4096-bf62-d1d4a70d1820,whatsapp,primary_dataset,whatsapp,"Please don't get too loud on the phone, but don't get too loud on the phone.",2021-05-20T07:24:54Z,0,en,1
fa145c74-ed5c-456a-afd9-be60164f52c2,whatsapp,primary_dataset,whatsapp,Bad privacy,2021-05-20T07:20:18Z,0,en,1
589dd384-5598-45ea-a715-7735540b8b25,whatsapp,primary_dataset,whatsapp,"We're not suggesting the use of this Apk, because it's policy that insists on agreeing to a system of progress that will restrict and oversee user activity.",2021-05-20T07:15:21Z,33,en,1
ab9c8e55-4fd9-4719-99da-f81ab0366588,whatsapp,primary_dataset,whatsapp,You never know when you're setting privacy.,2021-05-20T06:36:20Z,0,en,1
7c0c7945-5223-4556-8dc7-2cc541f7ca5f,whatsapp,primary_dataset,whatsapp,"Most of the rules are ""private policy.""",2021-05-20T06:17:19Z,0,en,1
a0f66c32-7cc4-4f6f-b65a-e161841b4092,whatsapp,primary_dataset,whatsapp,"Bloat, no privacy mode",2021-05-20T06:14:42Z,0,en,1
db9f4363-b875-406f-95ee-f415b74cf005,whatsapp,primary_dataset,whatsapp,Privacy is not safe in WA,2021-05-20T06:00:23Z,0,en,1
9dbf68e1-4315-4a19-acfc-036669268e5f,whatsapp,primary_dataset,whatsapp,Privacy #1,2021-05-20T05:34:19Z,0,en,1
b8934ce7-3223-4c6f-947d-456def75475c,whatsapp,primary_dataset,whatsapp,The kindness of privacy is disturbing.,2021-05-20T05:19:30Z,0,en,1
2fb047fa-ec28-4a7a-83e7-899f39b04730,whatsapp,primary_dataset,whatsapp,Got Facebook,2021-05-20T04:04:56Z,0,en,1
5f0a5d51-05be-433a-bf51-85f7214d368a,whatsapp,primary_dataset,whatsapp,"We don't recommend the Use of this Application because it's policy that compels us to approve a Spy Progres System that will limit and monitor the user's activities and database, protect your privacy.",2021-05-20T02:15:10Z,29,en,1
8a340563-c8a8-4417-9c8e-82eed44cad22,whatsapp,primary_dataset,whatsapp,Love the facebook attitude that supports colonization,2021-05-20T02:13:17Z,0,en,1
1b78480d-1650-4e7d-b4a4-d36efc121e8b,whatsapp,primary_dataset,whatsapp,"Watch out for spy cams, retrieve your data, let alone updated.",2021-05-20T01:59:35Z,0,en,1
7bc4aa75-1a6d-40d9-9221-f3748e719c52,whatsapp,primary_dataset,whatsapp,often manipulated and indentity data says through this sosmed WhatsApp,2021-05-20T01:54:34Z,0,en,1
3ef2acea-c466-4929-b5b1-02182e904dd1,whatsapp,primary_dataset,whatsapp,Too much policy.,2021-05-20T01:53:50Z,0,en,1
ab1eaf69-f255-425b-94c6-a8a64c4098f8,whatsapp,primary_dataset,whatsapp,"Why is there a GB, can't deny it, privacy is disturbed",2021-05-20T01:37:35Z,0,en,1
bad9ac63-d3c2-4ea2-bf27-7aa85ae58b36,whatsapp,primary_dataset,whatsapp,Disrupt policy!!!!!!!!!!!!,2021-05-20T01:10:21Z,0,en,1
1dd8f38b-e99c-456e-8a5b-1058210453fb,whatsapp,primary_dataset,whatsapp,The stolen data,2021-05-20T01:03:59Z,0,en,1
32c4f621-03fd-4e87-90f9-f8cb2e8796c3,whatsapp,primary_dataset,whatsapp,Dangerous applications stealing data,2021-05-20T00:52:12Z,0,en,1
adb4f503-471e-4f1d-a1e8-a8eecb681e2c,whatsapp,primary_dataset,whatsapp,Data is easily distributed,2021-05-20T00:41:30Z,0,en,1
4614cc21-b5fa-4fb9-9a58-3af2b7852f86,whatsapp,primary_dataset,whatsapp,Sorry. Pro facebook section to israhell.,2021-05-20T00:24:52Z,0,en,1
119a6df3-8b8e-4193-b145-c9dda49f0668,whatsapp,primary_dataset,whatsapp,"The size of sending files is restricted, all internal memory auto-entering media data weighs heavily, so it must be diligent to clean up memory. Security and privacy are questionable accounts",2021-05-20T00:05:01Z,0,en,1
d490e9f6-706a-4650-94bd-a80db4e778ad,whatsapp,primary_dataset,whatsapp,His group is facebook...,2021-05-19T23:54:34Z,0,en,1
6ed3c423-5fff-4f56-8ca6-497e77f97db8,whatsapp,primary_dataset,whatsapp,It's easy to hijack people who don't know us now. Our privacy isn't guaranteed. My friends are whatsapp got hacked.,2021-05-19T23:48:32Z,0,en,1
84619a79-8e0f-4b03-abfc-9d3fab6d35be,whatsapp,primary_dataset,whatsapp,Facebook team is not good,2021-05-19T23:42:18Z,0,en,1
0666419f-fa76-4f0b-85a2-bf7b13d79aab,whatsapp,primary_dataset,whatsapp,Why does it always come up with a conditional column and we have to agree with policy content that we don't know what it's for?,2021-05-19T23:36:15Z,0,en,1
20d68bd4-6355-4345-be8f-71a209046d3c,whatsapp,primary_dataset,whatsapp,Changing mulu policy. So there's an unspecified number of online loans.,2021-05-19T23:25:23Z,0,en,1
1cc773a7-03a6-4eba-8a26-94829ef3a437,whatsapp,primary_dataset,whatsapp,Recent policy threatens user data,2021-05-19T23:18:12Z,0,en,1
33d1c8e0-b1ee-43b3-9857-1dfcf051d217,whatsapp,primary_dataset,whatsapp,"This app is actually very helpful in communication, but the developer's spirit goes awry from all of that, working with Facebook is not right at this time.",2021-05-19T23:09:29Z,17,en,1
b64c8e3e-b54c-442e-8623-558e28ec00d5,whatsapp,primary_dataset,whatsapp,It needs to be updated. The application must be more sophisticated. The consumer data must also be classified.,2021-05-19T22:39:36Z,0,en,1
15d0f24c-81e4-4b2f-81ff-a7b978d1d755,whatsapp,primary_dataset,whatsapp,Save personal data,2021-05-19T21:32:18Z,0,en,1
055ec654-27c6-4fd0-b2e2-967cb31cf3e1,whatsapp,primary_dataset,whatsapp,Forcing to approve policy,2021-05-19T21:24:20Z,0,en,1
a4bf9c17-fda8-470e-a328-7fcc73ee9ad1,whatsapp,primary_dataset,whatsapp,Disturbed by new privacy policy.,2021-05-19T21:10:38Z,0,en,1
35d9e17c-e4ff-4386-b1ff-06bb479b6598,whatsapp,primary_dataset,whatsapp,Unsafe applications privacy is not well guarded,2021-05-19T21:05:30Z,0,en,1
85c0ae8c-57f1-469a-83b8-6e2e14afaa89,whatsapp,primary_dataset,whatsapp,"Bad policy, Mrs. Sngt.",2021-05-19T21:01:00Z,0,en,1
d07ac833-f8f3-45af-b959-1f268d67feb0,whatsapp,primary_dataset,whatsapp,Stop if you can't save privacy,2021-05-19T20:47:32Z,0,en,1
64dcb04a-a4af-4b92-954b-6bd2706fb93f,whatsapp,primary_dataset,whatsapp,i hate up,2021-05-19T20:29:27Z,0,en,1
a907b4b7-62a0-42aa-a6d2-1ff49f7be556,whatsapp,primary_dataset,whatsapp,Unsafe privacy.,2021-05-19T20:26:38Z,0,en,1
0019d8fe-3307-4f88-b6b2-37960298511e,whatsapp,primary_dataset,whatsapp,Lack of privacy.,2021-05-19T20:21:41Z,0,en,1
3a61c80a-15aa-411c-9134-12f48fba525d,whatsapp,primary_dataset,whatsapp,Why no privacy!!!,2021-05-19T20:21:34Z,0,en,1
2d58c784-4002-4186-a514-32bb5b73708a,whatsapp,primary_dataset,whatsapp,"Update mulu but indistinct, coercion of will. User privacy rights are ignored only on the basis of business",2021-05-19T20:13:52Z,0,en,1
a0e0f6cb-ad87-4618-914d-d6e37d3854d8,whatsapp,primary_dataset,whatsapp,"Because whatsapp's been working with facebook, and supporting Jewish terrorists.",2021-05-19T20:12:36Z,0,en,1
0d3cb200-5299-484b-a433-2d008cf938aa,whatsapp,primary_dataset,whatsapp,"As long as facebook holds, whatsapp gets worse.",2021-05-19T20:08:39Z,0,en,1
493b8861-3c9a-4165-a327-d17f5681b2fc,whatsapp,primary_dataset,whatsapp,Bad privacy.,2021-05-19T20:03:10Z,0,en,1
22af4dd1-4855-4c3f-9831-5215dc90ae43,whatsapp,primary_dataset,whatsapp,The privacy policy is often violated,2021-05-19T19:51:05Z,1,en,1
e015fb24-87a4-47f4-998c-911fcebdf291,whatsapp,primary_dataset,whatsapp,Involved policy.,2021-05-19T19:45:01Z,0,en,1
d0be24c4-a882-4926-9cf1-8b4cf8c942ea,whatsapp,primary_dataset,whatsapp,Apk's up together,2021-05-19T19:34:10Z,0,en,1
adef92bf-9759-43de-9b0e-7f0276bc4c4a,whatsapp,primary_dataset,whatsapp,Independe facebook?,2021-05-19T19:29:32Z,0,en,1
c13d514f-7263-445b-aa04-e0b6a14cad83,whatsapp,primary_dataset,whatsapp,this application exceeds privacy limits,2021-05-19T19:23:30Z,0,en,1
17de2777-5445-4ac7-94f2-ceff107d2aa2,whatsapp,primary_dataset,whatsapp,His friends are facebook.,2021-05-19T19:21:52Z,0,en,1
27d9edc1-241c-437f-a942-39e73e573076,whatsapp,primary_dataset,whatsapp,Give us our privacy back.,2021-05-19T19:04:18Z,0,en,1
bae2589c-be20-4df5-9dbb-1ed18d943f5f,whatsapp,primary_dataset,whatsapp,"A lot of messages come in with numbers and people I don't know... edges that call me, know my own data... please secure the personal data of each person not being distributed / fix it so that it's not easy to break into user WhatsApp's secret data",2021-05-19T18:50:53Z,0,en,1
fe63d73b-226d-4d1a-9339-c3749bee91bf,whatsapp,primary_dataset,whatsapp,personal security data doubtful,2021-05-19T18:48:43Z,0,en,1
5b5c848f-ad7c-4691-a283-b8a719f8105b,whatsapp,primary_dataset,whatsapp,"Because developer whatshapp has facebook, so it's part of star 1.",2021-05-19T18:46:22Z,0,en,1
7eda82a7-23e0-484d-b9ed-72bb1bede4bc,whatsapp,primary_dataset,whatsapp,"Since collaborating with Facebook, it's all been monotonous.",2021-05-19T18:43:45Z,0,en,1
77c187b3-f2e4-4888-a7c7-b5bad3b173d1,whatsapp,primary_dataset,whatsapp,A personal data-stealing app.,2021-05-19T18:31:55Z,0,en,1
65ea2fe7-d2c8-4277-bd4c-b06497640b91,whatsapp,primary_dataset,whatsapp,Facebook indecisive applications,2021-05-19T18:27:58Z,0,en,1
a6fb2809-dd09-4a7b-977e-e01b86899e61,whatsapp,primary_dataset,whatsapp,Policy that harms users,2021-05-19T18:25:52Z,0,en,1
c70aa4bd-700a-4e5f-ae26-e137ebc16122,whatsapp,primary_dataset,whatsapp,Whatsss app smkin day is so bad an account is easy to hack or hack... privacy ends to end like nothing to Mrs.,2021-05-19T18:23:18Z,0,en,1
186844ce-b632-495a-900d-9943ec101b15,whatsapp,primary_dataset,whatsapp,Since joining up is getting worse,2021-05-19T18:17:00Z,0,en,1
d5499bdf-a087-486d-bf49-bcb9cc476060,whatsapp,primary_dataset,whatsapp,The privacy data isn't safe.,2021-05-19T18:07:55Z,0,en,1
e8d9df47-38c9-4af1-8231-11aa17449da5,whatsapp,primary_dataset,whatsapp,It's easy to break through.,2021-05-19T18:02:58Z,0,en,1
f21c08ff-9d94-4375-a671-d2e38fd622fe,whatsapp,primary_dataset,whatsapp,Right now privacy is very important.,2021-05-19T17:49:23Z,0,en,1
bb8a8fb7-06a8-4ced-b016-37c146f01042,whatsapp,primary_dataset,whatsapp,"Frequent updates, data continuing to disappear",2021-05-19T17:45:09Z,0,en,1
18513452-7c01-4ddb-8459-4850e9c10428,whatsapp,primary_dataset,whatsapp,"Since whatsapp is connected to Facebook I give you a single star review, you know it's brader",2021-05-19T17:43:36Z,0,en,1
d1574257-afb7-42f3-a3f0-9b5bb52d94a6,whatsapp,primary_dataset,whatsapp,"Messages that are too long removed, can't be deleted. In fact, the group admin can't filter shared messages in groups",2021-05-19T17:14:05Z,0,en,1
1a1b0adf-22c6-42b5-9943-2db46392f89c,whatsapp,primary_dataset,whatsapp,It's a shame her privacy policy is making the nights wear.,2021-05-19T17:06:49Z,0,en,1
2e4a962f-e1a0-49b1-919c-759d1d72d974,whatsapp,primary_dataset,whatsapp,Facebook stupid,2021-05-19T16:57:59Z,0,en,1
deb7dce6-f0eb-4434-8259-fdf1d965d222,whatsapp,primary_dataset,whatsapp,"I can share hd pict or video with other people, and people said mark is selling our privacy to dark web or kind of that",2021-05-19T16:46:18Z,0,en,1
f346bea3-e7d5-4fd9-a07a-f9d145c01e35,whatsapp,primary_dataset,whatsapp,No privacy.,2021-05-19T16:17:04Z,0,en,1
f2b69775-5b33-498c-baae-c72f75670924,whatsapp,primary_dataset,whatsapp,Disappointed because personal data was submitted to Facebook.,2021-05-19T16:07:07Z,0,en,1
c3d06208-9ae1-4c07-91e1-20e7d444e24d,whatsapp,primary_dataset,whatsapp,"From up anyway, up pro zionis, that's it",2021-05-19T15:57:52Z,0,en,1
13985e16-15f7-4e5d-97fe-571e4d7a1636,whatsapp,primary_dataset,whatsapp,Kuran keeps a record of freedom of speech,2021-05-19T15:48:57Z,0,en,1
9e3f4fb6-d6e7-411f-accd-bed364868cba,whatsapp,primary_dataset,whatsapp,"Bad political desire, part of Facebook, racism App",2021-05-19T15:37:37Z,0,en,1
71e6088c-eeef-4871-ae21-c496be6d5601,whatsapp,primary_dataset,whatsapp,want our personal data tapped into them syncing to the fb.let's switch to BlP. wa now not as fun as before. let's go to BIP. Let's go to BIP!!! now!!!!,2021-05-19T15:29:07Z,1,en,1
fac87152-2f76-4a5b-9df3-9030e7b065da,whatsapp,primary_dataset,whatsapp,facebook number,2021-05-19T15:23:02Z,0,en,1
ed999a11-1fa5-41d1-a337-19356cb25cb2,whatsapp,primary_dataset,whatsapp,"I'm a user of WhatsApp, it's a real pain if WhatsApp connects with Facebook, because by connecting whatsApp with Facebook, whatsApp's personal data can be shared to the other side.",2021-05-19T15:16:28Z,133,en,1
9560d716-6ba3-4b7a-84f0-49bfd4d41047,whatsapp,primary_dataset,whatsapp,Here's how we're going to update Facebook even if it's not updated. It's okay if it's not updated. It's not open.,2021-05-19T15:09:41Z,0,en,1
36d00ccf-de2f-4add-a0e8-67d9b85d8a0d,whatsapp,primary_dataset,whatsapp,"The policy that wants to use my data,",2021-05-19T14:38:19Z,0,en,1
21a297fc-44d8-4412-bec9-00a50645e42f,whatsapp,primary_dataset,whatsapp,"It's too late to make policy. &lt;br /&gt;When the Rame-rame moves another application, the policy is postponed. &lt;i&gt;turn on the stay using whatsapp.&lt;/i&gt; &lt;i&gt;The policy will be done again.&lt;/i&gt; &lt;i&gt;Just be careful if the user is running away.&lt;/i&gt;",2021-05-19T14:38:19Z,1,en,1
b3ceff2c-5304-454e-8fe1-70945bbdab9b,whatsapp,primary_dataset,whatsapp,NOT FILE IN THE BIT HAS PRIVATION,2021-05-19T14:35:16Z,0,en,1
218d54d0-2495-48ce-b321-12a79fcc72ec,whatsapp,primary_dataset,whatsapp,"You cant keep our privacy, dont you?",2021-05-19T14:30:33Z,0,en,1
2e5fe28e-5115-4039-8eeb-8fb411c8b720,whatsapp,primary_dataset,whatsapp,This is his Facebook theme.. ..the pagan demon Dajjal also appears to be a supporter of the DemonJews.,2021-05-19T14:22:12Z,0,en,1
60c1d22a-df98-4fd1-a28e-1405361fbe09,whatsapp,primary_dataset,whatsapp,Personal data is not guaranteed.,2021-05-19T14:19:43Z,0,en,1
7c6c8ae6-3e50-4a92-b1c2-f39dd114c187,whatsapp,primary_dataset,whatsapp,Is this application in the Facebook group? ...if it comes in....I!,2021-05-19T14:12:29Z,0,en,1
e3a1b601-91e9-43f8-982e-8ff52e204625,whatsapp,primary_dataset,whatsapp,No privacy.,2021-05-19T13:47:07Z,0,en,1
e854b5c6-2c07-4772-8071-81eaa376177a,whatsapp,primary_dataset,whatsapp,It wasn't long ago that we made a P.O. rating under the shadow of facebook.,2021-05-19T13:45:32Z,0,en,1
abe23ee4-46ea-4600-81bf-ac73f9a68f22,whatsapp,primary_dataset,whatsapp,Whatsapp data is secure yet?,2021-05-19T13:42:45Z,0,en,1
bc1e9ecd-04f8-41ce-9883-08292e3e0a12,whatsapp,primary_dataset,whatsapp,"Because now he owns Facebook, non-neutral social media.",2021-05-19T13:33:29Z,0,en,1
064d37cf-a1cc-4f77-9651-8c10464a4e0e,whatsapp,primary_dataset,whatsapp,Because WA is also from Facebook that's why I love you 1 star,2021-05-19T13:33:03Z,0,en,1
d9fe5846-8ce8-4452-b1e9-f96fa5242ab2,whatsapp,primary_dataset,whatsapp,"Mostly policy,",2021-05-19T13:25:15Z,0,en,1
5d2c12bd-86cc-4da2-851f-8390632ae384,whatsapp,primary_dataset,whatsapp,"Good, it's just working with Facebook, and Facebook doesn't protect its user's privacy.",2021-05-19T13:22:13Z,0,en,1
d1139590-ea2c-4e54-9154-293feeab87d3,whatsapp,primary_dataset,whatsapp,Not privacy..,2021-05-19T13:08:48Z,0,en,1
24cbd7b2-4135-4db4-879e-0fe991d70ee5,whatsapp,primary_dataset,whatsapp,Keep Privacy,2021-05-19T12:35:17Z,0,en,1
e2ec8933-64b0-4de1-b9c3-95e8009ac309,whatsapp,primary_dataset,whatsapp,"What's with the privacy policy of everything, change the instant messenger you think you're all there is?",2021-05-19T12:29:52Z,0,en,1
e720d53c-7616-402c-bfb9-2cabe4825b1f,whatsapp,primary_dataset,whatsapp,"Facebook, and the other... if you can't give anything positive, it's better to keep quiet",2021-05-19T12:27:04Z,0,en,1
3eded521-47f7-4a2c-bb56-0e0301fce6dd,whatsapp,primary_dataset,whatsapp,A lot of eating data quotas,2021-05-19T12:17:00Z,0,en,1
2a39e50e-4ef6-42f1-9405-250c8dc02b7f,whatsapp,primary_dataset,whatsapp,Sucking privacy,2021-05-19T12:08:33Z,0,en,1
df64ad32-e86c-4221-9510-e3081cdf02df,whatsapp,primary_dataset,whatsapp,We feel betrayed by new rules for giving our data to the fb.,2021-05-19T12:06:31Z,0,en,1
71e4733a-9104-4b81-8eef-2cb52d7bf511,whatsapp,primary_dataset,whatsapp,Now user data is shared to facebook,2021-05-19T11:59:29Z,0,en,1
6abe734c-2c12-4ac9-85b1-89ef513a77a8,whatsapp,primary_dataset,whatsapp,"Using his apps, to commit to his own policy, to defend the wrongdoing, I renounced my policy, and I took refuge in God's grace for my helplessness.",2021-05-19T11:52:04Z,0,en,1
97b76a27-c203-4c4f-a3f3-2968f5bcb10d,whatsapp,primary_dataset,whatsapp,"A lot of people move to the BIP app, it's because whatsApp has a shitty privacy update.",2021-05-19T11:38:27Z,1,en,1
ce4e8a8c-92f3-4ec3-8134-155b7c748ed1,whatsapp,primary_dataset,whatsapp,Same up,2021-05-19T11:32:20Z,0,en,1
f52d0450-c049-462f-aa5e-a46147614d28,whatsapp,primary_dataset,whatsapp,Stop stealing my DATA!!!,2021-05-19T11:27:45Z,0,en,1
6e7a3cce-a1b1-40fd-98fd-18668b846ab4,whatsapp,primary_dataset,whatsapp,"It's really hard to accept privacy, so let's be suspicious.",2021-05-19T11:26:32Z,0,en,1
21b8f6b1-c6a7-4232-97d7-e83625f7eadc,whatsapp,primary_dataset,whatsapp,Wa also belongs to FaceBook.,2021-05-19T11:12:46Z,0,en,1
5392d806-aa35-4849-baa2-b81f7ba8a6ea,whatsapp,primary_dataset,whatsapp,Change telegrams and signal... privacy in the bar is not available with wa,2021-05-19T10:44:02Z,0,en,1
cef53c89-95e0-4254-8a24-b5c738342921,whatsapp,primary_dataset,whatsapp,I don't know. I don't know. I don't know.,2021-05-19T10:31:17Z,0,en,1
158c11e2-5eec-49d2-8f85-2f194f3a1783,whatsapp,primary_dataset,whatsapp,"Ugly, private data scattered",2021-05-19T10:27:32Z,0,en,1
1259cafd-e36c-43cf-8828-35f23497e06a,whatsapp,primary_dataset,whatsapp,So bad privacy can be ruined if you download this app!!!!!!!!!!!!!!!!,2021-05-19T10:19:09Z,0,en,1
40d34391-e9e0-455b-ab4b-edd3d0ba6e14,whatsapp,primary_dataset,whatsapp,Privacy,2021-05-19T10:17:55Z,0,en,1
2b959bb6-efff-4b4a-9cec-37c17bb8f370,whatsapp,primary_dataset,whatsapp,"Just like facebook, evil app",2021-05-19T10:07:06Z,0,en,1
809174f5-64bf-4f92-8e64-1bd8e6bf6087,whatsapp,primary_dataset,whatsapp,Too complicated policy,2021-05-19T09:46:25Z,0,en,1
1dd6ac64-4484-4dfe-82d4-1f04bcbf6535,whatsapp,primary_dataset,whatsapp,"Because you have sosmed's unnegative facebook, so I'll give you a star 1, until your parent company gives you a statement about freedom of speech. I'll give you another 5 stars.",2021-05-19T09:27:09Z,41,en,1
01bd0aef-8f1a-416e-855a-187109877fcb,whatsapp,primary_dataset,whatsapp,Distributing data to third party,2021-05-19T09:21:13Z,0,en,1
c3636b25-589f-4a2f-bb11-c6ae808e12fd,whatsapp,primary_dataset,whatsapp,Concone up bapanan skip,2021-05-19T09:10:56Z,0,en,1
d2c0f832-ddea-476c-b950-81b4942de7f5,whatsapp,primary_dataset,whatsapp,It's okay. It's okay. It's okay.,2021-05-19T09:01:36Z,0,en,1
7fb9149f-9fcf-4dde-84b8-5aa9cab240c5,whatsapp,primary_dataset,whatsapp,I gave you one star because this app belongs to Facebook.,2021-05-19T08:55:02Z,0,en,1
a19cd1d2-b6e5-4a3e-b3b3-bb95e386f4ed,whatsapp,primary_dataset,whatsapp,It's terrible. My data's in the tunnel.,2021-05-19T08:30:50Z,0,en,1
4f28cdca-65da-42e2-b1bc-701b89fffa6f,whatsapp,primary_dataset,whatsapp,"Now share into all contacts is limited to only five, it used to be 200.",2021-05-19T08:27:14Z,0,en,1
512c8265-fbf7-4529-9852-94fd63de4f14,whatsapp,primary_dataset,whatsapp,"You still have Facebook, right?",2021-05-19T08:21:13Z,0,en,1
d83615d9-0160-4c9a-9b73-a59ec6079c4a,whatsapp,primary_dataset,whatsapp,"Data is often hacked, stolen irresponsible people",2021-05-19T08:14:21Z,0,en,1
2214a4e7-dc15-483e-9fe3-9466828aa167,whatsapp,primary_dataset,whatsapp,I don't feel like I have any privacy anymore.,2021-05-19T08:13:13Z,0,en,1
d29387c4-ece8-4cee-bdd5-530b606f3d01,whatsapp,primary_dataset,whatsapp,"Often get a wa from an unknown number, which means our data as a customer leaks.",2021-05-19T08:03:06Z,0,en,1
49698529-c319-4ee6-aa41-03203dd20825,whatsapp,primary_dataset,whatsapp,Like facebook,2021-05-19T07:59:51Z,0,en,1
4f8c84f8-56a4-4a51-8c76-d5ab6662b2eb,whatsapp,primary_dataset,whatsapp,There's no privacy anymore yeee....,2021-05-19T07:52:53Z,0,en,1
aa0be52f-0a4a-40ab-a704-e7b6fa009d05,whatsapp,primary_dataset,whatsapp,"New policy is not fun, important data is not safe",2021-05-19T07:44:45Z,0,en,1
7a0688c7-22fd-4c02-9bf2-88ec54b0d415,whatsapp,primary_dataset,whatsapp,new policy that harms the user. not appreciate the privacy of the user. Bye-bye WA....,2021-05-19T07:37:23Z,0,en,1
f606b821-9f58-4011-abf0-13518ce4412f,whatsapp,primary_dataset,whatsapp,Don't be like facebook,2021-05-19T07:35:22Z,0,en,1
2ba3b5be-c017-476d-97b1-ad12a4ea12d4,whatsapp,primary_dataset,whatsapp,Your privacy is threatened by this application,2021-05-19T07:25:48Z,0,en,1
996f80ec-3a7c-4e46-be7e-9d7831270e9d,whatsapp,primary_dataset,whatsapp,"Used to love it, since we've been able to keep an eye on the government, uh, that means we don't have any privacy here.",2021-05-19T06:48:59Z,0,en,1
08ac3983-a561-4a39-b58f-21bbf53007ae,whatsapp,primary_dataset,whatsapp,Keeping privacy.,2021-05-19T06:48:56Z,0,en,1
c194a80f-7c32-4245-8c6a-8f0ce456f34d,whatsapp,primary_dataset,whatsapp,Lay out Facebook groups,2021-05-19T06:27:25Z,0,en,1
e7103efd-5f86-4599-8cb9-2f2f1af9715c,whatsapp,primary_dataset,whatsapp,#save privacy,2021-05-19T06:15:55Z,0,en,1
3a78b02c-2fa2-43e9-a222-0b3580091669,whatsapp,primary_dataset,whatsapp,Fuck you up.,2021-05-19T06:10:43Z,0,en,1
88837cf4-f033-4261-97c2-3f5f96a5eb52,whatsapp,primary_dataset,whatsapp,CALON DATA CALON,2021-05-19T05:59:49Z,0,en,1
36354f24-f729-415a-821f-f3e21795d637,whatsapp,primary_dataset,whatsapp,Since the facebook lemot if it opens Wa,2021-05-19T05:45:52Z,2,en,1
6654f357-ee00-48d6-9af4-a06053aff727,whatsapp,primary_dataset,whatsapp,"Since you're holding the mark, these applications often beg you to believe that your account is safe.",2021-05-19T05:36:42Z,38,en,1
277602f6-77d3-4143-a0af-fbbe06f86de0,whatsapp,primary_dataset,whatsapp,Why does it have to be a private data search agreement??????????????????????? Our personal data isn't to be shared.,2021-05-19T05:33:25Z,1,en,1
9ecfb73f-1b00-4d7a-8789-7d64b0f9065d,whatsapp,primary_dataset,whatsapp,Private domains are often out in the open.,2021-05-19T05:21:47Z,0,en,1
67a6788f-f358-47d9-95c1-13adc2c5efe9,whatsapp,primary_dataset,whatsapp,Since the facebook acquisition has gotten worse,2021-05-19T04:55:08Z,1,en,1
1ae76b11-fdad-46aa-a9f0-0f5321a5262d,whatsapp,primary_dataset,whatsapp,Working with Facebook to limit freedom of speech,2021-05-19T04:34:29Z,1,en,1
dabd23c4-be94-498a-9961-51d4bc00a5cf,whatsapp,primary_dataset,whatsapp,"It's not safe right now. &lt;br /&gt;I've lost my account for so long.&lt;/i&gt; &lt;i&gt;lt;/i&gt; &lt;i&gt;It's hard to repeat from the beginning&lt;/i&gt; &lt;i&gt;All apps can be tapped. &lt;i&gt;We've used them, please maintain their privacy. &lt;/i&gt; &lt;i&gt;I'm not satisfied with this app, sorry to say I Give a rating.&lt;/i&gt;",2021-05-19T04:17:06Z,128,en,1
1ca8c40b-8e52-4961-a0c4-044519e973e0,whatsapp,primary_dataset,whatsapp,Bad policy with facebook,2021-05-19T03:57:21Z,0,en,1
db94842c-af06-4b3b-959d-da0bf2be03c7,whatsapp,primary_dataset,whatsapp,It's starting to violate privacy.,2021-05-19T01:01:57Z,0,en,1
fe77908b-1fb5-4367-ad17-a3031741503c,whatsapp,primary_dataset,whatsapp,worst terms and conditions,2021-05-18T23:45:03Z,0,en,1
4c378abc-f621-4dd1-91e6-4608064d786c,whatsapp,primary_dataset,whatsapp,Little bits of data back up,2021-05-18T23:22:14Z,0,en,1
6ae0dc2f-76c3-422d-af05-380cc9eaa43d,whatsapp,primary_dataset,whatsapp,The application data size is too large so it is incompatible with the older OS,2021-05-18T23:21:04Z,0,en,1
d46c8d44-ee3d-44f9-9e99-52540c776691,whatsapp,primary_dataset,whatsapp,"Well, privacy's not safe anymore, the app ain't right.",2021-05-18T23:07:06Z,0,en,1
f20c3c7b-d9d7-4aa3-b00b-e5ac36fb9622,whatsapp,primary_dataset,whatsapp,There's a lot of data leaks.,2021-05-18T22:49:07Z,0,en,1
b80e4c57-8fcf-4f10-bca2-cb58ff4c304a,whatsapp,primary_dataset,whatsapp,Lack of privacy.,2021-05-18T22:46:57Z,0,en,1
82872af3-1697-4df7-bd6d-7ba14e873654,whatsapp,primary_dataset,whatsapp,"It's getting worse and worse. There's a lot of bugs. One of them is going to share a video with a story, there's a cut.",2021-05-18T22:42:29Z,8,en,1
d58a79f1-0f02-40bc-9845-7119daed965d,whatsapp,primary_dataset,whatsapp,Take care of our privacy.,2021-05-18T22:26:39Z,0,en,1
e750adf1-3f87-402e-9488-57db39727ec5,whatsapp,primary_dataset,whatsapp,"It's bad. Applications, data, contacts, photos, addresses and family contacts are sent to CIA and fbi by facebook.",2021-05-18T22:19:24Z,1,en,1
33ce711d-7e8f-47f7-b07f-96bff2aa2c6a,whatsapp,primary_dataset,whatsapp,"Not good, data thief.",2021-05-18T22:15:39Z,0,en,1
c8ccfdc2-4c04-46fe-b48d-2637cf17a052,whatsapp,primary_dataset,whatsapp,Applications are indecisive and insecure... be careful of data loss,2021-05-18T22:12:28Z,0,en,1
4bd23aa3-268b-4808-ba80-44b85f3b2e80,whatsapp,primary_dataset,whatsapp,Too bad new policy,2021-05-18T22:02:31Z,0,en,1
366fc45a-3dad-4b06-babc-b4c8b6c2cac2,whatsapp,primary_dataset,whatsapp,Forced policy,2021-05-18T21:39:46Z,0,en,1
cfef0c11-e8f6-4917-8d96-60fc3d4da987,whatsapp,primary_dataset,whatsapp,"Songong application, over forced policy to WA user",2021-05-18T21:14:18Z,0,en,1
4e8e115e-2ffc-4d53-b0ea-26d274ed64c8,whatsapp,primary_dataset,whatsapp,"It's been a long time. It's been hard on the phone, and there's no privacy in the wa.",2021-05-18T21:01:57Z,0,en,1
0d487032-cf91-4de1-9f54-550040fe590f,whatsapp,primary_dataset,whatsapp,"1 dl, let's get people connected to the FB as well, where's the privacy!",2021-05-18T20:59:30Z,0,en,1
72784b8c-c551-4dff-9d9c-8ed5691d6218,whatsapp,primary_dataset,whatsapp,like it facebook,2021-05-18T20:35:48Z,2,en,1
88ffbada-c099-40d4-8578-b7ccf07f6fd4,whatsapp,primary_dataset,whatsapp,Better use more than stolen and processed data for their benefit!,2021-05-18T20:27:07Z,0,en,1
cb254300-bc41-45c3-972e-3a77f2058a4d,whatsapp,primary_dataset,whatsapp,How can you say that?...to date privacy. feel insecure so..,2021-05-18T20:15:18Z,0,en,1
7f6f0147-ebc8-4d30-b5e6-936b6e172f32,whatsapp,primary_dataset,whatsapp,Too many unguarded rules & privacy,2021-05-18T19:54:39Z,0,en,1
dd031eea-c77b-493c-a406-43f87cfd340f,whatsapp,primary_dataset,whatsapp,"I'm afraid of my privacy that Indonesian Police said that they can hack conversation from WhatsApp, is that True?",2021-05-18T19:42:02Z,1,en,1
b99ad4a5-e3f9-4e7c-a82e-4ad51fd5e4e9,whatsapp,primary_dataset,whatsapp,"Leave Wa, because your data has been hacked",2021-05-18T19:36:20Z,0,en,1
05e51696-5dc5-4d86-a22d-2b982853ac3e,whatsapp,primary_dataset,whatsapp,Very Bad because Whatsapp joins with facebook.,2021-05-18T19:00:19Z,0,en,1
e070a8b2-2095-4462-a1f3-ca2531a751b7,whatsapp,primary_dataset,whatsapp,"If you're not on any side of Facebook, I'll raise the ratings.",2021-05-18T18:54:33Z,0,en,1
0d33bb72-4659-472c-aaaf-742137f65048,whatsapp,primary_dataset,whatsapp,Can't keep the privacy of his user you piece of shit!!!!!!!!,2021-05-18T18:44:12Z,0,en,1
b45f69ff-d718-42a5-8bfc-ee12c9b0110d,whatsapp,primary_dataset,whatsapp,Update mulu policy,2021-05-18T18:08:50Z,0,en,1
a5c8b5d3-b81d-48f0-b21d-ef6f52e488b0,whatsapp,primary_dataset,whatsapp,His privacy policy is legal.,2021-05-18T17:09:46Z,0,en,1
f8d1ade1-0191-4d62-9684-7acc1f85aad0,whatsapp,primary_dataset,whatsapp,"As long as you work with facebook, the star will be 1",2021-05-18T17:00:12Z,0,en,1
9fe1f14b-7dda-4751-b9d7-6a1908ffb141,whatsapp,primary_dataset,whatsapp,Data leak.,2021-05-18T16:52:59Z,0,en,1
f4f984bf-1f9f-421b-8ec9-c987d0b9ec59,whatsapp,primary_dataset,whatsapp,Let's hope there are improvements on privacy issues.,2021-05-18T16:47:08Z,0,en,1
387e7419-21b6-4dd7-aa55-62ff4ce9e868,whatsapp,primary_dataset,whatsapp,"""To keep the data in check.""",2021-05-18T16:24:10Z,0,en,1
bdc159cf-809e-4930-956e-e67bcdafbd2f,whatsapp,primary_dataset,whatsapp,Bocorrrr data,2021-05-18T16:02:41Z,0,en,1
ca0c4ce0-8518-4db4-9ea0-242dcfec237b,whatsapp,primary_dataset,whatsapp,"This application is under the control of the late Jews so that there are certain vidio2s that shouldn't be shared which the Jews think will cost them their side,!!!!",2021-05-18T16:02:19Z,8,en,1
d1abe9ea-984b-4a18-8cdd-bb52e4af1fa4,whatsapp,primary_dataset,whatsapp,"Bad, my data goes to gamblers, garbage apps.",2021-05-18T15:30:07Z,0,en,1
4f3d8b89-3d0e-4613-a469-f4bde00b9daf,whatsapp,primary_dataset,whatsapp,Duplicate data... the weight of cell phone memory.,2021-05-18T15:15:38Z,0,en,1
de62f6cf-5d38-46cf-a12a-c18c03f130ab,whatsapp,primary_dataset,whatsapp,Personal Data Market Apps,2021-05-18T15:10:52Z,0,en,1
59511923-a554-4ec8-97f7-f12c9e96f791,whatsapp,primary_dataset,whatsapp,WA is now selling data irresistibly,2021-05-18T15:10:08Z,0,en,1
228f5102-68cd-4002-8a53-9959eeb47bc5,whatsapp,primary_dataset,whatsapp,"The more you get here, the more data you have on all the viruses coming in.",2021-05-18T15:06:38Z,0,en,1
2f54ec07-038f-4710-b605-085bb63684c7,whatsapp,primary_dataset,whatsapp,"Why don't we talk about privacy now, give us back our privacy room?",2021-05-18T14:55:24Z,0,en,1
bf32609d-b6f5-46bf-92ba-fc55a8d3a091,whatsapp,primary_dataset,whatsapp,Afiliation with Facebook is a restless biconi. lt doesn't feel like I have any privacy.,2021-05-18T14:31:49Z,0,en,1
35a296b2-f15a-4261-80fe-7b7514ed75e2,whatsapp,primary_dataset,whatsapp,Hopefully whatsapp user data is not misused by the company and developers,2021-05-18T14:00:15Z,0,en,1
ff376228-2528-423a-8d9f-6e6dedd4769f,whatsapp,primary_dataset,whatsapp,"No privacy, no justice.",2021-05-18T13:46:10Z,0,en,1
2cfb0829-5906-483e-92d5-49695ec5bdaa,whatsapp,primary_dataset,whatsapp,Because Facebook groups are not fair in reporting clashes between Palestine and Jews on the West Bank,2021-05-18T11:54:54Z,0,en,1
7e928a9e-fc88-43f7-a58f-110b7b9fa6fd,whatsapp,primary_dataset,whatsapp,WhatsApp is not good at the latest version. Can't clean up the data stored in the past version. Please return it. Lets sort the data we want to delete.,2021-05-18T11:40:03Z,52,en,1
32dd6d93-c421-445d-889d-596ed590dda1,whatsapp,primary_dataset,whatsapp,"Since being owned by Facebook, I have felt less secure using whatsapp.",2021-05-18T11:12:15Z,0,en,1
37eda43a-5f60-4e37-8548-a45a86aeb7c7,whatsapp,primary_dataset,whatsapp,It's easy to leak data,2021-05-18T10:50:00Z,0,en,1
d6e0221d-ed8a-4a4d-869b-2e77c78c2337,whatsapp,primary_dataset,whatsapp,"Why, a new privacy policy never appeared in my account until the 15th yesterday, but my feature was reduced, one example of whatsapp image in the gallery was missing all, and couldn't read part of the group message.",2021-05-18T10:14:32Z,1313,en,1
93a525b2-4cfa-4989-8de5-d37cd2282c2f,whatsapp,primary_dataset,whatsapp,Forcing a will that's supposed to be consumer privacy.,2021-05-18T10:08:17Z,0,en,1
e848f572-0f94-455d-96b0-debeae25f41a,whatsapp,primary_dataset,whatsapp,"Privacy is getting less secure, if this continues, then people will switch to telegrams.",2021-05-18T10:02:37Z,0,en,1
2118e7a3-dd34-482a-ae0f-0078bc73e994,whatsapp,primary_dataset,whatsapp,Facebook,2021-05-18T09:51:42Z,0,en,1
f716d331-9652-4061-b087-852c641e4cd6,whatsapp,primary_dataset,whatsapp,"Since joining Facebook, it's been a terrible service.",2021-05-18T09:43:40Z,0,en,1
ed7f1e26-6a85-44fc-a6ca-940cf31be66c,whatsapp,primary_dataset,whatsapp,The privacy issue...,2021-05-18T09:22:55Z,0,en,1
24890c06-b0aa-40e3-a1c6-c92177a41de4,whatsapp,primary_dataset,whatsapp,It often has to be a waste of annoying data.,2021-05-18T09:20:54Z,0,en,1
107e7ea3-7975-459f-8db6-721ae444cb62,whatsapp,primary_dataset,whatsapp,Why don't you update your data and make a mess?,2021-05-18T09:06:03Z,0,en,1
83e9dfd4-d1f4-4c01-8141-e69e65a76c69,whatsapp,primary_dataset,whatsapp,Racist facebook family.,2021-05-18T08:59:10Z,0,en,1
2838664a-9b52-45d7-b455-f8fcb8ea4a1b,whatsapp,primary_dataset,whatsapp,Privacy is very low,2021-05-18T08:11:53Z,0,en,1
65f5407a-c85a-4479-9844-bdc8b9f9522f,whatsapp,primary_dataset,whatsapp,"The more you get here, the less private you get, the sooner you get to the bottom of this.",2021-05-18T08:05:42Z,0,en,1
3edec9fb-c128-4ddf-8cd6-f54ef17c1dcb,whatsapp,primary_dataset,whatsapp,There's something wrong with Facebook policy..,2021-05-18T07:19:16Z,0,en,1
1e3ce65d-e039-49b8-9989-62fbf18797f5,whatsapp,primary_dataset,whatsapp,Out of Facebook and Instagram,2021-05-18T06:25:06Z,0,en,1
584bafd8-5145-413e-b0e3-b110291177c3,whatsapp,primary_dataset,whatsapp,Facebook not fair,2021-05-18T06:24:43Z,0,en,1
76c3c72e-1dd5-426f-b924-5b17fa0e11ae,whatsapp,primary_dataset,whatsapp,bad privacy dont download,2021-05-18T06:15:30Z,0,en,1
a36c394c-2629-48b1-b385-791d436c4733,whatsapp,primary_dataset,whatsapp,"The apps are getting worse. &lt;i&gt;You can't share it with people, at least five people. &lt;/i&gt; &lt;i&gt; Switch it to a telegaes. &lt;/i&gt;",2021-05-18T05:57:08Z,0,en,1
76cc95a3-ea4f-4a18-9148-28af2a30c96e,whatsapp,primary_dataset,whatsapp,"Facebook doesn't support a world peace with the bias of the colonial-settler state, Israel.",2021-05-18T05:42:40Z,0,en,1
9100ec9b-b5a8-4987-a3c7-9c5a44cce308,whatsapp,primary_dataset,whatsapp,About privacy updates.,2021-05-18T05:40:50Z,0,en,1
ca6b831e-dcbe-4f7b-b73f-d303edbdc4cd,whatsapp,primary_dataset,whatsapp,May there be improvements with the realm of privacy,2021-05-18T05:25:03Z,0,en,1
fe2a742a-7747-4b92-b337-99255b1eb4ef,whatsapp,primary_dataset,whatsapp,Because working with Facebook,2021-05-18T04:25:03Z,0,en,1
904d7992-c48f-47c4-8706-16f93d962a2a,whatsapp,primary_dataset,whatsapp,Take our data???????,2021-05-18T03:40:41Z,0,en,1
3f19f13e-6113-4b4b-9435-d21b29b7b195,whatsapp,primary_dataset,whatsapp,The policy is bad.,2021-05-18T03:02:45Z,0,en,1
0d8b319f-a2f3-40b6-8701-324978883ee3,whatsapp,primary_dataset,whatsapp,Is my data secure?,2021-05-18T00:38:29Z,0,en,1
f1c75253-9c20-467e-b57a-a073ed726e57,whatsapp,primary_dataset,whatsapp,It's not safe. Then it's very disappointed with its new policy.,2021-05-17T22:56:41Z,0,en,1
a7f3190f-be8a-4af4-988b-19d4dc61b50d,whatsapp,primary_dataset,whatsapp,"Let's give you one first, because the Facebook account was hacked into by people to get a PUBG account.",2021-05-17T22:45:52Z,0,en,1
5e7e33a8-8540-4b23-b20f-72a3d62875ac,whatsapp,primary_dataset,whatsapp,New policy,2021-05-17T22:37:02Z,0,en,1
8f39bf97-3b7a-4a10-8f2b-2873a1ef2180,whatsapp,primary_dataset,whatsapp,Unfair with Facebook,2021-05-17T22:07:15Z,0,en,1
9b035348-6446-45bd-acf3-515b72658c15,whatsapp,primary_dataset,whatsapp,May this appeal of privacy make mnjmn WhatsApp rethink his privacy policy.,2021-05-17T21:54:15Z,0,en,1
8cbaed03-9ea9-4859-8481-a326da5cce97,whatsapp,primary_dataset,whatsapp,Privacy is not safe,2021-05-17T21:43:57Z,0,en,1
2538e9a7-f282-4263-afec-1535cb894051,whatsapp,primary_dataset,whatsapp,Forcing apps new policy,2021-05-17T20:43:06Z,0,en,1
b91e901b-1368-452b-98bb-2416766693ce,whatsapp,primary_dataset,whatsapp,No more privacy,2021-05-17T20:37:07Z,0,en,1
42ae37ed-696a-4e80-bff3-e03549d16526,whatsapp,primary_dataset,whatsapp,Because they're affiliated with Facebook!!!,2021-05-17T20:28:50Z,0,en,1
793db8ce-adf6-486b-a77b-4f110bf6a9ad,whatsapp,primary_dataset,whatsapp,Facebook,2021-05-17T20:16:28Z,0,en,1
6711e36d-bec6-4788-85a3-fb8fc5bd13a8,whatsapp,primary_dataset,whatsapp,Threatening privacy,2021-05-17T19:11:24Z,0,en,1
9dee76f9-5273-4661-a623-dcc70b1d5e21,whatsapp,primary_dataset,whatsapp,PLEASE BUY NO PHONE PRIVATION!!!!,2021-05-17T19:08:50Z,0,en,1
695b2fba-0494-4286-8e35-4fe2f84a36f8,whatsapp,primary_dataset,whatsapp,after policy update so lazy to use,2021-05-17T17:02:58Z,0,en,1
5ab4e8c3-e8e3-406b-ad92-4c1da6b930ea,whatsapp,primary_dataset,whatsapp,Why is my account blocked? It doesn't make a lot of data important anyway.,2021-05-17T14:19:24Z,0,en,1
1c7b5fe4-2be7-428d-bdd0-25ebc51c2d3d,whatsapp,primary_dataset,whatsapp,User privacy is beginning to be threatened,2021-05-17T10:36:21Z,0,en,1
da0e946e-e7ff-4c3a-96c0-96cf54e39ea1,whatsapp,primary_dataset,whatsapp,"Since whatsapp was purchased by the fecebook, which used to upload videos or photos that aren't familiar now, does anyone want to give up Facebook?",2021-05-17T06:56:48Z,47,en,1
c37d1811-ad34-4052-9941-f82b5e637359,whatsapp,primary_dataset,whatsapp,"I used to love this app as much as I did the Blackberry in its heyday, now there are a lot of privacy rules requested by the media, whether it's right or not, I gave you the first star.",2021-05-17T04:24:31Z,0,en,1
ef40b488-fd4c-4461-bebd-4ce5a85e3d6d,whatsapp,primary_dataset,whatsapp,Remove the story's privacy,2021-05-16T22:58:43Z,0,en,1
91269a22-e0d8-47c7-ad75-4a1d7aaae566,whatsapp,primary_dataset,whatsapp,Being memories of the future especially in the old days,2021-05-16T22:48:40Z,0,en,1
d204cfd9-a82a-4e05-9146-9a05806291f1,whatsapp,primary_dataset,whatsapp,Overprivate every latest oemnew! Get an update but a secret.,2021-05-16T19:19:19Z,0,en,1
55bff82d-f247-4bb7-a05b-f81418711569,whatsapp,primary_dataset,whatsapp,"Secret security can still be hacked... chats can still be hacked, so we have no privacy...",2021-05-16T18:31:36Z,0,en,1
042edb66-e1dc-49c0-a3b1-cfe77623d3e2,whatsapp,primary_dataset,whatsapp,"We won't accept your new policy, we've also prepared another instant message app if WhatsApp reduces existing features, goodbye WhatsApp!!",2021-05-16T18:07:34Z,0,en,1
5ee5c3ac-b4fd-4c99-b09a-7a7f346d9c76,whatsapp,primary_dataset,whatsapp,"fontcolor="" # FFFF00""I'msosuck fontcolor="" # FFFF00""at presentthistime fontcolor="" # FFFF00""twa fontcolor="" # FFFF00""ifondata ,I'msleepingrightat tlffn fontcolor="" # FFFF00""doi fontcolor="" # FFFF00""whenI'mnotwhy fontcolor="" # FFFF00""data fontcolor="" # FFFF00""datadata fontcolor="" # FFFF00""aldata FFFF00""again FFFF00""now ,thetime again fontcolor="" # FFFF00""well now",2021-05-16T16:42:35Z,3,en,1
d4c9837e-2a65-4844-9f60-a0dcea9f0e13,whatsapp,primary_dataset,whatsapp,It's a very good app..and it can be made to privacy. I'm satisfied with this app. 100% good.,2021-05-16T15:27:35Z,0,en,1
3a4557cc-4fe2-486a-a775-c7b988795c66,whatsapp,primary_dataset,whatsapp,Share transfer evidence from the Brimo format file not supported on the 10 pro note,2021-05-16T14:25:22Z,0,en,1
c9ffe3f9-c435-4fd9-8db3-d691e22b5b2d,whatsapp,primary_dataset,whatsapp,Don't steal our privacy,2021-05-16T13:30:03Z,0,en,1
14805870-f0e2-40a7-8829-f65aef26e9fc,whatsapp,primary_dataset,whatsapp,I don't like the new privacy policy.,2021-05-16T13:15:10Z,0,en,1
e63077a3-635b-4a9c-af05-be5cc2afc0c2,whatsapp,primary_dataset,whatsapp,"Whatsapp is very good. But there's no way to sound the group in a notmal way. If the archive only sounds temporary if it's reanimated, then if there's a text coming back in, then the group is out of the archive.",2021-05-16T11:51:21Z,0,en,1
addba607-c6e0-473e-a451-26566872be21,whatsapp,primary_dataset,whatsapp,"Facebook don't steal, Facebook don't steal",2021-05-16T07:10:19Z,0,en,1
2ad97de9-ee33-4e9f-a64f-dcee92374519,whatsapp,primary_dataset,whatsapp,"Better use BIP, video, uncompressed photo, clear voice Drpd WA. Even if you have to check his rules, the little bit should check his rules.",2021-05-16T06:49:45Z,6,en,1
598dfb9c-45c2-4171-8fec-5012ab80505b,whatsapp,primary_dataset,whatsapp,My data is missing:,2021-05-16T06:34:15Z,0,en,1
c24eb4ec-305b-4eb1-bede-9fa7646922a2,whatsapp,primary_dataset,whatsapp,There's no guarantee of our data.,2021-05-16T01:36:06Z,0,en,1
95a01ad6-b480-41f4-87c2-8e3e8c713edd,whatsapp,primary_dataset,whatsapp,"As a form of protest I'm giving you star 1 because I haven't been able to get a definite guarantee of user privacy, sorry.",2021-05-16T00:19:47Z,0,en,1
00b53c5d-1761-4660-86f2-032639baeeaf,whatsapp,primary_dataset,whatsapp,"Hello WhatsApp don't make it difficult for your products for your users to do your homework, you're making it difficult for the WhatsApp to be unused and uninterested and you're missing out on your own policies, the little users will move to a more complete one. The information is yes, thank you, please read it and don't make policies that cost you even more.",2021-05-15T23:07:55Z,0,en,1
baa0a847-ca83-477b-9f00-e9a956c82c22,whatsapp,primary_dataset,whatsapp,It's a strange policy.,2021-05-15T22:58:50Z,0,en,1
5d971d9f-888b-4f36-a102-76ce13717fcd,whatsapp,primary_dataset,whatsapp,The privacy policy is I'm uninstalled.,2021-05-15T22:28:35Z,0,en,1
76c4e82a-ae1f-4060-b902-8268259d98f7,whatsapp,primary_dataset,whatsapp,"It's said that privacy is strong... but how many people use mod/modification, so angry like that.. please block it.",2021-05-15T21:06:15Z,1,en,1
424ba90b-3579-402e-95a1-db5eb07d50f2,whatsapp,primary_dataset,whatsapp,The privacy data can be leaked & abused and irresponsible with the proliferation of fraud using whatsApp. The security of privacy must be increased.,2021-05-15T20:37:32Z,10,en,1
eb0ce6eb-4c32-4a10-85f7-5297934c97a8,whatsapp,primary_dataset,whatsapp,Couldn't agree more on privacy policy.,2021-05-15T19:48:18Z,0,en,1
482e6b87-81b6-4b50-a39b-1817990ac398,whatsapp,primary_dataset,whatsapp,"Why can't I use, every time I send a message to someone else's watch when there's still a lot of data quota but wa sll error jamkot, for now I can't get this apk whatsaap, if it's like this continues to be very damaging, for now I'll give you two stars until whatsap I'm right.""",2021-05-15T18:15:47Z,56,en,1
217ac414-4c82-4cc7-8261-6a5ea314e7ab,whatsapp,primary_dataset,whatsapp,- You've got to be kidding me.,2021-05-15T16:42:21Z,0,en,1
5bc7a984-add1-49a1-8bd7-88d7ea12f2e1,whatsapp,primary_dataset,whatsapp,"I cut back on the stars because if the video edits are really long, the data package supports the internet signal, but somehow the app is possible.",2021-05-15T15:38:20Z,0,en,1
5697a70d-d16c-4e37-a787-082b482258ac,whatsapp,primary_dataset,whatsapp,"fontcolor="" # FFFF00""this iswhy,it's weird fontcolor="" # FFFF00""whenIwanttolist fontcolor="" # FFFF00""yes fontcolor="" # FFFF00""the wasaap versionofyourwasaap isold fontcolor="" # FFFF00""whenupdatahasbeen downloadedagain fontcolor="" # FFFF00""stillcannot be fixed",2021-05-15T15:06:30Z,0,en,1
7d14e190-4bfa-45c0-9b57-62855878a86a,whatsapp,primary_dataset,whatsapp,The privacy is bad.,2021-05-15T14:40:42Z,0,en,1
f37b666b-993b-4cce-9f0d-b4d4b5141900,whatsapp,primary_dataset,whatsapp,"It doesn't brush me, it eats data....",2021-05-15T14:37:29Z,0,en,1
061a9572-f0b9-4ca2-bb99-64c9dfe9cb7a,whatsapp,primary_dataset,whatsapp,Privacy has no secure guarantees,2021-05-15T13:44:52Z,0,en,1
d2073e1c-fe21-45da-9e05-af23533e6c42,whatsapp,primary_dataset,whatsapp,Private Tah Lebok,2021-05-15T12:32:05Z,0,en,1
59c435e1-7015-4f54-bd01-7a88f87703d9,whatsapp,primary_dataset,whatsapp,Lack of privacy.,2021-05-15T12:18:32Z,0,en,1
81df4717-db67-4721-bf1f-1a42b021527b,whatsapp,primary_dataset,whatsapp,Wa is not good now. There are always data packages verifying.trus if dh verifyion always fails with the reason your number is not registered,2021-05-15T11:46:37Z,0,en,1
72ec4a58-4873-4fd1-806c-4bf99682e7cf,whatsapp,primary_dataset,whatsapp,I'll give you one more shot at the updata.,2021-05-15T10:16:03Z,1,en,1
b07a4555-7f0b-4de6-8884-0af0df59eed1,whatsapp,primary_dataset,whatsapp,"Usage only sees wa, personal data cook must be confirmed also strange",2021-05-15T09:01:46Z,0,en,1
de9df58b-5d89-471f-b3e4-62efc3af7c24,whatsapp,primary_dataset,whatsapp,My whatsapp is not safe. Privacy and security are gone. Because every day whatsapp I send a message with a gift website link even when I use it.,2021-05-15T05:42:49Z,0,en,1
04cd7782-72fd-4e60-94a8-6ad6d6786beb,whatsapp,primary_dataset,whatsapp,Boikot watshap if still forcing users to agree to the rules integrating with Facebook/whatsap business. Because basically whatsap is the break-in range. And I'll be sure to boycott watshap from my phone.,2021-05-15T00:32:09Z,7,en,1
57ea2c47-9937-4417-b3e2-3157170f2666,whatsapp,primary_dataset,whatsapp,Mhn sorry..sy didn't borrow..tlg the data was deleted..thank you..trima,2021-05-14T22:31:56Z,0,en,1
2cdb68a5-b0f2-4e5c-bbba-d41c1765b3f9,whatsapp,primary_dataset,whatsapp,"Because I didn't accept new policy, whatsup? I lost access.",2021-05-14T22:11:32Z,0,en,1
e01a6631-af5a-4a4e-a1b7-7e9811a3db90,whatsapp,primary_dataset,whatsapp,Torn to rob user data,2021-05-14T20:59:18Z,0,en,1
ab758193-cec5-4780-9fce-9f1ed335de1e,whatsapp,primary_dataset,whatsapp,After the new policy issued by WhatsApp I don't recommend this application to be used,2021-05-14T19:53:17Z,0,en,1
772235b3-6d7d-41c4-90dc-325d093e368d,whatsapp,primary_dataset,whatsapp,"Once acquired on Facebook, the user's data is almost as likely to be divided into the facebook group. My private instagram account can even be found easily by someone I've blocked in Whatsapp. May the user immediately transfer to another messenger app who cares more about user privacy.",2021-05-14T13:02:37Z,0,en,1
e253881c-b89c-4168-9f67-e0b46ad80bb3,whatsapp,primary_dataset,whatsapp,R.I.P. privacy for WhatsApp,2021-05-14T12:26:42Z,0,en,1
728ceabd-536f-4901-b21a-52b22f6e3aef,whatsapp,primary_dataset,whatsapp,"Sorry for the info, since WhatsApp used new policy we've all moved to a BIP chat app. Because whatsapp a few times can't get in again. Why is WhatsApp changing??",2021-05-14T11:32:10Z,0,en,1
335e0db4-461f-43f0-bd26-d3f39b4f02af,whatsapp,primary_dataset,whatsapp,I don't feel comfortable. Whatsapp is no longer safe because of the direct control control. The privacy of our message.,2021-05-14T10:54:31Z,0,en,1
daecec2d-bcac-4fe5-859e-784cdaf2723e,whatsapp,primary_dataset,whatsapp,Too much data space to eat and can't be moved to external,2021-05-14T10:50:27Z,0,en,1
408864b3-185f-4ace-9a85-0c18c1ab0781,whatsapp,primary_dataset,whatsapp,"Old downloads please policy, but not waiting for activity.",2021-05-14T08:48:29Z,0,en,1
57bd3150-b466-4b8c-916c-2b00b81cb949,whatsapp,primary_dataset,whatsapp,"I'm sorry, but I haven't been able to do this since my data package is still working.",2021-05-14T06:50:40Z,0,en,1
5cc7a125-1ff6-47a3-a022-72f5360c7b9c,whatsapp,primary_dataset,whatsapp,"Pok was right. It was 2,4gb. But the network went 3.9 times.",2021-05-14T03:20:32Z,0,en,1
4ffc7297-3d3f-41b7-a840-d68aceef68b9,whatsapp,primary_dataset,whatsapp,"Every day add more memory until it's 12 gb just made up when you have a chat. Yes, please fix it so you can delete the data without deleting the account.",2021-05-13T19:36:54Z,0,en,1
b1c81676-73d4-49ce-9eea-e1779240e6f2,whatsapp,primary_dataset,whatsapp,"G is dolodable, applicable. What is this, ugly dounloud, waste data.",2021-05-13T18:15:09Z,0,en,1
058c34cd-f42e-4cd5-a19b-36d095d34af9,whatsapp,primary_dataset,whatsapp,Get ready to leave the User if it has to be connected with FACEBOOK.,2021-05-13T16:30:21Z,0,en,1
4deb49be-7732-4b81-96fa-ef139ffaf0be,whatsapp,primary_dataset,whatsapp,"This app could be a longout or sigout facility, like facebook.",2021-05-13T09:08:53Z,0,en,1
ec7027b2-e150-42d5-8250-a3829e53a637,whatsapp,primary_dataset,whatsapp,Privacy Issue....,2021-05-13T08:11:19Z,1,en,1
ddc6a8c2-a360-4687-89aa-053d74326359,whatsapp,primary_dataset,whatsapp,"His privacy hasn't been safe lately, what's wrong with him?",2021-05-13T06:14:12Z,1,en,1
905413e7-ebd7-4578-aaa0-388c3574fd5e,whatsapp,primary_dataset,whatsapp,"Advocate for an update, a lack of privacy.",2021-05-13T05:20:24Z,1,en,1
71342e0d-a20f-455c-9057-756f495220f7,whatsapp,primary_dataset,whatsapp,How come whatsap me if wet can't erase the chat 1 by 1 please policy,2021-05-13T02:22:45Z,0,en,1
3f9c0da8-5f67-42ad-aaf6-4f44903f1a74,whatsapp,primary_dataset,whatsapp,"What if I can't get in? WhatsApp just came in and came out on my own,trus I deleted the same cache as the data. Still the same incident going in and out myself, and then I deleted the apk and downloaded it, and it still happened that it didn't get in.",2021-05-13T01:19:43Z,0,en,1
a90f2bf6-b291-4fef-b3cf-9f131621d3d1,whatsapp,primary_dataset,whatsapp,Happy data,2021-05-12T22:20:47Z,0,en,1
a62b20a3-dadc-4976-8f02-c04d3d7b04b2,whatsapp,primary_dataset,whatsapp,"fontcolor="" # FFFF00""Oyyy fontcolor="" # FFFF00""whythecodeyes fontcolor="" # FFFF00""gx,comein fontcolor="" # FFFF00""whenI'malive fontcolor="" # FFFF00"" fontcolor="" # FFFF00"" fontcolor="" # FFFF00""dha fontcolor="" # FFFF00"" fontcolor="" # FFFF00"" fontcolor="" # FFFF00"" fontcolor="" # FFFF00"" fontcolor="" # FFFF00"" fontcolor="" # FFFF00""dh fontcolor="" # FFFF00""dh fontcolor="" # FFFF00""dh fontcolor="" # FFFF00""dh fontcolor=""dh font"" fontcolor=""dh fontcolor="" font"" # FFFF00"" fontcolor="" # FFFF00"" fontcolor="" fontcolor="" fontcolor="" # FFFF00"" fontcolor="" fontcolor="" # FFFF00"" fontcolor"" # FFFF00"" fontcolor"" font"" font"" font"" font"" font"" # FFFF00"" # FFFF00"" font"" font"" font"" font"" font"" font"" fontcolor"" font"" # FFFF00"" fontcolor="" fontcolor="" # FFFF FFFF00"" fontcolor="" fontcolor="" fontcolor="" # FFFF00"" font"" font"" font"" font"" fontcolor"" font"" font"" # FFFF00"" font"" # FFFF00"" font FFFF00"" font"" # FFFF00"" font"" # FFFF00"" font FFFF00"" font FFFF00"" font FFFF00"" font FFFF00"" fontcolor"" fontcolor"" font"" fontcolor"" font"" font"" font"" font"" font"" fontcolor"" font"" fontcolor"" fontcolor"" font"" font"" # FFFF FFFF00"" # FFFF00"" # FFFF FFFF00"" # FFFF00"" # FFFF00"" font FFFF00"" font"" # FFFF FFFF00"" font FFFF00"" font FFFF00"" font FFFF00"" font FFFF00"" font FFFF00"" font FFFF00"" font FFFF00"" fontFFFF00"" fontFFFF00""",2021-05-12T21:21:05Z,0,en,1
7f97bd6c-ff57-4c03-94e8-ae73b810b02a,whatsapp,primary_dataset,whatsapp,"Why do you have to renew it so hard, when you have a nice wifi lha klu cm pny data package so hard, it's hard, it's hard.",2021-05-12T20:09:08Z,0,en,1
72635f17-5b43-4b5b-81ed-b6aae3def9db,whatsapp,primary_dataset,whatsapp,Take care of my privacy,2021-05-12T18:35:55Z,0,en,1
9d7fa605-861e-4868-91ca-e9fb462181b2,whatsapp,primary_dataset,whatsapp,"My account is why it was blocked, my fault. What, here?"" Someone took over.",2021-05-12T14:21:24Z,0,en,1
758cde23-930f-400e-bcc7-fa0d650829dc,whatsapp,primary_dataset,whatsapp,Mellala kel depat datana,2021-05-12T11:32:35Z,0,en,1
02bddb3d-d846-48d8-b55e-ee420e4fdb2a,whatsapp,primary_dataset,whatsapp,"Since the update, there have been many settings that don't suit me.",2021-05-12T10:25:13Z,0,en,1
374c042c-060e-460a-9ac7-077912650540,whatsapp,primary_dataset,whatsapp,In app bkin emotion ath jringn q udh bguk in q cream psan2 tkrim2 dah data adh open fb bkrbuk ne app bkin emotions feel want to stop in the phone,2021-05-12T08:24:10Z,0,en,1
f29cfa05-2291-434b-9221-8a12790ab6fe,whatsapp,primary_dataset,whatsapp,The privacy security lacks,2021-05-12T01:32:17Z,0,en,1
ad91baa7-c54e-489d-994c-252e71c13c19,whatsapp,primary_dataset,whatsapp,Zionis support Facebook,2021-05-12T01:18:36Z,0,en,1
b504f15c-b2f4-4561-92e3-44e36bc87b30,whatsapp,primary_dataset,whatsapp,Can't shareloc gmn sii when the update is not available,2021-05-11T21:16:36Z,0,en,1
3d562cf7-0d63-4012-bbec-e2006f4a3e59,whatsapp,primary_dataset,whatsapp,"Bug, using wifi can, using normal cellular data can't..",2021-05-11T17:27:39Z,0,en,1
18992895-a569-450a-b5a5-2dad262d35c7,whatsapp,primary_dataset,whatsapp,There's no way you can get updte weird idiot apk no.1ter buriq mending ig kuk nok facebook,2021-05-11T14:58:13Z,0,en,1
08da2d54-f167-4506-8445-3b1df8139f09,whatsapp,primary_dataset,whatsapp,"Please fix my time to send a picture/data that takes a long time, when I'm smooth.",2021-05-11T14:17:17Z,1,en,1
696e4ef6-3123-4a03-b019-ebe72be66d8b,whatsapp,primary_dataset,whatsapp,"Why did my unlimited social media quota lemot make whatsapp, even for intagrams and facebook libas/sap",2021-05-11T11:09:20Z,0,en,1
56dc6a28-b802-4dde-a692-d1906c2b09a4,whatsapp,primary_dataset,whatsapp,Why is WhatsApp now when on wifi and cellular data but no incoming messages.,2021-05-11T10:08:09Z,0,en,1
c051dee7-af26-42e7-848f-fb6ececd070b,whatsapp,primary_dataset,whatsapp,"Why is it that the 1 gb data is more than the 1 gb, and I don't have too much content. 300 MB. All of a sudden it's 1 gb more.",2021-05-11T06:59:22Z,7,en,1
f45c9b37-5273-47cc-a1bb-5ca15100f522,whatsapp,primary_dataset,whatsapp,"I've been using this WA app for a long time, and I've changed the device a lot too.",2021-05-11T06:12:39Z,12,en,1
a9e339a6-ec85-4770-8d77-9dc3e9713248,whatsapp,primary_dataset,whatsapp,Yesterday all of a sudden my wa number blocked the same whatsap after last night I opened again and could continue to text from the new number when I didn't feel like it was against privacy policy. Looks like someone stole my account.,2021-05-11T04:38:38Z,3,en,1
702ad9f8-6796-48fc-9285-6339eb59d601,whatsapp,primary_dataset,whatsapp,The less secure our personal data.,2021-05-10T17:11:12Z,0,en,1
645766ff-343e-4518-b337-38c18bb1b09f,whatsapp,primary_dataset,whatsapp,If this application is installed then all data in either group or any other data in Wa account is lost. That's what we're looking at. Ask for a solution.,2021-05-10T14:43:04Z,0,en,1
5af3910f-3fdd-4bfb-b7bb-058cee94e456,whatsapp,primary_dataset,whatsapp,Bad privacy,2021-05-10T12:46:00Z,0,en,1
f820a9b9-dcd0-4659-a2d6-5e7c188d8d21,whatsapp,primary_dataset,whatsapp,Eating bNyK data,2021-05-10T07:21:10Z,0,en,1
b92835fc-3112-426a-a14c-8cb05dae4c98,whatsapp,primary_dataset,whatsapp,nice police.. stop using whatsapp swipe to telegram..,2021-05-10T05:55:06Z,0,en,1
e22c9166-7bf0-49de-b4ac-65acf1a08c20,whatsapp,primary_dataset,whatsapp,"Please tell whatsApp to fix bugs, where there's online contacts, but when I try to chat, that's why they're still online, when they're online, when they answer my chat directly. So please fix the bug and the WhatsApp bug status, which is where people make the status, but I can't see the status, and when I ask the person he doesn't have privacy, that's all I'm complaining about, please fix it.",2021-05-10T05:08:13Z,4,en,1
354ba50d-748c-4471-9bad-f30a72de7178,whatsapp,primary_dataset,whatsapp,Applications that can dismantle one's privacy due to its & security security security system are getting weaker and easier to hack. There have been so many cases of WA users being hacked. Plus the WA will connect to the FB which is ruining your privacy. It's time for the Indonesian community to stop using this application as its main sosmed.,2021-05-10T04:38:56Z,63,en,1
4dcaa5f8-8d2a-4a56-9da4-48f19c9f5d1d,whatsapp,primary_dataset,whatsapp,Not everyone wears Facebook,2021-05-10T03:59:49Z,0,en,1
d2cf1e48-2f15-49ae-90f9-7259b5fcbb44,whatsapp,primary_dataset,whatsapp,Why sometimes there are messages but there are no notifications on the bagua signal data. Please fix the developer. The problem has been fixed.,2021-05-09T17:49:33Z,0,en,1
7b91b718-4a92-4f0e-ad6d-cf65c0d02a6a,whatsapp,primary_dataset,whatsapp,How can I order what I send to people? I can get into no. B barrel guy fixed.,2021-05-09T15:29:33Z,1,en,1
ce02d437-52f5-4c0d-bd08-50cb951748e0,whatsapp,primary_dataset,whatsapp,"Kog is stuck anyway WA jamkot why do we now like to talk about privacy policy? For example, on the 15th of May, what do we want to do in a user's home?",2021-05-09T13:41:06Z,0,en,1
0329aed3-9d32-479e-ae1b-f05c9c1f7046,whatsapp,primary_dataset,whatsapp,Why My Mother Couldn't Video Call While My Mother's Good Wi-Fi Signals in Dubai I Was In Indonesia But My Mother's Phone I Could Call Video Please Fix WhatsApp's Errors I Deleted Her WhatsApp Data Continued Global Voices,2021-05-09T12:46:02Z,0,en,1
eadb6180-1927-4793-996a-dfb9430f2fc7,whatsapp,primary_dataset,whatsapp,user data thief application,2021-05-09T09:57:38Z,0,en,1
41a2f37e-cfb1-4c7d-8456-c7e3a9e30b70,whatsapp,primary_dataset,whatsapp,Ugly notification of data storage first and can't get in there again,2021-05-08T23:40:11Z,0,en,1
d665f05a-b871-4e25-9a5b-9013c1b0cea3,whatsapp,primary_dataset,whatsapp,Data is already on but there is no notification. Turned out there is no chat,2021-05-08T18:04:31Z,0,en,1
16f339ee-9c59-495b-97bd-c547bbd0a901,whatsapp,primary_dataset,whatsapp,"The data is leaked, there's a friend's number for someone else's fraud.",2021-05-08T16:28:36Z,0,en,1
af4f57e4-8a72-430f-80b4-8bdc7f3bf201,whatsapp,primary_dataset,whatsapp,"My Whatsapp number was only used by one device, but there was a notification that I used that number on 2 devices. Then there came back a notification that my whatsapp number was blocked by whatsapp permanently. I did not violate whatsapp policy.",2021-05-07T14:25:23Z,4,en,1
babe9d47-af62-4fe9-a71a-e330abfecc19,whatsapp,primary_dataset,whatsapp,Please erase my data. I never borrowed any money in there. Please delete it. I ask you to take responsibility for this incident.,2021-05-07T11:57:04Z,8,en,1
614e3855-fd06-4bc8-9ffb-9dbc58c8e783,whatsapp,primary_dataset,whatsapp,"Data's full. But it's hard to update. What signal is it, God, it's easy to try so many times?",2021-05-07T07:35:59Z,0,en,1
a9884952-0342-4886-9490-6a1e303dd5fc,whatsapp,primary_dataset,whatsapp,What's new... I see there's no additional feature... waste of data... memory is getting bigger...,2021-05-07T03:23:55Z,7,en,1
879859e4-1af5-4365-b9ee-a362b6ce50aa,whatsapp,primary_dataset,whatsapp,Why did y'all arrive? The account on this application is blocked..'Please policy ma'am.,2021-05-06T23:58:41Z,0,en,1
b7bfbe2d-33bf-4d89-9c8a-8e451a9f0bcd,whatsapp,primary_dataset,whatsapp,"There are some videos that can't be sent, please remove all policy about video, blur video or something.",2021-05-06T16:58:45Z,1,en,1
a44157da-53eb-4761-8051-6fc5246b1443,whatsapp,primary_dataset,whatsapp,Why did Ko wa download my ssh pkt pkt new data buy msh whole,2021-05-06T12:33:53Z,0,en,1
efe805f5-7b9e-482a-bea7-3309daf793b0,whatsapp,primary_dataset,whatsapp,I gave you the 1st star because as long as I chat with my girlfriend in whatsapp she doesn't keep coming too... your father,2021-05-06T09:06:01Z,0,en,1
2c5330ee-daa7-4ccb-9ccd-03388e135436,whatsapp,primary_dataset,whatsapp,"Assalamu alaikum.. sorry to whatsApp, I'd like to file a complaint because my number is blocked, although I don't think I've ever violated the policy of whatsApp",2021-05-06T06:16:09Z,13,en,1
6e2e9636-8d6c-4eec-a0bb-81a245f26f28,whatsapp,primary_dataset,whatsapp,"fontcolor="" # FFFF00""pangjinkkkkkkk................. then finish the data...",2021-05-05T21:20:49Z,0,en,1
12cda704-cdc8-4357-9b62-1b8236e9e94c,whatsapp,primary_dataset,whatsapp,3 days of downloading wa dri pke data package until wifi kada can ..,2021-05-05T19:36:01Z,0,en,1
943cbd88-9726-4e07-92f6-d27784706c36,whatsapp,primary_dataset,whatsapp,"fontcolor="" # FFFF00""luntyknow... fontcolor="" # FFFF00""dateMay15mei... fontcolor="" # FFFF00""bookhastaken fontcolor="" # FFFF00""whatsApp fontcolor="" # FFFF00""sothinksclearlyforthe importantdatas fontcolor="" # FFFF00""Ignored...",2021-05-05T12:02:13Z,0,en,1
2d0c3703-e601-44c0-829e-8bad602f5625,whatsapp,primary_dataset,whatsapp,"fontcolor="" # FFFF00""ifyoudon't agree fontcolor="" # FFFF00""ifyoudon't agree.",2021-05-04T09:54:07Z,0,en,1
c68e5c52-8113-4aa4-85fc-2cb940be19bf,whatsapp,primary_dataset,whatsapp,"fontcolor="" # FFFF00""Help me already privacy fontcolor="" # FFFF00""uh stillseemyfriend fontcolor="" # FFFF00""whythis fontcolor="" # FFFF00""Igiveyoutwostarswhenit'sgoodagain fontcolor="" # FFFF00""thenIgiveyou tenstar fontcolor="" # FFFF00""okay",2021-05-04T08:21:58Z,0,en,1
e54ff34a-d2af-4705-af24-d50cc0921f43,whatsapp,primary_dataset,whatsapp,The privacy is so weird.,2021-05-04T07:12:42Z,0,en,1
0f9f763b-299d-4978-8360-3a63d9d25b08,whatsapp,primary_dataset,whatsapp,"fontcolor="" # FFFF00""Eeee's broken fontcolor="" # FFFF00""this new apk readyatdonwlod fontcolor="" # FFFF00""uh fontcolor="" # FFFF00""repeatedbybuying fontcolor="" # FFFF00""Muludoud fontcolor="" # FFFF00""supid",2021-05-04T01:54:42Z,0,en,1
d7acc349-352d-4df3-a289-338a34ccb517,whatsapp,primary_dataset,whatsapp,If you can have some privacy then number wa ok!!,2021-05-03T19:53:26Z,0,en,1
82b4b330-00e3-4cb2-9d07-7aaa3aa54efa,whatsapp,primary_dataset,whatsapp,For the honorable whatsApp... your application has been global... but lack of policy... in the presence of a blocked number. Only by a report that is not yet true by an irresponsible person... here I am a user of whatsapp.,2021-05-03T17:05:24Z,4,en,1
fd1d735f-3081-4073-a774-4d29c2bcb849,whatsapp,primary_dataset,whatsapp,"The gap data is full, and it can't be completed!!!!",2021-05-03T10:20:02Z,0,en,1
08f8226d-fb72-45e6-bcbe-27d068c23b07,whatsapp,primary_dataset,whatsapp,"Although the video was downloaded through the wa, the group ttt, rarely saw sw, the photo in please quickly fixed, very disturbing the memory phone is small to me:",2021-05-02T23:37:27Z,18,en,1
15754740-ef66-446e-a5c7-13384ce08129,whatsapp,primary_dataset,whatsapp,"Please fix the security, my number was hacked and blocked many times, and I didn't violate whatsapp policy.",2021-05-02T20:08:12Z,0,en,1
d086f308-3cec-4aea-a30e-642bcd911391,whatsapp,primary_dataset,whatsapp,It's a matter of privacy security. Why is it leaking?,2021-05-02T18:36:03Z,0,en,1
a46ff591-7b53-4789-af7c-d96108a0e03a,whatsapp,primary_dataset,whatsapp,Why isn't it good that you can't even update.,2021-05-01T19:16:30Z,0,en,1
25914e75-e214-4697-8ee3-a9d6af161247,whatsapp,primary_dataset,whatsapp,Shit!!!!! Lost patience waiting for that thing! data even bought,2021-05-01T18:55:12Z,1,en,1
c4cbbd55-7674-4951-950f-a10a69adeffd,whatsapp,primary_dataset,whatsapp,Please let all of my important data be in WA,2021-05-01T12:32:47Z,0,en,1
667c1c3f-b771-46de-bbfb-8bddecbf402b,whatsapp,primary_dataset,whatsapp,"The quality of vidio status is bad, so fix it now. The important data is clear from the gni vidio Blur.",2021-05-01T12:10:41Z,0,en,1
39c0307c-7ba5-428d-abed-c5efaef22b02,whatsapp,primary_dataset,whatsapp,Because it has to be used data or the Internet.,2021-04-30T21:43:42Z,0,en,1
476a8d0d-f2a8-4d9b-81a5-e66c512d99c1,whatsapp,primary_dataset,whatsapp,Why is whatsapp not available when using data when using wifi can be used? Please explain it.,2021-04-30T17:28:43Z,1,en,1
1d8badbc-34f3-4342-a3aa-9abcc3d5d31f,whatsapp,primary_dataset,whatsapp,It's a very sad privacy policy rule.,2021-04-30T10:49:23Z,0,en,1
bb2e8ceb-0c5c-48ad-8a68-b0b33b86a9d9,whatsapp,primary_dataset,whatsapp,"privacy, privacy, privacy, privacy, privacy, privacy, privacy, privacy, privacy, privacy, privacy, privacy, privacy, privacy, privacy, privacy, privacy, privacy, privacy, privacy, privacy, privacy, privacy, privacy, privacy, privacy, privacy, privacy, privacy, privacy, privacy, privacy, privacy, privacy, privacy, privacy, privacy, privacy, privacy, privacy, privacy, privacy, privacy, privacy, privacy, privacy, privacy, privacy, privacy, privacy, privacy, privacy, privacy, privacy, privacy, privacy, privacy, privacy, privacy, privacy, privacy, privacy, privacy, privacy privacy privacy privacy privacy privacy privacy, privacy, privacy, privacy, privacy, privacy, privacy privacy, privacy, privacy, privacy, privacy, privacy, privacy, privacy, privacy, privacy, privacy, privacy, privacy, privacy, privacy privacy privacy privacy privacy privacy privacy privacy privacy privacy privacy privacy privacy privacy privacy privacy privacy privacy privacy privacy privacy privacy privacy privacy privacy privacy privacy privacy privacy privacy privacy privacy privacy privacy privacy privacy privacy privacy privacy privacy privacy privacy privacy privacy privacy privacy privacy privacy privacy privacy privacy privacy privacy privacy privacy privacy privacy privacy privacy privacy privacy privacy privacy privacy privacy privacy privacy privacy privacy privacy privacy privacy privacy privacy privacy privacy privacy privacy privacy privacy privacy privacy privacy privacy privacy privacy privacy privacy privacy privacy privacy privacy privacy privacy privacy privacy privacy privacy privacy privacy privacy privacy privacy privacy privacy privacy privacy privacy privacy privacy privacy privacy privacy privacy privacy privacy privacy privacy privacy privacy privacy privacy privacy privacy privacy privacy privacy privacy privacy privacy privacy privacy privacy privacy privacy privacy privacy privacy privacy privacy privacy privacy privacy privacy privacy privacy privacy privacy privacy privacy privacy privacy privacy privacy privacy privacy privacy privacy privacy privacy privacy privacy privacy privacy privacy privacy privacy privacy privacy privacy privacy privacy privacy privacy privacy privacy privacy privacy privacy privacy privacy privacy privacy privacy privacy privacy privacy privacy privacy privacy privacy privacy privacy privacy privacy privacy privacy privacy privacy privacy privacy privacy privacy privacy privacy privacy privacy privacy privacy privacy privacy privacy privacy privacy privacy privacy privacy privacy privacy privacy privacy privacy privacy privacy privacy privacy privacy privacy privacy privacy privacy privacy privacy privacy privacy privacy privacy privacy privacy privacy privacy privacy privacy privacy privacy privacy privacy privacy privacy privacy privacy privacy privacy privacy privacy privacy privacy privacy privacy privacy privacy privacy privacy privacy privacy privacy privacy privacy privacy privacy privacy privacy privacy privacy privacy privacy privacy privacy privacy privacy privacy privacy privacy privacy privacy privacy privacy privacy privacy privacy privacy privacy privacy privacy privacy privacy privacy privacy privacy privacy privacy privacy privacy privacy privacy privacy privacy privacy privacy privacy privacy privacy privacy privacy privacy privacy privacy privacy privacy privacy privacy privacy privacy privacy privacy privacy privacy privacy privacy privacy privacy privacy privacy privacy privacy privacy privacy",2021-04-30T09:49:09Z,0,en,1
27de9c1b-2ab1-46bc-9e3d-781a2b615306,whatsapp,primary_dataset,whatsapp,I ain't accepting the new policy if Facebook team ain't keeping my personal private data,2021-04-30T01:06:54Z,0,en,1
216292d2-1256-4fdb-af24-f39c448d11be,whatsapp,primary_dataset,whatsapp,Privacy is already out of bed.,2021-04-29T21:48:51Z,0,en,1
a4807d6c-2192-44db-94b7-89027f6524e8,whatsapp,primary_dataset,whatsapp,"Even if whatsapp has already opened the data adn on, showing messages takes a while, please fix whatsapp",2021-04-29T21:17:58Z,0,en,1
54adbabe-2004-47b2-a83f-bd996c538ce4,whatsapp,primary_dataset,whatsapp,"The storage is low, my data is low, but the storage is big. Open the story immediately. The storage has been reduced, sorry.",2021-04-29T19:36:34Z,0,en,1
633847d4-3ee4-4bfb-a28b-4caa808e41fd,whatsapp,primary_dataset,whatsapp,"Please for whatsap not to be linked to facebook, because the fall of our number is no longer privacy. Everyone can know our number from facebook, which we don't even know is safe.",2021-04-29T17:35:33Z,0,en,1
acd79cfb-b601-4bb9-a251-6cd378ed67e3,whatsapp,primary_dataset,whatsapp,The policy is getting harder. It's too late for me to erase permanently.,2021-04-29T17:06:02Z,0,en,1
739f1791-9faa-4c0b-a46a-edaeeec8f7d8,whatsapp,primary_dataset,whatsapp,"Where are your addresses... let me go... 300 thousand dollars to shame other people with a piece of data, use the word ""pussy"" again.",2021-04-29T15:24:08Z,0,en,1
0f50307a-f172-4670-831c-dcd96718688e,whatsapp,primary_dataset,whatsapp,Matapp sent Poto data faster,2021-04-29T14:50:41Z,0,en,1
7068718a-9dbc-459c-8e1a-7b75a36cb009,whatsapp,primary_dataset,whatsapp,"All of a sudden the chat went missing without knowing the cause, and all the data in it was important to go to college.",2021-04-29T13:29:26Z,0,en,1
1463ed63-4d64-44b4-90af-7b0ca08fe32d,whatsapp,primary_dataset,whatsapp,"I'm very disappointed as to why it always recovers Whasapp's message. So, miss messages. All the important data files in WA or group messages. Please cooperate.",2021-04-29T08:40:40Z,0,en,1
3b7a3902-8249-4fdf-9d08-a00b436592b9,whatsapp,primary_dataset,whatsapp,Why do I like being on the block always changing cards so I'm tired of buying cards why I'm doing this? Please fix it or protect my privacy. I'm afraid I'm being fed. Please fix it.,2021-04-29T07:28:39Z,1,en,1
4ba39e54-a75c-46fb-b0a6-eff453a69a97,whatsapp,primary_dataset,whatsapp,Why is the data missing and the application is closed?,2021-04-29T00:52:37Z,0,en,1
6000fdfb-b433-4ddd-b7ee-4b4e2838fd89,whatsapp,primary_dataset,whatsapp,"Very disappointed by this application of whatsapp, no. Why did you block it? Why would you play the block without any notice before, no matter how much data is missing because it's blocked. Please reopen the block for my no.",2021-04-28T21:00:38Z,0,en,1
aa07ddd9-67ee-43ed-b834-1d2bc20c81d4,whatsapp,primary_dataset,whatsapp,Frequent errors and chat data are missing on backup. Please return them,2021-04-28T18:47:10Z,0,en,1
900a58f6-91e4-43b8-ab2c-950f05d4a8e8,whatsapp,primary_dataset,whatsapp,unable to maintain user privacy.,2021-04-28T14:38:06Z,0,en,1
6e5a59cf-0518-4242-b358-7f0a323ef9c6,whatsapp,primary_dataset,whatsapp,Privacy doesn't know if it's safe or not.,2021-04-28T13:36:32Z,0,en,1
ab104a0e-0380-4e6d-9c68-2019a0b5d05b,whatsapp,primary_dataset,whatsapp,I don't like data sharing on Facebook and so a lot of wa coming in from an unknown number!,2021-04-28T10:33:44Z,0,en,1
21c3aedd-e678-474b-8fc5-3660630dcca8,whatsapp,primary_dataset,whatsapp,I gave my 2karna star a double update of the new wa so that it eliminates all the data stored in the previous wa.,2021-04-28T09:57:24Z,0,en,1
78cbaab5-9019-491e-9fe5-4375fb3026d4,whatsapp,primary_dataset,whatsapp,Why can't I use mobile data when I still have a lot of data and 4G networks?,2021-04-28T07:21:33Z,0,en,1
21b1f282-99fc-4100-a7ec-69c10c612053,whatsapp,primary_dataset,whatsapp,"I gave you a 2 star because all the data is sent to Facebook, so I'm going to give you a 5 star.",2021-04-28T04:58:27Z,0,en,1
9ad44f39-9842-4c36-a78a-63a2322f3319,whatsapp,primary_dataset,whatsapp,Not good for data storage,2021-04-28T03:54:30Z,0,en,1
ffec1747-8102-4a43-9dd7-8aa1a236536a,whatsapp,primary_dataset,whatsapp,"The status is in privacy but it's still visible, so it's uncomfortable because there's no privacy. I'm sorry.",2021-04-27T22:38:28Z,0,en,1
55a99cc5-21d1-46c2-bd60-5801110ad4a8,whatsapp,primary_dataset,whatsapp,"MR GOEGLE I'm so grateful to be able to contact M, the G.S.S.U., talk, socialize everything, not planning, not perspiring someone, what's fault, describing him. When someone opens his mind or accident, they come up with it.",2021-04-27T20:33:18Z,18,en,1
f64c85ff-f069-4168-b157-a5515f60d6cb,whatsapp,primary_dataset,whatsapp,"Those who come are not in order, the slow delivery quality of bad stuff",2021-04-27T19:43:51Z,0,en,1
93ddda55-6386-4b20-bfb9-de6a58963731,whatsapp,primary_dataset,whatsapp,Why can't I get into the game when my network is good. My data is full.,2021-04-26T23:03:20Z,0,en,1
8d5adb51-1b6a-480f-be31-fa90f1c8ef1a,whatsapp,primary_dataset,whatsapp,"The download didn't last long, the data was all burned up.",2021-04-26T18:05:39Z,0,en,1
061b75d9-4a41-43c2-b23f-49edc433a969,whatsapp,primary_dataset,whatsapp,"This application is really ugly, when I enter WhatsApp it is always out and all the data on WhatsApp is lost in that there is a school assignment, I help fix the application again",2021-04-26T16:00:13Z,0,en,1
f9b91d57-e179-48f8-9d19-abaca0c540d3,whatsapp,primary_dataset,whatsapp,"Please, the customer's private security department is tightened by three days. No, I'm always sending the chat to the people in my contact..even to the contacts whose numbers are not saved by me..where the chats are shared for the money anymore..I also need no money to share.",2021-04-26T05:34:26Z,8,en,1
f7bb839a-a0a9-4b86-b269-01a460e5ecae,whatsapp,primary_dataset,whatsapp,"Getting here is getting worse, the story is uploaded to a burem, the vidio is being cut off the front as it's being sent to the story so it's being cut back, otherwise, I've even cut the front and I've already been sent the story so it doesn't actually happen this week, this error incident has happened since last month, there's also news that whatsapp can see the user's privacy, getting here the app is getting more error, hopefully with bad criticism this is whatsapp can fix it!",2021-04-25T16:22:31Z,2,en,1
daa3394e-8229-4884-8741-d2a60b1a0cf6,whatsapp,primary_dataset,whatsapp,Good and sure everyone's got this apl. But unfortunately because it belongs to Facebook. It's dangerous too.,2021-04-25T11:16:40Z,0,en,1
80518def-e69a-4fa1-abdb-54b623288227,whatsapp,primary_dataset,whatsapp,"If you don't get a drever soon, and a new drever comes after the food is ready, consumers can't add order.",2021-04-25T10:30:59Z,0,en,1
c866195f-b769-4bcc-902c-5576cf6cbe2a,whatsapp,primary_dataset,whatsapp,Why can't share location,2021-04-24T20:09:50Z,0,en,1
ef7bda13-5052-477d-ac50-bf993cf5242b,whatsapp,primary_dataset,whatsapp,Why did GK come?!,2021-04-24T18:09:20Z,0,en,1
9ca92974-81dd-4d6d-874c-5bfcbe791fa5,whatsapp,primary_dataset,whatsapp,"It's good at first, but it's getting slower and slower like a snail.",2021-04-24T15:29:50Z,0,en,1
9293bde5-19ff-4b74-914e-d42d357afe10,whatsapp,primary_dataset,whatsapp,Notivification code didn't come. Lewar tlp left text message. It's right!!!,2021-04-24T11:25:01Z,0,en,1
b25673ad-7cee-4d26-8d8e-ebb4b68e2eea,whatsapp,primary_dataset,whatsapp,A lot of changing privacy is uncomfortable to use,2021-04-24T10:18:27Z,0,en,1
faf6bcbc-d2d3-441a-bfa4-e344dacced35,whatsapp,primary_dataset,whatsapp,"Facebook, youtube, instagram is deprecated, there's also regular updates. But whatsapp has an odd expiry, it's even weirder after expired. It can't be used.",2021-04-24T09:02:19Z,0,en,1
12addc1f-d158-41f6-8853-90315f80268d,whatsapp,primary_dataset,whatsapp,Please act decisively on the mode that has violated the privacy of the status.,2021-04-24T05:18:40Z,0,en,1
f4a23704-28ca-4477-8423-286f2eec54fc,whatsapp,primary_dataset,whatsapp,"I've got a block. I don't know what I'm doing. I'm not breaking any policy, I'm asking for a solution!",2021-04-23T12:35:03Z,0,en,1
58247c6c-1190-421b-913b-f68dda5cf304,whatsapp,primary_dataset,whatsapp,Why is it that since it's taken over facebook it's not so good to make stories late it sounds so bad,2021-04-23T05:05:13Z,0,en,1
1121d467-1fbb-42f7-b619-8c2d9e20ef93,whatsapp,primary_dataset,whatsapp,"The bigger the data, the bigger the data.",2021-04-23T04:25:10Z,0,en,1
99354b0f-5537-41b3-8ca8-ff5d211a58f2,whatsapp,primary_dataset,whatsapp,Privacy is no longer on this application plus can't remove virtex - virtex chats since being held by Facebook whatsapp so apk that hasn't been useful to me,2021-04-22T16:22:25Z,0,en,1
e3f46f86-3bd5-493c-b7e0-969ccbe6d942,whatsapp,primary_dataset,whatsapp,"MALES BGT, PLEASE DON'T FORGET ANYWAY, WHATEVER I HAVE TO DO!!!!!!!",2021-04-22T12:02:00Z,0,en,1
5a9c75b3-3c5c-4714-9f3a-08846a80aab5,whatsapp,primary_dataset,whatsapp,"I don't know why all of a sudden the chat history and phone history are missing, but on backup also to gdrive. Don't understand how many files and very important data, thank you. WhattsApp has given a bad experience :)",2021-04-22T06:29:09Z,20,en,1
3d04c101-07a8-48ff-8b96-0c00e1c33618,whatsapp,primary_dataset,whatsapp,"""Arrived chat data all indistinct bgt",2021-04-22T05:16:04Z,0,en,1
402177b9-8776-47d1-9ef8-e3369a9226fa,whatsapp,primary_dataset,whatsapp,why the location feature does not run to its position so useless futur share of the location,2021-04-21T22:23:32Z,0,en,1
6782aa57-bce5-4480-9695-8f7871709448,whatsapp,primary_dataset,whatsapp,"My data packets are full, signals okay, ank is up, cache is clean, but why isn't the WA visa sending and receiving messages?! why can't it be like I don't have the data package? I don't think anything's wrong.",2021-04-21T10:19:06Z,74,en,1
4ed1f79b-75cc-4cd3-8ce0-60dae0712f4e,whatsapp,primary_dataset,whatsapp,"Send a share lock in the group to bug all the groups, please fix it because I work through this app.",2021-04-21T09:59:06Z,0,en,1
dd5b4cb5-723a-4bc3-80bc-28b81c7f6859,whatsapp,primary_dataset,whatsapp,Lack of application policy.,2021-04-20T22:17:32Z,0,en,1
6e62247a-d695-4498-b487-ce06df7c4cce,whatsapp,primary_dataset,whatsapp,"Why now after a live share in group, the following chats don't exist",2021-04-20T19:31:14Z,1,en,1
71276b16-26f7-4766-920a-71d8249c0941,whatsapp,primary_dataset,whatsapp,Why did I go to the block when there wasn't any notice before? Help me open the block. I've been around for a long time.,2021-04-20T15:47:10Z,0,en,1
b57b3111-076c-4bf7-aa0e-200387790cbf,whatsapp,primary_dataset,whatsapp,"I don't understand anymore, I've deleted all data from the beginning 5 times already. Why is it that all of a sudden it's only 120mb full of memories and 1.2gb?",2021-04-20T00:22:01Z,0,en,1
8f721073-28a0-47d4-9cb0-6b97624ef59d,whatsapp,primary_dataset,whatsapp,"Whatsapp's security system was worried, my account had been spamed several times and finally hacked into other people.",2021-04-19T23:23:02Z,127,en,1
005773d3-4118-484f-9782-871ea65803f4,whatsapp,primary_dataset,whatsapp,"Since whatsApp is on Facebook, I don't trust whatsapp.",2021-04-19T22:48:17Z,0,en,1
9ba60910-0eff-45c3-9d97-ad62e3072c96,whatsapp,primary_dataset,whatsapp,"The camera bug after it's bought stock facebook..y.. flash on dark photos, flash auto photo is also as dark as the flashless function. How can you take a photo of night or less light, no clear results..y blur and dark love 1 star first.",2021-04-19T22:01:53Z,7,en,1
674b2b30-92ca-4786-9a5c-6cf0deda5d68,whatsapp,primary_dataset,whatsapp,Too many troublesome new policies.,2021-04-19T15:06:41Z,0,en,1
6a69721a-9d7f-4de5-a9a0-8e82cc8b6332,whatsapp,primary_dataset,whatsapp,"I'm sorry for star 1 because I got blocked by an outsider, please go to private security, 'cause no.",2021-04-19T14:11:39Z,0,en,1
93346fd4-639f-4827-86f6-6ad3ded4fc03,whatsapp,primary_dataset,whatsapp,Why didn't my friend show up on my porch when he wasn't on my block or privacy?,2021-04-19T12:42:14Z,0,en,1
deb8bc5a-dba0-450b-bc6b-48c1d7c69c76,whatsapp,primary_dataset,whatsapp,Lemot....equivocal user privacy,2021-04-19T11:01:19Z,0,en,1
ab99cfce-11df-49de-ab3d-b9f817dd1a73,whatsapp,primary_dataset,whatsapp,It's been blocked twice. It's made data. And all of my stuff is gone.,2021-04-19T02:56:21Z,0,en,1
4037d9a6-6f76-4040-8b8a-d9da98a2d5d0,whatsapp,primary_dataset,whatsapp,A new notification appears when it's opened... because I end up taking off and putting it on again... but the data is a bit much...,2021-04-19T00:10:50Z,0,en,1
74dc9b9a-4fff-4841-81ca-9b2ccd23092b,whatsapp,primary_dataset,whatsapp,WhatsApp is widespread data break-ins. There are a lot of hacks. Please advise the developer to increase the safety of the application. We as users fear that something similar will happen to us.,2021-04-18T21:27:43Z,13,en,1
0d06bbd1-c73b-43f0-9758-a66689ad31d3,whatsapp,primary_dataset,whatsapp,I've been trying to update you over and over again with wifi and cellular data. What's going on? I can't get an update until I'm pissed off.,2021-04-18T20:20:03Z,0,en,1
0273589a-e7f4-4be4-92c2-06f087bab558,whatsapp,primary_dataset,whatsapp,Can't shareloc..,2021-04-18T17:22:59Z,0,en,1
2669a84d-51a2-44af-99d1-97b92942b602,whatsapp,primary_dataset,whatsapp,"Please be more concerned about the user's privacy... why have I arrived?"" ""I've been blocked so recently turned on a new card. There's just no one trying to get in code +91.""",2021-04-18T12:45:55Z,0,en,1
8972e29c-1e3b-467a-9727-024d2a95a8a8,whatsapp,primary_dataset,whatsapp,Bad APP SELLING A PRIVATE PEOPLE'S CONTOLLL,2021-04-17T23:52:11Z,0,en,1
4690b1ed-9077-4f54-b946-b22f6e626aad,whatsapp,primary_dataset,whatsapp,Please add more privacy status option.,2021-04-17T22:48:06Z,0,en,1
703810df-c9d7-4fa8-bc79-acb135928687,whatsapp,primary_dataset,whatsapp,It's Gumanasi..Abis updates how his chat Gx can be processed when the package is still full...,2021-04-17T21:36:46Z,0,en,1
11838da7-4e06-4cdf-a778-29a879e7db95,whatsapp,primary_dataset,whatsapp,"Please fix it in storage so it can be 700mb an up when chats are only 6 to 10 people, even if I've deleted all the data, please respond.",2021-04-17T21:21:07Z,0,en,1
147502d9-52c8-4067-bf8f-ea6398004a0a,whatsapp,primary_dataset,whatsapp,"Please let the whatsap make a new policy, if you want to do whatsap on a new phone with a dead number /hangus.make another policy can log in to our dead number.",2021-04-17T13:46:47Z,0,en,1
b80cecd8-ae64-4d73-b8d4-ffc79a79fd42,whatsapp,primary_dataset,whatsapp,What's taking the code so long?,2021-04-17T09:04:35Z,0,en,1
c2e09ab9-1558-4d30-b322-bfe0a78feb2f,whatsapp,primary_dataset,whatsapp,Data can be tapped by the other side. It's oddly application used by many users.,2021-04-16T22:14:15Z,0,en,1
2156dc4b-488b-4f5d-9b02-9f15f1ff688e,whatsapp,primary_dataset,whatsapp,I'll give you one star if the data on the notification likes Dateng,2021-04-16T19:35:58Z,0,en,1
dfd27f24-4af7-4dcb-a5c9-3762f55e759e,whatsapp,primary_dataset,whatsapp,Ugly..update cma exhausted data,2021-04-16T14:19:39Z,0,en,1
6c2e41df-0de2-4a02-88d8-05953354bfc8,whatsapp,primary_dataset,whatsapp,"WA why go on, why can't accept group messages, like sharelocs in class groups",2021-04-16T08:17:51Z,0,en,1
11427412-99a1-481c-a09f-f59deef57ab5,whatsapp,primary_dataset,whatsapp,Why is opening a status so wasteful data!!!,2021-04-16T05:53:09Z,0,en,1
d584314d-e0d9-4545-8995-4d21f7409ee2,whatsapp,primary_dataset,whatsapp,Are you guys protecting our privacy?,2021-04-16T03:56:27Z,0,en,1
4861f88c-8cfc-434e-a531-eedf49fd5ad9,whatsapp,primary_dataset,whatsapp,Why are there so many whatsapp users today whose numbers are blocked all of a sudden. They don't violate whatsapp policy?,2021-04-15T19:17:06Z,0,en,1
e30d8229-d43f-4475-a527-25304f818b6c,whatsapp,primary_dataset,whatsapp,"Please, I don't know why I can't! It's on the block, please don't block it! There are important office files and data to convey",2021-04-15T15:52:47Z,0,en,1
967d0201-6244-4749-ad61-1283fa0e7aef,whatsapp,primary_dataset,whatsapp,Application Looking for Siri's data,2021-04-15T13:55:56Z,0,en,1
50ad1ae4-f90b-48f4-9d92-e8379f7c9641,whatsapp,primary_dataset,whatsapp,It's a matter of privacy.,2021-04-15T11:59:54Z,0,en,1
b8241d35-b5f9-4636-be55-90517625ae4a,whatsapp,primary_dataset,whatsapp,"Chat I'm in a hack with a guy, he says it's private but I don't know how to hack! I'm ashamed of my chat with my girlfriend! I swear it doesn't make any sense.",2021-04-15T09:36:12Z,0,en,1
6c17b58e-da14-4d8d-8124-9a6018fe1c30,whatsapp,primary_dataset,whatsapp,It's like Facebook using only emails and passwords. &lt;br /&gt;If you use a number when your driver's license is gone then it's no good.&lt;/i&gt; &lt;i&gt;Thank you so much. &lt;i&gt;&lt;/i&gt; &lt;i&gt; Thank you. &lt;/i&gt; &lt;i&gt; &lt;i&gt; I'm sorry.&lt;/i&gt; &lt;/i&gt; &lt;i&gt; I'm sorry. &lt;/i&gt; &lt;/i&gt; &lt;i&gt; I'm sorry. &lt;/i&gt; &lt;/i&gt; &lt;,2021-04-14T23:13:46Z,0,en,1
f8dd9a04-59d6-4905-897a-3da048a0649e,whatsapp,primary_dataset,whatsapp,"He said there's no wire, but I can see my mom tapped my dad's cell phone so her private message got caught, it's past the QR code. Yeah, it's a QR code advice on the phones of all users, thank you.",2021-04-14T19:47:04Z,0,en,1
bf099acd-1a22-42d5-8c64-3caba4dff344,whatsapp,primary_dataset,whatsapp,"This apple is not good, because hackers can look for information or steal important data from other people illegally at WhatsApp and so many technology/applications that can reach people into our WhatsApp.",2021-04-14T14:29:29Z,0,en,1
23b254a9-1fbc-493c-abcc-6b1b8fb514de,whatsapp,primary_dataset,whatsapp,"Now the use of wa data is wasteful, and also wasteful on batteries, affixed mulu updates. Acc admin increases data usage reduction",2021-04-14T12:54:04Z,0,en,1
b94e61ba-f1b1-4c6a-b9bf-598ec6a65b72,whatsapp,primary_dataset,whatsapp,"Now if we share live location d group, often we can't update chat d group..what the hell!",2021-04-14T10:56:24Z,1,en,1
bec8f6fe-c253-4865-862a-22507a65d69f,whatsapp,primary_dataset,whatsapp,You can only pin 3 chats. &lt;br /&gt;My class group is my work group &lt;i&gt;Group Group &lt;/i&gt; &lt;i&gt;My group is 5 woi! &lt;/i&gt;,2021-04-14T09:24:26Z,0,en,1
1eb99421-6fc9-4d75-9e35-2b04d83d8fee,whatsapp,primary_dataset,whatsapp,Under the fb privacy is dangerous,2021-04-14T09:15:43Z,0,en,1
adcfb92a-4195-4361-a171-d672bdcaea2c,whatsapp,primary_dataset,whatsapp,The direction after further updates can not be used and the data is there again,2021-04-14T09:03:40Z,0,en,1
ea28a647-33e3-48f3-becf-899d1f457ad6,whatsapp,primary_dataset,whatsapp,"It's getting unclear, using data from the Wi-Fi. It's not working, Mrs. vcan. It's got to be a mobile broadband package.",2021-04-14T04:10:29Z,0,en,1
74955954-925b-4a1d-82f5-0bc08d89043e,whatsapp,primary_dataset,whatsapp,I don't know why it's a problem now. The incoming messages are often too late for notifications. Even whatsapp status of our contacts don't appear when they're updated.,2021-04-14T03:23:42Z,31,en,1
70e8a881-79c5-4496-b6b6-58b4953418ad,whatsapp,primary_dataset,whatsapp,"Since you've been in Facebook, there's a lot of messages in the grub that don't come in when you share the lock.",2021-04-14T01:41:47Z,0,en,1
dbe8db7b-fed6-4973-8a4f-cf4eace7007c,whatsapp,primary_dataset,whatsapp,Status and messages are still readable by the WhatsApp user modified even after it was deleted. The privacy problem is not protected. Does it seem unsafe to use this application?,2021-04-13T21:46:37Z,0,en,1
a2ba62e4-5bec-462f-ac14-79da1b636de1,whatsapp,primary_dataset,whatsapp,"Ni whatsapp What'sapp What's the shopping area? fontcolor="" # FFFF00""Advertisinghere fontcolor="" # FFFF00""dizzilyremoved fontcolor="" # FFFF00""there'smorethereup fontcolor="" # FFFF00""my quotawas wasteful fontcolor="" # FFFF00""that'snottheproperofthe ad fontcolor="" # FFFF00""fainter",2021-04-13T20:51:45Z,0,en,1
9cf1081d-1ff8-4a68-aaf6-31b8598406c0,whatsapp,primary_dataset,whatsapp,Lost data,2021-04-13T20:36:24Z,0,en,1
7414a5c8-5d2b-4e76-9e6b-1ff7b967f323,whatsapp,primary_dataset,whatsapp,"The application is fine, but why don't you have the key to the application on my phone, the oppo a1k.",2021-04-13T15:17:29Z,0,en,1
86a3dc15-9289-4ee1-a0b0-1c8aad74996d,whatsapp,primary_dataset,whatsapp,"about the image please fix it so it's brighter not to blur when vidio calls, and when making a snap (status) is a long vidio so it doesn't delay movement and sound, it's a question of whether it likes the new sound first, if it's minimal 1mnt for the vidio share at whatsapp status, trima.",2021-04-13T14:17:47Z,0,en,1
c148df01-1520-44f4-9051-2c93399e0392,whatsapp,primary_dataset,whatsapp,"Why is it that when this apk is controlled FaceBook all the vidios we share are always so loud it's as if the resolution was low, even though before we post the photo and his Vidio was a good resolution.",2021-04-13T13:15:18Z,1,en,1
f9e9075e-f46b-4f77-8ff8-57ceadc4746a,whatsapp,primary_dataset,whatsapp,It's been a long time and it's been a long time since it's been filled out.,2021-04-13T09:31:51Z,0,en,1
ff1a141f-1822-4bfd-bb8b-823e85672d5b,whatsapp,primary_dataset,whatsapp,"cannot download even if disabled devices, reboots, or clear data or clear chase please help..",2021-04-13T08:04:19Z,0,en,1
d71a9e0a-7c0e-46ed-98cd-6491ad15a3e8,whatsapp,primary_dataset,whatsapp,"Why is whatsapp always blocking my nos for no reason, I'm using that number to study and work.",2021-04-13T06:39:31Z,0,en,1
2cef3f79-03ca-4cb3-aedc-00917f180c8c,whatsapp,primary_dataset,whatsapp,It's a data-loss application.,2021-04-12T19:46:37Z,0,en,1
417e75c5-781d-46b7-8331-55745fe4448f,whatsapp,primary_dataset,whatsapp,"Bad Apk, leaky user data",2021-04-12T18:33:50Z,0,en,1
79120a60-3dc1-43b9-a122-807c8ae5140d,whatsapp,primary_dataset,whatsapp,Please help me. Why? I'm always scared and unusable. Please be very wise.,2021-04-12T09:40:18Z,1,en,1
1a144613-7f37-4278-9fcb-a73284b2ff87,whatsapp,primary_dataset,whatsapp,The lack of privacy is still a hack.,2021-04-12T08:57:10Z,0,en,1
75514295-9783-4a14-984d-53b0def980c8,whatsapp,primary_dataset,whatsapp,"DON'T UPDATE!!!! Ever since the updates, a lot of people have had to hack into what they do with their privacy.",2021-04-11T19:32:39Z,0,en,1
8d0c5444-8239-4ab0-84a1-c6abd6b6ce55,whatsapp,primary_dataset,whatsapp,Try a barrel if it's ppus wa it sngpe Dhe pu chat 2 with data 2 mcm vdio or fto 2 go along with thpus lgi k try kkam bkin will be rich messenger it k bh,2021-04-10T15:39:13Z,0,en,1
bd653539-0fa1-4420-a851-25cf492813d6,whatsapp,primary_dataset,whatsapp,"I'm tired of being invited here and there, straight into the crowd.",2021-04-10T10:46:05Z,3,en,1
5d0d58ec-15a0-4013-a512-41c3a244543c,whatsapp,primary_dataset,whatsapp,"I'm done talking about the photos in the conversation, but they're gone too, they can't be recovered, they're sad:",2021-04-09T18:16:55Z,0,en,1
2d57e12a-2ed3-49b0-a9f5-039292a88780,whatsapp,primary_dataset,whatsapp,WhatsApp again why the mobile phone guy didn't get in at all?,2021-04-09T14:17:08Z,0,en,1
02243e9d-9c46-4c7a-ad4a-3b0d7f1b29ee,whatsapp,primary_dataset,whatsapp,The quality is getting worse. Please renew it a few days ago. We didn't get in like any other money.,2021-04-09T03:49:45Z,1,en,1
12ae65bf-2209-45b6-995c-bd07919ad6be,whatsapp,primary_dataset,whatsapp,"The longer it takes, the less privacy..and chats can be seen by a lot of people.",2021-04-08T21:09:04Z,0,en,1
0c4b934a-745c-48b1-9578-64fe9377b22b,whatsapp,primary_dataset,whatsapp,Please tell me whatsapp of me every time there's read whatsapp stops.,2021-04-08T20:31:33Z,0,en,1
48bd0a7f-cde2-4e07-a132-e9587b64b6b4,whatsapp,primary_dataset,whatsapp,"Please No. Whatsapp I was blocked by whatsapp, arrived data and files all deleted, disappointed, why now?",2021-04-08T19:49:04Z,0,en,1
954085a8-51e4-44d4-96e1-36f99ecb8331,whatsapp,primary_dataset,whatsapp,"What's with the group? If it's partloc, the other message doesn't come in.",2021-04-08T17:48:35Z,0,en,1
2415a835-0f66-4553-a938-35a6fdbe9835,whatsapp,primary_dataset,whatsapp,"I just delete the data, automatically delete all the data, which is the problem every day I have a chat, when I open the application all of a sudden the chat is gone all of a sudden I'm pissed off. Then what's the point of me setting up the chat every day?",2021-04-08T13:52:52Z,3,en,1
1d16ee41-10f0-445e-a55c-97115447f439,whatsapp,primary_dataset,whatsapp,"Why is it that when using cellular data messages cannot be sent, while other applications can be fixed immediately?",2021-04-08T11:55:10Z,0,en,1
45ae3f02-29df-416d-bda5-0c43ad0c019a,whatsapp,primary_dataset,whatsapp,"fontcolor="" # FFFF00""whatsapp fontcolor="" # FFFF00"" fontcolor="" # FFFF00"" fontcolor="" # FFFF00"" fontcolor="" # FFFF00""whatsapp fontcolor="" # FFFF00"" fontcolor="" # FFFF00"" fontcolor="" # FFFF00"" fontcolor="" # FFFF00"" fontcolor="" # FFFF00""whatsapp fontcolor="" # FFFF00"" fontcolor="" # FFFF00"" fontcolor="" # FFFF00"" fontcolor="" # FFFF00""Whatsapp fontcolor="" # FFFF00"" fontcolor="" # FFFF00"" # FFFF00"" fontcolor="" # FFFF00"" fontcolor="" fontcolor="" fontcolor="" # FFFF00""Whatsapp fontcolor="" # FFFF00"" # FFFF00"" # FFFF00"" fontcolor="" fontcolor="" # FFFF00"" fontcolor="" fontcolor="" font"" # FFFF00"" # FFFF00"" # FFFF00"" font"" font"" font"" font"" font"" # FFFF00""00"" # FFFF00""00"" font FFFF00"" font FFFF00"" font FFFF00"" font FFFF00""is FFFF00"" fontcolor=""when FFFF FFFF00""when FFFF00"" font FFFF00"" font FFFF00"" font FFFF00""when FFFF00"" font FFFF00"" font FFFF00"" font FFFF00"" font FFFF00"" font FFFF00"" font FFFF00"" font FFFF00"" font FFFF00"" font FFFF00"" font FFFF00"" font FFFF00"" font FFFF00"" font FFFF00"" font FFFF00"" font FFFF00"" font FFFF00"" font FFFF00"" font"" font"" font"" font"" font"" font"" font"" font"" font"" font"" font"" font"" font"" font"" font"" font"" font"" font"" font FFFF FFFF FFFF FFFF00"" FFFF00"" font FFFF00"" font FFFF00"" font FFFF00"" font FFFF00"" font FFFF00"" font FFFF00"" FFFF00"" FFFF00""00""00""",2021-04-08T10:53:53Z,0,en,1
e0fdf12f-f050-44ac-9ba5-3498c14ef94a,whatsapp,primary_dataset,whatsapp,"There's too many updates, but there's not much change.",2021-04-08T08:19:56Z,0,en,1
7e44a541-95ab-4f9a-afd4-bb979e956145,whatsapp,primary_dataset,whatsapp,What's wrong with you lately?,2021-04-08T06:42:20Z,0,en,1
98f71b5d-34ed-41c2-ae7e-1b01d22f19a5,whatsapp,primary_dataset,whatsapp,Whastapp does not view data,2021-04-07T03:47:54Z,0,en,1
53fe4d46-5bff-4d51-97f7-3ced4cfe8d9d,whatsapp,primary_dataset,whatsapp,I've been keeping track of applications from facebook. Every day updates. I don't know what's updated.,2021-04-06T22:58:30Z,0,en,1
b0df9035-2a3f-4f45-bf53-bdbbf5df3fa3,whatsapp,primary_dataset,whatsapp,"Bad! PRIVACY CAN'T DO ANY GOOD, MANY UNNOWN PEOPLE CAN CALL ME.",2021-04-06T21:36:44Z,18,en,1
3f71375f-0a96-43fb-b510-d3bdddcb2c3a,whatsapp,primary_dataset,whatsapp,"The privacy settings are incomplete! If there's an incoming message, the message is not 1 message received..suck!!!",2021-04-06T19:08:25Z,0,en,1
c628d3a7-a8cf-47c5-881b-8ba8d45fa922,whatsapp,primary_dataset,whatsapp,Why is there an expiry of whatsApp so disturbing because a lot of important data has to be deleted to update whatsApp,2021-04-06T17:42:18Z,0,en,1
82934808-374f-4252-92f8-106a52dd8e96,whatsapp,primary_dataset,whatsapp,There are bugs when sharing locations in groups cannot receive messages,2021-04-06T16:59:40Z,0,en,1
b5a54787-707a-4d3e-a29c-8d0a05a0d962,whatsapp,primary_dataset,whatsapp,Spatgat is good with whats app... all the data is well-saved and top-secret.,2021-04-06T12:49:08Z,0,en,1
2c0a0562-5291-49f1-af46-08bf5f643679,whatsapp,primary_dataset,whatsapp,"fontcolor="" # FFFF00""how high fontcolor="" # FFFF00""data fontcolor="" # FFFF00""wa niga",2021-04-06T08:44:19Z,0,en,1
7867841c-e9c9-4f4f-91f5-7359663f1da6,whatsapp,primary_dataset,whatsapp,"I can't talk too much, too much privacy, end to the beginning of the affair.",2021-04-06T00:27:09Z,0,en,1
6d394daa-521f-4712-8e42-31887b4a965a,whatsapp,primary_dataset,whatsapp,Research continues. A lot of data is missing after research. Please fix it.,2021-04-05T22:48:44Z,0,en,1
7606596b-0aa6-4764-80fa-410816463e89,whatsapp,primary_dataset,whatsapp,"The longer it gets worse, the more it gets worse, the more it's been bought with FACEBOOK companies.",2021-04-05T21:21:23Z,0,en,1
894840d3-0dad-461c-a439-3bda71b1496c,whatsapp,primary_dataset,whatsapp,THE INFORMATION OF THE PRIVATE DATA IS NOT RELIGED. RELIGED. THANK YOU.,2021-04-05T20:23:27Z,0,en,1
cec77895-df26-4718-8d2f-24f2241f54b7,whatsapp,primary_dataset,whatsapp,Bossess after 8 hours share location can't you see the next chat?,2021-04-05T18:54:56Z,1,en,1
57c8ab6b-15df-416d-9ad4-8daf0240993b,whatsapp,primary_dataset,whatsapp,Please don't over update my data just a little bit,2021-04-05T18:20:41Z,0,en,1
2aa53c5e-e827-454a-9945-ec823a0397fb,whatsapp,primary_dataset,whatsapp,"Blocked, the reason?",2021-04-05T08:39:59Z,0,en,1
1a804c23-a407-44f0-b22a-4f26dca1b28d,whatsapp,primary_dataset,whatsapp,"It's hard to see if the data should hit so fast that it can open,",2021-04-05T07:21:53Z,0,en,1
bddd95b1-3d51-41a9-9bf2-8d1ac5dc8693,whatsapp,primary_dataset,whatsapp,"Whatsapnowwhy'sthis ,data is always alive but when it comes to chats and check one.. pdhal has regular updates....",2021-04-05T07:14:43Z,0,en,1
28e9bd1e-051a-4b08-9e9d-202a1eb39a29,whatsapp,primary_dataset,whatsapp,I've been through a lot of this data.,2021-04-05T06:24:34Z,0,en,1
f2ecdbf0-c49f-4384-9c9a-49067d7e7402,whatsapp,primary_dataset,whatsapp,This broke-down app right to a data thief's name.,2021-04-04T19:56:17Z,0,en,1
cc8c8866-25ee-4c64-878e-918816c8263c,whatsapp,primary_dataset,whatsapp,"fontcolor="" # FFFF00""Tolllongthathashap fontcolor="" # FFFF00""whattshap fontcolor="" # FFFF00""notreplacedoffline fontcolor="" # FFFF00""like now fontcolor="" # FFFF00""ifyoureadit'llbe fontcolor="" # FFFF00""ifright fontcolor="" # FFFF00""therewillbe fontcolor="" # FFFF00""oneworld fontcolor="" # FFFF00""katsapplineoffi fontcolor="" # FFFF00""I'msorry fontcolor="" # FFFF00""ifyou fontcolor="" # FFFF00"" fontcolor="" # FFFF00"" fontcolor="" # FFFF00"" fontcolor="" fontcolor="" fontcolor="" fontcolor=""if you fontcolor="" # FFFF00"" fontcolor="" # FFFF00"" fontcolor="" fontcolor="" # FFFF00"" # FFFF00""ifyou fontcolor="" # FFFF00"" # FFFF00""ifyou fontcolor=""ifyou fontcolor="" fontcolor="" # FFFF00"" # FFFF00""ifyou fontcolor=""ifyou font""ifyou fontcolor="" font"" fontcolor=""ifyou fontcolor="" font"" # FFFF00""ifyou fontcolor="" fontcolor="" fontcolor="" # FFFF00""one FFFF00"" font FFFF00"" # FFFF00"" # FFFF00"" # FFFF00"" # FFFF00"" font"" font"" font"" font"" font"" font"" font"" font"" font"" font"" font"" font"" font"" font"" font"" font"" font"" font"" font"" font"" font"" font"" font"" font"" font"" font"" font"" font"" font"" font"" font"" font"" font"" # FFFF00"" font"" font"" font"" font"" font"" font"" font"" font"" font"" font"" font"" # FFFF00"" # FFFF00"" font"" font"" font"" # FFFF00"" # FFFF00"" font"" font"" font FFFF00"" font"" font"" font"" font"" # FFFF00"" font"" font"" font"" font"" font"" font"" # FFFF00""",2021-04-04T18:11:32Z,0,en,1
445c5d7d-b0a0-4683-af05-b95f9cf31d99,whatsapp,primary_dataset,whatsapp,"It's policy to whatsapp, why lately whatsapp always block my nos, whether it's new or not always blocked in case I don't violate anything mhon yes fixed again thank you",2021-04-04T16:45:10Z,0,en,1
c5276d03-958b-423a-8e74-ca4a73405d75,whatsapp,primary_dataset,whatsapp,"After sharing in the group, some phones can't receive group messages.",2021-04-04T13:45:23Z,0,en,1
6d1bae04-3eb7-4e99-8d81-c2f140cae424,whatsapp,primary_dataset,whatsapp,"This is why I just had a chat in WA. But it's been a few minutes, late in the day. Bang, how is this?",2021-04-04T06:12:19Z,0,en,1
1cac313b-6137-4bc1-9df0-592da929507b,whatsapp,primary_dataset,whatsapp,"fontcolor="" # FFFF00""ari oflinecan te wa vatku fontcolor="" # FFFF00""data wae te barogan fontcolor="" # FFFF00""moneykoronappan iyeteh hahahahahaha",2021-04-03T20:50:18Z,0,en,1
48fe0a2f-04af-41da-98d7-c799c2df4b46,whatsapp,primary_dataset,whatsapp,Rumor has it there's a user's privacy problem on this apk,2021-04-03T10:43:13Z,1,en,1
70b2381b-cf37-40bf-8c86-67784e651c7e,whatsapp,primary_dataset,whatsapp,Mercy privacy says it's not safe.,2021-04-03T09:59:02Z,2,en,1
d02ff670-d614-4d26-b941-5a0f6748ae66,whatsapp,primary_dataset,whatsapp,Thevertification code didn't show up when they sent me a text message or a cell phone.,2021-04-03T09:18:58Z,0,en,1
9c1369bd-f71f-4734-94a3-d37b491d64a2,whatsapp,primary_dataset,whatsapp,The data is too big... My memory isn't enough anymore,2021-04-03T07:58:55Z,0,en,1
08fc5b09-1ea6-412a-adf6-e6c9587c07d2,whatsapp,primary_dataset,whatsapp,It's a lot to cheat on. Let's see if it's a list of real data.,2021-04-03T00:05:59Z,0,en,1
9984edf3-9c73-4b75-a275-1b6f107b09f0,whatsapp,primary_dataset,whatsapp,What's wrong with Wa?,2021-04-02T15:19:11Z,0,en,1
1b35aaa5-c37a-4f07-a0a6-7734ef388dee,whatsapp,primary_dataset,whatsapp,"Whatsapp i don't show up sometimes i don't want to open it so there's an incoming message. pdhl data is also smooth, strange to have to restart first and then go back to normal.",2021-04-02T12:47:15Z,0,en,1
8b1f1c7c-d6e7-47bc-9bc6-e2303e834d57,whatsapp,primary_dataset,whatsapp,"Please excuse me, please help me, but I can't download this app, there's an apket data, and it's perfect..trmaksh.",2021-04-02T12:32:58Z,0,en,1
2b9be40a-0939-4c19-927f-18a6b51ddc76,whatsapp,primary_dataset,whatsapp,It's updated..not even good.. want to see pictures/fhoto/videos see file stickers don't support..have to restart before can.,2021-04-02T07:18:25Z,119,en,1
6edbef37-2f69-4f98-9833-f143b4430797,whatsapp,primary_dataset,whatsapp,"The big data is up to 3gb, and the photos of the same video are deleted...",2021-04-02T05:52:56Z,0,en,1
202b5eb6-a9c3-40f8-a9dc-9cb3aca1cb76,whatsapp,primary_dataset,whatsapp,Restore all data,2021-04-02T05:09:58Z,0,en,1
804161d4-c7c6-45c5-b01d-36078a3b91a3,whatsapp,primary_dataset,whatsapp,"Hi WhatsApp I want to ask you why my phone number has been blocked so many times I've changed my first card and always blocked your system's response is weak or how I've never violated WhatsApp policy and statutes but, why is it always blocked for help?",2021-04-02T04:12:49Z,0,en,1
8e608a9c-4cab-4c1d-a892-53403fce273f,whatsapp,primary_dataset,whatsapp,"Suddenly my phone number was blocked using whatsapp unannounced, although I did not violate the policy of whatsapp!!!!!!!",2021-04-02T01:57:48Z,3,en,1
bc6fc9fe-0abe-47ea-b1f9-8eee9888d3c1,whatsapp,primary_dataset,whatsapp,This application can't be opened by developer Facebook.,2021-04-02T00:28:46Z,0,en,1
a2a3a2f6-62ba-482b-9667-51bb00c37ad5,whatsapp,primary_dataset,whatsapp,Still eating a lot of data on video calls,2021-04-01T23:52:45Z,0,en,1
bd1f69d6-bd44-44b7-8d62-d42cf33e959a,whatsapp,primary_dataset,whatsapp,Why can't I see the notification chat and receive call when this WhatsApp is not open?,2021-04-01T20:47:37Z,0,en,1
f8ac152e-3f3c-48af-a784-a0a44a2b2bb0,whatsapp,primary_dataset,whatsapp,It's disgusting whatssap has Facebook written on it.,2021-04-01T16:02:49Z,0,en,1
f9ff4595-4bfb-4c13-a716-0af93a4ed13a,whatsapp,primary_dataset,whatsapp,"It's so hard to download, why do you have to update so often?",2021-04-01T15:58:27Z,0,en,1
9c487d7c-0755-4dbd-aa6b-d014a31c04c3,whatsapp,primary_dataset,whatsapp,"You said call for free, cb if you don't have a data package if you can use it.",2021-04-01T12:32:13Z,0,en,1
03c6bbb7-4eae-48f5-abe0-4a09c32aec6d,whatsapp,primary_dataset,whatsapp,I used to delete the data instead of the eroor wa.,2021-04-01T09:22:20Z,0,en,1
4d80df9d-e5d1-4d30-be7e-ba3c4d184702,whatsapp,primary_dataset,whatsapp,"We're gonna need this, but if we have to re-load it, we need to clear 400 minutes of facebook az cm 17 so hard..mhn helped to make it smooth..trimskh.",2021-04-01T06:50:36Z,0,en,1
a62d9770-53aa-4c03-b17f-9f75ea7d038d,whatsapp,primary_dataset,whatsapp,It's a bit disappointing with this apl... why did you have to update... an old phone so that updates should erase all the data?,2021-04-01T05:49:54Z,0,en,1
8e9ad14b-7339-496f-90c9-59b035d9292a,whatsapp,primary_dataset,whatsapp,I like to use this app but it's annoying how much my chat resets when it's important.,2021-04-01T02:25:50Z,0,en,1
610185aa-7ac8-48b2-89e4-d5663a56665c,whatsapp,primary_dataset,whatsapp,"I'm sorry, it's been a long time since the reading was delayed and the signal's still here, but it's been a long time. Please hurry up.",2021-03-31T23:12:09Z,0,en,1
2f293e3f-b663-4ffb-82ec-47c9c132805c,whatsapp,primary_dataset,whatsapp,Like my downtime ga privacy sts but don't show up,2021-03-31T18:16:16Z,0,en,1
df261105-6a1e-484d-97e6-edf07edeee0b,whatsapp,primary_dataset,whatsapp,Why can't you send a message and there's a Wi-Fi network or cell phone data?,2021-03-31T17:28:41Z,0,en,1
dd50e8be-83e8-41d1-96f7-e4f25d7fcbd5,whatsapp,primary_dataset,whatsapp,"Anjay Wa, take care of Kouta's data..klo..you're used not to PK..Kouta donk",2021-03-31T16:47:26Z,0,en,1
c6bef72c-c412-417c-8086-f79de62e7a96,whatsapp,primary_dataset,whatsapp,"My sister's account was hacked. I don't know why. But when she got back, so many people talked about weird people.",2021-03-31T13:57:09Z,0,en,1
0af5336f-df5c-4980-a6bd-ce03ea02e3e1,whatsapp,primary_dataset,whatsapp,"Normal use, even blocked, I email whatsapp support, in response like this we have received a lot of complaints about your account, and in order to protect user privacy, we can't give any more information about these complaints. Reply for this email will not be read.",2021-03-31T12:59:00Z,61,en,1
8f94b6f6-b308-40f5-8f24-f17accefe37a,whatsapp,primary_dataset,whatsapp,"WhatsApp is wrong with it? &lt;br /&gt;I just filled out the data package when checking the message turns out the clock, but entering the application is good!&lt;/i&gt; &lt;i&gt;What else is this?&lt;/i&gt; &lt;i&gt;What is this?&lt;/i&gt; &lt;i&gt;What is it?&lt;/i&gt; &lt;i&gt;What is it? &lt;/i&gt; &lt;i&gt;What is it? &lt;i&gt;What is it? &lt;/i&gt; &lt;i&gt;What is it? &lt;/i&gt;",2021-03-31T11:42:42Z,1,en,1
5c2648a1-fae9-433f-80d1-6e11aa68a5e1,whatsapp,primary_dataset,whatsapp,"Why is my number blocked, please ask WhatsApp to open the block, about a lot of important data in my wa",2021-03-31T09:48:41Z,1,en,1
8a894934-89d5-4eed-9750-f770d1c3fca5,whatsapp,primary_dataset,whatsapp,How often eror..data of is still active in his info,2021-03-31T09:45:24Z,0,en,1
13ca3ae7-b2c1-4743-91c6-bb26506a1ff4,whatsapp,primary_dataset,whatsapp,The data data is often self-deleted.,2021-03-31T08:50:47Z,0,en,1
dd5da153-9202-4cd4-a6a4-2f24c2e0c738,whatsapp,primary_dataset,whatsapp,So unsatisfactory! Why do you have to connect to the faceebok now? If you won't remove our account? What's the arrogance of whatsapp! Who do you think made you succeed?,2021-03-31T08:29:58Z,24,en,1
d11ea4d4-513c-43f9-9899-fb5b840e510c,whatsapp,primary_dataset,whatsapp,Save our privacy!!!!!!!,2021-03-31T08:10:53Z,0,en,1
236eee3e-ca05-4f32-8e44-a513bc81872c,whatsapp,primary_dataset,whatsapp,"The old problem hasn't been solved yet, but I've been in order to restore backups from gd manually... my data has been lost many times since it's not been able to restore backups. While I've been able to set up backups in both internal and und at least 5gb data I've never cleared chats... because the phone has been forced to transfer to new phones and constraints are always the same I can't find backups in my GD... please how can I get my data in gd...",2021-03-31T03:21:18Z,87,en,1
782c281d-9409-4e87-8616-964cdc422c67,whatsapp,primary_dataset,whatsapp,Why do you know my WA number? Please fix the policy.,2021-03-30T18:14:00Z,0,en,1
fc4a5e71-7eeb-45c5-87e8-3fecf90512e5,whatsapp,primary_dataset,whatsapp,"I don't know what's wrong with you, but why are you re-installing so often?",2021-03-30T07:27:05Z,0,en,1
76f6e23e-6f1a-4c6c-a64a-1566345c7a71,whatsapp,primary_dataset,whatsapp,Updates are always difficult even to fail when we can update this application if data is deleted first... what do you think?,2021-03-30T07:04:36Z,0,en,1
efe6b157-2ca7-4dea-add4-ba0f40b740fb,whatsapp,primary_dataset,whatsapp,"I don't want to download the apps. It's a total waste of memory, but I don't have anything to store the data for until I'm 1GB an aggrh.",2021-03-30T05:38:47Z,0,en,1
39f047c9-9c4e-4ab3-887b-a9ad0edd9f1e,whatsapp,primary_dataset,whatsapp,THE DAWNLOAD DOESN'T SAY PROGRAM FOR COMMUNICATION BUT THE LADY OF THE TREE THERE'S NO CHAT INVESTIGATION ON THE DATA COUNT OF MANY!!!,2021-03-30T04:09:51Z,0,en,1
efa9b6e7-457f-472a-8f3a-c588e1ce1d0e,whatsapp,primary_dataset,whatsapp,.mending me to transfer to a telegram is safer:,2021-03-29T19:29:05Z,0,en,1
13806f79-0f32-4f12-b377-68b39398fcc1,whatsapp,primary_dataset,whatsapp,Whatsapp from facebook,2021-03-29T19:17:20Z,0,en,1
8620b21e-c898-486c-bbdd-64decff2f01d,whatsapp,primary_dataset,whatsapp,IZIN SUGGESTION: 1. Pin Chat is added to 5 or more Dong 2.,2021-03-29T13:58:32Z,0,en,1
84325058-559b-4bba-9e46-07ca924619f1,whatsapp,primary_dataset,whatsapp,"Chief, please have some privacy so that you don't have a lot of contact with the phone.",2021-03-29T12:57:01Z,0,en,1
1c992689-aaa5-44c7-b1d7-6c8eb0dd899f,whatsapp,primary_dataset,whatsapp,"It's not whatsap. Yes. Every time they call each time, there's always no connection.",2021-03-29T11:12:33Z,2,en,1
a76a758b-7d60-440b-b376-2147bb322e9d,whatsapp,primary_dataset,whatsapp,"I don't have a rich problem these years, and if I use cell phones, sometimes there's a ""Whatsapp message check,"" but the chat doesn't come in at all.",2021-03-28T14:31:22Z,56,en,1
eee66a62-84c2-4b8e-bf47-6f669a4331f6,whatsapp,primary_dataset,whatsapp,Can't send maps.. bad data can't send maps should be used for new data dwonloads,2021-03-28T13:17:08Z,0,en,1
1d0310a2-15ce-4c22-ad6d-f1c1203a3dcc,whatsapp,primary_dataset,whatsapp,"It's been twice whatsapp suddenly erased all chats, and it's been backed up. Please fix it.",2021-03-28T08:00:43Z,1,en,1
88ca93a6-de94-465c-87e9-c50244e8dbbb,whatsapp,primary_dataset,whatsapp,Good and quality and privacy,2021-03-28T05:39:56Z,0,en,1
8038b9e1-e067-49bc-9714-a55089901df6,whatsapp,primary_dataset,whatsapp,Privacy goes brrr...,2021-03-27T23:11:34Z,0,en,1
29f1f95c-7599-45e3-9443-10af43ebbff6,whatsapp,primary_dataset,whatsapp,"I got into the registration, but the time I waited for the verification code was two hours till the pulse came and the code didn't come.",2021-03-27T05:56:13Z,18,en,1
48b888fb-3f4f-4ffa-af34-6bab17c36021,whatsapp,primary_dataset,whatsapp,Data lemot is not secure,2021-03-26T19:08:36Z,0,en,1
ac44233d-a219-43e3-b257-39c2f6a6ba82,whatsapp,primary_dataset,whatsapp,"Blocked again, blocked WA I. Why does a new college guy also have missing data, what does that mean?",2021-03-26T12:39:25Z,0,en,1
5a05af42-79bb-440a-a169-a86e908dc986,whatsapp,primary_dataset,whatsapp,"Why can't WhatsApp be downloaded, when my storage space is enough to download WhatsApp and my data packets are fine. There's no delay whatsoever, but why whatsApp can't be downloaded, please help. I want to download WhatsApp.",2021-03-26T08:43:25Z,0,en,1
169518d2-35b7-43ee-ad8c-b4366fe3426b,whatsapp,primary_dataset,whatsapp,Don't take the video you want to answer so much!!!,2021-03-25T22:36:27Z,3,en,1
437615f1-11af-43f6-b2ea-974677a00087,whatsapp,primary_dataset,whatsapp,The wa data can't be saved directly,2021-03-25T20:00:40Z,0,en,1
5752a696-6b99-44e8-94c6-c5816b42e0b8,whatsapp,primary_dataset,whatsapp,I was waiting for the verification code not to come until I waited until I was upset about the policy of the maker. Don't just make it difficult for me to list the phone numbers.,2021-03-25T16:30:22Z,3,en,1
9d60bf65-6569-4422-9361-8a46945296c0,whatsapp,primary_dataset,whatsapp,"I want to ask you this, why didn't I delete the account when I was about to make a new account? Data analysis didn't get here. Please report from WhatsApp's party.",2021-03-25T06:32:15Z,0,en,1
4aadf063-8c85-410e-8dd9-535b17ddea89,whatsapp,primary_dataset,whatsapp,Why is it that this facebook has been made to open photos and to fuck the features so slowly...?,2021-03-24T21:41:01Z,0,en,1
a5a3c2e2-5067-4888-8537-0704004bc0cd,whatsapp,primary_dataset,whatsapp,"Since it's bought with Facebook now it's going to be NUMBUG, every fucking story like it's over 30 seconds it's going to be 2 stories, but the second Vidio is not going to connect, sometimes the Vidio is not going to connect, if it's not going to go down, or it's going to be too far, so it's not going to work anymore.",2021-03-24T19:55:10Z,0,en,1
53487a8e-95b5-482d-a4d1-91fd28ebdad5,whatsapp,primary_dataset,whatsapp,"It's a mimin review, what's updated, which is not as detailed and obvious as it used to be, what's up grade, when, in fact, more down grade because there is, hacking, surveillance, and excluding the user's privacy rights.",2021-03-24T12:50:17Z,98,en,1
f211c8b8-d66f-4771-b5a0-c1b6908c07e6,whatsapp,primary_dataset,whatsapp,"Whatsapp already has no privacy numbers on the block as much as he likes, not long after your fate is like a BBM, people are already starting to switch to more sophisticated telegrams without constraints as well as privacy. Good bye whatsapp.",2021-03-24T12:24:23Z,3,en,1
ae7d4225-5256-4b91-a9ad-8923461a96cb,whatsapp,primary_dataset,whatsapp,Why can't I share the location,2021-03-24T09:28:58Z,0,en,1
7e9cf2df-c5d8-4cce-af4d-040397003a04,whatsapp,primary_dataset,whatsapp,There's a mistake on share location,2021-03-24T07:16:05Z,0,en,1
bfe43b2f-adf7-4bea-8e72-4fa1f8f17751,whatsapp,primary_dataset,whatsapp,I'll give you a star. One aj first.,2021-03-23T21:47:06Z,0,en,1
814b38a1-d1d8-4106-99b8-052646d78f6d,whatsapp,primary_dataset,whatsapp,"Whatsapp overloaded the data for longer anyway, my user data at Whatsapp went through 11 gb. Nuhlahin Pubg only, whatsapp left behind with his user. Please develop whatsapp fixed user complaints about overloading this data.",2021-03-23T12:31:10Z,3,en,1
ec90efd1-28b0-4fa8-8c42-ca46ec5b4ac7,whatsapp,primary_dataset,whatsapp,"Sorry to hang out, I've often been distracted by whatsApp users in the wrong mood, for example I've been almost fooled and damaged in privacy, because the message that's been deleted face will be in WhatsApp mood.",2021-03-23T11:38:44Z,2,en,1
928b8bb8-9788-48a9-a5fb-36995c81daf3,whatsapp,primary_dataset,whatsapp,"Please fix the share of the location, when I share the location to share the folders. Can't, please fix it.",2021-03-23T05:11:57Z,1,en,1
2824e113-2cce-4709-a7e5-3b3982c809c2,whatsapp,primary_dataset,whatsapp,"Please use Wa Gb follow up, spoil people's privacy",2021-03-22T22:25:22Z,0,en,1
a9f1f054-67df-4f81-8eea-eb885a1cce3b,whatsapp,primary_dataset,whatsapp,"Personal data can get out of the way, people get in, people ask for alms, pingih pinjol when there's no pressure or credit, and then there's ""an orphan group,"" how about admin?",2021-03-22T18:20:22Z,0,en,1
83209145-5937-43c4-855d-e80d1287f96e,whatsapp,primary_dataset,whatsapp,"Several times ""there has been an error with your data"" The chat data etc can be restored but just as the backup history of data, chats and important data today was lost because it had not been backed up!!! has already occurred many times, has reinstalled it too, my phone:Xiaomi 8 pro.",2021-03-22T17:16:27Z,66,en,1
e4e8b3e8-11eb-4008-8f00-c27778b464f0,whatsapp,primary_dataset,whatsapp,"If a live video is limited to 1.25 minutes if the status is limited to 30 seconds if the photo or video sent and edited through whatsapp should not be saved return it must be sent back which means downloading the burique video!!!!!! And the only problem is whatsapp platform text without spending the pulse (except telegram, and,mesengger but mesenger is connected to facebook and telegram connected to whatsapp) please update the app",2021-03-22T11:30:58Z,106,en,1
2648b8d8-8722-478d-b629-52f172706561,whatsapp,primary_dataset,whatsapp,"Why can't I open my whatsapp? 3 times I uninstalled it, deleted the data, came in a few minutes later can't open it, fixed it",2021-03-22T09:07:14Z,45,en,1
f1fa7f12-98bc-40a7-8a02-7f1bae7bee39,whatsapp,primary_dataset,whatsapp,"Whatsapp is marked as a Trojan virus by the Eset antivirus. This application is unsafe, stealing the user's personal data. The crowd is switching to Telegram.",2021-03-21T23:04:17Z,0,en,1
a3479ba5-37d5-4f43-85e4-aff309b1f412,whatsapp,primary_dataset,whatsapp,"This Apk Whatsapp made a lie out of everyone. this apk whatsapp is good, but wondering why there should be privacy, hide the chats, hide the bio whatever, the worst part is that most people lie about what's so good, whatsapp's the name of a lot of having an affair without his knowledge.",2021-03-21T22:22:54Z,0,en,1
7db68f34-f49c-4894-bb99-230d410a7a66,whatsapp,primary_dataset,whatsapp,The more updates the more obscure this live location is not moving.. tttp stay where ddahl is where the road should be... suckhhhh!!!!!!!!!!!!!!!!!!!,2021-03-21T20:49:17Z,0,en,1
6d96756c-4e5b-41cc-a26d-66627ca0c550,whatsapp,primary_dataset,whatsapp,There are still a lot of hacked WhatsApp users,2021-03-21T19:32:36Z,0,en,1
8c14bcc2-618f-41f9-99b5-784efead77bd,whatsapp,primary_dataset,whatsapp,"It's why I deleted my data, but I can't do it again. Please be justified.",2021-03-21T15:06:53Z,1,en,1
45a42c02-01fb-4c44-a0d2-28de38b1e341,whatsapp,primary_dataset,whatsapp,The privacy policy,2021-03-21T08:11:35Z,0,en,1
5ecdd519-9902-4ec3-8a05-0eee5d79785a,whatsapp,primary_dataset,whatsapp,"Whatsapp has insisted that users follow their rules, if users don't follow Whatsapp's rules, whatsapp will remove us and expel us from all groups. Otherwise there's no way the WA can threaten this. For the sake of good and privacy we'll all leave whatsapp.",2021-03-21T06:18:59Z,0,en,1
daf6a686-c6b6-459f-aa63-96f3d6d70834,whatsapp,primary_dataset,whatsapp,"AFTER BECOME BY FACEBOOK, THE BEAUTIFUL DAUGHTER EARTH OF THE JELEK EARTH",2021-03-21T05:58:46Z,0,en,1
5d832959-9c37-40d5-9c1b-0334124b6a0f,whatsapp,primary_dataset,whatsapp,I don't like it because my data was taken!,2021-03-20T18:16:29Z,0,en,1
c1ad5f1f-2f33-4a60-8863-b75ab3a86dcc,whatsapp,primary_dataset,whatsapp,Please delete the data for the storage and entry system. I want to wait for the verification code. Please don't tell me this Monday.,2021-03-20T14:53:32Z,5,en,1
889dfa9b-7eb9-49e7-bf9b-0ae340aec338,whatsapp,primary_dataset,whatsapp,"Gausah, let's say that everything is private. Put it on Facebook. I don't want to play.",2021-03-20T02:40:42Z,0,en,1
add17861-5d40-4cc3-a9be-98787d30c04b,whatsapp,primary_dataset,whatsapp,"fontcolor="" # FFFF00""whydatastill fontcolor="" # FFFF00""there'saclear wifi fontcolor="" # FFFF00""chatfriend fontcolor="" # FFFF00""not sentwhypleaseclear",2021-03-20T01:09:09Z,0,en,1
ecc2054a-27f1-4d8f-8529-eb5370660960,whatsapp,primary_dataset,whatsapp,Why can't you send a message and can't call? It says it's not a live data.,2021-03-20T01:06:17Z,0,en,1
20df1d89-9f21-44b1-bf09-14961015ec6b,whatsapp,primary_dataset,whatsapp,Please don't get me hooked up. I can't open it anymore. What's this?,2021-03-20T01:03:58Z,0,en,1
0711fb45-c276-47dd-835b-597d071bbd55,whatsapp,primary_dataset,whatsapp,"No way, when Wi-Fi is good at texting, I can't even text it, and I'm trying to use cellular data, but it's the same thing, what is it exactly?",2021-03-20T01:03:10Z,6,en,1
b0a8f6aa-41c9-4a05-b7b0-0fab25c2eb79,whatsapp,primary_dataset,whatsapp,There's what this box can buy I'm Kira with my wife Keeps me open where the GK can I'm sure I'll always be down there again,2021-03-20T01:00:42Z,0,en,1
e0748bb7-8397-4beb-8400-358659bdb915,whatsapp,primary_dataset,whatsapp,"Why did the alarm arrive? I'm sending you the work data. So, cancel it all.",2021-03-20T00:48:12Z,0,en,1
141e658a-f189-467f-9478-e25818cc6152,whatsapp,primary_dataset,whatsapp,Please wasap.. again chat can not send chat anymore. data is not allowed to enter the application at all. this needs to be the only media to make important communications now.,2021-03-20T00:45:24Z,0,en,1
72c1b192-00a8-4366-86ee-2ef2f62a0224,whatsapp,primary_dataset,whatsapp,"I don't know what you're talking about, but my experience is, why don't I play youtube, Facebook game it's smooth, but why aren't I getting the same number all of a sudden?",2021-03-20T00:41:47Z,13,en,1
c6cb6be6-af79-4f6a-8d18-66ebe752dfa3,whatsapp,primary_dataset,whatsapp,Why can't I send a message when there's no problem with the WiFi data network?,2021-03-20T00:38:43Z,1,en,1
a15c8f76-6c79-46ac-ab8b-2f323e7bdd8e,whatsapp,primary_dataset,whatsapp,"Please let the wa be repaired from time to time, not like this is all in privacy, right?",2021-03-20T00:36:36Z,0,en,1
05328a8e-8587-44d2-be7f-31bd2b56b020,whatsapp,primary_dataset,whatsapp,Don't get too big on the data. Okay.,2021-03-19T19:36:20Z,0,en,1
1d7d44bb-c2c5-4683-9651-ce08b062d2b9,whatsapp,primary_dataset,whatsapp,Why does my whatsapp application often have problems (not responding) and while waiting for a response always automatically open facebook?,2021-03-19T19:31:51Z,0,en,1
4cdcf467-f5b3-4084-b86d-069b7f0664df,whatsapp,primary_dataset,whatsapp,"Assalamu alaikum, here I want to tell you that there's been a bit of a mistake and my dissatisfaction over whatsapp Messenger is. I want to tell you about my WhatsApp account which is always permanently blocked, and therefore I'm very disappointed.",2021-03-19T13:44:34Z,62,en,1
c7d5a619-f6cf-430f-968b-0dee4ad6a371,whatsapp,primary_dataset,whatsapp,Bad apple often errs all over data,2021-03-19T09:02:06Z,0,en,1
5a28db96-555c-4b15-b12a-fd6222f626d4,whatsapp,primary_dataset,whatsapp,"fontcolor="" # FFFF00""Whychat wa fontcolor="" # FFFF00""I'mto deletemyself fontcolor="" # FFFF00""yes fontcolor="" # FFFF00""it'sthechatter fontcolor="" # FFFF00""it'sthechatter fontcolor="" # FFFF00""thing fontcolor="" # FFFF00""enti fontcolor="" # FFFF00""that'sthechat fontcolor="" # FFFF00""thechatter fontcolor="" # FFFF00""so important fontcolor="" # FFFF00"" fontcolor="" # FFFF00"" fontcolor="" # FFFF00"" fontcolor="" # FFFF00"" fontcolor="" # FFFF00"" fontcolor="" fontcolor="" # FFFF00"" fontcolor FFFF00"" fontcolor="" # FFFF00"" # FFFF00"" fontcolor=""theway FFFF00"" # FFFF00"" fontcolor FFFF00""theway FFFF00""theway FFFF00""theway FFFF00""let00"" font"" font"" font"" font"" fontcolor FFFF00""theway FFFF00""if00""theway FFFF00""theway FFFF00""theway FFFF00""the way FFFF00""if""when FFFF00""if""theway FFFF FFFF00""whentheway FFFF00""the way FFFF00""thebetheway FFFF00"" font FFFF00"" font FFFF00"" font FFFF FFFF00""theway FFFF00"" font FFFF00"" font"" font"" font"" font"" font""thed""the font FFFF00"" font FFFF FFFF00""theway FFFF FFFF00""theone FFFF FFFF00""will FFFF FFFF00""will FFFF00""theway FFFF FFFF00"" font""will FFFF FFFF FFFF FFFF FFFF00""will FFFF00""the FFFF00""theonetheonetheonethestheonesthepeople FFFF FFFF00""will FFFF00""theonetheonetheonetheonetheonetheonetheonetheonetheonetheonetheonetheone FFFF00""theonetheonetheonetheonethe",2021-03-19T08:18:52Z,0,en,1
236ead94-d260-4d00-a293-e9cb1d237a91,whatsapp,primary_dataset,whatsapp,DEDE BANGET MEMORI MEMORY DOUBLE!!!!!!!!!!!,2021-03-19T05:25:53Z,0,en,1
c7cbfd0b-f7b7-4e66-bca4-33bd77af0996,whatsapp,primary_dataset,whatsapp,"THE new policy only concerns the developers. Instead of focusing on the users. Users need privacy of safe and comfortable data 100%. &lt;i&gt;&lt;/i&gt; &lt;i&gt;And can't be seen by anyone either parties or third parties, for the sake of other things. &lt;/i&gt; &lt;i&gt;For safety problems leave Whatsapp.&lt;/i&gt; &lt;i&gt; Better choose good and good from a safety aspect. &lt;/i&gt; &lt;i&gt; Goodbye Whatsapp; May you stay very long.",2021-03-18T17:59:37Z,0,en,1
ca9b153d-d685-400d-bc66-fda8650fae56,whatsapp,primary_dataset,whatsapp,"Good morning, I want to question why the info on the contact is missing.",2021-03-18T13:19:51Z,4,en,1
40d1674a-9621-4646-b2fe-6f8c4def6ac9,whatsapp,primary_dataset,whatsapp,Please maintain user privacy.,2021-03-18T11:44:33Z,0,en,1
47f54ddb-5554-4ebc-a1dc-0cf70648d0ea,whatsapp,primary_dataset,whatsapp,PRIVACY...PRIVACY...PRIVACY!!!,2021-03-18T06:34:01Z,0,en,1
c7020cdb-5e31-445a-b99d-15b5c4ea9284,whatsapp,primary_dataset,whatsapp,"Why is my chat suddenly lost, so much of my vitals are missing, the worse this application is, I'm happy to install it!",2021-03-18T02:49:46Z,3,en,1
3f9004f3-bb63-45d2-a484-b015fa7db2ac,whatsapp,primary_dataset,whatsapp,"whats app why yes, I'm a pubg mobile account salesman at whats app, it's been almost a year since I sold an account in whats app group, but why suddenly my whats app account is permanently blocked, I feel that I haven't committed a violation that violates whats app policy, I beg your cooperation",2021-03-18T00:46:13Z,1,en,1
486ef1c6-7da1-48fd-9278-ed122bfdb05f,whatsapp,primary_dataset,whatsapp,It's bad. Why can't it be full of color? Let's not get tired of the colorful emoticons.,2021-03-17T20:33:09Z,12,en,1
5a096135-07ea-4cd8-8f7e-6cf99b2982d9,whatsapp,primary_dataset,whatsapp,"Well, why wait seven hours to come back, just because I want to recover my history chat data, please pay attention to this review. It's important.",2021-03-17T15:39:47Z,0,en,1
28e5a23f-2a17-4f32-80a1-a81527c64cdc,whatsapp,primary_dataset,whatsapp,"Please present the feature only of my contact chat not only of privacy status, the privacy of chat too, because I'm usually on chats with strangers and he chats my strange chats, so please bring me a private chat feature so only a certain person can chat with me even if I don't give him my number!",2021-03-17T06:09:57Z,0,en,1
9830c0e6-0181-4987-8942-761112be30ba,whatsapp,primary_dataset,whatsapp,"This app is very good, but why are you so willing to delete all of the Bangtan's data, sweet words and sweet stickers from doi photos of her all over the family group and so many others.",2021-03-16T20:45:07Z,0,en,1
4ed29f9d-65a8-4648-8cf4-0c2edc657aff,whatsapp,primary_dataset,whatsapp,Service is not good for collection agents using language and bad data,2021-03-16T19:29:00Z,0,en,1
dca03690-a3b1-4370-913e-8083e416f7db,whatsapp,primary_dataset,whatsapp,"Why store up to 1,8GB when all the data has been deleted,",2021-03-16T15:33:56Z,0,en,1
124bfa1e-3898-4e26-bf6d-0d28dab8b6b5,whatsapp,primary_dataset,whatsapp,I want to install this app because my data has been erased by my brother.,2021-03-16T14:34:58Z,0,en,1
3533d258-b419-406b-b966-97d46e10e386,whatsapp,primary_dataset,whatsapp,Can't keep privacy in this shit app.,2021-03-16T09:32:36Z,0,en,1
823eb243-6fc1-49ea-8386-07dd53eca2cb,whatsapp,primary_dataset,whatsapp,"By joining this group for sure what I hope will be answered, because I and the group will share what it will be as long as we keep the group safe.",2021-03-16T05:50:08Z,0,en,1
fd60f098-0791-497c-85d4-1e324fa9f107,whatsapp,primary_dataset,whatsapp,I'm not a copy right infinder.,2021-03-15T23:25:37Z,19,en,1
54f643fb-4ea8-4e69-a909-a34e7af67543,whatsapp,primary_dataset,whatsapp,Help the WhatsApp fix my account when I don't want to refresh my status when people make my status invisible when I'm not in privacy nor me nor do I have my number WhatsApp please help my notice!!!!!!!!!!!!!!!!!!!!!!!!!!!!!!!!!!!!!!!!!!!!!!!!!!!!!!!!!!! need now!!!!!!!!!!!!!!!!!!!!!,2021-03-15T17:44:36Z,62,en,1
ec96d471-e454-4c5a-b893-5a2d20f45f93,whatsapp,primary_dataset,whatsapp,Why can't I take a nap in my absence?,2021-03-15T14:49:47Z,0,en,1
27a61003-4129-4295-8d6b-b02cd91f70ba,whatsapp,primary_dataset,whatsapp,Please maintain more privacy. If possible for chats and groups can be separated,2021-03-15T12:19:38Z,1,en,1
b97b2329-30da-41ab-9454-6a443b48c97d,whatsapp,primary_dataset,whatsapp,"Now it's worse, it's better that there's no privacy.",2021-03-14T19:14:50Z,0,en,1
cdddb4ee-d56b-496d-9e33-b7c780aaada3,whatsapp,primary_dataset,whatsapp,"Hey, I downloaded this app, but uninstalling it myself. I'm upset. I've been downloading it for a long time.",2021-03-14T08:30:01Z,0,en,1
13263708-8e04-4b87-9dec-f4b33f396baf,whatsapp,primary_dataset,whatsapp,"WA Official, Wa I blocked unilaterally, the data is missing... sebel with WA...",2021-03-13T18:22:48Z,2,en,1
05460c27-3b88-48a9-9b7f-3eb3a142134a,whatsapp,primary_dataset,whatsapp,"I gave you star 1, because whatsapp is getting here. It's making bbm, sending the good data first, now send the video to the cut and send it laaaaamaaaaaa. Please fix it so we don't install it.",2021-03-13T09:49:28Z,0,en,1
da8f2380-14c9-48a6-9707-0edad65cde7b,whatsapp,primary_dataset,whatsapp,"What's going on with my app? &lt;i&gt;What's happening? &lt;/i&gt; &lt;i&gt; What's happening? &lt;/i&gt; &lt;i&gt; What's going on? &lt;/i&gt; &lt;i&gt; What's going on? &lt;i&gt; What's going on? &lt;/i&gt; &lt;i&gt; What's going on? &lt;/i&gt; &lt;i&gt; What's going to bug? &lt;/i&gt; &lt;i&gt; What's going on? &lt;/i&gt; &lt;i&gt; What's happening? &lt;/i&gt; What's happening? &lt;/i&gt; &lt; &lt;/i&gt; &lt;/i&gt; &lt;/i&gt; &lt;/i&gt; &lt; &lt; &lt; &lt;/i&gt; &lt; &lt; What't I don't want to go,&gt; &lt; &lt; &lt;/lt;/i&gt; &lt;/i&gt; I don't stop;/i&gt; I don't stop;/i&gt; &lt;/i&gt; &lt;/i&gt;",2021-03-13T08:15:16Z,4,en,1
2dce6c78-0af5-4394-b2f7-9d5661ddc9a0,whatsapp,primary_dataset,whatsapp,"It's not fun, every single time Facebook comes up.",2021-03-12T22:07:14Z,0,en,1
5ee3d6e9-d461-4408-ac46-6a55fa53abac,whatsapp,primary_dataset,whatsapp,It's nice but the data is getting bigger and bigger. It's the same one whose phone ram is small.,2021-03-12T15:59:54Z,0,en,1
89b23a1b-89af-4b0f-ab69-0a0a1886b1c0,whatsapp,primary_dataset,whatsapp,Klo share the video ko not enter the gallery yes,2021-03-12T13:48:36Z,0,en,1
0e7832cd-6a8c-4692-b3b0-31d2aced6220,whatsapp,primary_dataset,whatsapp,"So ugly!!! The data uses so much that 1 GB is full of my memory, please fix it!!",2021-03-12T13:31:09Z,0,en,1
adcb58f8-cf2c-4c99-8c71-d64bdb296b1b,whatsapp,primary_dataset,whatsapp,I want to ask you why I'm ticking 1 even though the mobile phone is active since it's been updated and the chat notification doesn't show up when it's set.,2021-03-12T11:26:11Z,0,en,1
0c0df206-9c9d-4470-aed7-6ca97972eac4,whatsapp,primary_dataset,whatsapp,Cell phones become lemeot when enabling data and opening WA,2021-03-12T10:43:25Z,0,en,1
fea81fdf-274b-4279-b2e1-c1526840f683,whatsapp,primary_dataset,whatsapp,"Baby, all of my dads are missing. They're getting better. They're getting better.",2021-03-12T06:56:43Z,0,en,1
3dcf6095-847c-4a87-8c88-aefd2882cf97,whatsapp,primary_dataset,whatsapp,The policy is not good.,2021-03-12T06:54:09Z,0,en,1
ee3a3209-e343-4e1f-9fe9-8e63541a4d15,whatsapp,primary_dataset,whatsapp,"I was very disappointed by whatsaap messenger because my data and my numbers were used recklessly, temporarily blocked and when again many foreign numbers contacted me when my number was blocked by whatsapp.",2021-03-11T11:17:41Z,40,en,1
b90bb8a0-beb2-46a8-867e-9a46604dc357,whatsapp,primary_dataset,whatsapp,Please to WhatsApp to increase the security data & user contacts. Because now there are so many webs that can make our accounts tick,2021-03-11T10:35:16Z,0,en,1
a8e42e8a-93d1-4c27-b9a2-f90086e580fa,whatsapp,primary_dataset,whatsapp,"This is why I've deleted all the chats? I've been saying this a lot. You know, the thing is, all the important chats are erased and started all over again.",2021-03-11T10:16:28Z,0,en,1
9457b0cc-bc81-442e-8004-3e199589ae07,whatsapp,primary_dataset,whatsapp,The application after update cannot share the location,2021-03-11T09:59:40Z,0,en,1
70290b59-08a3-47bd-b9b6-cfdd83ef87a6,whatsapp,primary_dataset,whatsapp,updates are deleting data packages.,2021-03-11T09:04:01Z,0,en,1
42265fcd-2e4d-492b-996b-eb2733c860c6,whatsapp,primary_dataset,whatsapp,The apps are complex and uninstalled..bs are data only,2021-03-11T08:26:09Z,0,en,1
e8f57360-90ca-4edd-9440-642cb655a95e,whatsapp,primary_dataset,whatsapp,Why didn't Facebook show up?,2021-03-11T07:22:29Z,0,en,1
70098340-cb8f-45bf-95a4-8baa143ef0a6,whatsapp,primary_dataset,whatsapp,Why would I after my d update GK send sharelok please admin explanation,2021-03-10T22:33:28Z,0,en,1
0c405c23-a109-400a-a802-b8e27cb156af,whatsapp,primary_dataset,whatsapp,It's bad. Don't download the bad camera. I want to play the eeee.,2021-03-10T22:02:19Z,0,en,1
43d713ea-f1e2-4a6f-ad60-c1ef35306079,whatsapp,primary_dataset,whatsapp,"Hi, everybody. Here comes the new salken.",2021-03-10T21:05:50Z,0,en,1
26f7d0f5-77ec-4fda-b7b0-9b2e633096c4,whatsapp,primary_dataset,whatsapp,Please remove Sticker's features. I hate the oath of hate because of the serious discussion to be a failure.,2021-03-10T20:20:16Z,0,en,1
1763119f-802d-40fb-b086-349bc53cfc7b,whatsapp,primary_dataset,whatsapp,"I bought a new sim card before I signed up, and it turns out that there's been a bunch of other people, and I checked with the old ones. Turns out the guy was still active, and finally I had an idea for a new one with the new one.",2021-03-10T12:26:08Z,0,en,1
723e2d15-039a-4623-98f2-49cbd3d9d380,whatsapp,primary_dataset,whatsapp,"After every update, every incoming message checks out. What's wrong?????????",2021-03-10T05:17:30Z,44,en,1
c048bbee-38ad-4b01-93eb-3e94e009e97b,whatsapp,primary_dataset,whatsapp,Whatsapp data,2021-03-10T03:43:23Z,0,en,1
8ea4fb2c-00c5-4143-8e71-2e6bd6f0b17b,whatsapp,primary_dataset,whatsapp,"Please, cybercrime and security levels of data are enhanced, fb are routinely hacked and not counting the case right now.",2021-03-09T22:55:18Z,0,en,1
7dbe5c4c-072b-4c6a-901b-54cc4a2557e0,whatsapp,primary_dataset,whatsapp,"It's getting worse!!! Messages are often late to log in and then there's an incoming message that opens whatsapp. Even though active background data, full quota, 4G networks, don't use data-saving mode, with a heavy heart and switch to TELEGRAM!!!!",2021-03-09T20:15:26Z,1,en,1
8309714e-3d42-409e-bb23-b108243a6ee3,whatsapp,primary_dataset,whatsapp,"It's good to have status, but lack of privacy, can't hide a phone number.",2021-03-09T19:57:48Z,0,en,1
d1866edc-0acd-4764-9df6-0ad50c9e5068,whatsapp,primary_dataset,whatsapp,That's disgusting!!!!!!!!!!!!!!!!!!!!!!!!!!!!!!!!!!!!!!!!!!!!!!!!!!!!!!!!!!!!!!!!!!!!!!!!!!!!!!!!!!!!!!!!!!!!!!!!!!!!!!!!!!!!!!!!!!!!!!!!!!!!!!!!!!!!!!!!!!!!!!!!!!!!!!!!!!!!!!!!!!!!!!!!!!!!!!!!!!!!!!!!!!!!!!!!!!!!!!!!!!!!!!!!!!!!!!!!!!!!!!!!!!!!!!!!!!!!!!!!!!,2021-03-09T08:56:16Z,1697,en,1
c8337034-4f37-4995-b1ca-66fa6d137c12,whatsapp,primary_dataset,whatsapp,"I give you a 2-star. What causes whatsapp to open, whenever opened, unfortunately whatsapp applications always stop using wifi but open using normal data can be opened.",2021-03-08T15:17:54Z,0,en,1
a7028820-4609-4238-b4c8-20f5a12eaaab,whatsapp,primary_dataset,whatsapp,"Apkx lazi ah, every hri Hrus update.Data me hbs anjirr",2021-03-08T06:46:14Z,0,en,1
4e4bafd5-3399-47b6-bf6b-1c60b23c807c,whatsapp,primary_dataset,whatsapp,The reasons for privacy,2021-03-07T20:19:29Z,0,en,1
cb829472-ae01-4e5c-a60f-cdb4f2c851f5,whatsapp,primary_dataset,whatsapp,How can my data be used by others? &lt;i&gt;Where are your responsibilities? &lt;/i&gt; &lt;i&gt; WhatsApp? &lt;i&gt;Please explain... &lt;/i&gt;,2021-03-07T12:45:34Z,0,en,1
26c92a2e-b69e-4704-adc2-149c8d8edbee,whatsapp,primary_dataset,whatsapp,"I've had a lot of missed calls to my contacts, and I've been distracted by all of this, and I want my privacy guarded, not distributed, you have to take responsibility.",2021-03-07T08:44:24Z,9,en,1
4db1aaa0-206c-4362-9648-b2f610d60f90,whatsapp,primary_dataset,whatsapp,"Ignorant policy, blocking unilaterally, not correcting first, playing block number only,apk taiii",2021-03-07T00:33:56Z,0,en,1
492a7df3-5799-40ff-8f7f-7ab6df72a7fe,whatsapp,primary_dataset,whatsapp,Keep privacy. Increase the best service.,2021-03-06T23:10:12Z,0,en,1
bc3b7b3d-453b-4a1a-8c17-95552835902c,whatsapp,primary_dataset,whatsapp,"Please for improvement in privacy is already many victims of the abuse of profile photos for the use of other things with loaning, with other people's accounts.",2021-03-06T15:08:05Z,0,en,1
b03ec3e2-bdd6-4ce1-95bd-ba61121b5c47,whatsapp,primary_dataset,whatsapp,"Please developer whatsapp in reply to our complaints, you guys who make the policy of why there's no response.. be whatsapp like do not follow Facebook.. Facebook apk is less secure",2021-03-06T09:10:09Z,11,en,1
a6c208ba-e844-488f-8fd0-b68584a9cc6b,whatsapp,primary_dataset,whatsapp,Why can't it open after the update? There's more important data in it.,2021-03-06T00:34:32Z,0,en,1
cc2fd4d7-f78e-44b5-8a83-f87ec5edb97b,whatsapp,primary_dataset,whatsapp,"The data is so big, it's usually only 100/200 mb. Now it's half GB and then it's gone.",2021-03-05T20:03:26Z,0,en,1
b3660670-f62f-42b1-9fa4-09b9cc642608,whatsapp,primary_dataset,whatsapp,There's no way this admin wa read why all of a sudden it's as good as blocking accounts. I've read all the reviews here. There's not one in response.,2021-03-05T19:18:45Z,0,en,1
45884c3b-95cd-48de-9133-93fb745ef288,whatsapp,primary_dataset,whatsapp,Facebook,2021-03-05T18:30:56Z,0,en,1
b4ed6d56-768d-44e6-8874-522a04b1091c,whatsapp,primary_dataset,whatsapp,"Ask the developer since the upgrade now for messages there is often a pitch, can be for vc but for message and stus is often a hoarder when the data package is lots of, please pay attention to the next update ,",2021-03-05T05:42:33Z,0,en,1
66ca3e64-a0aa-4281-8273-8377e6d8be61,whatsapp,primary_dataset,whatsapp,"The app is good, but the app's size was to big.I don't know why, but because of it I have to delete another important app on my phone.",2021-03-05T02:19:05Z,0,en,1
0343c292-7032-428d-bc21-92de5234f161,whatsapp,primary_dataset,whatsapp,What if the data doesn't work?,2021-03-04T21:55:47Z,0,en,1
5d2fe0c3-7804-4698-9707-8db43750bd39,whatsapp,primary_dataset,whatsapp,"My WhatsApp account is suddenly blocked, and I don't think I've ever violated the terms and policies given by whatsApp. Please take my problems seriously.",2021-03-04T16:50:02Z,0,en,1
53a5c223-d82c-474b-9076-7047ee70cdd7,whatsapp,primary_dataset,whatsapp,Privacy's not safe anymore.,2021-03-04T15:49:35Z,0,en,1
03a21eb7-1ca2-4ab5-9e68-2af44ea2af87,whatsapp,primary_dataset,whatsapp,Chat phone from outside sometimes doesn't come in... PARAH!!!! and the data has a good signal!! Damn it!,2021-03-04T15:06:29Z,0,en,1
d89aa600-76be-4bea-bc44-5cbc0dc4e005,whatsapp,primary_dataset,whatsapp,Protect the privacy of everyone's data,2021-03-04T05:54:47Z,0,en,1
71b02211-0fce-4cdb-83b2-5de8a3f8d239,whatsapp,primary_dataset,whatsapp,"Where is the privacy???,.??????",2021-03-03T22:02:24Z,0,en,1
a0c03996-88d9-4950-b34d-7abd2956c07a,whatsapp,primary_dataset,whatsapp,Whatsapp couldn't pick up the phone from Headset Bluetooth directly... could only be via a cell phone screen... please update...,2021-03-03T17:10:57Z,20,en,1
56d7eb17-5e2b-4bbd-a6b5-5b8ad0aa1319,whatsapp,primary_dataset,whatsapp,Why does it always uninstall all the data,2021-03-03T17:01:09Z,0,en,1
a311ac94-cde6-4fd4-8a2a-7dfd148b7f44,whatsapp,primary_dataset,whatsapp,"Ribet, send old data",2021-03-03T16:30:46Z,0,en,1
bfc5cc0a-094f-46ca-9a0d-ca187a53bf07,whatsapp,primary_dataset,whatsapp,"Why is it getting here so ugly, want to have any news always cut off, the text is gone!...! Please fix it!",2021-03-03T15:22:58Z,2,en,1
976efdb6-5c05-4c44-81bb-9d8005b24485,whatsapp,primary_dataset,whatsapp,A PLN if I want a file from R1M so I can get a subsidy disc on how to...??,2021-03-03T14:07:23Z,0,en,1
e73f4210-1e68-4c81-8b70-90bdef2bcc4c,whatsapp,primary_dataset,whatsapp,"Pigi app, yes i sent vidio 18 minutes ago i can get 1gb myself to my cell, you think i downloaded ep ep or something, crazy time you broke down i'm sorry. woy developer read my reviews i said i'm not asking for damage, i'm not asking for damage, just fix the bug in your application!",2021-03-02T11:25:57Z,6,en,1
2d4d4f84-46df-4c1d-a2e0-d8d35a7937cd,whatsapp,primary_dataset,whatsapp,Why would I do that? I don't have a mod because of virtex. But why would I have a data account to keep it locked?,2021-03-01T23:09:20Z,0,en,1
093e6f78-3d2f-4966-9ab2-4684125e85a8,whatsapp,primary_dataset,whatsapp,Please. WhatsApp chat sent/received. Why is it not in the data storage?,2021-03-01T18:56:35Z,0,en,1
0d39500a-e5c5-4dba-abdf-cfe84d1cc387,whatsapp,primary_dataset,whatsapp,"I beg you, after the downlod, don't expire any more. My data is a little low. I'm hx poor man.",2021-03-01T18:48:48Z,0,en,1
573f4e15-2d33-4f85-8e8d-22bc9daebdcd,whatsapp,primary_dataset,whatsapp,past data,2021-03-01T18:05:58Z,0,en,1
dac86965-5071-43cf-88ec-e2d0a4e90ea5,whatsapp,primary_dataset,whatsapp,His policies cost everyone.,2021-03-01T13:19:22Z,0,en,1
e75bd30d-e2c0-40c0-84f5-3c5d7df34079,whatsapp,primary_dataset,whatsapp,"What is this? I've just updated and I've reset all the data, I can't see you guys, what do you mean?!",2021-03-01T10:42:00Z,54,en,1
1f2c0b6a-81f0-43d8-8bc6-deb65fecd00a,whatsapp,primary_dataset,whatsapp,Whatsapp now why don't you take a digitin' data?,2021-03-01T09:38:45Z,0,en,1
c239ef1c-97b1-4889-8f65-62e51ac7671f,whatsapp,primary_dataset,whatsapp,Privacy is not safe,2021-02-28T22:24:37Z,0,en,1
93663d51-fcd9-47c2-8648-ce57e069509b,whatsapp,primary_dataset,whatsapp,It can update stories or share small businesses as well as news said daily activities,2021-02-28T21:40:54Z,0,en,1
ed2f12d1-9251-49be-8eb5-7bacc0704048,whatsapp,primary_dataset,whatsapp,Why is my WA always blocked? I didn't break any policy. Please don't block it at all.,2021-02-28T13:46:49Z,0,en,1
abb1bed5-3611-43ce-ac0d-fedd5e5da88e,whatsapp,primary_dataset,whatsapp,Trying to steal personal data,2021-02-28T10:19:25Z,0,en,1
281afe55-158c-4bcd-94ff-31d8aa620067,whatsapp,primary_dataset,whatsapp,"Dear WhatsApp Please be advised that every WA account is not leaked/dihacked, because lately 2 cases of fraud through WA due to data leaks by others.",2021-02-28T10:08:13Z,32,en,1
ac944e07-a318-4fae-8ba4-243be11aeabe,whatsapp,primary_dataset,whatsapp,"Taking no interest in the privacy of the user, just trying to get his own side of the commercial.",2021-02-28T09:55:21Z,0,en,1
3abdcbe0-281b-4f99-9d80-71d52a165b21,whatsapp,primary_dataset,whatsapp,I don't understand how it's done.,2021-02-28T07:51:52Z,0,en,1
3f956265-c4ec-4fec-95ed-55e54f0c6485,whatsapp,primary_dataset,whatsapp,facebook user data application,2021-02-27T23:46:22Z,0,en,1
5078cf98-49a7-48ab-a9dc-9df7f59dc182,whatsapp,primary_dataset,whatsapp,"Ugly...why is the update getting more complicated in storage management just showing media like Photos and vidios, there's a message history... Please fix it.",2021-02-27T19:52:34Z,0,en,1
cf3bebf7-39a0-4000-95d6-2d32df9e9fcb,whatsapp,primary_dataset,whatsapp,Why would I send sharelok but it can't start..,2021-02-27T11:27:47Z,0,en,1
89fc1dc0-d7ef-4a3d-a3ff-60fa6e50f13a,whatsapp,primary_dataset,whatsapp,"All of a sudden all of my chats were erased when I didn't delete the data, but there's a lot of important data with the jobs.",2021-02-27T10:09:02Z,1,en,1
e46d985e-268a-4c6d-b250-0c6ba410e288,whatsapp,primary_dataset,whatsapp,"Most of the data errors, although the storage is still empty about 3GB, appear to be restoring chat history, what the hell is this?",2021-02-27T06:44:04Z,0,en,1
0b813db0-01db-4684-9dd6-bb9d1b9d8803,whatsapp,primary_dataset,whatsapp,Oprt. Please tell me this is how data works. I can come back without having to pass my old number.,2021-02-27T06:31:38Z,0,en,1
521ce924-c540-46b7-84f9-90e96db47f59,whatsapp,primary_dataset,whatsapp,Good. Very helpful. Just a very expensive data package.,2021-02-27T05:23:28Z,0,en,1
7dfef01b-295d-42ae-8412-cda0c673ef3a,whatsapp,primary_dataset,whatsapp,"Logistical Pup to and, and Batara at FX ustadz hc UV ink one ink ok Photoshop go Bank Ivone on ok point ustadz sandandsta and director on which hc UV Bonn on climate Proton gene is said to be on the Kadisdic on Civic at Batara at FX on FC Gc GBK on PNMM-B the position of the coins on RFF Harap or FCc hc hc hc hb on the subject line kb is said to be on the subject of the KB matter of jfifhhhhhfhhfhfhhfhfffYFX",2021-02-26T23:03:00Z,0,en,1
08061289-2dcf-48d2-a4e3-5b70ef161d70,whatsapp,primary_dataset,whatsapp,I hope for future updates not to eat much of our cell phone memory,2021-02-26T18:48:14Z,0,en,1
b452d08d-760a-49cc-9cc1-ab76abfac100,whatsapp,primary_dataset,whatsapp,If you can make whatsapp adapt in ufgrade again so you can get live broadcasts rich in instagram-rich facebook.,2021-02-26T08:11:33Z,0,en,1
c27dc84b-4009-404f-8228-f909b6829415,whatsapp,primary_dataset,whatsapp,WhatsApp is often updated. May all existing data not be deleted.,2021-02-26T06:17:16Z,0,en,1
31c4f6e2-87bf-49f6-bace-871f46fdd277,whatsapp,primary_dataset,whatsapp,What's wrong with you? I don't know what's wrong with you. There's some weirdness in whatsapp's profile photo.,2021-02-26T00:15:18Z,197,en,1
1912abe7-280f-41db-a11e-627ed3cd1472,whatsapp,primary_dataset,whatsapp,"Make device redmi note 9 pro why can't connect to the data network, but if using Wifi can connect",2021-02-25T13:58:13Z,0,en,1
57e48320-9496-4af0-96a6-790aca119ab0,whatsapp,primary_dataset,whatsapp,"fontcolor="" # FFFF00""whytheuseris so big fontcolor="" # FFFF00""well...on myphone fontcolor="" # FFFF00""duh 4gb,andcannot be deleted... fontcolor="" # FFFF00""pleaseexplain",2021-02-25T08:22:49Z,2,en,1
a45ea340-e3af-42c7-9e1c-5ce4f0d2f1a0,whatsapp,primary_dataset,whatsapp,"fontcolor="" # FFFF00""Why'sthisnewsmodue fontcolor="" # FFFF00""Wa,makea datapack quicklyout!!!",2021-02-25T06:53:30Z,0,en,1
25205199-a85b-4722-a07b-18bdc7661c1f,whatsapp,primary_dataset,whatsapp,Coming up on the floor.,2021-02-24T12:38:51Z,0,en,1
dc476b90-93e8-49d7-ae33-1674d2ff89d4,whatsapp,primary_dataset,whatsapp,"Because of this application, I'm running out of data. The wa version has expired. Ready to talk tomorrow.",2021-02-24T09:21:07Z,1,en,1
d0ef3b80-c829-4fcd-bc72-16d34adbaa6b,whatsapp,primary_dataset,whatsapp,"Sometimes it's blocked, by a frightened ruler, and this app is wired, safe with only a private telegram that can send a film and a picture of it on the back of the telegram.",2021-02-24T09:04:41Z,2,en,1
0180f78f-c055-4744-9804-481e3677766b,whatsapp,primary_dataset,whatsapp,"MY NEW HEALTH DOESN'T ALLOW A PRIVATION OF PEOPLE, A MAGAZINE PRIVATION.",2021-02-23T23:11:25Z,0,en,1
e3f42853-2ad6-4c68-af8e-b7aa5aee3cb3,whatsapp,primary_dataset,whatsapp,"If There's a New Auto Policy Moves the Kuyy Telegram, it's said that there's a new policy on May 15th.",2021-02-23T15:03:20Z,0,en,1
08e3bbd4-a065-43fa-9331-fbb69e1127ed,whatsapp,primary_dataset,whatsapp,Privacy isn't safe anymore.,2021-02-23T11:11:16Z,0,en,1
51a0cbb8-fd54-4cac-afb7-8767defc882c,whatsapp,primary_dataset,whatsapp,I'd like to ask you a few questions here to look at the list of larking products that were sold in Java in the first heavy rain with the other areas at the home of Mr. RT honey Singh we only help to search for you here now Internet free radio music in the world. Your face is beginning to wrinkle. Your eyes are beginning to look like an annual event held by the area of Wano development in the world sold by Indonesia to the east and to the east.,2021-02-23T09:51:16Z,0,en,1
bda8c2ba-ee7a-448f-84b0-c21f3b6b10dd,whatsapp,primary_dataset,whatsapp,"Why is my data suddenly erased, if only WA private still can, but this is what I use for business.",2021-02-23T08:32:53Z,4,en,1
c689de75-ed53-408d-8edf-645f77e99cfa,whatsapp,primary_dataset,whatsapp,No more privacy,2021-02-23T08:04:16Z,0,en,1
359f77bf-3555-4ec8-b383-aa2c18c1f094,whatsapp,primary_dataset,whatsapp,"Do you want to hold it? If there's an application, there's a personal email setting, but now there's no alias and there's no way to get into a brati link that's private but it's public and it's going to cost the users...",2021-02-23T03:21:28Z,0,en,1
c319452c-63b3-40d1-8d0d-3539b5b96068,whatsapp,primary_dataset,whatsapp,Too many privacy settings,2021-02-22T23:54:39Z,0,en,1
78b2d1b9-ec9d-49c5-92cd-2cc23edbf6e6,whatsapp,primary_dataset,whatsapp,"Did you know that when you take out a breakthrough application like this, especially me, I have a problem with this application when at the time of this new video call, it's eating up so much storage that if the mobile phone's capacity has maxed it's automatically gone, all the data is gone.",2021-02-22T22:52:43Z,2,en,1
150e1b61-b327-4d27-b6b7-c2a66a0ef6bc,whatsapp,primary_dataset,whatsapp,"Data Backup on Drive, but Time Wants More From His Data Nothing!",2021-02-22T21:15:51Z,0,en,1
f839db46-20a4-4f15-a76a-58345bfc2f6b,whatsapp,primary_dataset,whatsapp,"Why is it that when you're spoken to, it's repeated, still no Mauu, still you're expired, please policy...",2021-02-22T20:39:22Z,0,en,1
328fca60-e2b2-492e-941a-62ccaf1c6995,whatsapp,primary_dataset,whatsapp,"Now that we're rich in facebook updates, we forget we're brothers now.",2021-02-22T20:32:10Z,1,en,1
2c5456e4-58b4-4a85-ac3b-3ed55b854f1a,whatsapp,primary_dataset,whatsapp,Descrimination... and it's been secure for our privacy.,2021-02-22T15:46:28Z,0,en,1
31cfe3c6-24e9-46d0-8155-c467ef158f60,whatsapp,primary_dataset,whatsapp,Hello Facebook. This application is very helpful in online communication. I have a problem with why in my device this application is experiencing such a severe lag that it's self-covered. Please solve it.,2021-02-22T15:31:52Z,0,en,1
262cf984-e11e-40d8-843d-d778bb7a4bb9,whatsapp,primary_dataset,whatsapp,"This is what it means. don't delete the data, but all the chats are gone, like reset.",2021-02-22T10:53:20Z,0,en,1
372a4cc7-94c6-4e84-85f9-2fc65e7db09e,whatsapp,primary_dataset,whatsapp,They dont secure my privacy like telegrams.,2021-02-22T09:20:30Z,0,en,1
497434a7-811a-415d-a194-ec7c61c19354,whatsapp,primary_dataset,whatsapp,"By now WhatsApp has decided to postpone this policy change to the next May 15, 2021",2021-02-22T08:31:31Z,0,en,1
b56b0efb-7f37-4139-b08d-96bea55d46e3,whatsapp,primary_dataset,whatsapp,"Hello Developers! Regarding the policies you're going to do on the 15th of May, force users to agree with your wishes unilaterally. Force users to share their personal data with Facebook. It's not really a human being who seems like you need your users.",2021-02-22T01:44:02Z,248,en,1
01227606-6c76-435e-8916-40bf4dfdd7b8,whatsapp,primary_dataset,whatsapp,The application is unclear. It's almost everyday updates. Although there are no physical changes. Just run out data packages. Please developer noticed.,2021-02-21T23:31:56Z,104,en,1
87e3b8fa-94c6-4a22-ab18-1d3ca600798c,whatsapp,primary_dataset,whatsapp,It's not clear that the data is active. Sometimes people don't enter WA. I don't understand WA when it's good from yesterday.,2021-02-21T21:56:44Z,2,en,1
bdaa4d58-b411-4ddc-90e6-c61b70ddf240,whatsapp,primary_dataset,whatsapp,"fontcolor="" # FFFF00""renewed fontcolor="" # FFFF00""ritsusu fontcolor="" # FFFF00""facebook",2021-02-21T21:24:43Z,0,en,1
ce0e41f2-ceaa-40a0-b7ea-35e5f6b621a6,whatsapp,primary_dataset,whatsapp,PRIVATION GADA,2021-02-21T10:53:36Z,0,en,1
72d253a8-cd73-4c56-9191-93421591a79d,whatsapp,primary_dataset,whatsapp,How can the chat history be recoverable? The chat history is broken while the media is still recoverable.,2021-02-21T08:50:29Z,4,en,1
a3f59143-c9b3-4d64-ab0c-fb2306b5ef1e,whatsapp,primary_dataset,whatsapp,My privacy is not guarded safely end to end,2021-02-21T07:54:10Z,0,en,1
be4cb15a-3cf7-49cf-a4d4-830797b90b96,whatsapp,primary_dataset,whatsapp,"Zucc I love this product, but ya better not playin with our data!",2021-02-20T23:57:22Z,0,en,1
d6a2e87d-a140-46ab-b841-17e4d522a9e0,whatsapp,primary_dataset,whatsapp,"I never put a no.hp profile on Facebook, but Facebook can send me a verification code through whatsapp..can anyone see my number on Facebook, really my privacy is compromised..",2021-02-20T13:30:03Z,33,en,1
a928df15-1924-4696-a0eb-f897bb715405,whatsapp,primary_dataset,whatsapp,"It was downloaded maybe 20 years ago, but when I saw the data status, it was 0.98gb njinc apk ngontol.",2021-02-20T13:10:11Z,0,en,1
e4f0e2cd-06b0-48b8-837c-399e4a95e22c,whatsapp,primary_dataset,whatsapp,"Since recognition of facebook, new registrations are often blocked by the reason the number is already in use.",2021-02-20T12:22:21Z,0,en,1
03bcf97d-0ed0-4e02-8c81-ced4217bc6bb,whatsapp,primary_dataset,whatsapp,"Now whatsApp's got a lot of hacked into me so it's not safe, so, please fix it again and don't cooperate with Facebook.",2021-02-20T11:12:17Z,2,en,1
61f057ee-512c-43bb-9866-f30bff276d63,whatsapp,primary_dataset,whatsapp,To see if there's a text message from Facebook friends.,2021-02-20T11:06:40Z,0,en,1
620f451f-fea7-4e66-af9c-af06b62c4a00,whatsapp,primary_dataset,whatsapp,Why did you update the data package so much?,2021-02-20T10:24:58Z,0,en,1
e2a86cc6-5c56-478e-aec6-fc57da5bd1d8,whatsapp,primary_dataset,whatsapp,"Please don't overdo the data vc, please don't overdo the data.",2021-02-19T23:44:11Z,0,en,1
8d10105e-2565-410c-9d24-f753ed96972a,whatsapp,primary_dataset,whatsapp,Why would it be downlod the watsax application when the datax is already on its way?,2021-02-19T21:16:33Z,0,en,1
1426d358-315f-4f9f-a254-44906e62f823,whatsapp,primary_dataset,whatsapp,Doesn't keep privacy.,2021-02-19T20:57:24Z,0,en,1
f6d35a2f-66c5-4f89-88ef-e36f7e81b29e,whatsapp,primary_dataset,whatsapp,"If you have this application, you will run out of data.",2021-02-19T19:37:04Z,0,en,1
00a750e7-4ec5-4218-9198-b6ec2cf598e8,whatsapp,primary_dataset,whatsapp,Wasap's already taken my data. I hate it so much.,2021-02-19T13:32:22Z,0,en,1
cbe2b0dc-ca3b-42fd-b8a3-9c841395c33d,whatsapp,primary_dataset,whatsapp,It's getting worse and worse. But now it's coming up for people to share it with.,2021-02-19T11:21:32Z,0,en,1
cb1d9bf2-433b-4039-bac7-b32d1d9ff319,whatsapp,primary_dataset,whatsapp,I haven't liked whatsapp since he forced his user to put it on Facebook.,2021-02-19T08:33:24Z,0,en,1
87e6bc02-ae45-409c-bf5e-985931fcfdb0,whatsapp,primary_dataset,whatsapp,"The app's good. Just why is it that every time I have a battery, I can't control it myself, I have to open it through the Plestor, I have to redo it, I have to reload it.",2021-02-19T06:04:39Z,8,en,1
ae1502f6-b448-4f71-aed6-d492cbd202c1,whatsapp,primary_dataset,whatsapp,Whatapps is good...but why keep the data on the phone? wish it could be on memory card more steady,2021-02-19T05:06:31Z,0,en,1
7b9f9583-a59e-4dbc-8bf9-31f1546e7f10,whatsapp,primary_dataset,whatsapp,Please remove wa gb disrupt someone's privacy!!,2021-02-18T22:24:57Z,0,en,1
8266ccc5-a15e-4044-89c0-79b821d422a4,whatsapp,primary_dataset,whatsapp,Why can't you just cut me down?,2021-02-18T12:30:38Z,0,en,1
e245cff3-569b-4f17-bfd3-9fa34f43c154,whatsapp,primary_dataset,whatsapp,"Since January-February 2021... so many days have been unable to send photos/voicenote... and this has happened 3/4, it's been cleared of caches... but it still fails to send photos/voicenotes, it's crazy... it's an uninstall application.",2021-02-18T12:06:30Z,0,en,1
2aca507f-ff8e-49c1-b920-7a0978444004,whatsapp,primary_dataset,whatsapp,program steal data biawak mark,2021-02-18T09:49:00Z,0,en,1
68f5011f-a56a-40b5-8f64-df3d3e5f0083,whatsapp,primary_dataset,whatsapp,"Buriiiik, why are you waiting for thevertification code to come?",2021-02-18T07:59:31Z,0,en,1
ed6dbab5-5023-4181-9c5c-03f922483a56,whatsapp,primary_dataset,whatsapp,"I'll give you a rating 1, when there's no caller or owner's voice in the data package.",2021-02-17T20:33:22Z,24,en,1
a38b6ac2-ac27-4e79-b8e0-64c8d5e83476,whatsapp,primary_dataset,whatsapp,The most user-recorded application,2021-02-17T20:29:08Z,0,en,1
2c48814d-c873-44d7-9654-d4b3aa635644,whatsapp,primary_dataset,whatsapp,"I've had a lot of trouble, so here's how many chats and updates come in when the data packages are running and the network's running smoothly, so I'm supposed to shut down the data packets, and then I'm going to turn them back on, and then I'm going to chat the WAs and update the status...",2021-02-17T18:57:52Z,66,en,1
8cf5cf97-3ab1-4e3d-a2f3-c2d2614b3ff7,whatsapp,primary_dataset,whatsapp,The data was reduced.,2021-02-17T17:39:29Z,0,en,1
eb018ee4-6f0e-47c3-8b12-735290b5eca0,whatsapp,primary_dataset,whatsapp,Don't share our personal data to Facebook!!!!!!!!!!!!!!!!!!!!!!!!!!,2021-02-17T16:04:12Z,0,en,1
43c18dfb-4a26-4378-bea3-5baf0761508a,whatsapp,primary_dataset,whatsapp,"Whatsapp 600MB folder time but ampe 7GB application data, although chat history is only a little bit. If there's only one, please share the experience.",2021-02-17T15:59:14Z,6,en,1
4ec52a55-8284-4499-b810-88629693f547,whatsapp,primary_dataset,whatsapp,Hi Sara would like to give you some advice. Please update the profile on Photo profile to be in privacy. I'm not comfortable with this.,2021-02-17T00:44:06Z,0,en,1
f8a1356a-feac-4328-83da-902900b75b03,whatsapp,primary_dataset,whatsapp,Import privacy,2021-02-16T14:29:06Z,0,en,1
6c0689a7-015f-4a18-846d-cefb39cc5bec,whatsapp,primary_dataset,whatsapp,"fontcolor="" # FFFF00""whyyes fontcolor="" # FFFF00""wait fontcolor="" # FFFF00""Iwaitopenthepak fontcolor="" # FFFF00""whenyou'vejustenteredallthechat/tlf.. fontcolor="" # FFFF00""youdonotknowif ad wa wa camein... fontcolor="" # FFFF00""whenthere'sa fontcolor="" # FFFF00""there'ta fontcolor="" # FFFF00""there'sa fontcolor="" # FFFF00""there'sa fontcolor="" # FFFF00""there'sa fontcolor="" # FFFF00""",2021-02-16T05:38:12Z,0,en,1
1627557d-5000-4cf9-b6b5-ce0f6fca9939,whatsapp,primary_dataset,whatsapp,What's the point of knowing that I'm in the middle of a cell phone?,2021-02-16T02:54:28Z,0,en,1
faa7e660-9d7e-4fb4-90eb-a3b31f7b0fc2,whatsapp,primary_dataset,whatsapp,"I'm sorry this is why WhatsApp ate so much storage, when there's so much data that I've deleted, but why is it still full of my storage, please pay attention again",2021-02-15T15:09:32Z,0,en,1
83b16951-87d6-4b6b-89e4-6f3c0e3779ae,whatsapp,primary_dataset,whatsapp,Why isn't there a pop up upstairs or if there's a text? Come on.,2021-02-15T13:39:34Z,0,en,1
cc9d6469-ab72-4f77-937f-7562b8b13f09,whatsapp,primary_dataset,whatsapp,"I swear to God there's so much privacy in people's plows, fear of my privacy being hijacked, because there's so many tutors that can open people's privacy, so I love you two stars, because it's not safe, if you could please make a safe feature for our privacy, people. Thank you...",2021-02-15T12:48:50Z,0,en,1
3270db80-eb1b-4ba0-9c4e-d8767d34aaf5,whatsapp,primary_dataset,whatsapp,Consumer privacy is not a trade.,2021-02-15T07:17:49Z,0,en,1
e016a883-27ce-43fa-a20f-8b509ce93469,whatsapp,primary_dataset,whatsapp,"Please fix it again, so that there is a policy in the level of difficulty.",2021-02-14T22:52:09Z,0,en,1
df6f3cfd-7eb3-4c14-90cb-66aebf18d8c1,whatsapp,primary_dataset,whatsapp,Can't share full video,2021-02-14T20:34:53Z,0,en,1
2327e404-0756-4c71-8ba8-14614705d2d7,whatsapp,primary_dataset,whatsapp,"How come every time you open WhatsApp has to go to Facebook and go to Facebook so it's complicated min, please fix the application",2021-02-14T18:55:07Z,0,en,1
76f31e9e-5cea-48b8-b295-f37fcaa94025,whatsapp,primary_dataset,whatsapp,It's getting worse. There's a lot of unknown numbers coming in. And a lot more privacy can be spread to other people.,2021-02-14T11:28:39Z,0,en,1
6e08a91f-6096-4b47-bd09-239b290296d2,whatsapp,primary_dataset,whatsapp,Switcher drd of personal data loss,2021-02-14T06:50:25Z,0,en,1
829fc385-d268-4531-b690-c36abdfbb4cf,whatsapp,primary_dataset,whatsapp,"Each time you send a video either to a friend or to a very long status, you cannot see the chat history before joining the group, the backup message using a data package is no different than a permanent progress telegram (logout & login will remain there will not be lost and there will not need to be saved first)",2021-02-14T06:43:31Z,36,en,1
04820eaf-49bc-48b0-83f0-1a0973d76b72,whatsapp,primary_dataset,whatsapp,Eating a lot of space (maybe its chase data) padhal is just aclilation time chat can consume storage up to 1GB+?,2021-02-13T20:20:26Z,1,en,1
fe160469-e1e5-47c3-b705-a3ee74925f0f,whatsapp,primary_dataset,whatsapp,Privacy of the people.,2021-02-13T19:12:09Z,0,en,1
1d30eaab-d206-4acb-baf7-abab2357f0f7,whatsapp,primary_dataset,whatsapp,"The privacy policy doesn't make sense like you're taking customer data slowly, maybe...",2021-02-13T18:09:38Z,0,en,1
9d1d6450-1c06-4347-89d6-e35c7549468f,whatsapp,primary_dataset,whatsapp,Whatsapp there's a new policy,2021-02-13T13:36:19Z,0,en,1
6c1965b9-6f61-45a6-88bd-a46cb1363d3b,whatsapp,primary_dataset,whatsapp,When is my code coming? Coke matane.,2021-02-13T09:10:59Z,0,en,1
82966114-28f0-4950-950b-850eb4d9abc1,whatsapp,primary_dataset,whatsapp,Just back up the data while udh is turned off his recovery backup.,2021-02-13T01:18:15Z,0,en,1
3d85d69a-0825-431d-8772-4c7b8d77e6c2,whatsapp,primary_dataset,whatsapp,"Our data, Indonesia people, are (already) broken. How do u patch it? (our trust)? With other words/swear?!!hhaaatt..",2021-02-13T00:01:05Z,0,en,1
c774e878-f7f8-4487-bebb-883008074d4b,whatsapp,primary_dataset,whatsapp,Why is whatsapp's storage day getting bigger? Dahl all files and databases deleted.,2021-02-12T23:19:33Z,0,en,1
280487fc-36b7-4462-ac55-616cb3f8dfc0,whatsapp,primary_dataset,whatsapp,share our data???? no thx... good bye,2021-02-12T22:13:27Z,0,en,1
cc1972b4-cd3b-4bf7-821a-12e274855883,whatsapp,primary_dataset,whatsapp,"Kok wa.qu gx can send a message ,pdahl package on data there .koh make wa gx sent"" ,tek cellus install,tek install again gx"" yes, please in gmna nie ,",2021-02-12T17:06:27Z,0,en,1
f9943213-24ba-4ca8-88a2-fd89823f3e06,whatsapp,primary_dataset,whatsapp,"Is it in the install, is it old data?",2021-02-12T11:38:03Z,0,en,1
6a9d8574-6928-4ec1-bc93-d435d3dbde7c,whatsapp,primary_dataset,whatsapp,The trash wants to change but the person in the chat room is still using this data thief's apk.,2021-02-12T10:58:05Z,0,en,1
03917bd9-b09a-4a2a-a471-04ba0160323c,whatsapp,primary_dataset,whatsapp,What's worse? Re-loading your Internet network data. I don't know.,2021-02-12T10:06:13Z,0,en,1
cf81ce77-4510-40eb-977b-0466a8123c1e,whatsapp,primary_dataset,whatsapp,"It's a very good app. I really appreciate it. It's very useful, my family and I are using this app, and it's very protective of your privacy, so you don't have to worry about whatsApp chat you're seeing, except whatsapp team, so here's the thing.",2021-02-12T09:41:28Z,0,en,1
8fcd2f60-5cd8-4e6b-a932-0918de52cc5c,whatsapp,primary_dataset,whatsapp,No whatsapp.. no facebook.. no instagram..,2021-02-12T08:13:49Z,0,en,1
87f92764-f7e1-4b67-a940-e895994d5bcf,whatsapp,primary_dataset,whatsapp,follow-up request to wipe memory of the data clear,2021-02-12T03:14:44Z,0,en,1
0e1ba182-8ec1-49eb-8d17-88716a312882,whatsapp,primary_dataset,whatsapp,Hwaa's data is re-installed. It's the same thing that I didn't come back.,2021-02-12T02:45:29Z,1,en,1
f8babeba-bf2d-45af-9aca-029ec823d4d7,whatsapp,primary_dataset,whatsapp,Bad application..junk policy. Don't use whatsapp anymore,2021-02-11T21:19:23Z,0,en,1
6bd23e8c-5a86-4130-b62c-fa7dc4f72825,whatsapp,primary_dataset,whatsapp,"Bad, no chat notifications are the same call! except when I open it, it's 2 and I can connect to the phone, even if it's Internet data. Please fix it, even if it's still like that.",2021-02-11T20:35:39Z,87,en,1
fe27b033-e20c-498a-975c-d42761d7d130,whatsapp,primary_dataset,whatsapp,"I want to complain, I used to have a prom because I'm guarded so there's no prom in the unknown, but why don't I have nerima wa promo MLM, I don't know where I got it from? I said from sniper what up, please don't share the data of the min.., what's the difference between that text.!?????",2021-02-11T19:54:44Z,0,en,1
67cf8d39-fbd2-4f09-b21b-dbe3c8660695,whatsapp,primary_dataset,whatsapp,Increase privacy security,2021-02-11T15:05:46Z,0,en,1
dd8a65f5-75c8-4ff0-bc23-b2c7192bc9fd,whatsapp,primary_dataset,whatsapp,Idiot policy.,2021-02-11T07:35:04Z,0,en,1
56843bd4-c30c-4895-9d01-9aa0054e30dd,whatsapp,primary_dataset,whatsapp,How come everyone can't see people's status when they're not in private status with that person?,2021-02-10T22:08:05Z,0,en,1
73510e9b-fdb5-4b20-99d0-03a8f5823994,whatsapp,primary_dataset,whatsapp,Overtaking user data,2021-02-10T17:51:18Z,0,en,1
577e93a7-0acc-403c-8b7f-b87d9ffd5e89,whatsapp,primary_dataset,whatsapp,Data chat aering disappeared for no reason.,2021-02-10T17:17:04Z,0,en,1
e5b93e2d-d886-4840-871d-e1efc8363fa4,whatsapp,primary_dataset,whatsapp,Why is my data missing?,2021-02-10T10:22:04Z,0,en,1
9fd8c70f-4e06-467d-8b88-1e2ec0511786,whatsapp,primary_dataset,whatsapp,Is our data secure?,2021-02-10T10:11:57Z,0,en,1
09eb4042-672e-4329-9321-bc72714761b8,whatsapp,primary_dataset,whatsapp,The message came a long time ago.,2021-02-10T05:58:47Z,0,en,1
45a512a6-8468-43bd-8509-38ee3c68a33a,whatsapp,primary_dataset,whatsapp,Disappointed if data gets used wrong.,2021-02-10T02:08:31Z,0,en,1
3841a16a-afff-4d2f-a1e7-9c9dbb1aa008,whatsapp,primary_dataset,whatsapp,Don't combine whats app with facebook.,2021-02-10T00:30:00Z,0,en,1
4d4b44bf-77c6-40e8-9376-fd2e2164ad55,whatsapp,primary_dataset,whatsapp,"Please, Mod. Don't take any data.",2021-02-10T00:20:19Z,0,en,1
aa6f1b76-8262-4640-abca-53fa06332d8f,whatsapp,primary_dataset,whatsapp,"Personal data is disassembled, chats are easy to tell.",2021-02-09T22:08:21Z,0,en,1
e358c667-83a6-4716-8163-7a7c8975b305,whatsapp,primary_dataset,whatsapp,"Idiot, when should we hand over our data?",2021-02-09T21:59:31Z,0,en,1
cfc07ce5-6cf8-4914-9a6c-ba18c1d22271,whatsapp,primary_dataset,whatsapp,It's very unprotected by its wearer's privacy.,2021-02-09T21:43:28Z,0,en,1
2bbfe760-e599-4393-a490-06c2eb79ec9b,whatsapp,primary_dataset,whatsapp,Maintain privacy. It's best to verify 2 steps to be safe.,2021-02-09T21:07:11Z,1,en,1
82bad840-c853-45bf-bf03-c05c1b611f4e,whatsapp,primary_dataset,whatsapp,Deleted data instead. Restart how to make a mess of it,2021-02-09T20:03:52Z,1,en,1
e0ce6618-8b5d-4248-9df3-7627bcdabf99,whatsapp,primary_dataset,whatsapp,"Whatsapp is different now, because suddenly someone opened a message and I didn't open it, it seems like our privacy isn't guarded.",2021-02-09T12:02:46Z,0,en,1
7c14a04a-153b-4ab9-bd9c-620262631d9d,whatsapp,primary_dataset,whatsapp,"It's hard to make a share lock,nyesel download so much.",2021-02-09T11:15:25Z,0,en,1
a2658d11-73a8-4d57-908c-ade75e72f3e9,whatsapp,primary_dataset,whatsapp,How can I lose my own data on so many important data?,2021-02-09T10:06:12Z,0,en,1
8a987aa7-d0dd-486b-b939-199506091d79,whatsapp,primary_dataset,whatsapp,Don't like the latest updates because of the privacy rules.,2021-02-09T07:43:41Z,0,en,1
c8635c2b-1b42-4b69-ae46-b84b7850029d,whatsapp,primary_dataset,whatsapp,"The star's transformation, as policy changes",2021-02-09T06:06:03Z,0,en,1
e2cce1c2-a2c2-4df6-870c-2a3a0c1e582a,whatsapp,primary_dataset,whatsapp,"If you're already in Facebook, there's nothing right. It's better for the government to block it.",2021-02-09T06:03:21Z,34,en,1
83acc78e-364e-4d09-a890-3765ded50e0e,whatsapp,primary_dataset,whatsapp,Disappointed by his policy attitude,2021-02-09T01:36:52Z,0,en,1
2a0d0cf9-1f81-401a-b29b-91aea34ae5b1,whatsapp,primary_dataset,whatsapp,If WA plans to require the user's personal data then I'll switch to telegram applications and his kind,2021-02-08T22:42:44Z,0,en,1
69abce9d-9b77-4987-b4ab-b5939be03bfc,whatsapp,primary_dataset,whatsapp,BOCOR's data.,2021-02-08T16:49:26Z,0,en,1
dabd0e9b-10b8-40a8-946f-909e6976412c,whatsapp,primary_dataset,whatsapp,Please whatsapp remove the use of donggg stickers,2021-02-08T16:37:16Z,0,en,1
fe7f1834-5ff5-41a2-9e76-549cdfca5b1c,whatsapp,primary_dataset,whatsapp,"Images broken, privacy not safe",2021-02-08T13:55:05Z,0,en,1
75fed101-bf8d-4afb-ba6b-ea54f0b15b0a,whatsapp,primary_dataset,whatsapp,"I can't believe our data is being shared to the public, so it's good to move to BIP.",2021-02-08T13:22:50Z,0,en,1
5b5b7c02-9db4-4708-9aa2-b0b5328d44a3,whatsapp,primary_dataset,whatsapp,"I moved to Telegram, worried about a broken privacy issue.",2021-02-08T13:12:55Z,0,en,1
dd894b92-7bc2-444e-9b28-addc6cc8b107,whatsapp,primary_dataset,whatsapp,"Please, it can't be opened. Why, when you want to be, out of the way, you can't still do anything, please, what to do.",2021-02-08T10:03:31Z,0,en,1
4007cf74-7c41-4709-951e-f3b7ea79dbd9,whatsapp,primary_dataset,whatsapp,"I swear to God, why did you stop like that all of a sudden?",2021-02-08T06:39:19Z,0,en,1
dad5a1f6-056f-4c98-93fb-6f62a40b243a,whatsapp,primary_dataset,whatsapp,There's a bug running out of data update back 600mb so 1.6GB it is after deleting data in the manager file it's still 1.6GB when it's removed over 1GB,2021-02-08T05:35:30Z,0,en,1
59588d8e-95b0-4d1d-ac29-65b04721e5ac,whatsapp,primary_dataset,whatsapp,Add some privacy to it.,2021-02-07T23:08:35Z,0,en,1
424a0d93-bc0f-438c-bcb7-92109c50104b,whatsapp,primary_dataset,whatsapp,"fontcolor="" # FFFF00""outofupdates fontcolor="" # FFFF00""disposit fontcolor="" # FFFF00""dempled fontcolor="" # FFFF00""demorabled fontcolor="" # FFFF00""duedata, fontcolor="" # FFFF00""totut",2021-02-07T15:17:25Z,0,en,1
60239da2-88a2-4751-9464-5dabbde74eb3,whatsapp,primary_dataset,whatsapp,"Why do I GK can share loct,",2021-02-07T14:09:06Z,0,en,1
6d547821-ba40-47ed-b04c-cea16ac8bbde,whatsapp,primary_dataset,whatsapp,"BOCOR DATA, HACKERS ENTERS, PRIVATION DOESN'T BE PRIORITY.",2021-02-07T13:47:57Z,0,en,1
01fa926d-21a3-4008-9123-ae4841583c1f,whatsapp,primary_dataset,whatsapp,Most data,2021-02-07T12:35:01Z,0,en,1
99c4b341-1e88-41fa-9aee-ead0a4aea8ec,whatsapp,primary_dataset,whatsapp,Bad app!...!!!!!!!!!!!!!! spyware apps bug our data!!!,2021-02-07T09:48:45Z,0,en,1
801f31a0-9edd-40c6-a7be-c1628820c4a4,whatsapp,primary_dataset,whatsapp,"tk uninstall this whatsapp application whenever you see a friend's story of videos always on auto downloads stored in whatsapp's own use (to store) more than 5 MB imagine it's only 5 times with different friends, whereas instead of using what application"" like using video story downloader apps.",2021-02-07T09:30:11Z,13,en,1
291526c6-1f83-4bda-9f0b-5ee3bdd70d7c,whatsapp,primary_dataset,whatsapp,can't sharelok,2021-02-07T07:48:53Z,0,en,1
67901340-f485-45e9-8a0b-bd15f538e2a9,whatsapp,primary_dataset,whatsapp,This application violates privacy,2021-02-07T07:37:37Z,0,en,1
c28aade0-8662-4ce5-a73e-464289c358ff,whatsapp,primary_dataset,whatsapp,"He said whatsapp was recently blocked and couldn't get into my own WA account. lt's not the first time but it's been more than 3 my account like this, the beginning of a hijacking so I'm apuss account, let me change the number of events again.",2021-02-06T22:42:48Z,78,en,1
88883879-4a12-45e9-94fb-c36e028cda6b,whatsapp,primary_dataset,whatsapp,"Can't keep user privacy, man.",2021-02-06T14:57:39Z,0,en,1
dac0c095-121e-44f5-a176-1b96a8078fcd,whatsapp,primary_dataset,whatsapp,Why don't you have a video share in the wrong status?,2021-02-06T13:50:34Z,0,en,1
bf317d4e-158f-4957-acce-a67bb72de64b,whatsapp,primary_dataset,whatsapp,UNUNDAIN'T PARENTED PRIVATION,2021-02-06T11:41:17Z,0,en,1
befbf034-c43f-425a-aa60-24c7241317b8,whatsapp,primary_dataset,whatsapp,"The new policy is very very, very good. But the user's privacy was sacrificed. It was on its own.",2021-02-06T11:33:07Z,1,en,1
16c852b2-7d1e-40ea-99b4-a75111cf0ac1,whatsapp,primary_dataset,whatsapp,"A cheating app, robbing privacy, personal data is not safe.",2021-02-06T11:10:07Z,0,en,1
f23b4736-19db-42c9-94d1-a94d51edb34f,whatsapp,primary_dataset,whatsapp,Why don't you go online and you won't be able to log in when On..ud's data is still the same,2021-02-06T11:05:14Z,0,en,1
d04eb0ac-6eea-44ab-92c3-4ee67feb9f52,whatsapp,primary_dataset,whatsapp,This is why donlod apps are being delayed over and over again. The networks are being picked up with data and wifi and ny writing are being delayed. Kzllll!,2021-02-06T11:04:21Z,0,en,1
b6893279-570c-4495-ba8d-7d7cbeea562c,whatsapp,primary_dataset,whatsapp,Hahaha don't keep privacy,2021-02-06T10:21:12Z,0,en,1
f03282fc-d3d5-479d-8321-6b81ba56e82c,whatsapp,primary_dataset,whatsapp,Ko arrived suddenly can't use WiFi when you've updated the min!!!,2021-02-06T08:20:16Z,0,en,1
37f99299-fa4a-4677-9d27-06f37d4f72f6,whatsapp,primary_dataset,whatsapp,Editing features are not as complete as the previous version (was 2018). Please restore the feature to a future version of the WatsApp inc request help.,2021-02-06T05:19:12Z,0,en,1
6395bd20-f658-4ffe-b8c1-56432508c6f7,whatsapp,primary_dataset,whatsapp,The doubts of privacy,2021-02-06T03:34:53Z,0,en,1
20692cf6-ee0a-4dd5-85f5-a510a66ad63d,whatsapp,primary_dataset,whatsapp,Apk started badly cooking even chats when data was made to look at ig or youtube was fine,2021-02-05T22:08:32Z,0,en,1
5988427c-7b19-4cfc-8f0c-94a46967e80d,whatsapp,primary_dataset,whatsapp,It's not good to delete the data.,2021-02-05T19:14:21Z,0,en,1
f5ebc9be-2e36-4b8a-a328-f77f1151dc58,whatsapp,primary_dataset,whatsapp,"Why the long download, when I just bought a data package?",2021-02-05T19:05:21Z,0,en,1
d1ca4949-33f8-4d4d-a968-5dfc2da6273e,whatsapp,primary_dataset,whatsapp,How many times did this event get Nmer verifyation and then there's a phone call over and over again! It won't stop!,2021-02-05T16:23:14Z,0,en,1
948c65c2-6c01-4463-9e26-ee0f60dac7b3,whatsapp,primary_dataset,whatsapp,The user's personal data is now taken:,2021-02-05T15:36:21Z,0,en,1
c929391a-2406-4cb7-bdc2-ee81818d9a50,whatsapp,primary_dataset,whatsapp,Bad privacy with a sickle.,2021-02-05T14:49:15Z,0,en,1
af712028-3255-4de1-a6a9-4c2dec6da34b,whatsapp,primary_dataset,whatsapp,"It's not good, it's been cut by audio at the end, it's late, it's 30 seconds late, it's been uploaded, it's been long. It's good, it's company. No, there's no real policy, there's no privacy.",2021-02-05T13:32:15Z,0,en,1
ae1c2bab-a253-4f95-a429-a2138182065c,whatsapp,primary_dataset,whatsapp,You want to ask me why I don't have any stories in my life when my friends don't come in my room when he's not in privacy and he's not blocking his contacts. I beg your help...,2021-02-05T11:01:43Z,0,en,1
563c4f08-6b30-4be5-90f5-c764abe7a150,whatsapp,primary_dataset,whatsapp,"fontcolor="" # FFFF00""Apccustomingotherdata fontcolor="" # FFFF00""not good fontcolor="" # FFFF00""well fontcolor="" # FFFF00""Apeks fontcolor="" # FFFF00""usesanotherdata fontcolor="" # FFFF00""notgood fontcolor="" # FFFF00""s",2021-02-05T10:06:45Z,0,en,1
b96e5c33-3176-4cff-8970-827a0cc8f469,whatsapp,primary_dataset,whatsapp,does not guarantee user data confidentiality,2021-02-05T09:03:23Z,0,en,1
97fb5d6e-ddde-44ba-a4fb-70fa1df71662,whatsapp,primary_dataset,whatsapp,"Don't update it, just take it off, our personal data, it's safe.",2021-02-05T07:15:38Z,0,en,1
16f1ffcb-2b1a-45d2-9bd6-3339c16ff64e,whatsapp,primary_dataset,whatsapp,"If Facebook doesn't want WA's financial support, there's another option: pay service, $0.5 a year can make WA live again and improve security.",2021-02-05T00:43:31Z,2,en,1
be3abdf4-45f8-4ab7-8024-50e42cd184af,whatsapp,primary_dataset,whatsapp,Can the security of my personal data be guaranteed 100%?,2021-02-04T22:21:49Z,0,en,1
13f99740-9149-481b-bb40-d59eea1b9dbc,whatsapp,primary_dataset,whatsapp,The whatsapp team is stupid. All can't. There's no privacy.,2021-02-04T22:06:36Z,0,en,1
a38e670e-b5b7-4c25-b95c-4095efc35366,whatsapp,primary_dataset,whatsapp,No. Keep privacy.,2021-02-04T19:33:54Z,0,en,1
b9863754-d30d-4c62-8dc0-7eafb5027f1d,whatsapp,primary_dataset,whatsapp,Pake Wa is only temporary.. we must all leave Wa immediately because now wa lots of behavior about user privacy..!I've switched to the BIP application..just wait for the friends at the counter to get to BIP.!,2021-02-04T19:16:26Z,0,en,1
700f4bb6-1425-44f0-bfbd-034466f04e4f,whatsapp,primary_dataset,whatsapp,"Please remove the new policy, fear our privacy is not awake",2021-02-04T18:57:20Z,0,en,1
ac2abffb-a0be-48a9-b82a-c72f9e614792,whatsapp,primary_dataset,whatsapp,"I'm sorry from star 5 to star 1, for whatsap's unreasonable policy may also be replaced and may be abandoned, like the previous BBM application.. but now the ways are going to change policy not to abandon its user.. don't know whether to guarantee the user, etc. But it's done.",2021-02-04T18:32:06Z,61,en,1
4ba8eaa6-7109-4fda-a57e-b238971e1caa,whatsapp,primary_dataset,whatsapp,It's because the data wants to be picked up on Facebook so it's on a teletelephone.,2021-02-04T17:27:36Z,0,en,1
39b952de-9858-4e7f-9128-c07abf74f944,whatsapp,primary_dataset,whatsapp,I can't.. I have to apdet mulu.. I have to go now.,2021-02-04T16:20:47Z,0,en,1
eac9b890-accc-4cab-80c3-d98e292594dc,whatsapp,primary_dataset,whatsapp,Privacy please,2021-02-04T14:57:28Z,0,en,1
608d181d-8ee9-4003-b8fb-93b26c441e2f,whatsapp,primary_dataset,whatsapp,"fontcolor="" # FFFF00""datacaft bgst",2021-02-04T11:39:41Z,0,en,1
e3c706d8-4614-4a0c-9b86-ce311c964e21,whatsapp,primary_dataset,whatsapp,"What's the WA policy? My number arrived at spam WA with the number before it was clear, and the number was not clear, even if the number was not sent, then the policy was, please go a long, long time when the user is gone if the number is not made clear.",2021-02-04T10:46:05Z,0,en,1
a417b893-f3cf-46a1-b5da-9c0e0d58e20d,whatsapp,primary_dataset,whatsapp,The privacy of people is taken.,2021-02-04T08:09:33Z,0,en,1
6fb9ce93-4d69-413d-928e-615aa09d963e,whatsapp,primary_dataset,whatsapp,Privacy is no use here.,2021-02-04T07:57:47Z,0,en,1
ebe6d6ec-d46b-41af-97fb-d6fa6328311a,whatsapp,primary_dataset,whatsapp,Disappointed with sharing data with other platforms.,2021-02-04T07:18:50Z,0,en,1
884aa596-f5ec-49ca-87cf-2f9a124c7dbe,whatsapp,primary_dataset,whatsapp,For personal gain. User data is being sold.,2021-02-04T06:53:48Z,0,en,1
da4c2f77-8c5f-43d7-86df-370b43f67f72,whatsapp,primary_dataset,whatsapp,"Say goodbye to whatsapp, miss this application if it keeps its privacy",2021-02-04T06:48:46Z,0,en,1
86ffdf71-feb8-424c-872a-1d2b82295050,whatsapp,primary_dataset,whatsapp,"Privacy is important, don't do it up",2021-02-04T06:02:55Z,0,en,1
532799db-47a3-494c-bc29-21d1a5a7f57b,whatsapp,primary_dataset,whatsapp,Ramehin moved here. Private data leaks. Thanks.,2021-02-04T04:20:11Z,1,en,1
5e583869-0e38-4047-8f93-2caf8cad1902,whatsapp,primary_dataset,whatsapp,"Why do you know all the chats are gone so quickly? A lot of important files have been lost. Please return my chats, all of W.A. is empty, damn it.",2021-02-04T03:20:27Z,1,en,1
65b18022-2d56-4085-858b-ca7e80bf2d82,whatsapp,primary_dataset,whatsapp,I don't like my personal data being taken.,2021-02-03T22:59:10Z,0,en,1
369a1729-d0f8-4352-8721-6aa70b7ce151,whatsapp,primary_dataset,whatsapp,What's going on now? It's big data.,2021-02-03T19:55:58Z,0,en,1
52fd07b5-4ea9-441d-8656-74de953a3c5f,whatsapp,primary_dataset,whatsapp,"fontcolor="" # FFFF00""Emplossss!!!!!!!!!!!!!!!!!!!!!!!!!!!!!!!!!!!!!!!!!!!!!!!!!!!!!!!!!!!!!!!!!!!!!!!!!!!!!!! where!!!!!!!!!!!!!!!!!!!!!!!!!!!!!!!!!!!!!!!!!!!!!!!!!!!!!!!!!!!!!!!!!!!!!!!!!!!!!!!!!!!!!!!!!!!",2021-02-03T18:55:18Z,18,en,1
5ab185cf-3ebe-45d8-910c-29b52279ded1,whatsapp,primary_dataset,whatsapp,I've given you a 5 star.,2021-02-03T16:12:41Z,0,en,1
7ce649a4-4bca-4fa1-a539-c2a10e9af356,whatsapp,primary_dataset,whatsapp,Privacy,2021-02-03T15:06:30Z,0,en,1
052d9cb9-66ed-4355-9ce8-638f20b9e4a6,whatsapp,primary_dataset,whatsapp,"What's up, to open a hard story bgt, smooth wifi, still a lot of data",2021-02-03T14:28:51Z,0,en,1
9c190981-6df9-4cb5-a631-9208519b0a6d,whatsapp,primary_dataset,whatsapp,Haha not as much privacy as I've had. Personal messages can be seen by developers. What if Ama's wife doesn't like me being in someone else's mess.,2021-02-03T12:53:28Z,0,en,1
3129f351-dfcb-44fb-854f-1f84f7b4f627,whatsapp,primary_dataset,whatsapp,"fontcolor="" # FFFF00""starred fontcolor="" # FFFF00""first, fontcolor="" # FFFF00""whentheprivateproblemhascleared fontcolor="" # FFFF00""againthestar",2021-02-03T10:47:22Z,0,en,1
6175dfa9-302f-4484-a527-5e6bb0b8b733,whatsapp,primary_dataset,whatsapp,"HATSAPP will join FACEBOOK, which will force users to submit all personal data that will be linked to FACEBOOK.",2021-02-03T10:04:24Z,0,en,1
31648259-02f2-4e69-b542-64f987f56d7d,whatsapp,primary_dataset,whatsapp,Less privacy!,2021-02-03T09:35:35Z,0,en,1
6d01d82d-5857-42c6-b9a7-dea13bd059a9,whatsapp,primary_dataset,whatsapp,GK can be free mode like facebook,2021-02-03T06:43:12Z,0,en,1
e636f2bc-345d-4fc4-8272-baf88ec93e48,whatsapp,primary_dataset,whatsapp,"Yeah, that's what the data intercepts issue is all about.",2021-02-03T00:21:02Z,0,en,1
3d21b9f9-7c30-4e0e-98e0-c671d770e00e,whatsapp,primary_dataset,whatsapp,"WhatsApp needs to know about the privacy of its users, doesn't it?",2021-02-02T23:53:18Z,0,en,1
3bbfbc8d-b1ee-4dcf-8772-075d827da691,whatsapp,primary_dataset,whatsapp,"Now often errors, I can't play video, I've been uninstalled and restalled it in case there's any missing data, but it's the same thing, the solution should often be in the restart or shut down the new cell phone again, but it won't last long and it won't be able to play video either it from any other contact or video in contact status, please.",2021-02-02T23:39:00Z,2,en,1
a1f5533e-3d80-4a18-9bac-72d240550a1d,whatsapp,primary_dataset,whatsapp,Don't bother if the ratings are down because they're about to move to an apk that's ever existed.,2021-02-02T21:27:25Z,0,en,1
f469294f-db6e-47ba-a095-ed3b0afd3486,whatsapp,primary_dataset,whatsapp,I'm sorry I gave you star 1 because I deleted the data.,2021-02-02T20:02:33Z,1,en,1
e76a1acb-7f86-43a8-a4b3-46bd93892f2c,whatsapp,primary_dataset,whatsapp,Why is there a partnership with Facebook?,2021-02-02T19:19:53Z,0,en,1
4bc1a454-231e-4d62-a713-056c38c8f59e,whatsapp,primary_dataset,whatsapp,An alarming privacy policy.,2021-02-02T16:41:38Z,0,en,1
64ffdd90-fd39-4862-9984-e73c2ddef810,whatsapp,primary_dataset,whatsapp,Don't join facebook,2021-02-02T14:49:09Z,0,en,1
9eb6a98d-77f1-479f-a03e-b7d262291de2,whatsapp,primary_dataset,whatsapp,No good personal data leak,2021-02-02T13:53:51Z,0,en,1
781f48b3-1748-4f66-942c-e8b2ab68be32,whatsapp,primary_dataset,whatsapp,"No. I'm not guilty, suddenly blocked by whatsapp, ask what?",2021-02-02T13:13:42Z,0,en,1
617acea3-339a-4483-b703-512b2bd89621,whatsapp,primary_dataset,whatsapp,People's privacy is open.,2021-02-02T11:11:17Z,0,en,1
d9a2c832-60e4-4c02-a2b2-008db28eccc0,whatsapp,primary_dataset,whatsapp,I don't think we should use these apps.,2021-02-02T10:16:16Z,0,en,1
c58bc45f-f4e0-4ffd-adb3-7adacac8e716,whatsapp,primary_dataset,whatsapp,Selling user data...can't protect user personal data...,2021-02-02T09:33:05Z,0,en,1
c68c587b-df3e-4d1f-ae68-42228ea22050,whatsapp,primary_dataset,whatsapp,"What's the point of Story WhatsApp Wa is what it says to be in privacy. No, I've seen it ticked. It's not safe.",2021-02-02T07:24:50Z,2,en,1
e9cacc3e-742d-4b2a-90d8-d2168afdec18,whatsapp,primary_dataset,whatsapp,"It's like this now, being a cell phone keeps making its way around sometimes its error, it's logged into the wa data, so the camera dies looking at the view of the Status scene can now not be.",2021-02-02T01:59:49Z,1,en,1
6986d72a-999e-43ad-adba-512d6fc39894,whatsapp,primary_dataset,whatsapp,Data is very unsafe .karna connected and shared data on facebook,2021-02-01T23:39:16Z,0,en,1
3bad6b21-668a-4356-a9e7-86a0f5fc6c74,whatsapp,primary_dataset,whatsapp,Disappointed with his privacy policy.,2021-02-01T19:39:14Z,0,en,1
d80ba731-6f13-4c88-8d2b-72935a8ba91e,whatsapp,primary_dataset,whatsapp,Auto Uninstall if Personal & Business Data is saved by Whatsapp Party...!!,2021-02-01T18:59:38Z,0,en,1
39d74eca-2e92-4cfc-8425-ccfbe01e94f3,whatsapp,primary_dataset,whatsapp,Regarding the security of personal data and intercept issues it looks like whatsApp is already not safe. Please answer the min.,2021-02-01T15:31:54Z,0,en,1
20d2d71e-db69-44c3-854e-3ce8b0d7ed69,whatsapp,primary_dataset,whatsapp,It's a good app I've only had 8gb of my apps when I've deleted them.,2021-02-01T15:06:05Z,0,en,1
0f2bdc35-8a57-460e-be2b-ed1f6a79f2d4,whatsapp,primary_dataset,whatsapp,"I'm sorry, I've only given you two stars in the past few weeks WhatsApp has been delayed since I didn't open the application. I've also updated whatsApp me, but the result is still the same, the delay if it doesn't open the app.",2021-02-01T14:44:15Z,0,en,1
481c587d-7104-4b03-a30a-28951042956b,whatsapp,primary_dataset,whatsapp,Since personal data information will be moved on the fb so it's less important for this application.,2021-02-01T13:30:51Z,0,en,1
2aa90e9e-be7d-4561-834c-53d7e4d3a072,whatsapp,primary_dataset,whatsapp,"Please for whatsapp to keep our data from Facebook,",2021-02-01T11:48:15Z,0,en,1
5d5ab0b7-4702-413f-9d3b-f75cf877bcda,whatsapp,primary_dataset,whatsapp,WHATSAPP TAKES CHAT MEN'S PRIVATION,2021-02-01T10:43:41Z,0,en,1
4c2b24df-a1b7-4a21-be67-e02a4c2592ce,whatsapp,primary_dataset,whatsapp,How to display datA,2021-02-01T08:49:39Z,1,en,1
3020e240-e914-420a-9f71-50845a07ee1d,whatsapp,primary_dataset,whatsapp,"I think I'm going to change the apk and not because of the user's privacy problem, okay?",2021-02-01T08:30:25Z,0,en,1
dc1e2631-92fc-4036-9810-4b6c5a625903,whatsapp,primary_dataset,whatsapp,Always asking for updates. My data is all gone.,2021-02-01T08:29:11Z,0,en,1
b8dde38c-dd2e-4438-b92e-2611cf4ab414,whatsapp,primary_dataset,whatsapp,PRlVATION NGENTOD!!!!!!!!!!!!!!!!!!!!!!!!!!!!!!!!!!!!!!!!!!!!!!!!!!!!!!!!!!!!!!!!!!!!!!!!!!!!!!!!!!!!!!!!!!!!!!!!!!!!!!!!!!!!!!!!!!!!!!!!!!!!!!!!!!!!!!!,2021-01-31T23:26:11Z,1,en,1
e43851e9-d50d-490f-a638-3c58137e1c78,whatsapp,primary_dataset,whatsapp,"fontcolor="" # FFFF00""problemidup fontcolor="" # FFFF00""atme updatesSw video fontcolor="" # FFFF00""so fontcolor="" # FFFF00""nodualcell broadbandstdah smooth fontcolor="" # FFFF00""ethtdah",2021-01-31T23:15:53Z,1,en,1
a418fa72-869d-42e6-bf89-4c6395828542,whatsapp,primary_dataset,whatsapp,"I don't know what kind of contact he's in, and I don't know what kind of privacy he's in, and I don't know what contact he's in, and I don't know what he's talking about.",2021-01-31T22:32:40Z,0,en,1
527fc959-5001-4a77-94e2-f79174b87388,whatsapp,primary_dataset,whatsapp,It's all good. It's cool. We're awake.,2021-01-31T22:12:04Z,1,en,1
4cbf0349-d8f7-49ff-b4bd-8ef06ec77ccf,whatsapp,primary_dataset,whatsapp,"I'll give you two stars, 'cause since there's some privacy involved with the government, we're talking about other people, sorry he uninstalled it, because the new rules are disturbing, so it's just a privacy rule.",2021-01-31T21:06:24Z,0,en,1
bb7dc013-79b1-4b75-87fe-e4cbfc674da8,whatsapp,primary_dataset,whatsapp,The privacy issue.,2021-01-31T18:36:35Z,0,en,1
41dd31ba-8da6-4f1e-951e-60b9853d062b,whatsapp,primary_dataset,whatsapp,"I don't know if there's any data at the Colect, but there's other applications.",2021-01-31T15:18:54Z,0,en,1
4c7ff61e-ccab-4b96-875b-e56b363aa2c2,whatsapp,primary_dataset,whatsapp,What kind of personal data is being shared to Facebook?,2021-01-31T15:13:33Z,0,en,1
5e4ed2ff-05c5-4dda-9f05-e12476a4e3cd,whatsapp,primary_dataset,whatsapp,"Careful, guys. It's not safe now. It's better to move to the telegram.",2021-01-31T12:46:06Z,0,en,1
8aa5ad06-0002-4e34-a32f-b81f22481c15,whatsapp,primary_dataset,whatsapp,"I don't like it very much, because after I heard that whatsapp apps are stealing data!!! I don't like it much! Better use TELEGRAM than WhatsApp",2021-01-31T12:44:54Z,3,en,1
831884bf-d281-48b0-b3f1-ac4e968f3433,whatsapp,primary_dataset,whatsapp,WhatsApp bases use tactics to steal personal data,2021-01-31T08:05:57Z,0,en,1
6e0786a7-4958-483e-9103-89f59dcccd44,whatsapp,primary_dataset,whatsapp,TOLONF KIRIM A MESSAGE OF HIS PRIVATION.,2021-01-31T07:26:49Z,0,en,1
ea6612e7-580b-4590-9de9-2b108a8a67b1,whatsapp,primary_dataset,whatsapp,"Those who send via whatsapp status are absolutely not privacy will be safe. Is it only reasonable not to leave whatsapp behind? Actually, you know our data.",2021-01-31T06:21:23Z,2,en,1
6933fecf-6731-4799-9121-0bcbda2b35be,whatsapp,primary_dataset,whatsapp,The privacy service is getting worse.,2021-01-30T23:09:13Z,0,en,1
9da5006d-d035-48e9-9e74-d1d7e7c1767f,whatsapp,primary_dataset,whatsapp,Goodbye WhatsApp..unisntal Cave WhatsApp...... 'Cause whatsApp's unsecured privacy is now..,2021-01-30T22:25:10Z,1,en,1
1a11e1af-1652-44a0-a669-5b953b803219,whatsapp,primary_dataset,whatsapp,"Wow, Zuckerberg's slaves!!! The delivery status of the file was almost sent. Why do you want to re-load it?",2021-01-30T22:10:56Z,7,en,1
b4a496e6-5939-44db-87e9-0024d3f68387,whatsapp,primary_dataset,whatsapp,Afraid pruvasi is taken. Is true data to be sold.,2021-01-30T21:39:13Z,0,en,1
4e4ee6df-65f0-4c89-8433-e318b127067e,whatsapp,primary_dataset,whatsapp,"The whatsap is why my accounts are blocked off one-sided. It doesn't tell me yet. It's a terrible loss. If there's a mistake, why don't you try retesting the policy?!",2021-01-30T21:25:52Z,0,en,1
21e5f9e8-e8c6-4218-83b5-1e110e28adef,whatsapp,primary_dataset,whatsapp,Can't keep privacy,2021-01-30T21:13:51Z,0,en,1
add7a40a-5b2c-4671-b3ec-afe34c74fe6a,whatsapp,primary_dataset,whatsapp,"I'd like to complain about hacking into the WhatsApp group. Since the latest privacy policy, I've found a way to get to whatsApp's group to my college. Please fix it so that WhatsApp will be safe again.",2021-01-30T21:08:42Z,2,en,1
ac9d1189-8298-4900-8451-afa835caade8,whatsapp,primary_dataset,whatsapp,The privacy of the data is not secure.,2021-01-30T20:57:08Z,0,en,1
56a9ede9-13ce-4aed-8039-dff7d7efdccc,whatsapp,primary_dataset,whatsapp,"The data thief app, as well as coercion must be approved? If it won't be blocked? and the data stored back then remains stored (stealed)? Move on to the telegram all...",2021-01-30T20:34:27Z,0,en,1
85cc0e43-41a4-4aff-98a6-e67377d95d07,whatsapp,primary_dataset,whatsapp,So it's getting uncomfortable getting privacy on a share in the FB.,2021-01-30T20:25:54Z,0,en,1
a1780f12-07be-4114-a467-eb22dd840834,whatsapp,primary_dataset,whatsapp,"It's bad enough that the signal's good, WiFi's tight, but to send a lempid message, it doesn't come in at all, it's got to confirm the same thing as Facebook, honestly I don't agree that Facebook has to confirm Facebook, Facebook is easy to hack into, you just make new rules.",2021-01-30T19:04:31Z,60,en,1
ebc9eeb8-e4d5-4e89-9b86-983b8b7fef4b,whatsapp,primary_dataset,whatsapp,Why in the status of ad green link she said personal data was taken over,2021-01-30T18:53:37Z,0,en,1
75bf6253-a0af-49db-8a0a-e2562a19d45a,whatsapp,primary_dataset,whatsapp,"NOW GOOD, FECEBOOK TAU PRIVATION ME, #AYOPINDAHELEGRAM",2021-01-30T16:50:38Z,0,en,1
2a9afd8a-395f-4069-9b04-ad2f86264d1d,whatsapp,primary_dataset,whatsapp,There's no privacy anymore!!!!!!!,2021-01-30T14:03:32Z,0,en,1
1016e1b7-5e35-4275-8983-9a6be20d8870,whatsapp,primary_dataset,whatsapp,"Not to learn from the bbm mistakes that are from being so famously destroyed. Privacy is the most important thing about a masenger app, why Wa made a policy that harms its users, nation..so find another app to replace it.",2021-01-30T13:21:58Z,0,en,1
021daac9-ee9b-4926-bffa-54a8745dac07,whatsapp,primary_dataset,whatsapp,No privacy of WA song,2021-01-30T13:14:12Z,0,en,1
2da2f444-0d73-4c52-bfce-416688e534f8,whatsapp,primary_dataset,whatsapp,Data theft,2021-01-30T11:26:41Z,0,en,1
49d66c49-38c9-4ce6-9e0e-4410fb08a717,whatsapp,primary_dataset,whatsapp,Whatsap is no longer clear... this application is no longer sold.,2021-01-30T11:06:21Z,0,en,1
da0e6c33-6130-43ba-ab8d-a91dbaaebd33,whatsapp,primary_dataset,whatsapp,Please developer for strict privacy. Many have been hacked.,2021-01-30T10:34:04Z,0,en,1
1f379012-e3da-4491-8992-f3f9f1b56b61,whatsapp,primary_dataset,whatsapp,"Tossers appreciate user privacy, don't sell or give user base data to another apk, whatsApp's security is now in doubt and has moved on to other Apk due to deprecated user privacy",2021-01-30T10:22:58Z,2,en,1
3ccd899c-e671-4115-a550-b96e3fcf1065,whatsapp,primary_dataset,whatsapp,"Why did you make an affiliate of updates that jeopardized the fact that there was something wrong with the data?"" I'll watch out for you.",2021-01-30T09:47:55Z,0,en,1
e6edd1d0-1abe-4b8a-9514-37f6dd5e61bc,whatsapp,primary_dataset,whatsapp,Two stars in the past. It's not safe. Our data in the Hek Teruus is asking people for money.,2021-01-30T09:09:08Z,0,en,1
b538206e-7bed-49c4-88ec-fcdd498f158b,whatsapp,primary_dataset,whatsapp,Privacy please.,2021-01-30T08:54:29Z,0,en,1
8a22cb2d-3286-49ab-8540-da81f0d68816,whatsapp,primary_dataset,whatsapp,Why shouldn't people use privacy?!! Don't move it too! The privacy of others should be appreciated!,2021-01-30T08:31:52Z,0,en,1
dc0b91e1-8514-4662-8528-a52847b4419a,whatsapp,primary_dataset,whatsapp,"Look, if you can't project my privacy, I'm walking into a telesign beep... watch out for the warning.",2021-01-30T08:17:58Z,0,en,1
7d71677e-18ff-4e64-b6bb-ab651064d60f,whatsapp,primary_dataset,whatsapp,There's no privacy.,2021-01-30T07:56:13Z,0,en,1
17051b68-7f98-4793-9c48-7a852127b678,whatsapp,primary_dataset,whatsapp,Disappointed with WhatsApp for having seen the personal data of the WhatsApp examiner,2021-01-30T07:40:17Z,0,en,1
1d1b7773-1306-4c2d-b927-b20ea806c505,whatsapp,primary_dataset,whatsapp,Privacy?,2021-01-30T07:30:04Z,0,en,1
735f16b9-00cf-4a74-b907-7bb09178fd53,whatsapp,primary_dataset,whatsapp,I don't know what's going on anymore... because there's a story of whatsapp verifiable green ticks showing up on my notification saying there's an update notice... which I didn't want to open.,2021-01-30T07:10:05Z,9,en,1
49e14e32-cb53-42aa-acb8-7c76994c63ee,whatsapp,primary_dataset,whatsapp,Private privacy?,2021-01-30T06:45:56Z,0,en,1
a121b28a-921d-4ac8-aa50-c5eac2a962c3,whatsapp,primary_dataset,whatsapp,Applications harm others. Increase the privacy of the user dong. In storage suddenly there are photos of strangers stored in the memory wa. DIRECTION,2021-01-30T06:09:54Z,1,en,1
f2b3763e-dd3b-403f-b4df-8cd0e5afd652,whatsapp,primary_dataset,whatsapp,Don't like the policy of whatsApp right now...,2021-01-30T05:26:20Z,0,en,1
f44abed3-cdc6-4d7c-9d59-229ee68c5e03,whatsapp,primary_dataset,whatsapp,"fontcolor="" # FFFF00""Wonkkkk,sortof people's privacy!",2021-01-29T23:42:34Z,0,en,1
395a1bfe-a54c-44d4-ba36-36101f96080a,whatsapp,primary_dataset,whatsapp,"The danger of privacy, hell, rada pinter when making an application",2021-01-29T23:15:26Z,0,en,1
17bc6e33-b893-4d5b-abaa-e19ef9de4def,whatsapp,primary_dataset,whatsapp,"But instead of encrypting end to end, but instead tapping all of the privacy activities that are in the wa! &lt;br /&gt;If this is how the performance is so bad, and gaa guarantees the encryption ending to end, I've been so disappointed with the wa instead of getting even better and worse, because of the many people's lives in their private lives, including myself is not comfortable with this!",2021-01-29T22:19:52Z,0,en,1
b9ce61e9-26dd-4344-90e8-00f5b307681f,whatsapp,primary_dataset,whatsapp,"It's actually good, but since whatsApp's application has taken data secretly, I'm very disappointed and I'm also cunningly taking the data.",2021-01-29T22:00:55Z,1,en,1
1e05740f-7a42-47fe-aaf1-de353e1d4134,whatsapp,primary_dataset,whatsapp,Can't protect user privacy!!!!!?,2021-01-29T21:45:17Z,0,en,1
741b05b0-2078-496f-a378-5d4c8555b825,whatsapp,primary_dataset,whatsapp,Is it true this apk news can suck up important data like a bank password by clicking on the WA distatus logo.,2021-01-29T21:45:09Z,0,en,1
1c6c84c5-0966-4f44-93a1-14c0a5e3afb4,whatsapp,primary_dataset,whatsapp,I don't agree with whatsapp's new policy.,2021-01-29T21:39:15Z,0,en,1
fbc0cd92-d7fd-4b73-82ce-87af221b585f,whatsapp,primary_dataset,whatsapp,Do we still have Aman's personal data?,2021-01-29T21:36:36Z,0,en,1
0005d1d3-8cf8-4c27-9be5-531610bf6747,whatsapp,primary_dataset,whatsapp,"No privacy, no fun.",2021-01-29T21:00:14Z,0,en,1
c63ea4ca-3d44-4c1a-b5a2-f2db3684f331,whatsapp,primary_dataset,whatsapp,It's just policy that makes you dizzy.,2021-01-29T20:53:23Z,0,en,1
81d6ba13-1e93-46fd-a625-505dc1a70335,whatsapp,primary_dataset,whatsapp,"Why is our data being moved, so our privacy is spread?",2021-01-29T20:46:24Z,0,en,1
5100566c-53fd-4086-ac57-787a3f57f196,whatsapp,primary_dataset,whatsapp,Is there a hack of data?,2021-01-29T20:32:46Z,0,en,1
b46799bc-eea2-487f-b764-9eaa19dacc43,whatsapp,primary_dataset,whatsapp,"Hey, hey, hey, hey, hey, hey, hey, hey, hey, hey, hey, hey, hey, hey, hey, hey.",2021-01-29T20:16:32Z,0,en,1
6469fbc7-f3b3-4005-b503-db850098453e,whatsapp,primary_dataset,whatsapp,Don't be a private data thief.,2021-01-29T20:14:11Z,1,en,1
aeb76e10-9cd2-4458-9d2a-6738775e91a5,whatsapp,primary_dataset,whatsapp,"We're done, all our data can be read from other people.",2021-01-29T19:44:24Z,0,en,1
2f156abb-8ec4-4ac3-bb4e-eff22f0f01f0,whatsapp,primary_dataset,whatsapp,Personal data dealer,2021-01-29T19:22:18Z,0,en,1
81d03c5d-c0ea-4c82-bed5-459c3a00d14b,whatsapp,primary_dataset,whatsapp,We're gonna lose our Privacy.,2021-01-29T19:12:48Z,0,en,1
1d0bfc00-f001-498a-97e3-1ca36e46bfdf,whatsapp,primary_dataset,whatsapp,Why are there rumors that whatsapp's status notification can steal our data?,2021-01-29T19:09:13Z,0,en,1
f377efa4-326c-447b-8af1-686aee0849ae,whatsapp,primary_dataset,whatsapp,"Please explain why there is whatsapp status, but with the privacy of the caller",2021-01-29T18:47:52Z,0,en,1
2656e516-3a61-4ba5-9dae-e7b824005a9f,whatsapp,primary_dataset,whatsapp,"Guys, you have to be careful around the problem. If you look at Stastus wa from the front door, you'll get your bank data or your personal data will disappear, so you have to be careful.",2021-01-29T18:44:44Z,2,en,1
ab37a36f-6798-4984-b377-037630ca7c4e,whatsapp,primary_dataset,whatsapp,"Private data is more important, boy.",2021-01-29T18:37:16Z,0,en,1
0f581466-1440-4a41-96cb-ddee310ba29f,whatsapp,primary_dataset,whatsapp,"Idk but, there's less privacy.",2021-01-29T18:03:15Z,0,en,1
f359aa9c-c103-410c-9432-72ad979ab7f8,whatsapp,primary_dataset,whatsapp,It's getting worse for data security... to have me wear the one that's on the other end of the line.,2021-01-29T17:57:35Z,1,en,1
b9f3ffcf-0e42-4965-902d-7c0105cbdd9d,whatsapp,primary_dataset,whatsapp,Why can't you share the location?,2021-01-29T17:40:43Z,0,en,1
59d3e387-a47b-4713-8afe-f7081ca92f1f,whatsapp,primary_dataset,whatsapp,There's no privacy. Make this an app.,2021-01-29T17:40:22Z,0,en,1
6516eba6-d90b-4bcb-b4ee-9b5f38255288,whatsapp,primary_dataset,whatsapp,What's going on? If anyone says that the washap logo washap washap washap at bts can filter our data? Please change it if it's true...,2021-01-29T17:37:48Z,2,en,1
777cc36e-7a21-483f-90b0-2d2b27b64793,whatsapp,primary_dataset,whatsapp,It's a good app for a demon trying to pull people's records.,2021-01-29T17:34:34Z,0,en,1
c50cdf80-db75-4cfe-9d73-9fe1a0912d5a,whatsapp,primary_dataset,whatsapp,"WhatsApp ko on TV did arrive"" appears at the status of the case when intercepted data please confirm from whatApp?",2021-01-29T17:28:10Z,1,en,1
4e6783ef-8421-45d7-aa3d-a2eb0a76e5f7,whatsapp,primary_dataset,whatsapp,It's a bit confused by the appearance of whatsApp. Is it true that every account owner's personal data will be leaked when the owner opens the sw of whattApp showed up this morning (29/012021)?,2021-01-29T16:57:25Z,0,en,1
47cc5632-c54f-4269-99e2-a842b5ccf604,whatsapp,primary_dataset,whatsapp,Hello. I'd like to comment on the status ofwanstapp and check green. Don't press the possibility that personal data will be moved.,2021-01-29T16:50:02Z,0,en,1
79077e43-741d-441c-a47d-adc68a39868b,whatsapp,primary_dataset,whatsapp,The recent acts of privacy have disappointed us greatly.,2021-01-29T16:43:21Z,0,en,1
9558373e-dfe7-489b-b451-e92b78efb558,whatsapp,primary_dataset,whatsapp,Personal information data is not secure,2021-01-29T16:33:25Z,0,en,1
8238aa2d-b3ea-4e16-bc81-66ac10ab0c3c,whatsapp,primary_dataset,whatsapp,The apps are all over the news because of rules that cause personal data to be lost directly to my privacy security.,2021-01-29T16:29:54Z,1,en,1
2eb01515-978c-4c3e-9173-1d38e9e86b2b,whatsapp,primary_dataset,whatsapp,"Since whatsap is working with facebok, our privacy is now unsafe.",2021-01-29T16:28:55Z,8,en,1
11218165-3401-4d62-916c-5781b082152b,whatsapp,primary_dataset,whatsapp,"The new policy sucks, no third party.",2021-01-29T16:25:55Z,0,en,1
c8b5bdb4-c9d9-4eae-80db-b52ef3af0de5,whatsapp,primary_dataset,whatsapp,It's crowded about this apl that there are notifications about privacy and security many heker terms if it's really rich why can this happen means security about this application is thin at least it's less vulnerable if it's rich I'd rather not wear it with another apl,2021-01-29T16:18:33Z,1,en,1
727bcd5b-07e0-4b42-a204-e90e44ae50b0,whatsapp,primary_dataset,whatsapp,One for Privacy,2021-01-29T15:53:22Z,0,en,1
83f93dca-8576-46ea-856c-967cf52a20bb,whatsapp,primary_dataset,whatsapp,"Please, what's going on? Is it true that the wa wa wa wa wa watshap status is taking personal data and bank accounts are clarifying?",2021-01-29T15:14:13Z,0,en,1
1c94a2c7-5d89-4606-8fb3-96f20c5d6b72,whatsapp,primary_dataset,whatsapp,She's out of her mind.,2021-01-29T14:20:19Z,0,en,1
38a86ecf-950c-4bc9-8add-1fb77238a78f,whatsapp,primary_dataset,whatsapp,"Free Facebook (no photos/videos), whatsApp When is free for free????????",2021-01-29T13:46:45Z,0,en,1
1095b4ca-368f-47f6-b90e-99ffeb2d90d3,whatsapp,primary_dataset,whatsapp,I'm sorry. I'm moving a Telegram that preserves the privacy of its users.,2021-01-29T13:17:28Z,0,en,1
0a8f442a-eed1-44af-bd0b-703411608648,whatsapp,primary_dataset,whatsapp,"I want to uninstall it..it's my A.P.D., every 2 p.m. it's always auto backup when I'm disabling all the backups.. it's disturbing user privacy..",2021-01-29T11:47:39Z,0,en,1
50a55b26-5b67-4c31-a9f8-de93b9de5a3f,whatsapp,primary_dataset,whatsapp,"Please, to whatsapp's honorable party. It's whatsapp mod/gb please get rid of what, because I've created privacy status to whatsapp mod user but user whatsapp mod can still see my status, and also if accidentally send status and then it's deleted user whatsapp mod can still see the status/make the status of the uddh deleted but it's still visible once again. I'll tell you whatpp's not safe since what user is modsapp/gb.",2021-01-29T11:37:08Z,2,en,1
7776d2b5-1b0b-4e34-b839-d41d95c6c979,whatsapp,primary_dataset,whatsapp,Hate this new policy.,2021-01-29T11:07:22Z,0,en,1
78d3cee5-23fd-4db4-9aea-bb62a2d0d2eb,whatsapp,primary_dataset,whatsapp,"Now it's time for me to move to another app. Whatsapp has given his user a desperate update. This time, privacy has been lost to the WhatsApp party.",2021-01-29T11:00:15Z,0,en,1
f8c17f0e-d3be-4c35-a129-0bc7b85f590c,whatsapp,primary_dataset,whatsapp,No privacy,2021-01-29T10:36:44Z,0,en,1
7bafbaa1-932a-4699-8d90-3311394885d6,whatsapp,primary_dataset,whatsapp,Wa panicked because the telegram download was so crazy..hahahaha A telegram uda rame is so user but blum is used too often by hhalx uninstall whatsapp... to spoil people's privacy...,2021-01-29T10:13:10Z,0,en,1
0baa1716-fdf3-431c-bcf3-612af0d93794,whatsapp,primary_dataset,whatsapp,Unilateral policy harms the user,2021-01-29T10:10:50Z,0,en,1
a8cce1ef-1e98-4f2c-aa7a-f093aacdf050,whatsapp,primary_dataset,whatsapp,It's time to give a bad rate once the new policy begins.,2021-01-29T09:30:50Z,0,en,1
d8274a75-f8db-4116-8490-0689f9602ae5,whatsapp,primary_dataset,whatsapp,"If you want to create privacy, data to Facebook so that privacy can be viewed. Try making new rules later. Move them to a telegram.",2021-01-29T09:09:16Z,0,en,1
5ad63f7d-0700-4e7b-92db-e32fb82f10a9,whatsapp,primary_dataset,whatsapp,"If there's no change in that part, it's time to switch to Tele.",2021-01-29T08:39:24Z,0,en,1
12fc71f2-515d-4b74-9fda-ac03676b94e7,whatsapp,primary_dataset,whatsapp,Ahh... goodby privacy!,2021-01-29T08:37:29Z,0,en,1
966a5dcb-7720-4c1e-8336-e680713e57f7,whatsapp,primary_dataset,whatsapp,Privacy's broken.,2021-01-29T08:12:04Z,0,en,1
d35e922d-efab-43e0-bcce-6f368fa6fc69,whatsapp,primary_dataset,whatsapp,User will go to Sign or tele:p,2021-01-29T08:11:19Z,0,en,1
e05b3815-46d4-4d4e-a547-5e81f17ef9ba,whatsapp,primary_dataset,whatsapp,"Data theft, watch out for history's chat data to be hacked. Uninstalled immediately, moving to a telegram safer privacy.",2021-01-29T08:08:54Z,0,en,1
93c0fbcc-b3ee-4cd0-a072-f97f9f650d06,whatsapp,primary_dataset,whatsapp,RIP PRIVACY,2021-01-29T08:01:55Z,0,en,1
7e3a2213-3083-489d-989c-a0b3750af9b9,whatsapp,primary_dataset,whatsapp,Dearest whatsapp team I've backed up the data..the cell phone has been restored but can't read the backup chat.. media only. I'm disappointed as a loyal user,2021-01-29T06:29:46Z,2,en,1
00390d53-fc2f-4493-9739-e6617b58a73d,whatsapp,primary_dataset,whatsapp,Ugly sharing info with facebook,2021-01-29T06:17:57Z,0,en,1
d3fb7d01-df57-459e-bd62-bd7b22fb85b7,whatsapp,primary_dataset,whatsapp,An application with which the data of the ore can be leaked,2021-01-29T05:38:38Z,0,en,1
1042b1cb-1ce8-43e5-8a03-be24f52c5a32,whatsapp,primary_dataset,whatsapp,"What we're concerned about is not only the secrecy of the conversation, but the secrecy of our personal data that we want to share with the FB!",2021-01-29T05:21:35Z,0,en,1
d16852b7-c7c9-4152-8b4f-217ff1c0550e,whatsapp,primary_dataset,whatsapp,To the team. Please don't come. Please don't follow me or look at me.,2021-01-29T05:20:05Z,0,en,1
ec254c22-a2bb-43c7-b607-b60d6193a107,whatsapp,primary_dataset,whatsapp,WE NEED PRIVATION,2021-01-29T04:32:26Z,0,en,1
5bdf68a0-cfc9-4739-9ab6-313ea42ef942,whatsapp,primary_dataset,whatsapp,"We're gonna move the app, it's gonna be dark, it's gonna be dangerous.",2021-01-29T03:30:38Z,0,en,1
0070cbde-668d-4b7a-815c-b9dec5300cf7,whatsapp,primary_dataset,whatsapp,Bad new policy.,2021-01-29T03:08:29Z,0,en,1
de0dafff-8b88-475e-ad76-a6e985e23b68,whatsapp,primary_dataset,whatsapp,"For a new WhatsApp request to create a self-assembled future wanting to know the location of the user even though the GPS is inactive, PRIVATION as the user is questioned,",2021-01-29T03:00:43Z,0,en,1
232cf768-9c24-493b-bef2-33a16e53c0d1,whatsapp,primary_dataset,whatsapp,"I'm very disappointed with Watsap because suddenly he's playing Block Aj, and I've done a lot of really bad things with TDK.",2021-01-29T01:22:30Z,0,en,1
be1de310-5419-4419-845b-8f0a4c5f6126,whatsapp,primary_dataset,whatsapp,Your privacy policy makes me uninstall,2021-01-29T00:46:41Z,0,en,1
13b57f70-57d7-43a7-ac53-05bcfd13cc59,whatsapp,primary_dataset,whatsapp,Goodbye Privacy,2021-01-28T22:53:50Z,10,en,1
851c1554-7a45-4217-966f-a9ae13f2269a,whatsapp,primary_dataset,whatsapp,"After the new rule, forcing the privacy of the user's data to be shared to the third party,",2021-01-28T20:06:30Z,0,en,1
2c8241ae-0227-4dae-88b7-b27876ad13f6,whatsapp,primary_dataset,whatsapp,"It's so bad that the 27-01 -2021 has expired it's actually 28 - 03 2022. You guys don't do the dowlod will be upete, but it's still delayed with wifi and data, but you can't fix it.",2021-01-28T19:45:55Z,0,en,1
ada1a78f-2fbb-4f30-a6cb-5f446d973e9e,whatsapp,primary_dataset,whatsapp,#ProtectOurPrivacy,2021-01-28T18:37:41Z,1,en,1
d65cce58-7355-456f-877f-e9dbcb5b3e61,whatsapp,primary_dataset,whatsapp,Privacy is number one!,2021-01-28T18:21:23Z,0,en,1
c28123d7-dc2e-49d5-9f08-b62a37f1327f,whatsapp,primary_dataset,whatsapp,I hate to share about my personal/privy data to facebook,2021-01-28T17:53:29Z,0,en,1
6257d0d2-3c9b-45b7-9db0-0b9cdc049a7d,whatsapp,primary_dataset,whatsapp,The privacy of the call is interrupted due to a phone call to another contact (1-2) contact that joins at the same time.,2021-01-28T16:53:14Z,0,en,1
c1cfe3d5-f80c-4759-adf1-dc99a6d1fcae,whatsapp,primary_dataset,whatsapp,"Jost gandoz applications, but unfortunately there's no exit exit menu, which can log in with another number without deleting apk & installing again, & ah all the data stored in do whatsupp cross.",2021-01-28T14:45:19Z,0,en,1
4f95985a-8a5a-4682-80e0-97ec656c95b8,whatsapp,primary_dataset,whatsapp,What's the effect of this new update that his Privacy Policy had on saving?,2021-01-28T14:20:03Z,3,en,1
f480fbde-8012-4a0c-b527-46eb8eac9e76,whatsapp,primary_dataset,whatsapp,"In order to implement a new policy, I'm disappointed that whatsapp shouldn't share the user's data with Facebook.",2021-01-28T13:14:01Z,0,en,1
40f85068-bb45-4fd0-aaf2-f9bab4430844,whatsapp,primary_dataset,whatsapp,It's because of your stupid data that you're not safe in the operators!,2021-01-28T10:18:21Z,0,en,1
a8d3a2ba-f449-4a14-9a98-da06d8771fba,whatsapp,primary_dataset,whatsapp,Why can't share a sharelok.. Hadeehhhh,2021-01-28T10:07:42Z,0,en,1
517fd2dc-efc5-481a-84d4-385a3cd17b55,whatsapp,primary_dataset,whatsapp,The user privacy was hacked by facebook!,2021-01-28T09:27:12Z,0,en,1
2087f6a6-ae56-4fc5-a268-e885f47a24ec,whatsapp,primary_dataset,whatsapp,"Let's move to BIP, more sophisticated, and our DATA is not BOCOR, not rich Whatsapp because on link to FACE BOOK, the whole world has started moving to TELEGRAM and BIP",2021-01-28T07:20:38Z,0,en,1
b0f3871f-1d7c-4c2d-b9c8-fd91049846d0,whatsapp,primary_dataset,whatsapp,Watch out for leaky data.,2021-01-28T01:52:01Z,0,en,1
a8a0eeb4-d88f-4101-9c24-7f7b5ad0f7a7,whatsapp,primary_dataset,whatsapp,There's nothing wrong with whatsapp missed so many missed calls in one day..I chat back..no one feels..there's also my chat..I also miscall..and I never miscall..people..it's error or... anything else..,2021-01-27T23:37:57Z,6,en,1
5ffd9308-ea65-4324-963e-75dcef11007e,whatsapp,primary_dataset,whatsapp,"Want to steal some data, let's file a protest.",2021-01-27T22:32:33Z,0,en,1
4cb61d59-6e77-45db-8971-2933b33a172c,whatsapp,primary_dataset,whatsapp,Why can't I call or vidio col? Thank you. Why should I re-install it?,2021-01-27T14:50:03Z,0,en,1
de4d925b-0de9-48a9-a756-567ca7e6e9bb,whatsapp,primary_dataset,whatsapp,privacy is numero uno,2021-01-27T11:59:21Z,0,en,1
2b21cf02-8faf-43a7-9bb6-ad4658f96ea0,whatsapp,primary_dataset,whatsapp,"It's a new policy, but it's not a brain, so change it.",2021-01-27T09:15:26Z,0,en,1
edcbc35f-5531-45aa-9128-a5e49e578b45,whatsapp,primary_dataset,whatsapp,You want to know how personal people get to the umbar to facebook?,2021-01-27T00:37:35Z,0,en,1
af7dec5f-31dc-4297-a551-841234badadc,whatsapp,primary_dataset,whatsapp,"Why is it that when I make status, I always insist on being a facebook story?",2021-01-27T00:35:24Z,0,en,1
6c694447-75f4-46ee-96d4-81f1a9f7bc4a,whatsapp,primary_dataset,whatsapp,Let's uninstall it. Move it to the telegram if it doesn't signal privacy. It's safer.,2021-01-27T00:25:09Z,0,en,1
cd21b103-efbb-479e-bb83-b50658d7aa0d,whatsapp,primary_dataset,whatsapp,Whatsapp is no longer safe.. the user's privacy was breached just now..,2021-01-26T22:57:16Z,0,en,1
00777bc4-54d5-43bb-be98-72be89664a53,whatsapp,primary_dataset,whatsapp,Fix that later update should send data to the FB goodbye WhatsApp,2021-01-26T19:47:22Z,0,en,1
f5fb6db1-d773-401e-8ebe-96fccc726ca8,whatsapp,primary_dataset,whatsapp,I need a COI PRIVATION.,2021-01-26T19:25:49Z,0,en,1
5aeca32d-b479-4c15-939c-2de503c1e854,whatsapp,primary_dataset,whatsapp,Privacy's easy to hack...,2021-01-26T19:11:31Z,0,en,1
171e836a-11f3-48e7-be97-f0c25adda53a,whatsapp,primary_dataset,whatsapp,"fontcolor="" # FFFF00""Adminifyoucanbeat fontcolor="" # FFFF00""don'tgivethe feature fontcolor="" # FFFF00""repeated fontcolor="" # FFFF00""eliminate fontcolor="" # FFFF00""if it's full fontcolor="" # FFFF00""dmin fontcolor="" # FFFF00""ifit'sfull fontcolor="" # FFFF00""dminifyoucangivethe feature fontcolor="" # FFFF00""don'tdisposit fontcolor="" # FFFF00""um fontcolor="" # FFFF00""already fontcolor="" # FFFF00"" fontcolor="" # FFFF00"" fontcolor="" fontcolor="" # FFFF00"" fontcolor=""",2021-01-26T18:44:15Z,0,en,1
7bd06fb2-014a-4343-b714-d1303f11303d,whatsapp,primary_dataset,whatsapp,Come on to the telegram carefully data sold fabeckkk,2021-01-26T18:27:33Z,0,en,1
3b1dd445-8842-49fb-a4ca-50e93d32e386,whatsapp,primary_dataset,whatsapp,I've liked this Apk Since the Uninstall Cave's New Privacy Policy,2021-01-26T18:10:13Z,0,en,1
c5118f51-d9f5-4bab-83c1-5c73077cf288,whatsapp,primary_dataset,whatsapp,The longer it gets weirder the policy..,2021-01-26T17:13:56Z,0,en,1
6f90373c-c6a9-4de7-a03d-4c45f6d369dd,whatsapp,primary_dataset,whatsapp,My new policy is uninstalled Bye bye wa 2021,2021-01-26T16:38:54Z,0,en,1
60a780d3-0053-4545-bd3f-ae697f6fedfb,whatsapp,primary_dataset,whatsapp,"After the latest wa policy, I decided to move to the signal, and whatsApp's phone also went wrong', connecting if I didn't call, I'm disappointed with WhatsApp right now, goodbye WhatsApp",2021-01-26T15:16:27Z,61,en,1
211089c8-b274-4295-b2cf-8b9b06644ce7,whatsapp,primary_dataset,whatsapp,Cancel that privacy,2021-01-26T14:26:07Z,0,en,1
2843b20b-aef3-44fb-9391-5d30f96e65b1,whatsapp,primary_dataset,whatsapp,"I was erased a long time ago because I didn't want to share it with Facebook, but I don't have facebook.",2021-01-26T12:59:47Z,0,en,1
e7e98e60-a7c2-4039-b0bb-5257d70b47c3,whatsapp,primary_dataset,whatsapp,"Uninstalled, privacy ain't safe.",2021-01-26T12:58:34Z,0,en,1
67b6176e-81b0-4a28-b896-49f9c7d1dec6,whatsapp,primary_dataset,whatsapp,"To be honest, I'm tired of using whatsapp again. I'll give you a rating 5 in case whatsapp policy forces users to share the data by facebook BISED. Not DUNDA until next May!!!",2021-01-26T12:14:18Z,0,en,1
ff58732b-2312-494e-97ae-f5ada7ba5ca6,whatsapp,primary_dataset,whatsapp,Want to update medical aplikaii data bpjs,2021-01-26T10:15:45Z,0,en,1
006b601b-6194-42fb-be2d-31e20b8a16f3,whatsapp,primary_dataset,whatsapp,"Now that we're ugly, our data should be handed to Facebook instead of a telegram.",2021-01-26T10:08:25Z,0,en,1
86b5a7e2-3991-4914-a78b-4879678a10cb,whatsapp,primary_dataset,whatsapp,Facebook is okay.,2021-01-26T07:48:05Z,0,en,1
78dbded9-bf7a-4419-bb5f-f1cb2732edbd,whatsapp,primary_dataset,whatsapp,"Why would there be a data base fb min., if you want to keep my user posted, delete the fb jngn smpe database as rich as app bbm",2021-01-26T06:02:04Z,0,en,1
a388ee6a-a953-4d9f-b155-d5039b6e8666,whatsapp,primary_dataset,whatsapp,"There's an issue... Personal data wants to be shared on a Facebook Facebook server then this could be the end of WA and switch to a more aggressive application like Sinxx. Just wait for my friends to use that new apk, and I want to uninstall this application.",2021-01-26T04:42:13Z,0,en,1
5ae10075-8439-4cfc-b1c6-12b4a68ce408,whatsapp,primary_dataset,whatsapp,"Private data, please keep it under control...",2021-01-26T01:39:49Z,1,en,1
ad8cc2a8-3699-465e-8946-9f9a94b9a1b0,whatsapp,primary_dataset,whatsapp,The privacy should be safe. Don't share it with other flatpoms.,2021-01-25T23:13:21Z,2,en,1
87244d10-795b-431a-984e-6f13372221ce,whatsapp,primary_dataset,whatsapp,DATA PROGRAM PROGRAM...,2021-01-25T22:13:53Z,2,en,1
db0f1e10-e3f7-4d8f-9b94-41a6d652c4fd,whatsapp,primary_dataset,whatsapp,"Privacy isn't safe here, new policy is suspicious, let's move on to TELEGRAM or SIGNAL.",2021-01-25T22:00:08Z,1,en,1
f8bb875a-1792-4c17-b439-1f0408ecbb0d,whatsapp,primary_dataset,whatsapp,I've been working on a code. When are you going to come?,2021-01-25T21:46:15Z,1,en,1
4c7c3c00-dcc7-4bab-b677-0a0f4a46674c,whatsapp,primary_dataset,whatsapp,privacy is number one,2021-01-25T21:33:37Z,1,en,1
7e3cd7b0-db58-4a77-b511-d38498e77669,whatsapp,primary_dataset,whatsapp,Why don't I get some privacy? I'd like to update the new guy. But there's a lot you don't agree with.,2021-01-25T20:54:38Z,5,en,1
94920465-5852-42cd-8ed4-fb74956f3db8,whatsapp,primary_dataset,whatsapp,"WhatsApp's most recent update, January 25th, 2021. Don't count your WhatsApp as a private thing again. Do you want to know why?",2021-01-25T20:47:54Z,1,en,1
9a28b028-5327-40bb-96ff-c0153c52239e,whatsapp,primary_dataset,whatsapp,"Data not secure, uninstall WA",2021-01-25T19:46:09Z,0,en,1
e4809159-bd0d-4bb5-a6f4-770d7e0644eb,whatsapp,primary_dataset,whatsapp,"Privacy, mortgaged, but since there's a grum college that's forced to remain intact, it's probably next month to SIGNAL.",2021-01-25T19:21:11Z,0,en,1
188e3f64-e1b8-4986-8a6e-76f94edc7c9d,whatsapp,primary_dataset,whatsapp,Sata keea with his new policy,2021-01-25T19:14:54Z,0,en,1
0dec1e93-0bef-42af-9a26-f5b78e52c2a1,whatsapp,primary_dataset,whatsapp,"pngen sharelok aj GPS mulu error, lemot WA bojot",2021-01-25T19:01:09Z,0,en,1
696b7f5c-80d2-48a1-b1c7-8b6d818dc350,whatsapp,primary_dataset,whatsapp,Look at the review. Someone's afraid of hacking. Someone's disagreeing with WA&fb's data.,2021-01-25T18:57:53Z,0,en,1
197a17ea-162f-4466-aaf5-6d9b9af9000b,whatsapp,primary_dataset,whatsapp,"Why is it that when I clean up a chat in one of the groups arrives, all my chats are gone, and some important data in the group is gone.",2021-01-25T18:53:19Z,0,en,1
b3ee4d89-c1d8-4b31-afcc-40f494d53202,whatsapp,primary_dataset,whatsapp,"Whatsapp is getting weirder, the time to give his personal data to Facebook I want to go online",2021-01-25T18:32:04Z,1,en,1
53588172-5789-40e1-bc6d-fb53366c58ef,whatsapp,primary_dataset,whatsapp,"Disappointed too... for those who don't like whatsApp's policies don't bother, just delete the account and then uninstall the app... then move on to another.",2021-01-25T18:20:10Z,0,en,1
ac3309ca-859a-4169-9251-3faf5fb133d8,whatsapp,primary_dataset,whatsapp,More Privacy?,2021-01-25T16:39:53Z,0,en,1
67978203-a601-4b95-82ca-fff7f3e603eb,whatsapp,primary_dataset,whatsapp,Respect people's privacy,2021-01-25T16:37:34Z,0,en,1
a0383354-e54a-4438-b951-916d09777341,whatsapp,primary_dataset,whatsapp,"Don't download it. If you transfer your privacy, it'll be distributed to the fb and others.",2021-01-25T16:27:37Z,0,en,1
b0416bfd-aa32-4483-a452-98eeca7a42e9,whatsapp,primary_dataset,whatsapp,"Mon sorry for the depeloper. I've made it so unprivate, but in the wash my girlfriend once I'm in, please fix it, don't make it difficult for people to get involved.",2021-01-25T15:10:50Z,2,en,1
cf73085f-89a6-4f26-b2c4-dcb5c7dd8e43,whatsapp,primary_dataset,whatsapp,The privacy has begun to wear off... 1 star,2021-01-25T15:08:06Z,0,en,1
f4895b2f-7396-46a7-bab8-d5d14d989424,whatsapp,primary_dataset,whatsapp,"After the recent version of whatsapp, the camera in whatsapp can't full screen which causes feelings that are not good enough to take photos.",2021-01-25T14:30:31Z,1,en,1
74779361-4a88-4561-a908-7f21f8547942,whatsapp,primary_dataset,whatsapp,The Usage Application... for user privacy must be approved so that all data can be seen by the aplicator...,2021-01-25T14:08:57Z,0,en,1
e6c2f9f7-6b54-4e08-8753-ac8a4a8e9be8,whatsapp,primary_dataset,whatsapp,"He was in the blind on anything, save in the back, a lot of my data work, but in the medical room, there's no phone.",2021-01-25T14:03:21Z,0,en,1
5f9719b4-e1fa-43a4-b0eb-1f684588420c,whatsapp,primary_dataset,whatsapp,It's so bad... it's ugly and ugly... it's bad now... since there's an illogical policy... do you want to be uninstalled by all the disappointed world users????,2021-01-25T13:46:42Z,0,en,1
154c8793-6e9a-4927-b28e-7a394f528292,whatsapp,primary_dataset,whatsapp,The privacy of people you don't have to deal with...,2021-01-25T12:48:56Z,0,en,1
d5cc364d-5ab6-4c6d-bd21-293a1be3dfe7,whatsapp,primary_dataset,whatsapp,It's not safe for data confidentiality.,2021-01-25T12:08:32Z,0,en,1
29739534-b23c-42e1-93e6-501696c61669,whatsapp,primary_dataset,whatsapp,"Forced updet, will my personal data be safe?",2021-01-25T11:54:31Z,0,en,1
71367bcc-532a-4c13-a0e5-7fbefeecdc02,whatsapp,primary_dataset,whatsapp,"Your privacy policy period is ridiculous. Right, mark sucks.",2021-01-25T10:30:47Z,0,en,1
f74447d5-3a0a-4948-9743-645da4c65074,whatsapp,primary_dataset,whatsapp,Privacy is not secure,2021-01-25T09:26:50Z,0,en,1
64229449-91b3-4547-925f-97766229341c,whatsapp,primary_dataset,whatsapp,No share pivasi to another app...,2021-01-25T09:08:00Z,0,en,1
b8ee90e4-5d2a-40f7-a211-524ef3751e79,whatsapp,primary_dataset,whatsapp,Can you save our privacy ?,2021-01-25T09:00:47Z,0,en,1
bb7260b5-261f-4a10-9c46-34b0a49e4138,whatsapp,primary_dataset,whatsapp,Take away his privacy from much of the Unistal bodoooo!!!!,2021-01-25T08:34:03Z,0,en,1
fd00d663-8f94-44f9-9e22-5ff8a6cce2aa,whatsapp,primary_dataset,whatsapp,"Hello developer this application is good but please make developer so that when I look at the status of the person on the 3G network, it's very moderate.",2021-01-25T08:31:25Z,0,en,1
800f7e2a-cdf5-437d-bac6-f02c93e1001d,whatsapp,primary_dataset,whatsapp,How come after the update share story had a friend who didn't seem to be able to fix it,2021-01-25T08:17:04Z,0,en,1
9668e746-a6c8-4e43-8046-6fd540bbd041,whatsapp,primary_dataset,whatsapp,Lack of privacy.,2021-01-25T05:52:48Z,0,en,1
bdcc918a-ad96-4858-915d-4393895e02fa,whatsapp,primary_dataset,whatsapp,The application is reduced to bad quality..so that save gmbr ...ssh you want to re-sharing gmbr sent lwt wa...must 1/1 ...can not be at once....please fix it again,2021-01-25T05:21:53Z,0,en,1
82ce5c76-0c53-451f-aa63-18def6df010f,whatsapp,primary_dataset,whatsapp,"fontcolor="" # FFFF00""fortunatelywiththis telegram fontcolor="" # FFFF00""w fontcolor="" # FFFF00""wa fontcolor="" # FFFF00""cannotkeep privacy fontcolor="" # FFFF00""notif anyoneis wrong fontcolor="" # FFFF00""try fontcolor="" # FFFF00""whowillbe responsible?",2021-01-25T04:45:25Z,0,en,1
932d4564-bc9d-48f3-adf8-90e6c3192268,whatsapp,primary_dataset,whatsapp,We're ready to get rid of the people's cell phones.,2021-01-25T01:00:54Z,1,en,1
e34c3e3c-9e8b-4b21-8cb3-10962f33b79f,whatsapp,primary_dataset,whatsapp,Now privacy policy is very damaging to users because it has to be shared with Facebook,2021-01-25T00:54:09Z,1,en,1
2da55034-fcfb-487b-b831-23015e82c2ae,whatsapp,primary_dataset,whatsapp,The latest WhatsApp can't appreciate individual privacy.,2021-01-24T23:40:03Z,0,en,1
1665fb60-1f9f-4ffb-9670-7d29a9b6a8e1,whatsapp,primary_dataset,whatsapp,"The older the data gets, the more I've deleted the data.",2021-01-24T23:37:06Z,0,en,1
64ffbe85-ecfd-46c2-ad8b-4430b4b6cb9a,whatsapp,primary_dataset,whatsapp,Please reconsider your new policy.,2021-01-24T23:22:49Z,0,en,1
af76f727-f33f-4eee-852b-1c78a42cb3e3,whatsapp,primary_dataset,whatsapp,"All of a sudden there's an unknown tip coming in and asking for money transfers, why whatsapp is now making it uncomfortable, plus a new policy, ready to move on to something more private.",2021-01-24T23:21:29Z,0,en,1
0ed3ebd7-37b6-4ba1-85dd-8ba74b82d47b,whatsapp,primary_dataset,whatsapp,"Wait a minute. If the new policy stays, good bye.",2021-01-24T22:53:04Z,0,en,1
1e07e52b-cce0-4a04-9115-93801419176f,whatsapp,primary_dataset,whatsapp,What's the effect of cooperation with Facebook?,2021-01-24T21:28:56Z,0,en,1
a358981c-36ca-4cb8-8531-c3f754822f7f,whatsapp,primary_dataset,whatsapp,Why is GK private now?,2021-01-24T21:23:24Z,0,en,1
e367132b-4cb1-4286-86a9-4074fc492cab,whatsapp,primary_dataset,whatsapp,It turns out that it's back on Facebook... pick up 'cause it's a pub with most commercials and data privacy... it's been added to the fb...,2021-01-24T21:13:46Z,0,en,1
0ae90833-1a90-4c17-bcfc-1b66a538c4e9,whatsapp,primary_dataset,whatsapp,Ane wants uninstallable if user privacy uploaded on facebook,2021-01-24T21:02:39Z,3,en,1
bfc43abf-068e-410c-838e-d56891469d9e,whatsapp,primary_dataset,whatsapp,RIP PRIVACY,2021-01-24T19:52:58Z,0,en,1
73ca0c9e-b75b-405e-9cc9-06ebb7b120c8,whatsapp,primary_dataset,whatsapp,It's ugly... even sharing the same facebook data,2021-01-24T19:48:24Z,0,en,1
c3e04218-7327-4045-8a5e-f77ce66b5d6a,whatsapp,primary_dataset,whatsapp,"Your data wants to be sold to loan sharks, move to other apps.",2021-01-24T19:36:54Z,0,en,1
461b52db-6ee1-4a58-8ea5-22030be34993,whatsapp,primary_dataset,whatsapp,"Uninstall with kuy, the news is they're not safe anymore because February 5th needs to be connected to Facebook.",2021-01-24T18:51:22Z,0,en,1
7b579bf3-c7c6-4106-b8ba-3372d4aaad26,whatsapp,primary_dataset,whatsapp,"Be careful in various files, let alone very private.",2021-01-24T18:12:15Z,0,en,1
bd972826-4f8a-48bd-9d01-14fdc2d9052b,whatsapp,primary_dataset,whatsapp,It's not good. It's not good. It's not good.,2021-01-24T16:49:31Z,0,en,1
7988db2d-12ec-49bf-b3ad-91f6db6a154c,whatsapp,primary_dataset,whatsapp,Since krja is with facebook app whatsaap is getting goblog..reinstalling sjj is hard that it's tea...adakh app create easier chats so...tuk y?,2021-01-24T16:27:17Z,0,en,1
025113c1-8b3a-49c9-87bf-dc44b72d3660,whatsapp,primary_dataset,whatsapp,Just erase the policy. It's so unwise.,2021-01-24T14:58:48Z,0,en,1
823b1ea0-afcf-4a71-99ff-1ce9b8a58ea4,whatsapp,primary_dataset,whatsapp,At WhatsApp I've always been reminded I have to log on to Facebook when I don't have a Facebook account.,2021-01-24T14:39:09Z,0,en,1
9bd987f3-631a-4512-8115-58eb8347412a,whatsapp,primary_dataset,whatsapp,Privacy,2021-01-24T14:23:23Z,0,en,1
1d417368-ff82-4679-b107-43972fa5f03d,whatsapp,primary_dataset,whatsapp,"Let's see on February 8th, is our privacy data in UP to Facebook?",2021-01-24T13:59:34Z,1,en,1
3dc77132-e755-4229-af5c-152af3a26be0,whatsapp,primary_dataset,whatsapp,The data-taking applications are pretty good.,2021-01-24T13:21:16Z,0,en,1
f9e44604-1d83-4df0-b462-6eb76f27b7af,whatsapp,primary_dataset,whatsapp,The policy application is so barking!!!!!,2021-01-24T12:28:37Z,0,en,1
536c558f-90cb-4690-8323-947cb338f4ea,whatsapp,primary_dataset,whatsapp,The exclamation point is a lot of fun. &lt;br /&gt;The others are like idiots. &lt;i&gt;This also started threatening user privacy data. &lt;/i&gt; &lt;i&gt;Be careful!,2021-01-24T12:06:47Z,1,en,1
0a6fe5a3-e62b-4598-81b7-a20fa000a8b0,whatsapp,primary_dataset,whatsapp,Privacy can leak the possibility,2021-01-24T12:05:45Z,0,en,1
7bb0989a-c7d1-4c1b-9d00-4161fb2cee1a,whatsapp,primary_dataset,whatsapp,Skip doesn't appreciate privacy anymore.,2021-01-24T12:02:43Z,0,en,1
28972e4d-10d6-42c0-9e46-51fdb1b05647,whatsapp,primary_dataset,whatsapp,"There's no privacy in this application, just transfer the telegram.",2021-01-24T12:00:41Z,0,en,1
93420e41-ffb4-4b14-a130-56fb99c2883f,whatsapp,primary_dataset,whatsapp,G USAH FOR OUR PRIVATE DATA IN FACEBOOK YA..WAK KALO IS STILL FOR GW Nl APK TEMPELENGER,2021-01-24T11:25:30Z,0,en,1
cc6565f3-0e16-4c33-aa43-8d33b4e7f19a,whatsapp,primary_dataset,whatsapp,Give me back my privacy.,2021-01-24T10:55:20Z,0,en,1
1db89400-4d89-4472-8392-484b24ddf426,whatsapp,primary_dataset,whatsapp,I can't use whatsApp anymore. My job is using WhatsApp. Please fix the bug or take care of the hacker.,2021-01-24T10:43:47Z,0,en,1
41bf3226-ff16-4513-bd5f-6acaedf18ef0,whatsapp,primary_dataset,whatsapp,Secretly trying to steal the user's data,2021-01-24T10:42:29Z,0,en,1
183d9772-15d2-467c-83fd-2e459f52371f,whatsapp,primary_dataset,whatsapp,KLO is given privacy policy. I'm going to move to the next application.,2021-01-24T10:42:20Z,0,en,1
fa5d3698-2f86-4638-bc14-754b53a6030d,whatsapp,primary_dataset,whatsapp,My data is not for sale.,2021-01-24T10:36:51Z,0,en,1
6fceae3e-6c1c-44f2-b836-e5eac1bdd850,whatsapp,primary_dataset,whatsapp,The new privacy policy amazes me,2021-01-24T09:10:08Z,1,en,1
abd7d27e-aa02-4d49-94b9-e21e66ab6002,whatsapp,primary_dataset,whatsapp,"Will bner data"" on whatsApp application be shared to Facebook, please answer",2021-01-24T08:52:57Z,0,en,1
55df055f-9d27-4276-a113-b55c20323971,whatsapp,primary_dataset,whatsapp,"What is this, a new Privacy Policy!!, get away from all of these applications!!!, Strange is everything strange!",2021-01-24T08:21:59Z,2,en,1
0a500a70-85d1-431b-8ecc-a6da5b50937e,whatsapp,primary_dataset,whatsapp,No privacy for users so was used whateversap fear of personal data spread out,2021-01-24T07:58:38Z,0,en,1
3de7a0aa-4efd-45f5-8fd0-9685ccbc35d9,whatsapp,primary_dataset,whatsapp,More and more will move applications if security status (data to facebook) is implemented.,2021-01-24T07:48:50Z,0,en,1
2d4ce18e-d4d1-41ef-b3cf-8da32189bc0c,whatsapp,primary_dataset,whatsapp,Unsafe privacy policy.,2021-01-24T07:26:38Z,0,en,1
20b70018-e37d-4c52-9a28-7346ef3fa3f0,whatsapp,primary_dataset,whatsapp,Privacy,2021-01-24T07:17:20Z,0,en,1
0c43fa7e-4413-4868-8d3c-45ca28e4c9b9,whatsapp,primary_dataset,whatsapp,What are you doing? Why do you want to sell people's personal data? &lt;i&gt;I can't do my own work!&lt;/i&gt; &lt;i&gt;What are you doing? &lt;i&gt;What are you doing? &lt;/i&gt; &lt;i&gt; Why are you selling private data? &lt;/i&gt; &lt;i&gt; Retired by this application! &lt;/i&gt; &lt;i&gt; Welcome to BIP! &lt;/i&gt; &lt;i&gt; &lt;i&gt; Thank you! &lt;/i&gt;,2021-01-24T07:08:45Z,0,en,1
688a3daa-332a-4d02-9d9a-a052506dd13a,whatsapp,primary_dataset,whatsapp,The security of privacy data is getting less secure.,2021-01-24T06:38:56Z,0,en,1
5111c0d8-95d9-41c7-8500-bc1ec2332a09,whatsapp,primary_dataset,whatsapp,"fontcolor="" # FFFF00""whatsApp from facebook fontcolor="" # FFFF00""soifyou'reat update at WA fontcolor="" # FFFF00""there'sa fontcolor="" # FFFF00""there'stobeboved withtheFB fontcolor="" # FFFF00""theremustbe a rich IG optionto bessharedinFB fontcolor="" # FFFF00""so fontcolor="" # FFFF00""therecan'talso besured fontcolor="" # FFFF00""whichmakestomakes privacy fontcolor="" # FFFF00""",2021-01-24T06:07:13Z,7,en,1
10789443-1f21-49c6-998d-3e8f7c2490d5,whatsapp,primary_dataset,whatsapp,"Disappointed suddenly to stop the application and had to update, and after seeing many reviews disagreed with the policy that came after being updated for harming the user",2021-01-24T05:50:20Z,0,en,1
030bd4db-6071-4614-ac4c-611421cf11a9,whatsapp,primary_dataset,whatsapp,Privacy,2021-01-24T05:46:25Z,0,en,1
5aeac7de-ec71-4def-8226-0d162e13973b,whatsapp,primary_dataset,whatsapp,Privacy,2021-01-24T05:16:00Z,0,en,1
5300d526-70f7-476d-8614-1412e61f93a3,whatsapp,primary_dataset,whatsapp,"Long time ago the fate of this apk is like abk BBM, Cook Customer Data Shared Facebook What's the use of Privacy woe",2021-01-24T04:20:12Z,0,en,1
19c9f3ec-7f20-4630-acb0-533b40c7c9e1,whatsapp,primary_dataset,whatsapp,Why did you have to ask for the database?,2021-01-24T03:32:46Z,0,en,1
e3701bc3-b41a-4762-8834-b632b059affb,whatsapp,primary_dataset,whatsapp,"I'd like an update, but I'm not sure if I'm going to review everyone whose data says it's moving, but I'd like an update. But if the review is bad, I'll leave it to you first.",2021-01-24T03:17:58Z,0,en,1
30e0b389-1b1f-4a1e-9acd-b0154b3c6be5,whatsapp,primary_dataset,whatsapp,"it is like, we dont have any privacy here",2021-01-24T02:51:54Z,0,en,1
9b21a6b5-ae87-41b6-b09d-82e7d7e85cc1,whatsapp,primary_dataset,whatsapp,Save my privacy,2021-01-24T02:36:35Z,0,en,1
2e604bbb-2739-477a-bc8a-651b7f92771b,whatsapp,primary_dataset,whatsapp,Why are you working with Facebook? I hate facebook.,2021-01-24T02:31:58Z,0,en,1
128937f8-fac4-4d4b-946c-7b9a250b748d,whatsapp,primary_dataset,whatsapp,Privacy is worried.,2021-01-24T02:01:41Z,0,en,1
8a1d9aea-4a3b-49dc-9ae7-b48a409e4ad8,whatsapp,primary_dataset,whatsapp,"Well, it used to be a while ago, but the more you tell them to give you the data first. Sometimes the status errors just make you bug, the more the update gets worse.",2021-01-24T01:46:28Z,0,en,1
d54744ed-abca-49f2-9af4-9b98bb2e9110,whatsapp,primary_dataset,whatsapp,Respect people's privacy,2021-01-24T01:33:07Z,0,en,1
e19fd683-3655-4e0a-91ef-ea2c24824a0e,whatsapp,primary_dataset,whatsapp,Private privacy privacy privacy privacy,2021-01-24T01:27:00Z,0,en,1
265b2d16-cdf6-49e0-bb12-e9d5c6996b5a,whatsapp,primary_dataset,whatsapp,Facebook is a lot of hackers,2021-01-24T01:07:39Z,0,en,1
c34089c9-ac0e-40e6-bcd6-23060358376d,whatsapp,primary_dataset,whatsapp,The privacy is correct.,2021-01-24T00:57:25Z,2,en,1
ff4f0652-480c-4b7c-93ac-3e84f5699839,whatsapp,primary_dataset,whatsapp,Her policy is too pressing on her personal privacy,2021-01-24T00:21:37Z,0,en,1
79ee2c64-c189-46f8-92ad-22ebc6e093e8,whatsapp,primary_dataset,whatsapp,"Bad forma verivisa jeglek sek gae wa pc o I flash we geludd, #WA break up to ae #samplok e mlu facebook mlh kyo ngne sek due ndi to let tempuk turann",2021-01-23T23:40:06Z,1,en,1
356a4417-9251-47eb-9ac7-7f431e750a02,whatsapp,primary_dataset,whatsapp,There was a message sent to someone else but I didn't send it.,2021-01-23T22:25:14Z,2,en,1
b2a6e2cb-af8b-45e2-bf0a-ef183da5e6af,whatsapp,primary_dataset,whatsapp,"I'm very disappointed by whatsapp, after there's a new policy, apk I often bug and err.",2021-01-23T22:17:16Z,0,en,1
c78f266f-eb0f-477e-b711-8200fdbc2cba,whatsapp,primary_dataset,whatsapp,"Tell them to provide data protection, if you share data on Facebook, Facebook is often broken into.",2021-01-23T22:07:57Z,0,en,1
74a12ef2-08cd-4510-a68c-88bcdf4672fc,whatsapp,primary_dataset,whatsapp,It's rumored that the user's privacy started in the katik box. It's starting to get upset.,2021-01-23T21:59:21Z,0,en,1
21d67ce2-1f19-4a1a-991e-912a2fc1caef,whatsapp,primary_dataset,whatsapp,Bad policy.,2021-01-23T21:47:00Z,0,en,1
c2dd43d7-75aa-44ab-9286-bf6eef5cddf9,whatsapp,primary_dataset,whatsapp,"These days whatsapp apps are like kmren, like stories, they're colored no more whatsapp can, now they can't do it, sometimes apload of tick stories, don't know whatsapp is, and now it has to be one Facebook issue.",2021-01-23T21:32:04Z,19,en,1
6181945d-5dd4-4a57-bdf9-6700f97fee5f,whatsapp,primary_dataset,whatsapp,Be careful with this one application because it gets to steal your data.,2021-01-23T21:08:52Z,0,en,1
ad415781-5e1f-4139-acc0-62422253e655,whatsapp,primary_dataset,whatsapp,Now it's because of wa policy. &lt;br /&gt;Now people's data can be seen by all people. &lt;/i&gt; &lt;i&gt;It's the same as leaking the user's identity. &lt;i&gt;lt;/i&gt; &lt;i&gt;It's a bit disappointed with applications since the policy! &lt;i&gt;&lt;/i&gt;,2021-01-23T21:03:35Z,0,en,1
54406493-00d2-4818-8c3a-d8a7f6e7aa9e,whatsapp,primary_dataset,whatsapp,Why does a synced-up video of a contact friend always not go to detection along with its internal storage? Is it a bug?,2021-01-23T21:00:17Z,0,en,1
d256459f-68c4-4121-aeaf-29fbf4974387,whatsapp,primary_dataset,whatsapp,RIP Privacy,2021-01-23T20:39:04Z,0,en,1
48edcfee-8885-446f-84bb-32bf21fb2831,whatsapp,primary_dataset,whatsapp,privacy policy,2021-01-23T19:53:21Z,0,en,1
8f21a146-35e2-4f75-a98d-bbb0842ed350,whatsapp,primary_dataset,whatsapp,"I've been knocked around lately, and all I've been ploughing his policies and I don't think I've broken them but why I'm locked up, please explain it.",2021-01-23T19:52:31Z,1,en,1
1945f41d-6663-4461-8a6e-07ba3fce2354,whatsapp,primary_dataset,whatsapp,"Please return what's app like 2017.whatsapp is weird now, privacy is the same address we requested. Can you see our IP address.",2021-01-23T19:36:48Z,0,en,1
5c5ad4ef-b198-47d6-93b8-bbf51a1bd274,whatsapp,primary_dataset,whatsapp,"The more you get here, the less you're gonna wear because of an update on privacy policy.",2021-01-23T19:19:06Z,0,en,1
09055b52-23f1-49ed-9718-5a13de4b9050,whatsapp,primary_dataset,whatsapp,Privacy is important . . . . . founder and ceo whatsapp .,2021-01-23T19:15:43Z,0,en,1
9f2c97db-1a16-47ab-aaad-6f5e9da9776e,whatsapp,primary_dataset,whatsapp,You know something called *privacy*,2021-01-23T18:51:47Z,0,en,1
8f503800-3e75-4889-bef7-e516cf067eb3,whatsapp,primary_dataset,whatsapp,"Bad, data in my WA share to the FB.",2021-01-23T18:47:34Z,0,en,1
120df427-04ab-4f3d-8fd3-3d54ecc89403,whatsapp,primary_dataset,whatsapp,PRIVATION PACAT PROGRAM,2021-01-23T18:29:33Z,0,en,1
d3857c3f-3cc4-44e1-9001-144ded553dd2,whatsapp,primary_dataset,whatsapp,"Please cancel the WhatsApp user's personal data. I'm just avoiding Facebook because my Facebook has been hijacked by an unknown person... Please listen to WhatsApp's user's complaints, whatsapp's personal data is not supposed to be shared with Facebook or other social media.",2021-01-23T18:24:06Z,0,en,1
e68c5953-c2b4-4eb4-af19-5e3e18fb9e37,whatsapp,primary_dataset,whatsapp,Share privacy is bad.,2021-01-23T18:23:45Z,0,en,1
b8541b0e-b72a-4001-b0ce-1830ee1f8499,whatsapp,primary_dataset,whatsapp,Stop updateing whatsapp.Species facebook. Many accounts were stolen by hackers even if they were for kicks at first. But believe it or not our database will be given access to facebook when you click an update.,2021-01-23T18:22:02Z,0,en,1
602241e1-c586-4403-a504-c6cd060a4767,whatsapp,primary_dataset,whatsapp,Whatsapp is dangerous on both the Android's phone and the Apple's phone because take our vital data!!!!!!!!!!!!!!!!!!!!!!!!!!!!!!!!!!!,2021-01-23T17:54:37Z,0,en,1
6da85681-6017-4dca-a62a-08d37aecedc9,whatsapp,primary_dataset,whatsapp,Please protect the user's privacy,2021-01-23T17:44:02Z,0,en,1
7c41b664-f985-4db9-bc42-4d4d17d3bcdc,whatsapp,primary_dataset,whatsapp,What the hell is this! all of a sudden the backup settings every month.. try cri the way Googled no one made it. please return the data. lt's important.,2021-01-23T17:19:30Z,0,en,1
58be70db-46cf-4fa8-aed7-31e742be7519,whatsapp,primary_dataset,whatsapp,USER DOESN'T HAVE PRIVATION!!! AND THIS IS VERY RELIGIVE!!!! WASSPARE!!,2021-01-23T17:17:56Z,0,en,1
80b8dcec-ef87-40b5-a69c-7a4ae6ae7b2a,whatsapp,primary_dataset,whatsapp,Be careful of your privacy. It's our right to human rights.,2021-01-23T17:09:09Z,0,en,1
733d7c98-b243-4701-b3c0-8614e2c2f3fa,whatsapp,primary_dataset,whatsapp,"I gave you the 1st star because, slowly and slowly, to get in first had to be analyzed, not good apps, to the WhatsApp party whether or not to report an app to PlayStore after that why a lot of data is leaked to an unknown party",2021-01-23T16:56:15Z,0,en,1
fa5275d5-d66a-47e5-a25d-7eadf97c76bf,whatsapp,primary_dataset,whatsapp,"Ugly now walet, can't keep customer privacy",2021-01-23T15:56:31Z,0,en,1
72c88469-955c-4151-a914-fd8b800469a0,whatsapp,primary_dataset,whatsapp,Privacy is bad,2021-01-23T15:43:34Z,0,en,1
53751ce3-39df-4ff3-9dcc-560a3600a418,whatsapp,primary_dataset,whatsapp,Safe privacy gada,2021-01-23T13:51:16Z,0,en,1
960c6304-72f6-4799-9fd7-d41fd324363e,whatsapp,primary_dataset,whatsapp,Facebook conspiracy,2021-01-23T13:37:59Z,0,en,1
e54a268f-dd53-451f-abc5-b8863641c66b,whatsapp,primary_dataset,whatsapp,It's a facebook defeat.,2021-01-23T12:55:52Z,13,en,1
8b391317-f348-4e3e-94eb-4df50841feea,whatsapp,primary_dataset,whatsapp,"Privacy is not awake, moving to beep better",2021-01-23T12:38:27Z,0,en,1
844332a3-9760-4014-88f4-8887ace0c32d,whatsapp,primary_dataset,whatsapp,So it's weird when it's verifdata to a pacebuk,2021-01-23T12:08:48Z,0,en,1
46fc791e-8806-4b93-8b5f-01b0dc96c96e,whatsapp,primary_dataset,whatsapp,New policy hurts.,2021-01-23T12:02:35Z,0,en,1
4fd0067f-5b39-48aa-8af6-bc0e091da746,whatsapp,primary_dataset,whatsapp,Privacy is very important,2021-01-23T11:38:45Z,0,en,1
7e7b6680-a3f8-4340-9cfb-0f9addc59eaa,whatsapp,primary_dataset,whatsapp,I'm ready to use the telegram after updates on whatsup about privacy to faceboock.,2021-01-23T11:37:47Z,0,en,1
e5af10f8-70dc-4c19-95e0-4c639e1945df,whatsapp,primary_dataset,whatsapp,Don't steal our data,2021-01-23T11:37:22Z,0,en,1
a93e227a-7289-468a-8241-15a6c3cec29c,whatsapp,primary_dataset,whatsapp,Applications where Chat and your privacy data can be kidnapped,2021-01-23T11:01:22Z,0,en,1
1650102f-7457-4606-9c36-c4bcb27b286e,whatsapp,primary_dataset,whatsapp,"I totally disagree, with the new WhatsApp privacy polycy!",2021-01-23T10:43:10Z,0,en,1
e7d859b9-9a70-40cf-906d-3a6bf82b9655,whatsapp,primary_dataset,whatsapp,How can I see how I can't see vidio when I still have 3Gb data? So I uninstalled it. I don't want to do it anymore.,2021-01-23T09:43:42Z,2,en,1
c7fd1a91-0dce-4c49-80db-0a9be3ab96e1,whatsapp,primary_dataset,whatsapp,Yuhuu whtasapp how's the user's security??,2021-01-23T09:29:50Z,0,en,1
ea9b27ce-72a5-4157-8b53-adc6105624c4,whatsapp,primary_dataset,whatsapp,"Just wait for the future, it will be left behind by the user because there are too many complicated policies... and it will definitely experience something like the blackbarry masnger left behind.. let's not make the policies that trouble users... there are so many users at this time. If this is going to continue, it's going to be left here.",2021-01-23T08:58:13Z,105,en,1
7c6e64a7-4624-462f-9d22-96352d8ef138,whatsapp,primary_dataset,whatsapp,It's selfish of me to give you a policy that requires everyone to agree. &lt;br /&gt;You're getting a lot more and more and more and more and more and more and more and more. &lt;i&gt;You can't do this. &lt;/i&gt; &lt;i&gt;You can't do this.&lt;/i&gt; &lt;i&gt;You can't do this. &lt;i&gt;You can't do it.&lt;/i&gt; &lt;/i&gt; &lt;i&gt; I can't do it. &lt;i&gt;lt;/i&gt; &lt;/i&gt;,2021-01-23T08:48:06Z,0,en,1
ee840b82-7563-4e6c-8a40-47d90504fa6f,whatsapp,primary_dataset,whatsapp,Why are we channeling our data to the FB?,2021-01-23T07:47:09Z,0,en,1
1d8f0269-859f-4720-8c83-f3108f3c92d3,whatsapp,primary_dataset,whatsapp,"This isn't an update, all the data can't be posted, please give me an input,",2021-01-23T07:23:12Z,0,en,1
5911da65-3be8-404e-bf5c-133f64d268b4,whatsapp,primary_dataset,whatsapp,That's why we don't agree with the database of the fb baundata wa we're taken so we're either bugging or lag and lemot kl wifi or 4g teptep lag,2021-01-23T06:58:51Z,0,en,1
141ae903-05e6-409b-9194-b84bb1ff418b,whatsapp,primary_dataset,whatsapp,"Go to signal and telegram, where there are new privacy regulations plus always from facebook",2021-01-23T06:35:55Z,0,en,1
9123deb9-7ad6-4a38-a569-a83f036cfbe8,whatsapp,primary_dataset,whatsapp,"My WA account has been hacked into by people, please ask the WA to remove and shut down my account, because the number is expired, and now it's being used by an irresponsible person. Since the time I was hacked into my account I didn't recommend the WA to the Indonesian community because it's easy to get rid of the name and hack the account for use. I hope that people are not responsible it can continue.",2021-01-23T05:42:03Z,1,en,1
486eca54-ba88-46a9-be63-e74b3016895a,whatsapp,primary_dataset,whatsapp,Tsi policy,2021-01-23T05:34:33Z,0,en,1
91f2ba03-13d3-41e8-aeed-d4e6a17f8f0a,whatsapp,primary_dataset,whatsapp,"Uncomfortable. Since privacy is shared by the fb for less reasonable reasons, let's hope it can be fixed.",2021-01-23T05:33:54Z,0,en,1
3725b546-b554-4c19-a73c-6a3ab9e02306,whatsapp,primary_dataset,whatsapp,Why should privacy be divided into others?,2021-01-23T05:29:14Z,0,en,1
7909f5f0-36cc-479a-9c44-2051f02d82a3,whatsapp,primary_dataset,whatsapp,"I'm back at BBM. Disappointed by whatsapp. Instead, it's connected to Facebook, starting next month.",2021-01-23T05:12:14Z,0,en,1
100897cf-da98-4c06-872b-38e5fd9289ed,whatsapp,primary_dataset,whatsapp,I don't care if you don't believe me.,2021-01-23T05:05:45Z,0,en,1
f0c5e404-4b88-4b80-a4ed-7b88ca84c898,whatsapp,primary_dataset,whatsapp,"For the WhatsApp please don't use regard to Facebook accounts, because a lot of important privacy data, why is it published to Facebook? it's obvious that Facebook can't maintain privacy, a lot of hackers, it's in keeping privacy.",2021-01-23T04:54:55Z,1,en,1
08eecf1e-32d5-4f04-bab7-fefdd94e15e6,whatsapp,primary_dataset,whatsapp,Bye whatsapp... your policy has gone too far..,2021-01-23T04:28:51Z,0,en,1
1f9e4144-1e24-4d0a-bcbe-1a38e4de6eb6,whatsapp,primary_dataset,whatsapp,NOW FACEBOOK WATSAPP A LOT OF HACKER!!!!!!,2021-01-23T03:06:01Z,0,en,1
7604f551-4bde-4b77-aaff-d2a0955e742b,whatsapp,primary_dataset,whatsapp,"Hmmmm why did I suddenly get the notif that my chat was on the way? While it was obvious"" I set the ""only when I knocked the backup"" option. Is this really whats app stole the data?",2021-01-23T02:12:22Z,0,en,1
21f08027-6261-4667-9b39-45e724765c08,whatsapp,primary_dataset,whatsapp,"Before the update picked up my personal information, I gave you a five-star star, but since the update, I've been forced to give you one star because it's disappointed with WhatsApp's latest policy rule.",2021-01-23T00:49:19Z,0,en,1
1a6e1e85-222c-4f35-8989-b5a8199c02bb,whatsapp,primary_dataset,whatsapp,Gonna get some data ora.,2021-01-23T00:05:16Z,0,en,1
baf65c21-83fe-4726-b1a2-c4c014b39ac8,whatsapp,primary_dataset,whatsapp,user data g is secure,2021-01-22T23:38:31Z,0,en,1
a68f9a68-bf8c-44bf-aa2c-928a17721c61,whatsapp,primary_dataset,whatsapp,Whatsapp? Take a turn. Turn around.,2021-01-22T23:30:35Z,0,en,1
14969198-f30b-46fa-b022-e5523cda6920,whatsapp,primary_dataset,whatsapp,Privacy became public,2021-01-22T23:21:22Z,0,en,1
7c9cf4c2-81fd-4ecc-b5ff-de1a8ce66450,whatsapp,primary_dataset,whatsapp,"fontcolor="" # FFFF00""who's still making in app, fontcolor="" # FFFF00""aqrecognitionmore fontcolor="" # FFFF00""!!! sendfiles,files, fontcolor="" # FFFF00""&lt"" # FFFF00""makecamerasinyourphoneclosefor duct tape!!!!! fontcolor="" # FFFF00""The Nasasitehas easily broken into!!!!!! fontcolor="" # FFFF00""Whatmoresitetheycreatedalone!!!!!!!!!!",2021-01-22T22:39:36Z,0,en,1
7fa71087-f515-4f18-ab90-25acb656020b,whatsapp,primary_dataset,whatsapp,I've had the same thing for a few days. It's not like the sound of his mouth on video. It's slow for a few minutes.,2021-01-22T22:34:06Z,2,en,1
e096a278-1606-47b9-8b37-f72d3a793004,whatsapp,primary_dataset,whatsapp,"I wonder... since whatsapp shared the data with facebook, why would anyone try to break my whateversapp?",2021-01-22T22:23:06Z,0,en,1
f0cecb0d-d72d-4fda-acb8-33a70c21e179,whatsapp,primary_dataset,whatsapp,The data's not safe.,2021-01-22T22:04:54Z,0,en,1
dc98d4ca-15c9-4af4-8aa1-436c3ed5e6a2,whatsapp,primary_dataset,whatsapp,"Well, it's been a long time since he's been here.",2021-01-22T21:52:52Z,0,en,1
65314d8f-20a9-4822-8892-74e40a6b442c,whatsapp,primary_dataset,whatsapp,"Why update, if the data is all gone, don't always update, it's enough with such old whatsapp better",2021-01-22T21:43:32Z,0,en,1
b32637d2-697b-4e6b-a6e4-796e9b23d873,whatsapp,primary_dataset,whatsapp,"Messed up this wa after privacy policy, the period of whatsApp use can be found in Google",2021-01-22T20:28:02Z,0,en,1
047d68d2-2b9a-458f-9987-7307d64556bd,whatsapp,primary_dataset,whatsapp,"Why deny temporary recovery, chat and data on contact/group delete all so my wa look is like a login?, why and what is this, explain!!!",2021-01-22T19:56:46Z,0,en,1
fc198d81-ec6a-4a75-aeae-94a8ecbe589f,whatsapp,primary_dataset,whatsapp,"Listen, we're thinking of taking the data to fb. Yeah. So we're gonna get rid of it.",2021-01-22T19:55:25Z,0,en,1
beaaa523-3bfc-4e33-9c5d-8c3174bbf83d,whatsapp,primary_dataset,whatsapp,Privacy needs to be re-activated,2021-01-22T19:54:13Z,0,en,1
f338ef7e-23e6-4a13-bf47-aa7f571f0e34,whatsapp,primary_dataset,whatsapp,"I had to uninstall this apk because he shared my personal data with the FB, I had to move another apk",2021-01-22T19:43:09Z,0,en,1
1e08302c-6ac1-4564-baff-29f13a53b4e6,whatsapp,primary_dataset,whatsapp,"When all social media is taken over by one person, all will revolve around in one ad trap that costs privacy,",2021-01-22T19:39:48Z,1,en,1
27d026b7-be69-4d8a-a198-320eee4548e7,whatsapp,primary_dataset,whatsapp,Anything related to Facebook suddenly got weird..,2021-01-22T19:20:32Z,0,en,1
d562cdfb-9211-4ca2-8271-0e85a5626961,whatsapp,primary_dataset,whatsapp,For privacy,2021-01-22T18:31:35Z,0,en,1
77417ea2-8d7c-446b-a497-ed6877b28d9e,whatsapp,primary_dataset,whatsapp,Want to update fear too. Wait for whatsapp policy to be otherwise uninstalled.,2021-01-22T18:07:05Z,0,en,1
220d3543-f000-4282-af0f-c9f4387b641a,whatsapp,primary_dataset,whatsapp,"I don't know why the admin notification didn't exist, but the mobile data is still alive, and the notification is only when it's open. If you open it, there's a notification. Please help.",2021-01-22T17:56:25Z,1,en,1
2e9a79b4-b94a-41c7-a760-477f6733c821,whatsapp,primary_dataset,whatsapp,"""Arrived"" is blocked...data is in the important wa....",2021-01-22T17:53:47Z,0,en,1
d36429ba-1dca-4de8-b69c-62f001205b59,whatsapp,primary_dataset,whatsapp,"It's best to remove the new feature. WhatssApp becomes one of the most accurate security applications, since there are new features in WhatsApp data stored can be distributed to everyone. Please proceed immediately.",2021-01-22T17:37:59Z,0,en,1
adaa422f-7b4e-4b5f-a413-d0958b364461,whatsapp,primary_dataset,whatsapp,Reject privacy polycy,2021-01-22T17:24:17Z,0,en,1
f63c57c4-8343-4e10-afa8-3933110d3357,whatsapp,primary_dataset,whatsapp,"My experience since agreeing to policy from WhatsApp, many lost cell phones have come to me. It's very damaging. Please fix the mistakes that have happened.",2021-01-22T16:41:15Z,0,en,1
f78086e0-14b4-4392-8195-e0a6afe2d1c7,whatsapp,primary_dataset,whatsapp,Why are you so afraid to watch people review privacy in public?...so much that privacy should be shared. Move to a tele or a line.,2021-01-22T15:55:36Z,0,en,1
8bb7c422-1234-4526-ad54-863324486ef7,whatsapp,primary_dataset,whatsapp,#RipPrivacy,2021-01-22T15:26:52Z,0,en,1
ca9ecbd3-248e-4dee-95cb-eadb679948b5,whatsapp,primary_dataset,whatsapp,"Why should there be a policy to give the database to the FB, if you want to use a lot of policy to delete the policy to give the database to the FB because we users want security not just the features that are offered, because the fb is multiple hacks and data is leaky so the users are afraid that the data is leaking to the FB.",2021-01-22T15:19:54Z,32,en,1
34fe9f5f-c9be-47e1-b4d8-fe7aa7196bd3,whatsapp,primary_dataset,whatsapp,Too much privacy if forced happily uninstalled,2021-01-22T15:19:17Z,0,en,1
494d2ff6-d671-4cc3-9adf-57d4a8b31872,whatsapp,primary_dataset,whatsapp,"With whatsapp's privacy policy now I'm one of the opposed, and I'm gonna move to another license plate that's safer and more private.",2021-01-22T14:41:22Z,0,en,1
a31b7a1d-7488-498a-a0d7-ffcd64cf8f55,whatsapp,primary_dataset,whatsapp,Please just cancel the policy.,2021-01-22T14:17:26Z,0,en,1
9d8a5b59-a908-431f-a745-7896e6a1cdb3,whatsapp,primary_dataset,whatsapp,"For users whats app be careful that your personal data leaks, immediately delete whats app and replace your chat applications with other applications if your personal data wants to be secure. Our personal data is private, not public.",2021-01-22T14:07:03Z,0,en,1
8a50d3ed-04d7-4cab-a14c-a58b1b848f1f,whatsapp,primary_dataset,whatsapp,"Pen uninstall wa because there's a new policy but it's still online and most of the wa hedehh, the ratings are down.",2021-01-22T13:36:46Z,0,en,1
426dbadc-8398-4396-baf8-0f114f5890de,whatsapp,primary_dataset,whatsapp,More great content on this device and I'll know what we're both thinking. Nympe k aa about Adi Bing di om Yani Bae yank step into Facebook into the hot water that came from an antipsychotic drug. The first time I went there right away.,2021-01-22T13:14:04Z,0,en,1
c8617f80-98bd-472f-a961-a6c31ee92196,whatsapp,primary_dataset,whatsapp,"Edit: Start doubting new policies. I prefer WA over BBM. Free without mod, without ads. Simple but powerful. How do I use a special text format?",2021-01-22T13:04:28Z,18,en,1
be78e492-2cba-43ba-8e45-189247d9501e,whatsapp,primary_dataset,whatsapp,Bad privacy.,2021-01-22T13:02:33Z,0,en,1
2502ac64-e1f2-4838-bfd9-c1d7aa028c1d,whatsapp,primary_dataset,whatsapp,"It's weird how you save a photo or video but you don't go to the gallery, where you say privacy data starts at...",2021-01-22T12:59:52Z,0,en,1
d2025e61-b5c2-44e5-8934-31b4d9ca10ac,whatsapp,primary_dataset,whatsapp,I'd like to keep making new arrangements on the mobile phone if I'd like to continue to use this application?,2021-01-22T12:08:55Z,0,en,1
04c787c0-2854-46ce-9817-23052758a199,whatsapp,primary_dataset,whatsapp,Disappointed with the latest privacy policy.,2021-01-22T11:20:11Z,0,en,1
225fb413-2139-4401-a9a4-934acf2976d5,whatsapp,primary_dataset,whatsapp,Untrustworthy privacy security.,2021-01-22T10:32:58Z,0,en,1
313c094b-a341-466b-94c7-afa7e09752f0,whatsapp,primary_dataset,whatsapp,"If you can't get ahead of yourself, then it'll have to be better to switch to the sosmed lanny people in the umbar, what else can we do to Facebook, so long time ago we're broke on the sosmed lanny, we can turn to the sun's umbar privacy, and let's go to lgi, if we can have a chat about it, we can change it in yellow or blue or pink or bright blue or a bright srna srna smung mu,mo's wisdom and think about what people use mppsagsi",2021-01-22T10:27:02Z,3,en,1
67dd4de3-9c8c-45d7-bf37-42d372ac0b59,whatsapp,primary_dataset,whatsapp,"Whatsapp is getting worse, other people's privacy is being disseminated, please remove this privacy policy, or whatsapp will go bankrupt, the privacy of others should be kept, not distributed even if the developer's office knows about it.",2021-01-22T10:10:45Z,65,en,1
995a63a9-c83c-4c50-82e0-fca25eb0210b,whatsapp,primary_dataset,whatsapp,"I'm sorry. At the first wa by 8 Feb policy, what data will be sent on the fb? I'm still using whatsApp.",2021-01-22T10:09:28Z,0,en,1
bc0c1d70-cf49-4705-8fc8-12fac6e0caf4,whatsapp,primary_dataset,whatsapp,"It's good at first but it's been a lot of trouble, in my WhatsApp it can't be Sharelock!!!!",2021-01-22T09:58:32Z,1,en,1
05ad146a-7827-44ce-9bd6-42cfb2427238,whatsapp,primary_dataset,whatsapp,"Since the new policy goes to the fb, our data will be sent to the fb. So if we look at the chats, they'll be on the fb.",2021-01-22T09:41:03Z,0,en,1
9d58ef1f-2380-4ac2-8187-3d58ff6720a1,whatsapp,primary_dataset,whatsapp,I swear it's bad. It's been so long since 2 hours. Keep taking personal data.,2021-01-22T09:21:18Z,0,en,1
71f68a51-2891-4e29-a90e-dc13a20e0bff,whatsapp,primary_dataset,whatsapp,We just need some privacy.,2021-01-22T08:19:43Z,0,en,1
662c0a50-de40-43e4-81d5-57dea8840da1,whatsapp,primary_dataset,whatsapp,The data must be sold here with Mark Zuangger... sa ae lu ajg awokaowkaowkaoakso,2021-01-22T08:18:27Z,0,en,1
8340d8ac-2f96-457a-b086-1bfafe34975c,whatsapp,primary_dataset,whatsapp,Save privacy,2021-01-22T08:06:39Z,0,en,1
a68400db-ae77-47c4-bc9e-1a0528e01d7a,whatsapp,primary_dataset,whatsapp,"Again disappointed with whatsApp... about new policy, if it's clear the direction it might be returned to the 5th star.",2021-01-22T07:40:27Z,0,en,1
5e82bce1-8678-4bc1-b906-cba1ed21e59c,whatsapp,primary_dataset,whatsapp,New policy is detrimental.,2021-01-22T07:14:19Z,0,en,1
2cc5b045-f2fc-4316-abe2-9550430db368,whatsapp,primary_dataset,whatsapp,"Okay, this is good, if you can't hand over the databse to the Facebook company just to be quiet, you have to do it before it's too late.",2021-01-22T07:04:18Z,5,en,1
9ee47a65-0327-460a-bbbc-e0e808d8614e,whatsapp,primary_dataset,whatsapp,"Dare to sell user data to the FB, obviously privacy violations",2021-01-22T07:01:13Z,0,en,1
56e4ea75-f7db-46a6-90c1-f032b8b21bc6,whatsapp,primary_dataset,whatsapp,Privacy,2021-01-22T06:48:45Z,0,en,1
22ad2f8e-c53d-47db-8c23-31c735ee698d,whatsapp,primary_dataset,whatsapp,"To be honest, it's been really helpful for a couple of days.",2021-01-22T06:42:01Z,0,en,1
e76dbfc2-5dc8-4a35-8314-2b30d4d6c387,whatsapp,primary_dataset,whatsapp,"Too much internal memory, a lot of untraceable junk to delete. Private Policy sucks. #Remove whatsapp",2021-01-22T06:14:31Z,1,en,1
978454f8-2501-43e9-b001-2893eb1d2280,whatsapp,primary_dataset,whatsapp,"Oy the application's data is time error 5,53GB when file storage is 600mb only error here.",2021-01-22T05:49:47Z,0,en,1
5e09803d-5500-434d-b6e0-03bfb73ad10b,whatsapp,primary_dataset,whatsapp,It's not safe. It's not safe since you joined Facebook.,2021-01-22T05:45:31Z,1,en,1
88bd649e-f265-4659-b2ce-9a4b94b3eb7b,whatsapp,primary_dataset,whatsapp,"The more whatshap comes, the less obvious the updates aren't getting any better, the more privacy we're not being guarded by each other... the more you forget about what you lost.",2021-01-22T05:44:45Z,0,en,1
5159996f-99cc-4aad-bd92-fefdc94e0b0b,whatsapp,primary_dataset,whatsapp,Wants to trace the fc mark data,2021-01-22T05:40:27Z,0,en,1
cc3a13cd-7715-4fa8-8da4-d253cdd5a88a,whatsapp,primary_dataset,whatsapp,Data thief,2021-01-22T05:33:21Z,0,en,1
36d20aad-db31-4430-9d6c-f7ffc5bafbdc,whatsapp,primary_dataset,whatsapp,primary user privacy,2021-01-22T04:28:15Z,0,en,1
ff7b3b08-a5d2-4708-8d45-5f58243169bd,whatsapp,primary_dataset,whatsapp,It's not safe. The data sucks.,2021-01-22T03:10:22Z,0,en,1
53f80453-e797-4f1a-bcaf-7d43f6902f0e,whatsapp,primary_dataset,whatsapp,Start making money from your user data...,2021-01-22T02:45:29Z,0,en,1
478bdee2-3836-4e6b-91ad-88fb46603645,whatsapp,primary_dataset,whatsapp,Why should there be a policy that has to connect to an FB account when even FB is often hacked down?,2021-01-22T01:22:05Z,0,en,1
2f17b9a4-e095-40fd-98ba-9806ffdd3a4e,whatsapp,primary_dataset,whatsapp,be careful with your personal data,2021-01-22T01:01:02Z,0,en,1
1839e6f4-86b1-462c-ac6e-0b2fc9ef5d11,whatsapp,primary_dataset,whatsapp,Disappointed with new policy,2021-01-21T23:35:12Z,0,en,1
a2ddad86-7fe7-4f05-a65c-da6fbd9b9f66,whatsapp,primary_dataset,whatsapp,Don't agree with the new policy,2021-01-21T23:34:30Z,0,en,1
8b2846e3-d64f-4180-9332-8320d967ed9e,whatsapp,primary_dataset,whatsapp,"woeeee ,,,, on the 8th of February moved applications due to data transfers to the fb and his minions are kuy....",2021-01-21T23:09:03Z,0,en,1
0ce0749f-c02e-4e2a-b51e-ffcf3b8e0c70,whatsapp,primary_dataset,whatsapp,Fear Abis Listens to Privacy's New Policy So Feels Unsafe,2021-01-21T22:59:26Z,0,en,1
01e2b531-955e-4637-8975-660f46ebe139,whatsapp,primary_dataset,whatsapp,Now you want to pick up the user data?,2021-01-21T22:37:23Z,0,en,1
2d58edb5-6274-4f11-ba86-79c8b3d6f49e,whatsapp,primary_dataset,whatsapp,Holding up,2021-01-21T21:51:38Z,0,en,1
82afe543-94df-4dcd-bb46-fbe008a55342,whatsapp,primary_dataset,whatsapp,Privacy,2021-01-21T21:13:48Z,1,en,1
f70c5cde-b5c9-45b0-afef-f0ddc04f03ee,whatsapp,primary_dataset,whatsapp,Remove privacy policy,2021-01-21T21:12:09Z,1,en,1
dbbcec17-1667-4853-9de0-30ca9317f7bb,whatsapp,primary_dataset,whatsapp,"In order to keep privacy, yes, but there's one thing I don't like when my privacy's open! It's because I don't move to awitter. It's my privacy!",2021-01-21T20:43:42Z,1,en,1
a122aa86-e5fe-4034-b6e7-7478cb17bee6,whatsapp,primary_dataset,whatsapp,How can you keep people's privacy?,2021-01-21T20:30:21Z,1,en,1
75530b34-9ca8-4ea9-9f41-0142edddf2a3,whatsapp,primary_dataset,whatsapp,Tetel privacy,2021-01-21T20:29:05Z,1,en,1
44af7a22-8fe7-4328-b6e6-52b9619b27e4,whatsapp,primary_dataset,whatsapp,Unsured privacy,2021-01-21T20:14:23Z,1,en,1
694a70c5-1854-4ba2-9fcb-18580abd6de1,whatsapp,primary_dataset,whatsapp,"When you apply your policy to integrate our data into Facebook, I will leave and uninstall this WhatsApp application.",2021-01-21T19:31:47Z,0,en,1
82288667-7769-478a-8664-abc0280cdc41,whatsapp,primary_dataset,whatsapp,Security features and privacy are good,2021-01-21T19:04:22Z,0,en,1
2f2978ca-4fbe-4b37-abda-aa0c43057cb9,whatsapp,primary_dataset,whatsapp,"Why did my data arrive"" disappear, when I didn't delete the data and how to return it?",2021-01-21T18:48:31Z,0,en,1
911926c9-444d-4446-89a5-68c77a8b204c,whatsapp,primary_dataset,whatsapp,"After the policy update, it's too slow to play whatsapp.",2021-01-21T18:20:20Z,0,en,1
ddb79095-0bac-4e23-80c5-b34ad46ce296,whatsapp,primary_dataset,whatsapp,Application Continues Stop!!!!!!!! after Update and new policy,2021-01-21T18:15:01Z,0,en,1
cd3662c1-a320-4e8f-84a7-8d298eeb0680,whatsapp,primary_dataset,whatsapp,".why this application is getting worse, when you want to aploud/share photos/videos you can't move up to choose..please fix it right away, sorry while I give you two stars first..salam",2021-01-21T17:06:07Z,0,en,1
d1a4c474-c252-4e18-84a3-479c809eefdf,whatsapp,primary_dataset,whatsapp,What's with all the privacy data?,2021-01-21T16:37:59Z,0,en,1
66cd952b-185b-4ef7-b95f-e40ffcb2c223,whatsapp,primary_dataset,whatsapp,Ever since I loaded this apk I've been watching Naruto and finally dora versus madara with upin &ipin and then finally Ironmen came and gave up a spongebob of Sasuke's wrath and destroyed the City of the Final Field.,2021-01-21T16:28:29Z,0,en,1
1a8d9bb3-45d5-4e3e-8c3f-b19ce32f2656,whatsapp,primary_dataset,whatsapp,"No privacy, we go to other app.",2021-01-21T16:13:44Z,0,en,1
8c7d3a38-78b4-4ec1-8468-ffa92f912e50,whatsapp,primary_dataset,whatsapp,"There are instructions to update, but it can't be... sent in a code waiting. No entry codes, lots of pulses, lots of cellular data.",2021-01-21T16:00:07Z,0,en,1
0756fba0-6ece-4a29-a2d1-c1f2b1c0a633,whatsapp,primary_dataset,whatsapp,Please give privacy comfort to customers...,2021-01-21T14:38:49Z,1,en,1
d3dd0406-d678-4031-b088-629c8e4306ff,whatsapp,primary_dataset,whatsapp,"Whatsapp ugly ugly ugly ugly, is ugly because there's a new policy, requires that we agree to share on Facebook (FB).",2021-01-21T14:20:25Z,1,en,1
5dec5a55-23e8-4cd5-a3af-ad7c17ce668f,whatsapp,primary_dataset,whatsapp,My contact number was blocked to use whats app when I felt that I never violated whatsapp policy,2021-01-21T14:19:52Z,0,en,1
8cc1e998-b8e5-40a8-807a-5839afe0d9e3,whatsapp,primary_dataset,whatsapp,There's no privacy anymore.,2021-01-21T13:41:17Z,0,en,1
6d52edab-ec2e-480c-a9c8-558586212ec2,whatsapp,primary_dataset,whatsapp,"I've been throwing away Facebook for a long time, because they only think about monetization.",2021-01-21T12:40:47Z,4,en,1
84b0377a-72de-4c63-925e-181cdb64f0e9,whatsapp,primary_dataset,whatsapp,Privacy is not secure,2021-01-21T12:37:09Z,0,en,1
fb849700-be25-4491-a550-9a9557835716,whatsapp,primary_dataset,whatsapp,"For the old version, it's better that the new version is stuck on its own..lemot..sends a video..in addition to weird policies that can't keep privacy.. eventually I downloaded a telegram..",2021-01-21T12:28:57Z,0,en,1
26151fc4-b428-421a-93fc-f362fb0266ac,whatsapp,primary_dataset,whatsapp,Privacy,2021-01-21T11:47:42Z,0,en,1
b58f6948-bc0b-4f19-837e-451163093627,whatsapp,primary_dataset,whatsapp,After the privacy of WhatsApp messenger and all I'm sorry I moved into another app,2021-01-21T11:08:06Z,0,en,1
d1604cba-ca82-4ad4-9df7-4736c1dd54ff,whatsapp,primary_dataset,whatsapp,This application cannot secure its user data,2021-01-21T10:59:25Z,0,en,1
d60ded48-d0ba-43d3-8647-59f2f6dc057d,whatsapp,primary_dataset,whatsapp,"Can't guarantee privacy, disappointing",2021-01-21T10:10:06Z,0,en,1
d69a31cb-52e0-41dc-916d-960631fac486,whatsapp,primary_dataset,whatsapp,Reject whatsapp's new policy!!!,2021-01-21T09:51:15Z,0,en,1
d4f80f61-cc89-4994-ba01-f11008f3c7bf,whatsapp,primary_dataset,whatsapp,Dangerous applications that can spread privacy data,2021-01-21T09:32:40Z,0,en,1
66841972-54d9-49d1-80fb-649d4570b87d,whatsapp,primary_dataset,whatsapp,I dont like new terms and policy condition..,2021-01-21T09:16:28Z,1,en,1
2cd14589-aff2-4109-ae7e-37ebf16a7de5,whatsapp,primary_dataset,whatsapp,GW COKKKKKKKK Privacy,2021-01-21T08:51:38Z,0,en,1
c788fbe0-5aca-4622-a410-4d2d5026a290,whatsapp,primary_dataset,whatsapp,"The story's privacy isn't much, so it's tired of having to change.",2021-01-21T08:49:44Z,0,en,1
99e5b82d-ca44-4db7-a33f-6666436f7227,whatsapp,primary_dataset,whatsapp,Privacy,2021-01-21T08:45:58Z,0,en,1
1a0ff97e-7104-4d89-8941-f945f48c942e,whatsapp,primary_dataset,whatsapp,Privacy is something we need for our social media.,2021-01-21T08:15:02Z,0,en,1
4673f619-24e8-401a-b6e2-3e50ca4a9b09,whatsapp,primary_dataset,whatsapp,"Since there's a new privacy policy of WhatsApp, I've been worried about playing Wa.",2021-01-21T07:34:52Z,0,en,1
a581d221-3b99-4f30-97d7-75f2aaafd1e9,whatsapp,primary_dataset,whatsapp,"No interest, no privacy.",2021-01-21T07:18:51Z,0,en,1
02542111-21b0-4b58-b26c-cd28845cf354,whatsapp,primary_dataset,whatsapp,The new policy that's going to be a pain in the ass... let alone the numbers of the matching... it's scary when you get to the bottom of it.,2021-01-21T07:08:15Z,0,en,1
2bc9cbe5-14cc-4969-bf30-09ffde0b17f2,whatsapp,primary_dataset,whatsapp,Privacy is important.,2021-01-21T06:03:33Z,0,en,1
7bd8e74a-22d2-4dd6-a7f5-0cdc44818b33,whatsapp,primary_dataset,whatsapp,A Single Candidate Because of New Policy,2021-01-21T05:59:53Z,0,en,1
b0440980-c3d2-494d-a91e-084f1522a6d9,whatsapp,primary_dataset,whatsapp,Ugly since sharing data to Facebook.. by,2021-01-21T05:24:34Z,0,en,1
17602e9b-15aa-4c12-967d-5a754f845c5c,whatsapp,primary_dataset,whatsapp,Don't pull our data!,2021-01-21T05:17:37Z,0,en,1
51164bcd-a7a7-4166-a766-06bdfc4650d5,whatsapp,primary_dataset,whatsapp,"It's costing consumers, stealing data.",2021-01-21T02:34:14Z,0,en,1
eb589278-7dd1-4059-8c66-b3b22dd12836,whatsapp,primary_dataset,whatsapp,"The more unsafe it gets, the more privacy policy that will be enforced in February 2021.",2021-01-21T02:11:14Z,0,en,1
f7233c1b-e3b4-4982-84c6-8695e50e5f44,whatsapp,primary_dataset,whatsapp,Why is whatsapp now getting uncomfortable? Why should we connect with Facebook? How our data data or privacy will later be responsible for it won't be seen by the public later? I want WhatsApp to be as safe and comfortable as it used to be.,2021-01-21T02:06:15Z,0,en,1
ba0b3a57-3537-4487-a29f-0a261159dfe0,whatsapp,primary_dataset,whatsapp,Ready to move on. Data's safer.,2021-01-21T02:04:08Z,0,en,1
23833ca2-0cf0-4fac-b47b-194bf48d6298,whatsapp,primary_dataset,whatsapp,"Today I'm very disappointed by whatsapp, because the data and important chat I had at 19 s/d 21Jan'21 was erased and the last chat was in 18/1/21.",2021-01-21T01:41:36Z,1,en,1
48ebd001-051c-400a-807d-cc62ad468903,whatsapp,primary_dataset,whatsapp,I need privacy.,2021-01-21T01:07:40Z,0,en,1
6f265e04-04a6-4559-bb8b-773e4add8461,whatsapp,primary_dataset,whatsapp,Please take care of her privacy.,2021-01-21T00:43:31Z,0,en,1
7f9c493e-58fe-4b43-aea7-e549f6842380,whatsapp,primary_dataset,whatsapp,Data theft,2021-01-21T00:03:02Z,0,en,1
dabe259f-1253-4fdc-be40-d99cdd44b5c2,whatsapp,primary_dataset,whatsapp,Too many user data stores.,2021-01-20T23:15:17Z,0,en,1
b2896b6d-7ec8-4135-aa97-36cfc5ffaa9d,whatsapp,primary_dataset,whatsapp,Very bad (with his new policy),2021-01-20T22:53:20Z,0,en,1
9b791664-5af9-4356-965c-7559aae65cbd,whatsapp,primary_dataset,whatsapp,Privacy is restricted,2021-01-20T22:44:13Z,0,en,1
b5a89dcb-e1c1-4a25-bcc3-5d608b5be893,whatsapp,primary_dataset,whatsapp,"It's bad privacy doesn't belong to itself, but it belongs to watshapp.",2021-01-20T22:21:35Z,0,en,1
904d3d1e-9cae-4e53-a4bb-9cda4a6ae806,whatsapp,primary_dataset,whatsapp,That Apk Whatsapp likes to steal people's privacy! Let's move to BIP!,2021-01-20T21:43:34Z,0,en,1
f752f326-7410-4cdf-9f08-6d81fb38a40b,whatsapp,primary_dataset,whatsapp,Privacy?,2021-01-20T21:17:13Z,0,en,1
313aec60-f121-4f84-ab5b-56f90755ee9b,whatsapp,primary_dataset,whatsapp,"Stupid fool. What new policy, make it policy.",2021-01-20T21:00:36Z,0,en,1
b2670cab-8024-4de1-9c3e-c8204a06360d,whatsapp,primary_dataset,whatsapp,"After the update, the photoshare becomes as opaque as a 3gp AV",2021-01-20T20:59:41Z,0,en,1
4f38f3f2-008d-41bd-9335-f4c92317e272,whatsapp,primary_dataset,whatsapp,"Disappointment comes after a new policy in 2021, where developers can peek and share what I send and I accept.",2021-01-20T20:22:58Z,0,en,1
583969a9-a1d7-4fae-801e-52b56a6594b0,whatsapp,primary_dataset,whatsapp,"Let's crowd up next door, telegrams, beeps, etc. There's still a lot of applications that don't sell the user's privacy data.",2021-01-20T20:16:41Z,1,en,1
ca67fc51-45b0-43d4-97b0-e1a5827b2a1d,whatsapp,primary_dataset,whatsapp,Unsafe privacy,2021-01-20T20:13:51Z,0,en,1
fded88ac-adfe-407b-a5f9-7e55673a9f63,whatsapp,primary_dataset,whatsapp,"fontcolor="" # FFFF00""AdminIyes fontcolor="" # FFFF00""whycan'tthe video cream full fontcolor="" # FFFF00""whyhastobe cut fontcolor="" # FFFF00""sorelyadlutedthis apl user fontcolor="" # FFFF00""butsendsof dataknowsfilesinbound fontcolor="" # FFFF00""Igivingstar fontcolor="" # FFFF00""broil fontcolor="" # FFFF00""in bangat",2021-01-20T20:10:09Z,0,en,1
77d96c4f-cb73-4ca7-92c2-53cfe15aaae4,whatsapp,primary_dataset,whatsapp,"It used to be nice to have a safe user's privacy, but now...",2021-01-20T20:05:20Z,0,en,1
96c14bee-e69c-4cf0-aab3-a934a099309f,whatsapp,primary_dataset,whatsapp,Delete this policy if I don't move to another app,2021-01-20T19:50:43Z,0,en,1
90b4b618-fb96-4801-9053-6e1cc8eb143e,whatsapp,primary_dataset,whatsapp,Privacy everything,2021-01-20T19:50:36Z,0,en,1
376bea93-ebba-4720-a892-7ae146273cf5,whatsapp,primary_dataset,whatsapp,Facebook spam disrupting the mess on the phone.,2021-01-20T19:29:33Z,0,en,1
8d0fdd72-dbf9-4ae6-8a79-b75064897317,whatsapp,primary_dataset,whatsapp,He said he wanted to send it to you.,2021-01-20T19:20:40Z,0,en,1
d38755f7-2920-4001-b249-0097788b1127,whatsapp,primary_dataset,whatsapp,Wa is now in the hands of Facebook but often errors open his status.,2021-01-20T19:19:42Z,1,en,1
01d645c7-5434-460a-9ac0-41e2168bfcbc,whatsapp,primary_dataset,whatsapp,Dwi Hajriyanto please wait by others to do whats App can't update the old data,2021-01-20T19:11:54Z,0,en,1
0045884d-b978-4939-b5a3-bf63dfcb7ba1,whatsapp,primary_dataset,whatsapp,"What about the new virtues that are going to apply..if the user of this application is right..what comes back to make new policy..if you keep doing it ready"" stay in user W.. because now some of it has moved to the next..kyou want to keep a lot of the wait please..can't do it..or byeWA.",2021-01-20T18:53:04Z,0,en,1
39fd2324-c82b-4ac5-acdc-33d3b0e59fb3,whatsapp,primary_dataset,whatsapp,I'm sorry about Privacy.,2021-01-20T18:46:05Z,0,en,1
41de2098-9eaa-4b41-a35d-011d663a93ac,whatsapp,primary_dataset,whatsapp,Sorry unnistal yah developer because privacy policy wants to change next month... please forgive me...,2021-01-20T18:41:30Z,0,en,1
6cb262e7-513b-4085-8f6a-dd152ee7919f,whatsapp,primary_dataset,whatsapp,The application insists on agreeing to privacy..Uninstall whatsapp!!!! Playstore just delete this application..,2021-01-20T18:05:43Z,0,en,1
aa962108-f14d-4dad-be28-0f15dc894d39,whatsapp,primary_dataset,whatsapp,"I don't like the new policy. I'm with friends, family and others. I've moved to the signal.",2021-01-20T17:58:14Z,1,en,1
4bf7b63a-18a7-4ad1-8ab1-0e3ad984e458,whatsapp,primary_dataset,whatsapp,"Why would whatsApp harys share information with facebook, like if the information was hacked?",2021-01-20T17:47:41Z,0,en,1
993e75c2-e242-4d7e-a496-47f2e5333772,whatsapp,primary_dataset,whatsapp,Harmful Policy?,2021-01-20T17:41:51Z,0,en,1
d0deebc2-94ff-4de3-8c4f-872fb9b72984,whatsapp,primary_dataset,whatsapp,Please change the policy.,2021-01-20T17:27:55Z,0,en,1
d70916e5-0959-4a7e-9d4e-ae004f46024c,whatsapp,primary_dataset,whatsapp,"See you whatsapp, sorry I uninstalled this apk due to the privacy policy that harms user,see you bye",2021-01-20T17:05:41Z,0,en,1
c56a311f-8eba-4b3e-8659-14b328371f24,whatsapp,primary_dataset,whatsapp,Save user privacy!!!!!!!,2021-01-20T17:05:24Z,0,en,1
1470a630-b426-4720-904d-e7af435fdccf,whatsapp,primary_dataset,whatsapp,I want to exercise the data privacy precautions.,2021-01-20T16:16:27Z,0,en,1
2b8fb351-9900-4934-889a-68448e18bb18,whatsapp,primary_dataset,whatsapp,"After a growing WATSAPP policy that requires the user to allow its personal data to be identified by FACEBOOK, I'm giving it to Rating 1.... remember... move to the APK BIP created by the Turkish ECERA",2021-01-20T14:56:45Z,0,en,1
bd04707e-c85d-46ff-acf2-b64bfa3043db,whatsapp,primary_dataset,whatsapp,Maybe it's too bad because of the new set of facebooks... that the end of it will be uninstallable to the application of whatsapp!,2021-01-20T14:32:44Z,0,en,1
8c6e6bef-c740-4671-9319-3f5b9858effc,whatsapp,primary_dataset,whatsapp,Delete account on data sold with apkyang,2021-01-20T13:15:56Z,1,en,1
a03dfd51-f83f-4600-819f-cbcc09e532fd,whatsapp,primary_dataset,whatsapp,"If this February WA there are rules that have to use the FB, then my friends and I are going to move to the BIP application, because I think it's better to move the app, than we're not safe.",2021-01-20T13:10:24Z,1,en,1
817ba880-26fa-4442-a7c6-9e4408bb6c37,whatsapp,primary_dataset,whatsapp,Privacy polycy problem,2021-01-20T12:53:11Z,0,en,1
301b2818-7913-4a52-b9e6-374cd3366ea7,whatsapp,primary_dataset,whatsapp,I told Facebook to cancel her decision to take someone's privacy now that many have left the WA because it was you.,2021-01-20T11:36:07Z,0,en,1
6f1fa7b1-d91a-4d15-b1ef-ac57f8be9abd,whatsapp,primary_dataset,whatsapp,Protect Our Privacy Rights,2021-01-20T11:29:50Z,0,en,1
53563255-8648-42d7-8dd5-39d9d4519f6c,whatsapp,primary_dataset,whatsapp,"Just so you know, personal data is like a chat & contact number related to Facebook!!!!!!!!!!!!!!!!!!!!!!!!!!!!!!!!!!!!!!",2021-01-20T11:22:58Z,0,en,1
c697e280-972b-4e48-b216-71f23e95679d,whatsapp,primary_dataset,whatsapp,"I'm asking you to fix this application because there's a lot going on in this application and I'm asking whatsapp theme to be changed to Pink. So why is this whatsapp so often erring and so often loading when I don't fill the data, but why is this whatsapp app often eror and it comes out on its own?",2021-01-20T10:41:58Z,3,en,1
e716325c-08df-4e79-993d-e497f9a20fd2,whatsapp,primary_dataset,whatsapp,Why did I suddenly disappear all of his files? I didn't delete whatsApp's data. Weird fix it first.,2021-01-20T10:17:29Z,0,en,1
5d5e5101-bf10-49bf-b9c7-b413c8b31595,whatsapp,primary_dataset,whatsapp,"Millions of WA users are ready to switch to another APK, if the privacy policy is changed. Hahaha is not so interested anymore!!",2021-01-20T10:00:47Z,0,en,1
0d19c924-1500-4110-9ea6-b22a4ead6a64,whatsapp,primary_dataset,whatsapp,"I'm disappointed by whatsApp's new policy, because private privacy will be linked to facebook that's easily hijacked by hackers.",2021-01-20T09:44:18Z,0,en,1
744bfd12-e93e-415d-8e64-7a4c54d87ebf,whatsapp,primary_dataset,whatsapp,DISAPPEARED BECAUSE OF A PRIVATION ARRANGEMENT.,2021-01-20T09:30:54Z,0,en,1
9e8dd908-011c-48e8-8dae-7e8217984e15,whatsapp,primary_dataset,whatsapp,"fontcolor="" # FFFF00""Apkwasgood enough,butifa sharelockmeetinghim fontcolor="" # FFFF00""eveninthebury,that'smyexperiment!!!!!!!!!!!!!!!!!!!!!!!!!!!!!!!!!!!!!!!!!!!!!!!!!!!!!!!!!!!!!!!!!!!!!!!!!!!!!!!!!!!!!!!!!!!!!!!!!!!!!!!!!!!!!!!!!!!!!!!!!!!!!!!!!!!!!!!!!!!!!!!!!!!!!!!!!!!!!",2021-01-20T09:30:24Z,0,en,1
67b8a557-68cf-4536-80f4-eac1a856db85,whatsapp,primary_dataset,whatsapp,Privacy,2021-01-20T09:07:32Z,0,en,1
45a9fe0d-d848-4434-a5de-13eaf5e0ffcc,whatsapp,primary_dataset,whatsapp,Hopefully watshaap can be an aplication that can protect privacy.,2021-01-20T08:48:12Z,0,en,1
5f087343-29df-4941-a710-326d28587abe,whatsapp,primary_dataset,whatsapp,User data collecting? Frightening,2021-01-20T07:45:20Z,0,en,1
8b22f44c-37a4-45a9-8feb-e8085a9da4fa,whatsapp,primary_dataset,whatsapp,Fix the privacy issue,2021-01-20T07:33:11Z,0,en,1
31015f8a-329a-4b76-9560-650f94a8dd87,whatsapp,primary_dataset,whatsapp,The policy of sharing data with Facebook is very damaging to users.,2021-01-20T07:05:51Z,0,en,1
15e43717-e6fb-492a-8e4d-f328b6d08bbc,whatsapp,primary_dataset,whatsapp,"If whatsApp's new policy is implemented which data is connected to Facebook, then people"" will switch to other apps like telegrams, BiP etc.",2021-01-20T06:58:49Z,0,en,1
0764afab-335a-4fe4-94e8-089262096dbb,whatsapp,primary_dataset,whatsapp,Forced policy,2021-01-20T06:50:47Z,0,en,1
86a459c2-69b8-474d-9065-b56032a8cb45,whatsapp,primary_dataset,whatsapp,Past many data and storage packages,2021-01-20T06:05:07Z,0,en,1
a3350c6b-4b92-48fb-a892-f0b5587d26c2,whatsapp,primary_dataset,whatsapp,"And if there's a dark privacy, then there's a new app, like a telegram or a signal, maybe...",2021-01-20T04:01:39Z,0,en,1
5a9d27e9-32ed-411a-af72-24a87db3ba1a,whatsapp,primary_dataset,whatsapp,"I haven't been able to update you for 15 minutes, but I have to delete the data. It has to be 500. It's ok.",2021-01-20T03:41:24Z,0,en,1
c34f4fe5-2cf3-49c2-935b-71386d0a46b5,whatsapp,primary_dataset,whatsapp,Start losing confidence in the same wa after joining Facebook,2021-01-20T03:28:35Z,0,en,1
d8df1a7b-a1f1-43b9-8967-894255dfc962,whatsapp,primary_dataset,whatsapp,Let's share the data.,2021-01-20T03:14:00Z,0,en,1
7c0bf8bf-3a6f-43da-9cdf-49ed3facba2b,whatsapp,primary_dataset,whatsapp,New policy makes you uncomfortable.,2021-01-20T03:05:52Z,0,en,1
3c80c47a-fed2-4a03-9eca-6991e5358341,whatsapp,primary_dataset,whatsapp,"The privacy policy of WhatsApp makes users so crowded that it's uninstalled, and what we know is whatsapp is a lot of people who use it to make that policy.",2021-01-20T00:18:00Z,0,en,1
5b64dfc1-2bdf-4837-9959-ca80d7116b6d,whatsapp,primary_dataset,whatsapp,Please maintain privacy.,2021-01-19T23:55:21Z,0,en,1
b12989ac-83e5-4818-9ff6-34ab0658204b,whatsapp,primary_dataset,whatsapp,Kind of disappointed about privacy.,2021-01-19T23:42:04Z,0,en,1
18d20a09-dad2-44c9-ab47-419a49126fb3,whatsapp,primary_dataset,whatsapp,Whatsapp from Facebook???????????,2021-01-19T22:17:56Z,0,en,1
59f4c9bd-d0a7-46c8-957c-99f1e05ee452,whatsapp,primary_dataset,whatsapp,"At first you believed so much, because the gas is gone but this policy has already been uninstalled.... bye wa",2021-01-19T22:13:39Z,0,en,1
c3c9e1c0-06b3-47da-8d1e-8fc629bc122f,whatsapp,primary_dataset,whatsapp,My privacy feels threatened,2021-01-19T22:08:15Z,0,en,1
6438e3a9-60f9-4cda-a53d-7cdd4ece6295,whatsapp,primary_dataset,whatsapp,Yo uninstall data kaluin udh is not safe,2021-01-19T21:33:59Z,0,en,1
ff8c9c75-0526-4198-a066-e635ec92b2e1,whatsapp,primary_dataset,whatsapp,privacy,2021-01-19T21:21:47Z,0,en,1
3d3c9e92-9529-4288-b55f-dc75ad301bf9,whatsapp,primary_dataset,whatsapp,"The privacy policy that harms users, should whatsapp and Facebook think about it, the privacy period of the user is shared with Facebook for the reasons of advertising, is very disappointing, privacy is the user's property, it should be sold and pawned & don't play with privacy, later if there's a case of data leaks like before and used by irresponsible people how to try, and now whatsapp is not safe, many who hack whatsapp also, really miris",2021-01-19T21:19:25Z,488,en,1
d4c7576d-d4e5-437f-af19-1792429e2084,whatsapp,primary_dataset,whatsapp,"Error, whenever you want to send the video it always goes wrong, bye I want to switch applications to the telegram, because there's no privacy in whatsapp",2021-01-19T20:52:46Z,1,en,1
751d8b1c-a54e-45e2-ac30-a77cf85b2ce9,whatsapp,primary_dataset,whatsapp,It's bad if you have to break data to Facebook.,2021-01-19T20:36:49Z,0,en,1
5d1f57a5-9f81-4111-8a75-9b9f22a50fb4,whatsapp,primary_dataset,whatsapp,Disappointed with this application because the policy was changed,2021-01-19T20:33:39Z,0,en,1
d24f926c-3905-4e7b-854b-15fdf6fc2e83,whatsapp,primary_dataset,whatsapp,Let's download a signal or TELEGRAM if whatapp's new policy is enforced,2021-01-19T20:18:06Z,0,en,1
a2669669-7ca4-4fd0-a5f0-264e1c5d1739,whatsapp,primary_dataset,whatsapp,For developers all my WhatsApp contacts are mostly hacked.,2021-01-19T20:17:47Z,0,en,1
3816b4c2-a52e-4337-b09d-75ef79263138,whatsapp,primary_dataset,whatsapp,"The more the data leaks, the worse the data leaks.",2021-01-19T20:08:56Z,0,en,1
0f42f045-d25d-4321-8b5e-00fb7d113397,whatsapp,primary_dataset,whatsapp,Data not secure,2021-01-19T19:59:03Z,0,en,1
8b6d21c2-1efe-46de-9e79-4bc677ee1e9f,whatsapp,primary_dataset,whatsapp,Repaired ur Policy system or i'll move to other apps,2021-01-19T19:57:58Z,0,en,1
e3688cd9-3a35-4f7e-96dd-b6c543a88164,whatsapp,primary_dataset,whatsapp,"It's been 1 week since sharelok wa was not working, it's always pictures of clocks, both data and wifi.",2021-01-19T19:33:52Z,0,en,1
50b89889-e9db-49fd-b2d0-e7ba8f9f8141,whatsapp,primary_dataset,whatsapp,I'm sorry I had to install this application because of a new policy that I think interferes with the safety of user data,2021-01-19T19:04:29Z,0,en,1
a7dc7f35-5a58-48ec-bdba-7f163b0d30ea,whatsapp,primary_dataset,whatsapp,Keep user privacy. Otherwise I uninstall it permanently,2021-01-19T18:02:48Z,0,en,1
0f7a9920-b060-4f66-9f99-2f263f6a1c01,whatsapp,primary_dataset,whatsapp,Privacy?,2021-01-19T17:51:57Z,0,en,1
4a761871-b8e7-431a-8cf7-546f80801522,whatsapp,primary_dataset,whatsapp,"I'm an old user, but can there be a number from somewhere asking for a money transfer, asking for an account number, a home address, right here?",2021-01-19T17:20:15Z,208,en,1
af28864a-5bff-4d92-baad-28c32dacd24e,whatsapp,primary_dataset,whatsapp,"Whats app privacy policy again, please?",2021-01-19T16:50:34Z,0,en,1
70d6d30a-aa49-4a46-b187-9efd52b72257,whatsapp,primary_dataset,whatsapp,"Time to move on to more privacy, good bye",2021-01-19T16:39:11Z,0,en,1
eb0c11e0-efa6-4f1d-9d8f-a2958ca9d651,whatsapp,primary_dataset,whatsapp,WA please don't update me on privacy,2021-01-19T15:55:42Z,0,en,1
27c7894e-de0b-491e-854f-536175725241,whatsapp,primary_dataset,whatsapp,Disappointed with new policy,2021-01-19T15:55:09Z,0,en,1
87180796-4fd5-4782-b7f4-945bcc2c3fe9,whatsapp,primary_dataset,whatsapp,Disappointed with whatsapp's new policy,2021-01-19T15:37:06Z,0,en,1
eb1ef19a-67e4-46d7-aa82-488379c60687,whatsapp,primary_dataset,whatsapp,Besides these days privacy problems can't download buddy profile photos,2021-01-19T15:27:38Z,0,en,1
e4155ba5-f6d0-4eff-8556-ae0f2cd9ce34,whatsapp,primary_dataset,whatsapp,It's better if you just tell me what you're doing. It's more of a privacy guard.,2021-01-19T15:09:19Z,0,en,1
65b5ddcc-48c5-48a4-9c4e-77e0699d10f8,whatsapp,primary_dataset,whatsapp,Privacy policy is our concern,2021-01-19T15:05:44Z,0,en,1
ab09b333-9684-4a43-8e57-f194ddfcf603,whatsapp,primary_dataset,whatsapp,The applications that can't keep the user's privacy. Thank you for being with me for a long time. Let's move to telegram and BiP.,2021-01-19T15:03:57Z,0,en,1
ab623fa9-5785-4315-97ad-769ecfdd244e,whatsapp,primary_dataset,whatsapp,A new privacy policy that I don't like.,2021-01-19T14:51:55Z,0,en,1
b089e94d-e377-4d64-a7b5-6f370ce42d11,whatsapp,primary_dataset,whatsapp,"I'm sorry to give you the 2nd star, because new policies really don't provide user comfort, especially medsos.",2021-01-19T14:04:34Z,0,en,1
372bf652-4a27-4d73-b591-8d07f55431b3,whatsapp,primary_dataset,whatsapp,"Please change the policy like it used to, don't share it with Facebook, I know whether whatsapp or Facebook is the same as Mark's.",2021-01-19T13:37:58Z,1,en,1
99f9b713-fd42-43e6-8484-59e4ede55499,whatsapp,primary_dataset,whatsapp,The data is being sold. It's crazy to buy it.,2021-01-19T13:00:47Z,0,en,1
3a5ba5e5-dd11-4f32-850a-e349508ab98a,whatsapp,primary_dataset,whatsapp,I don't know about this. I don't know how many times I've been able to send it.,2021-01-19T12:57:00Z,0,en,1
7164c91e-8c62-43d0-9cfe-837f7e9c9700,whatsapp,primary_dataset,whatsapp,Bad privacy,2021-01-19T12:41:47Z,0,en,1
fc69ec6e-5655-4cc7-8147-d3c0efd20f4d,whatsapp,primary_dataset,whatsapp,I'm an old user of WhatsApp now whatsapp erorrr mulu and if you want to update the status of Vidio it doesn't like his mouth and also doesn't care about my privacy even other users I'm very disappointed that he has to switch to a telegram,2021-01-19T12:41:10Z,0,en,1
8586d380-f9dd-41f4-9c98-2d8fe8d2e711,whatsapp,primary_dataset,whatsapp,Wa already want to be connected to facebook..really harm the user..it's better to switch to BIP instead it's safer to privacy..bye-bye wa,2021-01-19T12:38:50Z,1,en,1
ff6ad592-3f29-41fa-99fe-a6e9ac637fd7,whatsapp,primary_dataset,whatsapp,New policy sangad is not epic,2021-01-19T12:06:50Z,0,en,1
162d87d1-e4f7-4832-8531-48ca39bc8539,whatsapp,primary_dataset,whatsapp,privacy number one.,2021-01-19T11:20:51Z,0,en,1
277d7414-25cb-43e6-b2fd-e977b61321cf,whatsapp,primary_dataset,whatsapp,RIP Privacy Protection,2021-01-19T11:04:00Z,0,en,1
963985f4-54f5-4c0e-9fab-0b28c488466c,whatsapp,primary_dataset,whatsapp,No privacy,2021-01-19T10:58:49Z,0,en,1
e1d92ee4-cd74-48e3-9cf3-ae20a7effacb,whatsapp,primary_dataset,whatsapp,They force u to give up and give u'r data for monotize...,2021-01-19T10:38:55Z,0,en,1
c4f5d247-7bfd-4373-baa7-a2204428185f,whatsapp,primary_dataset,whatsapp,"Whatsapp now often eror no more incoming messages notifications, plus a lot of data theft so it's not safe privacy",2021-01-19T10:28:03Z,0,en,1
3c3cdaef-7824-4d90-b341-7c82a8f0a568,whatsapp,primary_dataset,whatsapp,Why would my wastapp stop?!! there's no way it can either get good people to go to the group to see his info!!!!!!! want to go to the school group but get out!!!!!,2021-01-19T10:20:03Z,150,en,1
d8376d9a-972f-491b-ab92-16e6ccfdf587,whatsapp,primary_dataset,whatsapp,"fontcolor="" # FFFF00""wantto updatewhatsapp fontcolor="" # FFFF00""justscarried fontcolor="" # FFFF00""lookatreviewsoftheusersreported. fontcolor="" # FFFF00""pictures,contacts,status, fontcolor="" # FFFF00""wewanttobe dividedto facebook fontcolor="" # FFFF00""!!pappaah!!! bignononononono!!!!!!!!!!Ijust avoidreptbooktoprivacy & businesses fontcolor=""",2021-01-19T09:54:13Z,1128,en,1
e490648b-81d3-42dc-98fc-96955528e1d6,whatsapp,primary_dataset,whatsapp,"Due to privacy policy, let's go.",2021-01-19T09:48:15Z,0,en,1
5ab487a3-8dee-4b6b-b09e-5c8a4151b51d,whatsapp,primary_dataset,whatsapp,I didn't agree to my privacy at the U.S. Hall,2021-01-19T09:46:49Z,1,en,1
f84a0635-d751-41e9-8a06-191aad458ddb,whatsapp,primary_dataset,whatsapp,"I'm sorry, since policy is renewed I'm disappointed and already feel what'sApp doesn't put a first priority on privacy.",2021-01-19T09:15:38Z,125,en,1
cc39204d-e8f4-42b9-9f44-91d1fd6c9b64,whatsapp,primary_dataset,whatsapp,His new policy is doubtful.,2021-01-19T08:56:09Z,0,en,1
a08f4d86-5ddf-48fa-98ce-882d5f68713b,whatsapp,primary_dataset,whatsapp,"Unistal course, privacy policy hosting",2021-01-19T08:48:44Z,0,en,1
9afc98a3-4a67-4305-8574-316030491f32,whatsapp,primary_dataset,whatsapp,"fontcolor="" # FFFF00""D alreadym nightswiththis fontcolor="" # FFFF00""wahour privacydistributedall",2021-01-19T08:42:37Z,0,en,1
ab99715f-62a2-497a-a315-21d73f62db9a,whatsapp,primary_dataset,whatsapp,Excessive privacy policy.,2021-01-19T08:40:06Z,0,en,1
e442f18a-1f99-4a6d-9adc-88cbdd323cd6,whatsapp,primary_dataset,whatsapp,Private pabboko.,2021-01-19T08:35:27Z,0,en,1
93559a0f-edff-4ab7-954b-a51a9539d03a,whatsapp,primary_dataset,whatsapp,"Privacy data don't go to Facebook. Yeah, well, that's dangerous. Now there's an ITE bill.",2021-01-19T08:10:47Z,0,en,1
00db384b-efa9-4b81-8444-e7e89345ee52,whatsapp,primary_dataset,whatsapp,Disappointed with privacy policy now.,2021-01-19T07:49:12Z,0,en,1
2c18dcca-c007-432c-b218-9873cf6e2244,whatsapp,primary_dataset,whatsapp,I don't have any privacy.,2021-01-19T07:38:17Z,0,en,1
8ed281dc-bf6c-4d02-9575-d1a75130eb05,whatsapp,primary_dataset,whatsapp,Do not give complete data to any applications,2021-01-19T07:22:42Z,0,en,1
8c92a7a7-40d1-41e2-be7a-513e16084959,whatsapp,primary_dataset,whatsapp,PRIVATION,2021-01-19T07:19:24Z,0,en,1
cc6ce2e1-033a-438b-8103-59f914ea4c75,whatsapp,primary_dataset,whatsapp,Whatsapp does not respect user privacy.,2021-01-19T06:57:10Z,0,en,1
8a1e72de-daf6-4f63-a150-1acbe18bf22d,whatsapp,primary_dataset,whatsapp,It's often an error to give policy.,2021-01-19T06:40:40Z,0,en,1
59779cb3-2e91-410d-a111-25b225cf9e7c,whatsapp,primary_dataset,whatsapp,"If I was transferred to Facebook, I wouldn't be using this app anymore. [laughs, sorry, I'm not stupid.]",2021-01-19T06:30:58Z,0,en,1
880f77ed-df52-4b9f-8ece-659cdf14fe6c,whatsapp,primary_dataset,whatsapp,Rules don't guarantee a person's privacy any more.,2021-01-19T06:29:23Z,0,en,1
012c4b7f-a309-495d-b603-20c3ce2d8006,whatsapp,primary_dataset,whatsapp,"Mark, I want to share my user's personal data to facebook!",2021-01-19T06:19:27Z,0,en,1
77bd8ea4-10ff-4061-853b-d42eea8484a9,whatsapp,primary_dataset,whatsapp,Bad policy,2021-01-19T06:10:49Z,0,en,1
20b95606-c544-41a1-8db3-3e58a8294ec7,whatsapp,primary_dataset,whatsapp,SAVE PRIVACY!,2021-01-19T05:56:09Z,0,en,1
9ea1963e-7d02-4119-862b-8cf3b1d6ae8f,whatsapp,primary_dataset,whatsapp,"Please read user complaints, privacy is something that should be kept, not shared with other social media platforms. Would you prefer millions of people to leave whatsapp instead of keeping their privacy? Remember, whatsapp succeeds as of now because of users and not simply because of your own efforts. Keep protecting user privacy and do not share user data with other media platforms. Otherwise, whateversapp guarantees collapse.",2021-01-19T05:38:15Z,472,en,1
0814b4d9-5ab6-40e4-8eed-7ef9d82c1cb4,whatsapp,primary_dataset,whatsapp,Uninstall WA switch to chat apps that appreciate our privacy.,2021-01-19T05:23:37Z,0,en,1
cc81ef1b-6f6d-4ba4-ab71-a0a93982388c,whatsapp,primary_dataset,whatsapp,"I used to use this, but after a new policy came up, I spun this app.",2021-01-19T05:16:42Z,1,en,1
a6cf9312-cd69-4d34-8766-c45e549dc851,whatsapp,primary_dataset,whatsapp,"WhatsApp, why do you have to share data with facebook? You don't know facebook.",2021-01-19T05:03:34Z,343,en,1
dbcb06d0-1dbf-4c60-b897-dbc176d2535b,whatsapp,primary_dataset,whatsapp,Why don't you have a new policy apply the privacy data that you want to share with the fb....take a long bro brother w we told you to delete the app wa...replace the other one..in about an inch of wadonk app for a chat,2021-01-19T04:50:29Z,0,en,1
f5318ff7-6fb7-4c6b-b292-957175dbcbcc,whatsapp,primary_dataset,whatsapp,SHARING DATA W/ FACEBOOK,2021-01-19T04:44:30Z,0,en,1
cb4d9e66-7b67-45bf-b8b2-9f837ebb7e9d,whatsapp,primary_dataset,whatsapp,No respect for people's privacy,2021-01-19T03:27:16Z,1,en,1
eafc7a13-a023-4a8b-8f1f-582a362c9cca,whatsapp,primary_dataset,whatsapp,Make 'em privacy.,2021-01-19T03:23:58Z,1,en,1
e9306377-f104-4937-ba82-c928ca7f45c7,whatsapp,primary_dataset,whatsapp,"You nullify the new privacy policy, I'll give you a five-star.",2021-01-19T02:40:45Z,1,en,1
9cb0b645-67f5-46fc-86ae-a56977a7799b,whatsapp,primary_dataset,whatsapp,"If it's true that WA is about to share his identity with the FB and his personal data with the FB, when private message becomes social media. &lt;i&gt;Sorry I'm deleting WA.&lt;/i&gt; &lt;i&gt; The self-file wants to be distributed to the third party who is right. &lt;/i&gt;",2021-01-19T02:15:42Z,1,en,1
ca86a409-c4b5-4e6f-b31c-2701b70750d8,whatsapp,primary_dataset,whatsapp,Because of the new privacy policy,2021-01-19T01:27:06Z,1,en,1
25cee251-c36b-42af-a95c-35ab41402f42,whatsapp,primary_dataset,whatsapp,Move to a telegram that can keep privacy.,2021-01-19T00:21:06Z,1,en,1
324eb657-88ae-4e97-a784-75b7cc38f79b,whatsapp,primary_dataset,whatsapp,Access to your policy doesn't protect our privacy. I'll move on to another masseger who guards our privacy.,2021-01-18T23:54:32Z,2,en,1
d83a8a7c-f1f2-404e-a065-055d348092c7,whatsapp,primary_dataset,whatsapp,"Why 8 Feb change policy, first healthy What's up?",2021-01-18T23:33:39Z,1,en,1
c48fa4b6-57f4-4887-9437-5989c38f26e7,whatsapp,primary_dataset,whatsapp,I'm complaining that the daily wisdom will be connected to the fecebook and giving WW user data to the fecebook I hope wa can be the first wa that remains the user's privacy!!!,2021-01-18T23:23:23Z,1,en,1
4c203053-f1aa-4d70-a828-2fe61764056b,whatsapp,primary_dataset,whatsapp,"The privacy policy is changed, transfer the telegram immediately. Is that right? If it's really uninstallable together?",2021-01-18T23:16:52Z,0,en,1
92b357f6-c25d-4cec-a1fb-010b75813ebe,whatsapp,primary_dataset,whatsapp,Privacy is number 1! Dont stupid,2021-01-18T23:08:56Z,0,en,1
207e7fc8-3bee-442a-b77a-954a4ec85183,whatsapp,primary_dataset,whatsapp,Privacy,2021-01-18T23:01:39Z,0,en,1
1a0829e9-fdd8-4d7e-9e79-c8db126f795c,whatsapp,primary_dataset,whatsapp,There's no Privacy in privacy.,2021-01-18T22:37:35Z,2,en,1
b8a02a7e-ea6a-4258-9a80-aec9c5b1388f,whatsapp,primary_dataset,whatsapp,"Goodbye whatsapp, because of your own privacy policy everyone prefers another app and everyone will leave whatsapp god bay whatsapp",2021-01-18T22:32:43Z,1,en,1
9bc076b9-89d9-450b-afeb-7310f213f68e,whatsapp,primary_dataset,whatsapp,"So I had to leave this application immediately, with a new policy... I'm sorry as a family of whatsapps.",2021-01-18T22:14:59Z,1,en,1
1f29bac6-a973-4c1c-9435-8100581e4bef,whatsapp,primary_dataset,whatsapp,"That's what the whatsapp data period looks like on Facebook is probably not funny, so I'm going to uninstall whatsapp apps.",2021-01-18T21:56:33Z,0,en,1
d1dbb58e-5e7d-430a-8c77-ad7357cf946f,whatsapp,primary_dataset,whatsapp,It started at unistal this apl to ask for people's privacy,2021-01-18T21:54:40Z,1,en,1
719564f4-a117-4c31-84b8-17ff15b84631,whatsapp,primary_dataset,whatsapp,"Since personal data will be shared by facebook, many will be moved to other services or other applications",2021-01-18T21:40:46Z,1,en,1
ef40c8e3-1aec-446d-b276-5be830f4c145,whatsapp,primary_dataset,whatsapp,"I'm sorry I had to change her star, related to Data Sharing With Facebook, I don't agree, if that really happened I'd be out of Whatsapp, I wouldn't have installed any more apps",2021-01-18T21:37:07Z,1,en,1
1371bdb0-f23c-444d-b0f8-dfcb73b0586c,whatsapp,primary_dataset,whatsapp,Please have whatsApp here to store personal important data.,2021-01-18T21:30:03Z,1,en,1
42dbebe8-1782-4546-a313-902505cf67c0,whatsapp,primary_dataset,whatsapp,"Purchased, cheap user data je La... two Stargits two Singgits two...",2021-01-18T20:52:38Z,0,en,1
8139a956-84b7-45b3-85f4-063cabe8690f,whatsapp,primary_dataset,whatsapp,Disappointed with new policy... why connect to FB,2021-01-18T20:52:11Z,1,en,1
f09f9b60-72ba-4350-9171-ac6b18f1b7d4,whatsapp,primary_dataset,whatsapp,Want to know about man's privacy,2021-01-18T20:43:38Z,1,en,1
665a6954-8c70-4376-b2c3-33ddaa6bfef1,whatsapp,primary_dataset,whatsapp,Why try to apply privacy policy!,2021-01-18T20:38:10Z,1,en,1
b386e9cf-46d5-48d2-bcf6-6df6628aca74,whatsapp,primary_dataset,whatsapp,Bad Privacy,2021-01-18T20:32:53Z,0,en,1
66c9c984-84d2-4b11-8a43-5251094934c0,whatsapp,primary_dataset,whatsapp,Mr. Lizard from facebook see us,2021-01-18T20:28:11Z,0,en,1
68e045b9-b2a9-4add-9a9c-b48331bd4988,whatsapp,primary_dataset,whatsapp,Whatsapp would abandon his users if he continued his privacy policy...,2021-01-18T20:16:46Z,1,en,1
7f3d4f9e-0d68-487c-b729-ccac9cd3d8a9,whatsapp,primary_dataset,whatsapp,I don't agree with whatsapp privacy policy right now!,2021-01-18T20:16:03Z,1,en,1
ed05a094-98a1-4a4d-9f67-05e2e435ffbf,whatsapp,primary_dataset,whatsapp,THE NEW HASSIPPING HAPPING HAPP. BECAUSE OF INVASION!!!!!!!!!!!!!!!!???????????????????????????????????????????????????????????????????????????????????????????????????????????????????????????????????!??????????????????????????????????????????????!??????????????????????????????????????????????????????????????????????????????????????????????????????????????????????!????????????????????????????????????????????????????????????????????????????????????????????????????????????????????????????????????????????????????????????????????????????????,2021-01-18T20:12:12Z,0,en,1
6a7cecf8-9e01-445f-abff-9a38806a239c,whatsapp,primary_dataset,whatsapp,I don't know about privacy.,2021-01-18T19:56:47Z,1,en,1
3e1a4df1-df23-415f-85a5-ea0ad9d52f46,whatsapp,primary_dataset,whatsapp,"If whatsapp policy harms the user, I'd like to switch applications.",2021-01-18T19:40:32Z,0,en,1
6f03fc53-a4c6-48af-859e-523fd434c945,whatsapp,primary_dataset,whatsapp,I need some privacy.,2021-01-18T19:31:11Z,1,en,1
ce8dc7bd-51de-44d5-a631-e02b9020f67a,whatsapp,primary_dataset,whatsapp,"Kog, his new policy is disturbing.",2021-01-18T19:28:24Z,1,en,1
89878b79-29bb-4e3a-888e-8028ad656c6a,whatsapp,primary_dataset,whatsapp,Put it on Facebook. Everything is max.,2021-01-18T19:27:10Z,1,en,1
4cf42d28-0eda-4899-bb7e-20edf52d386f,whatsapp,primary_dataset,whatsapp,Rip privacy,2021-01-18T18:55:11Z,0,en,1
9ac7c46b-6b5f-4ddf-ac42-380264302acb,whatsapp,primary_dataset,whatsapp,"A lot of people are complaining about a new policy, why does that policy have to be enforced, when it's still safe to do what it says, especially about privacy.",2021-01-18T18:51:07Z,1,en,1
4ec40fd6-0c4e-4406-8531-b93e87c8533e,whatsapp,primary_dataset,whatsapp,New policy makes me auto uninstallable.,2021-01-18T18:50:18Z,1,en,1
fcd3faaf-d93f-4048-86e0-2da13a2ec8a0,whatsapp,primary_dataset,whatsapp,Bad privacy policy,2021-01-18T18:48:16Z,1,en,1
6d296ebc-3488-4110-ac49-e9adb3186f4d,whatsapp,primary_dataset,whatsapp,"If it goes on with a new policy on self-files being transferred to Facebook, I'm uninstalled forever, there's still a lot of applications that guarantee the privacy of the users, I hope this is whatsapp consideration for the future.",2021-01-18T18:43:58Z,33,en,1
46ba64ad-c91b-4ef1-8292-4cde966717f0,whatsapp,primary_dataset,whatsapp,Mohan changed policy wa many have moved because of new policy many have given one star and moved to the end and thank you,2021-01-18T18:42:14Z,1,en,1
2c2829f4-8249-49f9-a601-3e670c07c274,whatsapp,primary_dataset,whatsapp,"The more privacy can be increased, the more reckless it is.",2021-01-18T18:39:53Z,1,en,1
4dbbf02d-7c15-4d15-91d4-6a2cbaf4c9b4,whatsapp,primary_dataset,whatsapp,Cancel Privacy Update,2021-01-18T18:35:37Z,1,en,1
3358493d-d3d1-4b78-a84a-8c99f1316d9a,whatsapp,primary_dataset,whatsapp,There's no privacy.,2021-01-18T18:25:52Z,1,en,1
c73fce0b-07d6-4f1b-8b97-db9de746bc93,whatsapp,primary_dataset,whatsapp,New privacy policy,2021-01-18T18:19:59Z,1,en,1
977d1226-5093-46f2-943e-000f4cfa94da,whatsapp,primary_dataset,whatsapp,Review the Policy,2021-01-18T18:18:43Z,1,en,1
44185d5f-49da-4b49-ba51-f96edfdd7fa2,whatsapp,primary_dataset,whatsapp,Whatsapp is no longer safe for users.,2021-01-18T17:44:15Z,1,en,1
75f16fe4-8bb8-4a7f-ace5-3ffb11e80ce5,whatsapp,primary_dataset,whatsapp,Not fun WA new update Mahding to the signal app,2021-01-18T17:38:04Z,1,en,1
ea56f619-adf2-463d-8284-3439b74165ce,whatsapp,primary_dataset,whatsapp,BULLETS!!!,2021-01-18T17:28:04Z,1,en,1
28761322-fb6a-4261-a9f0-9adc783ce73a,whatsapp,primary_dataset,whatsapp,"Privacy problem, lets move to signal for more safety data",2021-01-18T17:25:05Z,0,en,1
05def389-dacd-4411-87d1-69ed401b37f9,whatsapp,primary_dataset,whatsapp,"Whatsapp is now leaky data prone, plus a lot of foreign or spam sites that require us to have names and cell phone numbers, which are unknown to the owner.",2021-01-18T17:19:39Z,2,en,1
6be10d69-6a2b-4a32-b344-c264bf6d692d,whatsapp,primary_dataset,whatsapp,"So disappointed, don't wear wahtsapp anymore. The danger of wanting to know our privacy.",2021-01-18T17:02:46Z,1,en,1
fe329ef9-a0c8-404c-999a-2663bf0dc03d,whatsapp,primary_dataset,whatsapp,"Please don't mix security with one company's Facebook, it's not comfortable, so the privacy isn't guaranteed.",2021-01-18T17:02:21Z,1,en,1
ae7049b9-a788-4461-9990-c5d575440232,whatsapp,primary_dataset,whatsapp,"privacy, privacy, privacy, privacy, privacy, privacy, privacy, privacy, privacy, privacy, privacy, privacy, privacy, privacy, privacy, privacy, privacy, privacy, privacy, privacy, privacy, privacy, privacy, privacy, privacy, privacy, privacy, privacy, privacy, privacy, privacy, privacy, privacy, privacy, privacy, privacy, privacy, privacy, privacy, privacy, privacy, privacy, privacy, privacy, privacy, privacy, privacy, privacy, privacy, privacy, privacy, privacy, privacy, privacy, privacy, privacy, privacy, privacy, privacy, privacy, privacy, privacy, privacy, privacy privacy privacy privacy privacy privacy privacy, privacy, privacy, privacy, privacy, privacy, privacy privacy, privacy, privacy, privacy, privacy, privacy, privacy, privacy, privacy, privacy, privacy, privacy, privacy, privacy, privacy privacy privacy privacy privacy privacy privacy privacy privacy privacy privacy privacy privacy privacy privacy privacy privacy privacy privacy privacy privacy privacy privacy privacy privacy privacy privacy privacy privacy privacy privacy privacy privacy privacy privacy privacy privacy privacy privacy privacy privacy privacy privacy privacy privacy privacy privacy privacy privacy privacy privacy privacy privacy privacy privacy privacy privacy privacy privacy privacy privacy privacy privacy privacy privacy privacy privacy privacy privacy privacy privacy privacy privacy privacy privacy privacy privacy privacy privacy privacy privacy privacy privacy privacy privacy privacy privacy privacy privacy privacy privacy privacy privacy privacy privacy privacy privacy privacy privacy privacy privacy privacy privacy privacy privacy privacy privacy privacy privacy privacy privacy privacy privacy privacy privacy privacy privacy privacy privacy privacy privacy privacy privacy privacy privacy privacy privacy privacy privacy privacy privacy privacy privacy privacy privacy privacy privacy privacy privacy privacy privacy privacy privacy privacy privacy privacy privacy privacy privacy privacy privacy privacy privacy privacy privacy privacy privacy privacy privacy privacy privacy privacy privacy privacy privacy privacy privacy privacy privacy privacy privacy privacy privacy privacy privacy privacy privacy privacy privacy privacy privacy privacy privacy privacy privacy privacy privacy privacy privacy privacy privacy privacy privacy privacy privacy privacy privacy privacy privacy privacy privacy privacy privacy privacy privacy privacy privacy privacy privacy privacy privacy privacy privacy privacy privacy privacy privacy privacy privacy privacy privacy privacy privacy privacy privacy privacy privacy privacy privacy privacy privacy privacy privacy privacy privacy privacy privacy privacy privacy privacy privacy privacy privacy privacy privacy privacy privacy privacy privacy privacy privacy privacy privacy privacy privacy privacy privacy privacy privacy privacy privacy privacy privacy privacy privacy privacy privacy privacy privacy privacy privacy privacy privacy privacy privacy privacy privacy privacy privacy privacy privacy privacy privacy privacy privacy privacy privacy privacy privacy privacy privacy privacy privacy privacy privacy privacy privacy privacy privacy privacy privacy privacy privacy privacy privacy privacy privacy privacy privacy privacy privacy privacy privacy privacy privacy privacy privacy privacy privacy privacy privacy privacy privacy privacy privacy privacy privacy privacy privacy privacy privacy privacy privacy privacy privacy privacy privacy",2021-01-18T16:55:59Z,0,en,1
a579bc09-2000-4fe6-a8fc-e65ca6690d65,whatsapp,primary_dataset,whatsapp,"In the description of the hearing is personal, secure, copy of the data from your mother all the way to the center.",2021-01-18T16:52:53Z,1,en,1
f6e0d7d6-397b-4868-a24b-79432fe8dc50,whatsapp,primary_dataset,whatsapp,"privacy, privacy, privacy, privacy, privacy, privacy, privacy, privacy, privacy, privacy, privacy, privacy, privacy, privacy, privacy, privacy, privacy, privacy, privacy, privacy, privacy, privacy, privacy, privacy, privacy, privacy, privacy, privacy, privacy, privacy, privacy, privacy, privacy, privacy, privacy, privacy, privacy, privacy, privacy, privacy, privacy, privacy, privacy, privacy, privacy, privacy, privacy, privacy, privacy, privacy, privacy, privacy, privacy, privacy, privacy, privacy, privacy, privacy, privacy, privacy, privacy, privacy, privacy, privacy, privacy, privacy, privacy, privacy, privacy, privacy, privacy, privacy, privacy, privacy, privacy, privacy, privacy, privacy, privacy, privacy, privacy. privacy, privacy, privacy, privacy, privacy, privacy, privacy, privacy, privacy, privacy, privacy, privacy, privacy, privacy, privacy, privacy, privacy, privacy, privacy, privacy, privacy, privacy, privacy, privacy, privacy, privacy, privacy, privacy, privacy, privacy, privacy, privacy, privacy, privacy, privacy, privacy, privacy, privacy, privacy, privacy, privacy, privacy, privacy, privacy, privacy, privacy, privacy, privacy, privacy, privacy, privacy, privacy, privacy, privacy, privacy, privacy, privacy, privacy, privacy, privacy, privacy, privacy, privacy, privacy, privacy, privacy, privacy, privacy, privacy, privacy, privacy, privacy, privacy, privacy, privacy, privacy, privacy, privacy, privacy, privacy, privacy, privacy, privacy, privacy, privacy, privacy, privacy, privacy, privacy, privacy, privacy, privacy, privacy, privacy, privacy, privacy, privacy, privacy, privacy, privacy, privacy, privacy, privacy, privacy, privacy, privacy, privacy, privacy, privacy, privacy, privacy, privacy, privacy, privacy, privacy, privacy, privacy, privacy, privacy, privacy, privacy, privacy, privacy, privacy, privacy, privacy, privacy, privacy, privacy, privacy, privacy, privacy, privacy, privacy, privacy, privacy, privacy, privacy, privacy, privacy, privacy, privacy, privacy, privacy, privacy, privacy, privacy, privacy, privacy, privacy, privacy, privacy, privacy, privacy, privacy, privacy, privacy, privacy, privacy, privacy, privacy, privacy, privacy, privacy, privacy, privacy, privacy, privacy, privacy, privacy, privacy, privacy, privacy, privacy,",2021-01-18T16:16:52Z,0,en,1
b25c61fb-e0fb-4bc9-b0fa-955360c05a9b,whatsapp,primary_dataset,whatsapp,PRIVATION OVER MONEY,2021-01-18T16:01:17Z,0,en,1
35c3ac9d-77b2-4209-aaad-c35886b7f7c2,whatsapp,primary_dataset,whatsapp,"Because there's a new policy that's very damaging, so I give you star 1",2021-01-18T15:47:49Z,1,en,1
e8372627-264b-4522-ad1f-af89a6856c90,whatsapp,primary_dataset,whatsapp,Gk s7 divide data to Fb,2021-01-18T15:18:14Z,1,en,1
6a4ecee0-b890-47e8-b94d-9f3c24386fbf,whatsapp,primary_dataset,whatsapp,The privacy policy,2021-01-18T14:58:13Z,0,en,1
3cd912f0-ae0d-4d4b-8e77-2acbe6a8dff1,whatsapp,primary_dataset,whatsapp,Privacy wa lacks let's switch to telegram or signal,2021-01-18T14:30:23Z,1,en,1
746c006a-a81e-4f1a-a91d-508fc74d7197,whatsapp,primary_dataset,whatsapp,There's important data in WhatsApp,2021-01-18T14:27:34Z,0,en,1
8e20ced7-245b-4a43-915e-143e09caff5a,whatsapp,primary_dataset,whatsapp,Damn it!!!!!!!!!!!!!!!!!!!!!!!!!!!!!!!!!!!!!!!!!!!!!!!!!!!!!!!!!!!!!!!!!!!!!!,2021-01-18T14:07:10Z,504,en,1
fe788b58-3664-4e72-8006-2020c1ad9810,whatsapp,primary_dataset,whatsapp,"fontcolor="" # FFFF00""Waimove!!!!!! ...to telegramsfromhereof2021replacedtohisprivate fontcolor="" # FFFF00""thenthis time fontcolor="" # FFFF00""whenI'm loginmynumber isblockedIwaitforfourdaystotry.",2021-01-18T13:51:42Z,0,en,1
05df84e8-d889-4ae1-bbac-6bf10bd54808,whatsapp,primary_dataset,whatsapp,Want to steal our privacy?,2021-01-18T13:36:19Z,0,en,1
a23f5209-ef6b-4cc1-a7a2-0c05353d11d3,whatsapp,primary_dataset,whatsapp,It's only right to give privacy policy.,2021-01-18T13:29:21Z,0,en,1
c45689cd-18ab-4395-9846-905d6b8e17d6,whatsapp,primary_dataset,whatsapp,The policy doesn't change.,2021-01-18T12:27:34Z,0,en,1
648fde25-feb7-4aec-877a-3e942f47c228,whatsapp,primary_dataset,whatsapp,"Why don't you download it? The phone's switched off. It's on hotspots, it's on its own, it's not working.",2021-01-18T12:20:04Z,0,en,1
0ad063eb-026a-40bd-a64d-e345f4e5e4f8,whatsapp,primary_dataset,whatsapp,"Drpd personal data shared everywhere, prone to abuse.",2021-01-18T12:16:50Z,0,en,1
04e791da-8cd5-404f-b784-602a00f28a18,whatsapp,primary_dataset,whatsapp,Our privacy isn't as safe as it used to be...,2021-01-18T12:16:17Z,0,en,1
c308a5eb-0d89-4ca7-aab3-863b8d4debd0,whatsapp,primary_dataset,whatsapp,Had to uninstall it because its privacy policy was alarming and less secure to move the telegram.,2021-01-18T12:08:02Z,0,en,1
ff52d785-7baf-4046-bd3f-77101384fd7f,whatsapp,primary_dataset,whatsapp,"Why is this whatsapp yh mulu, khau kkasapp we have full app at the same time we need to go to Facebook and it's crazy.",2021-01-18T12:02:34Z,0,en,1
c91e4ec8-bb23-4b53-a915-46b135abfb6b,whatsapp,primary_dataset,whatsapp,With current policy that privacy data is shared k public a threat to the users of Whatsap. This policy has the smell of politics.,2021-01-18T11:57:47Z,18,en,1
1a45f67a-fa26-4a23-b65a-95c0b2cb1293,whatsapp,primary_dataset,whatsapp,Our privacy isn't safe.,2021-01-18T11:55:39Z,1,en,1
79fe1120-3ee1-46de-864e-7af9046d8ad3,whatsapp,primary_dataset,whatsapp,JNGN TROUBLED PUBLICITY WITH A NEW FAITH..SIN'T WASSTSAP WILL MISS ALL PUBLICITY..THRIMA KSH,2021-01-18T11:54:16Z,0,en,1
1fe5841e-08ec-42de-a255-09dacb783478,whatsapp,primary_dataset,whatsapp,The privacy delete,2021-01-18T11:51:33Z,0,en,1
63f1f84c-80c9-4906-8c93-b87152099c34,whatsapp,primary_dataset,whatsapp,Is it privacy?,2021-01-18T11:47:33Z,0,en,1
7da5be9a-580b-4e4f-8f48-63a5b1e573e9,whatsapp,primary_dataset,whatsapp,"I don't agree with your new policy, because I don't want my privacy to be seen by a lot of people, and for people who don't agree let's just delete our accounts and uninstall the apps.",2021-01-18T11:41:25Z,61,en,1
20bf24f3-6ea5-4201-8c13-c41139c0e159,whatsapp,primary_dataset,whatsapp,boooo facebook booo,2021-01-18T11:38:43Z,0,en,1
61198785-2a87-4c6a-aa1e-3126fcfd3606,whatsapp,primary_dataset,whatsapp,I'm sorry I gave you star 1 because the new policy applied really is very disappointing,2021-01-18T11:37:15Z,1,en,1
ed008c2c-786b-42b6-b754-09728f23dff4,whatsapp,primary_dataset,whatsapp,Rejecting privacy policy,2021-01-18T11:35:07Z,0,en,1
8e467436-84bd-4e48-8f48-f7537c0d3444,whatsapp,primary_dataset,whatsapp,"While star 1, due to the developer's policy on privacy data that has to share to facebook which is rather incriminating to customers",2021-01-18T11:27:06Z,1,en,1
ece1c7f9-cfb4-4dea-b800-9e261055cc52,whatsapp,primary_dataset,whatsapp,Since There's Privacy Policy I've Became Ama and Apk,2021-01-18T11:21:40Z,0,en,1
71d621f9-1b9e-4f9e-b001-727e1922e73f,whatsapp,primary_dataset,whatsapp,"I swear it's okay if you don't come here. It's getting worse. I'd like to get back in the chat data just a little bit, but I'll spare it every week.",2021-01-18T11:00:06Z,1,en,1
f8c57b88-aab5-4132-a20f-818b58c4afc7,whatsapp,primary_dataset,whatsapp,"I swear to God, it's getting worse and more and more and more and more and more and more and more and more and more and more and more and more and more and more and more and more and more and more and more and I'll have to wait seven hours for you to get proof.",2021-01-18T10:58:02Z,0,en,1
f262b296-f443-4740-b7c8-0cd30c84c671,whatsapp,primary_dataset,whatsapp,"fontcolor="" # FFFF00""ownerWa isdemonite, evidenced fontcolor="" # FFFF00""of privacyWAwillbesharredtoFB fontcolor="" # FFFF00""funny. fontcolor="" # FFFF00""welluninstallonlythan lossof matter and privacy later.",2021-01-18T10:52:15Z,0,en,1
d97c5160-c56e-41cf-9804-08083c11c698,whatsapp,primary_dataset,whatsapp,Protect user privacy,2021-01-18T10:50:15Z,0,en,1
0bde0881-dc3b-450a-bd16-cf4143563d4d,whatsapp,primary_dataset,whatsapp,"After this new privacy policy, I'm done with it.",2021-01-18T10:50:10Z,0,en,1
dd63e554-0fce-479b-a689-420b7533b47b,whatsapp,primary_dataset,whatsapp,Like I'm a friend. You can't maintain privacy.,2021-01-18T10:47:56Z,0,en,1
1d7388e7-b366-4a57-8730-e6d2bb05476b,whatsapp,primary_dataset,whatsapp,"Bye-bye, whatsapp.",2021-01-18T10:40:19Z,0,en,1
ba2df66f-f23c-4994-859b-12b6bf8e63c5,whatsapp,primary_dataset,whatsapp,My data is secure?,2021-01-18T10:39:42Z,0,en,1
8727dd16-34ee-4048-b0cb-902198944f75,whatsapp,primary_dataset,whatsapp,Thanks to new policy,2021-01-18T10:33:58Z,0,en,1
dc2c3578-e010-4bae-8b26-d44d15b53676,whatsapp,primary_dataset,whatsapp,I don't agree with WhatsApp policy right now because it's our privacy. It's dangerous if the data is leaked. Please don't do this now.,2021-01-18T10:30:39Z,0,en,1
cc0b7401-11c8-4c42-bc3e-138487b4bef8,whatsapp,primary_dataset,whatsapp,...insecure for personal/private data,2021-01-18T10:24:09Z,0,en,1
bb4f6553-0239-41e3-87b2-f1a3410adfd0,whatsapp,primary_dataset,whatsapp,Oh my!!!! The policy is dong.,2021-01-18T10:21:17Z,0,en,1
ff997b27-6c8b-4e83-acdb-197e69deeac7,whatsapp,primary_dataset,whatsapp,"It's not about the message content. Mo's encrypted. No, it's more about our security and privacy.",2021-01-18T10:19:34Z,0,en,1
37c085fb-3680-4e31-bf61-afaa183983a8,whatsapp,primary_dataset,whatsapp,Sorry I moved another chat app~,2021-01-18T10:18:37Z,0,en,1
5a4f22d6-7d35-453f-a035-9b238f2b7a6e,whatsapp,primary_dataset,whatsapp,The new rules are infuriating. Our personal data period is being sold.,2021-01-18T10:16:17Z,0,en,1
40a5dade-a81b-4563-a669-019c45604b67,whatsapp,primary_dataset,whatsapp,"Now it's so ugly, it's not private, it's mandatory to agree to copy Facebook.",2021-01-18T09:48:57Z,0,en,1
1aadbe2a-4c50-4a23-bcf0-c5153a996f5a,whatsapp,primary_dataset,whatsapp,Star 1 for private data,2021-01-18T09:47:17Z,0,en,1
81a2ff82-9106-4cba-a1e2-0d6ff15d765c,whatsapp,primary_dataset,whatsapp,To developer wa please remove the latest policy about privacy. We use watk privacy not to share our data! I don't think if our information gets leaked I hope that the privacy policy should be thrown in jail for as long as it doesn't follow the rules!,2021-01-18T09:45:53Z,25,en,1
8f52fa86-e378-4a13-9c2a-ed213d555d5e,whatsapp,primary_dataset,whatsapp,my privacy is important,2021-01-18T09:29:43Z,0,en,1
42d63534-8763-4938-9c08-08bab7531a32,whatsapp,primary_dataset,whatsapp,Let's move to TELEGRAM APK because your privacy is safer,2021-01-18T09:28:18Z,0,en,1
791ed203-5f99-42da-8176-d96b601dda0a,whatsapp,primary_dataset,whatsapp,WhatsApp Mod dong Ban users we're not comfortable with whatsApp Mod users because I think whatsapp Mod users have violated privacy policy,2021-01-18T09:23:00Z,0,en,1
e5fd7922-ae2b-467d-90b1-9ebb3356f1be,whatsapp,primary_dataset,whatsapp,The privacy policy,2021-01-18T09:04:17Z,0,en,1
ca704e64-4ec2-4400-805a-1d9f714cc18a,whatsapp,primary_dataset,whatsapp,Please fix it. I can't share the location.,2021-01-18T09:02:59Z,0,en,1
aa6e1595-ba71-489b-a663-6bb1085fbcef,whatsapp,primary_dataset,whatsapp,policy your as s,2021-01-18T08:57:53Z,0,en,1
23444435-539b-49d4-a603-17d591961c3e,whatsapp,primary_dataset,whatsapp,We can move on to another Wa kmbing,2021-01-18T08:37:04Z,0,en,1
3d1453c9-090b-431d-9b3b-ec6755c7daf5,whatsapp,primary_dataset,whatsapp,Now it's b1 for privacy reasons.,2021-01-18T08:31:08Z,0,en,1
2d87ed3c-e11b-4ba2-b5a3-d877df928634,whatsapp,primary_dataset,whatsapp,"If it's still an update on unsafe privacy, leaky data or whatever, I erase whatsapp, switch to telegrams.",2021-01-18T08:28:08Z,1,en,1
f6c412f0-68a1-40ad-9153-e1a5a648823b,whatsapp,primary_dataset,whatsapp,"If you want to use WA more users, please restore PRIVATION policy to the way it used to be, because user WA is also afraid that his privacy will be broken free, and sold at BlackMarket by hackers.",2021-01-18T08:20:46Z,73,en,1
380b435c-e20f-40a9-9bf8-e03c04c9618f,whatsapp,primary_dataset,whatsapp,The privacy rip,2021-01-18T07:59:43Z,1,en,1
b5f6a27d-5356-47e6-bb80-c51850eb3b50,whatsapp,primary_dataset,whatsapp,WHAT'S THE RELIGION TO THE FB???,2021-01-18T07:55:21Z,1,en,1
860354d6-ee6e-483f-ad9c-475c2d66b95d,whatsapp,primary_dataset,whatsapp,There is information that your personal data will be taken over unilaterally by WA starting February tomorrow.. switch to telegram,2021-01-18T07:18:19Z,0,en,1
7987ac8b-87a5-4198-9bdb-f3ee8055db77,whatsapp,primary_dataset,whatsapp,PRIVATE DATA?,2021-01-18T07:17:02Z,1,en,1
00e2d780-0de6-4130-be6c-4b8d86b599a8,whatsapp,primary_dataset,whatsapp,"Privacy 2 kntl, a rich BBM bill later wa",2021-01-18T07:16:39Z,0,en,1
6daf3a1a-3d9e-44f8-8f86-0c1d82156e59,whatsapp,primary_dataset,whatsapp,"Evil Applications, I don't like this app, It's Not Appreciating Privacy I, Mama Don't Download This Application, It's Very Dangerous",2021-01-18T07:14:44Z,0,en,1
47d098cf-d76c-4095-9ea5-e624c9756993,whatsapp,primary_dataset,whatsapp,"Because of the latest 2021 update on privacy policy, start thinking about uninstalling and looking for other chat applications. We are forced to share personal data with facebook applications. Let's uninstall this WA application..",2021-01-18T07:14:30Z,28,en,1
b478b07c-d9fd-479d-ae75-f7a379085d8b,whatsapp,primary_dataset,whatsapp,What's this app... wants to rob the user's data,2021-01-18T06:59:16Z,0,en,1
772d462c-cbcd-42ec-b54e-9b83db8af36d,whatsapp,primary_dataset,whatsapp,One Star for New Policy,2021-01-18T06:49:05Z,0,en,1
72b4a9ed-b9af-4b41-adbf-9663de46e9de,whatsapp,primary_dataset,whatsapp,Poor thing left because of his own policy:v the patient:,2021-01-18T06:39:44Z,0,en,1
b6dcbec7-2f13-46cb-ab0c-c8ca5e0d60dd,whatsapp,primary_dataset,whatsapp,Strange policy,2021-01-18T06:36:36Z,0,en,1
c565375f-8024-4ad8-a2a1-0b0264a5b27a,whatsapp,primary_dataset,whatsapp,H.R. privacy policy.,2021-01-18T06:15:29Z,0,en,1
98186e91-7a55-429c-8331-d799cf45220b,whatsapp,primary_dataset,whatsapp,THIS PROGRAM IS GOOD AT ALL!!!!!!!@@@@@@@@@@@@@@@@#TAPI BOHONG PROGUCTIONS,2021-01-18T06:10:27Z,2,en,1
2da8407b-c49e-4c8e-a7f3-183cf1c33dd7,whatsapp,primary_dataset,whatsapp,"Since I've been on Facebook, I feel that my privacy isn't awake, and also, all the features aren't important like Story.",2021-01-18T06:09:48Z,0,en,1
f7cd6016-1b9e-4f49-b641-6d8f06151e05,whatsapp,primary_dataset,whatsapp,Is there a security guarantee when it's linked to Facebook?,2021-01-18T06:05:43Z,0,en,1
dbc4f066-4c85-4dd6-9f96-04282c1e39e8,whatsapp,primary_dataset,whatsapp,Whether I'm about privacy policy now GW GA all the way or GW UNINSTAL is going forever and ever!!!!!,2021-01-18T05:51:14Z,0,en,1
3a4c2f78-bf53-48a9-a4bd-574cab012503,whatsapp,primary_dataset,whatsapp,"I gave you one star because I was disappointed by whatsapp's plan on facebook. I hope it's not just delayed, but it's canceled, I've been using whatsapp long enough, if whatsapp plans are completely rationalized, then I'll remove whatsapp apps from my phone, I'm worried about my privacy.",2021-01-18T05:50:46Z,0,en,1
0feac564-3fc7-42e4-8f90-a089ec4773cd,whatsapp,primary_dataset,whatsapp,Wa is not clear the number is often blocked and so I'm a layman who doesn't know so I use whatsapp to be a grub2 schoolboy,2021-01-18T05:49:46Z,0,en,1
2d44a063-a3ec-4ad5-8eb0-ea25a7579919,whatsapp,primary_dataset,whatsapp,Privacy boss,2021-01-18T05:42:39Z,0,en,1
79eef464-faf8-4c6c-a75e-b7f0b2e93783,whatsapp,primary_dataset,whatsapp,Uninstall WhatsApp Securities (for those who want personal data stolen),2021-01-18T05:30:53Z,0,en,1
356a25e4-13bf-4afd-b256-3ba2c32d006e,whatsapp,primary_dataset,whatsapp,"If privacy policy is what it says it is, I hope whatsApp is erased by the developer, it's like giving personal information to just anyone, and it seems dangerous to have been in the hands of the wrong people.",2021-01-18T05:14:32Z,3,en,1
5797bdf4-3a97-4291-8dd8-141dc778da3c,whatsapp,primary_dataset,whatsapp,Privacy no good,2021-01-18T05:12:14Z,0,en,1
3dfcfd40-2598-40f7-8f29-cab5dcc8309f,whatsapp,primary_dataset,whatsapp,"Privacy we're not safe, let's get rid of the other ones with Samaaaaa and get rid of the developer.",2021-01-18T02:32:52Z,0,en,1
62dca976-fe1e-4769-bfa9-693249bc944d,whatsapp,primary_dataset,whatsapp,"We're very happy and feel safe about our privacy at whatsapp, but why your privacy policy has been so disappointing lately as a user.",2021-01-18T01:26:40Z,0,en,1
3bf01f49-342e-4c0f-9837-b5af2e5d806a,whatsapp,primary_dataset,whatsapp,"""Gr"" is my privacy policy. That's why I gave you one. I gave you five.",2021-01-18T01:08:44Z,1,en,1
ed603290-dda9-461a-bfa9-d9ecde277a36,whatsapp,primary_dataset,whatsapp,Lemot if using WIFI! Using smooth weird data,2021-01-18T01:04:20Z,0,en,1
406e8cc1-1ffd-4a94-9585-8d7731abc564,whatsapp,primary_dataset,whatsapp,With growing issues the data can leak,2021-01-18T00:28:18Z,0,en,1
d2025760-07ae-4192-9c8e-aed30c310de0,whatsapp,primary_dataset,whatsapp,"Do not download, your data can be hacked with whatsApp",2021-01-18T00:22:10Z,0,en,1
0c769a88-13d2-49f0-bf26-f5f166152b59,whatsapp,primary_dataset,whatsapp,What's with the privacy? It's so uncomfortable.,2021-01-18T00:15:14Z,0,en,1
68aff798-8c39-4037-9f4a-0ec467aa6144,whatsapp,primary_dataset,whatsapp,Apk data moron moved to FB,2021-01-17T23:56:46Z,0,en,1
2d5304fd-3f61-44a4-9531-61369df15c03,whatsapp,primary_dataset,whatsapp,How come I can't see whatsapp status when the data isn't on yet?,2021-01-17T23:50:11Z,0,en,1
0e128253-1e89-4566-8328-0ee297ab4024,whatsapp,primary_dataset,whatsapp,"RAME-RAME SPAM 1 YOK, BECAUSE THE NEW WORK THAT WAS BUILED WAS TO TAKE HIS PRIVATE DATAS",2021-01-17T23:48:58Z,0,en,1
fb26e5ec-06ea-490a-a01b-611b90113b5e,whatsapp,primary_dataset,whatsapp,WhatsApp has to have Facebook to link up with. What about the ones who don't have Facebook? Can't use WhatsApp anymore?,2021-01-17T23:44:40Z,22,en,1
f3ba7af1-9db6-4fec-b7c6-d7cad8f47d40,whatsapp,primary_dataset,whatsapp,"I'm sorry, I'm sorry.",2021-01-17T23:31:51Z,0,en,1
24fd97e1-8eb2-465b-96f7-6aba588ec054,whatsapp,primary_dataset,whatsapp,"Dividing data on facebook is a very bad idea, so if you'd like to threaten to disable my account, there's a better telegram than whatsapp app.",2021-01-17T23:28:48Z,0,en,1
4bba0918-65b1-4aa7-9d81-41e0a7a49f38,whatsapp,primary_dataset,whatsapp,No more privacy.,2021-01-17T23:21:48Z,0,en,1
53a6d706-9c44-4d5e-866a-a0e8de1a4f71,whatsapp,primary_dataset,whatsapp,Unsured privacy,2021-01-17T23:13:14Z,0,en,1
b226b666-ee38-49e8-9be2-dafdf73ff789,whatsapp,primary_dataset,whatsapp,Remove new policy or we move to the signal!!!,2021-01-17T23:07:06Z,0,en,1
5ffc05b7-7d1e-47ca-aeba-4744bbe49fd6,whatsapp,primary_dataset,whatsapp,"More and more days, privacy policies go to waste.",2021-01-17T22:17:55Z,0,en,1
7fff4712-57d3-466e-a74a-e8cfc7419c6e,whatsapp,primary_dataset,whatsapp,Low security if shared data with the FB,2021-01-17T22:04:59Z,0,en,1
3e17fe73-5b12-45a8-940d-05a535feac9a,whatsapp,primary_dataset,whatsapp,Don't disturb people's privacy!,2021-01-17T21:53:31Z,0,en,1
a67873f1-ecca-4ed6-9e9a-7ee2e51ef1b5,whatsapp,primary_dataset,whatsapp,"There'll be a lot of people who aren't using WA, so don't be ridiculous with privacy policy, who are you...",2021-01-17T21:45:05Z,0,en,1
02af45ed-9594-4ee7-ac16-9b50cae20a9d,whatsapp,primary_dataset,whatsapp,User data can be dangerous,2021-01-17T21:37:49Z,0,en,1
543186a2-6876-43e2-80f9-074a172d938c,whatsapp,primary_dataset,whatsapp,You don't come who I want,2021-01-17T21:22:07Z,0,en,1
80b3e5d6-1038-4f99-a82f-b6ecba0baab1,whatsapp,primary_dataset,whatsapp,"Data's not safe, bro.",2021-01-17T21:21:34Z,0,en,1
5497f9a2-1dff-432e-808e-4eb4ff9d1055,whatsapp,primary_dataset,whatsapp,New policy due. Bye Whatsapp.. welcome signal Go... signal,2021-01-17T21:14:39Z,0,en,1
4ea269e1-6ddb-4e00-80ef-34dbcc5a6b40,whatsapp,primary_dataset,whatsapp,"IN EXPECTED WOYYYY-PORCE. A chat+grub hasn't gotten 100, a photo"" video"" has been removed, the value status has been deleted, the chase has gone off, but sometimes the memory of 600-800MB (even if I don't use WA). let alone the new privacy policy 2021, the personal info has been moved (or whatever it is:v), if it's not available, it doesn't work. Facebook sometimes likes to be hacked, information leaks, etc.",2021-01-17T21:01:38Z,0,en,1
a7a9594c-b704-4c28-964a-8626cb8330bd,whatsapp,primary_dataset,whatsapp,No. Privacy,2021-01-17T20:28:35Z,0,en,1
578f0afb-b1fc-49ef-bde0-a34dbb963081,whatsapp,primary_dataset,whatsapp,Whatsappp is deprecated selling user self-data,2021-01-17T20:21:26Z,1,en,1
4aa08ac4-a777-4acb-a017-d32b4a6144d1,whatsapp,primary_dataset,whatsapp,Privacy,2021-01-17T20:13:35Z,0,en,1
be6e1148-e929-42a1-8569-7f117a1ea95f,whatsapp,primary_dataset,whatsapp,"Think carefully if the policy divides the data to the fb., you want to be used or you want to be abandoned by users. If you can't maintain privacy then goodbye yes",2021-01-17T20:09:02Z,0,en,1
f5ad12b6-7fe9-46c8-8937-b8cce42d8872,whatsapp,primary_dataset,whatsapp,Ready to uninstall whatsapp with his new privacy policy & switch to other applications that are more maintaining the user data. The user data wants to be sale...!!!,2021-01-17T19:57:09Z,1,en,1
1359e3d0-ce8f-462d-a54b-4a55f7de037b,whatsapp,primary_dataset,whatsapp,privacy,2021-01-17T19:40:43Z,1,en,1
978b9afe-e716-46b8-939d-d4051edde2f1,whatsapp,primary_dataset,whatsapp,unused policy,2021-01-17T19:14:36Z,0,en,1
995ba27d-5b21-4ed3-ba88-8fb6f582445f,whatsapp,primary_dataset,whatsapp,"After a new rule at WhatsApp, a lot of users have moved to telegrams and signals because they're worried that their personal data might be out.",2021-01-17T19:13:53Z,2,en,1
f3707351-7890-4484-918c-258b2ed00f2c,whatsapp,primary_dataset,whatsapp,Privacy is spread.,2021-01-17T19:09:29Z,0,en,1
6e21bcc6-92d3-4df8-8179-843b44c5c4ca,whatsapp,primary_dataset,whatsapp,You're a private data thief.,2021-01-17T19:07:22Z,0,en,1
7b82163f-d641-4aa3-88fa-c555e886fe85,whatsapp,primary_dataset,whatsapp,Private monster.,2021-01-17T18:58:48Z,0,en,1
da32e7bf-1ba9-4c63-b30d-08e229f3f58e,whatsapp,primary_dataset,whatsapp,"New policy, new ratings.",2021-01-17T18:51:40Z,2,en,1
665420c4-6250-40e3-a5d3-3d01a715f7c6,whatsapp,primary_dataset,whatsapp,I'll erase it if it's a privacy change!,2021-01-17T18:47:33Z,0,en,1
eb61293d-ba40-41fd-9297-3fc3869b008e,whatsapp,primary_dataset,whatsapp,Uninstall WA if policy is not changed,2021-01-17T18:34:38Z,0,en,1
8d42ab3a-eda7-428a-a609-6a366a187f4d,whatsapp,primary_dataset,whatsapp,"Wait until February 08, 2021, if the policy is correct... sorry... Q can't use it anymore...",2021-01-17T18:32:55Z,0,en,1
27b9da0f-44b1-49b4-b8bc-2b0136feb367,whatsapp,primary_dataset,whatsapp,Ugly! Unsured data security!!!,2021-01-17T18:28:17Z,0,en,1
384d0569-80ba-48d1-8e33-3a9ccdae3181,whatsapp,primary_dataset,whatsapp,"fontcolor="" # FFFF00""Basjimlikegameshaveto use FacebookSad",2021-01-17T18:11:03Z,0,en,1
89e6661f-1e0b-44de-9547-dfdf5fccb05a,whatsapp,primary_dataset,whatsapp,"Cancel new policy, about requesting user data !!!!",2021-01-17T18:10:11Z,12,en,1
9ece9117-b535-489d-b61c-2aa522e66448,whatsapp,primary_dataset,whatsapp,Privacy number 1,2021-01-17T18:09:53Z,0,en,1
5503d835-f26e-457a-8c9d-f8c860f2b1a6,whatsapp,primary_dataset,whatsapp,Star 1 for WhatsApp with new policy in 2021..,2021-01-17T18:07:12Z,0,en,1
bcbf4499-81c5-46c4-afe2-f8992aa8a2e2,whatsapp,primary_dataset,whatsapp,Disapproving Privacy Updates,2021-01-17T18:05:50Z,0,en,1
0526d3ba-cfba-42e9-a6fa-6a6d6325479a,whatsapp,primary_dataset,whatsapp,fear of losing user yes. privacy no. signal is better than whatsapp,2021-01-17T18:05:10Z,0,en,1
9c7bbc78-0bfa-4541-90a6-901902c89ee0,whatsapp,primary_dataset,whatsapp,I'm very private.,2021-01-17T18:04:00Z,0,en,1
0d71ae4f-c558-4b9e-9933-44e38106c5bb,whatsapp,primary_dataset,whatsapp,I don't like being synchronized to Facebook.,2021-01-17T17:53:47Z,0,en,1
d8c7cbd1-c5a4-4a65-9b72-a946a11857cd,whatsapp,primary_dataset,whatsapp,Star one for policy of privature.,2021-01-17T17:52:35Z,0,en,1
1f66a61c-b996-419c-8ae5-8b4e5a1d200d,whatsapp,primary_dataset,whatsapp,taekk privacy opener application,2021-01-17T17:49:30Z,0,en,1
d9ef9eda-2324-44e7-a8c9-41e6042674f8,whatsapp,primary_dataset,whatsapp,Privacy?,2021-01-17T17:47:30Z,0,en,1
64ae6419-1c44-49b2-a413-d1f4863fab23,whatsapp,primary_dataset,whatsapp,The new privacy policy results one by one WA on the move to the next app.,2021-01-17T17:26:45Z,0,en,1
86fc4973-b226-4f92-b298-9e21d34b2d31,whatsapp,primary_dataset,whatsapp,"I'm sorry with whatsapp acquisition of Facebook, I don't trust my security features, especially on Facebook, a lot of radical employees, and a lot of customer data is leaked, let alone whatsapp with FB, destroyed the customer data, and we're very disappointed.",2021-01-17T17:19:11Z,0,en,1
017fae70-7202-4fef-9ab2-dd14110b63aa,whatsapp,primary_dataset,whatsapp,CRAZY BANGET WITH YA KNTL DATABSE,2021-01-17T17:17:23Z,0,en,1
7d0b297b-a41c-4841-950f-6522d76f9239,whatsapp,primary_dataset,whatsapp,The lack of privacy,2021-01-17T17:07:00Z,0,en,1
31d1fe9e-2b96-479a-b834-3fbf00954eda,whatsapp,primary_dataset,whatsapp,privacy number 1,2021-01-17T17:03:39Z,0,en,1
996ed95c-8994-457f-a1c0-c7e75d89183c,whatsapp,primary_dataset,whatsapp,"There's a new privacy policy that integrates the user's data to the FB but blakangan said only for WA Business. But why do I get the notification? While I uninstall the FB (bye FB), install Telegram, and give the 1 star to WA..",2021-01-17T16:59:56Z,74,en,1
1893db8a-36b9-4c34-bf8e-eca91c423c2d,whatsapp,primary_dataset,whatsapp,"I'm very upset and very disappointed with the new privacy policy, which is terrible to me. I'm sorry for the time now. I'm not going to use whatsapp app anymore, I'm going to move to a telegram any safer.",2021-01-17T16:54:00Z,10,en,1
e8ed1e52-a78f-401d-abe7-b85fc7708408,whatsapp,primary_dataset,whatsapp,Kok wa became a big use of his mobile broadband,2021-01-17T16:51:29Z,0,en,1
f33ef4b2-12fe-4131-877e-bf6a72450baf,whatsapp,primary_dataset,whatsapp,Maybe soon it's time to uninstall whatsapp...with his new privacy policy.,2021-01-17T16:48:51Z,0,en,1
88b66701-5309-435c-8be3-2b861db7e07f,whatsapp,primary_dataset,whatsapp,User privacy is not secure,2021-01-17T16:45:24Z,0,en,1
5f85375b-5d84-45b7-bbdc-c7210f3eada6,whatsapp,primary_dataset,whatsapp,How wonderful. Your work is like a two-eyed knife. Your heart is affected.,2021-01-17T16:43:28Z,0,en,1
1e100e96-a71c-4705-886b-5b9982e4171f,whatsapp,primary_dataset,whatsapp,"Your make sure our privacy is not leaked, the term and condition is very bad",2021-01-17T16:38:38Z,0,en,1
bc08a2f0-48fa-4ce7-a554-f980b2b2b928,whatsapp,primary_dataset,whatsapp,The privacy policy that allows users WhatsApp to move to other applications,2021-01-17T16:27:04Z,0,en,1
23bde1a7-e28a-449c-93b4-5f3984872f52,whatsapp,primary_dataset,whatsapp,This privacy policy is so wasteful.,2021-01-17T16:26:05Z,0,en,1
a13d7da4-cc2e-448d-ab76-31db3d4da761,whatsapp,primary_dataset,whatsapp,Unlike whatsapp who used to keep the user's privacy!,2021-01-17T16:21:10Z,0,en,1
a30a1000-1f4a-45f0-bd6d-924b27386be7,whatsapp,primary_dataset,whatsapp,"Now that you've been held in Facebook it's getting worse. Yes, please fix it again. Especially the vc. Don't be so bad anymore.",2021-01-17T16:19:45Z,0,en,1
23ad2a29-9f29-45f2-a7af-31521fc326d0,whatsapp,primary_dataset,whatsapp,"Don't like the new policy, our company will move the raves to the telegram app.",2021-01-17T16:17:09Z,0,en,1
b27ad82b-61ca-4fc7-9a42-469242137fe9,whatsapp,primary_dataset,whatsapp,It's time to leave whatsapp.,2021-01-17T15:52:38Z,0,en,1
34d7f23c-8088-4236-b82b-6cdce0ac6607,whatsapp,primary_dataset,whatsapp,"Now it's very disturbing because"" There's a privacy policy, so I don't use it anymore.",2021-01-17T15:45:08Z,0,en,1
d6d04dce-8ade-4967-9ecd-b8a9b141a14c,whatsapp,primary_dataset,whatsapp,Goodbye WhatsApp you eat your new policy sna we'll switch to telegram and whatsApp will go bankrupt like BBM is capable of,2021-01-17T14:19:50Z,0,en,1
b508116a-4073-4746-9d83-fe018d531a90,whatsapp,primary_dataset,whatsapp,"What'sapp now that much of it wants, its connection is like a new PRlVATION, it's better I go all the way to TELEGRAM or SIGNAL FOR DEVELOPER:",2021-01-17T14:19:22Z,2,en,1
f9652dbb-b489-4dd3-b172-3b96bd5082c3,whatsapp,primary_dataset,whatsapp,Sorry for ur policy.,2021-01-17T14:15:32Z,0,en,1
cc6f3922-7f08-406f-96e1-3984c1d1cc4e,whatsapp,primary_dataset,whatsapp,"Bye WhatsApp, Bae"" New Whatsapp Users want to install... because your user data privacy will be sold to FACEBOOK, Thanks Whatsapp.",2021-01-17T14:15:28Z,0,en,1
5c0701a4-f352-4443-a61a-dbcd7e7c7bff,whatsapp,primary_dataset,whatsapp,"Bye WhatsApp, on your new policy many are now leaving your application thank you WhatsApp...",2021-01-17T13:43:39Z,0,en,1
d6649de8-05ac-4efe-90a6-688a98ca3a78,whatsapp,primary_dataset,whatsapp,"Where is my privacy? &lt;br /&gt;That's the right word, If you believe you're doing privacy violation policy, then it's on your own, we're waiting for the ""WhatsApp"" decision.",2021-01-17T13:35:08Z,3,en,1
0bc2e177-7f7e-4279-a0ee-f79c93dbc14c,whatsapp,primary_dataset,whatsapp,You said you wanted full privacy privileges to the user?,2021-01-17T13:28:16Z,0,en,1
45dffcd2-9ccc-475a-ae78-5c3372bf8833,whatsapp,primary_dataset,whatsapp,"Answer my question I'm downLOAD, tell me what the H+ line is on my phone",2021-01-17T13:11:40Z,0,en,1
ab8f1e2c-42b0-4633-8817-d8dabc17fcf7,whatsapp,primary_dataset,whatsapp,"Thanks to whatsapp with the policy these past few days that you have made, I am qualified with another chat which is virtually the same as whatsapp, indecently whatsaap has been promoting another chat.",2021-01-17T13:11:10Z,0,en,1
6fa20306-e011-4d81-9ab2-5d652974dca9,whatsapp,primary_dataset,whatsapp,AUTO UINSTAL..,2021-01-17T13:05:10Z,1,en,1
173de323-3ad6-4bab-ac8e-aa6df9c2ab69,whatsapp,primary_dataset,whatsapp,Privacy Data Seller?,2021-01-17T12:42:05Z,0,en,1
a8c85fd2-51e4-4990-97b2-397c1718533d,whatsapp,primary_dataset,whatsapp,Disappointed with privacy policy,2021-01-17T12:40:33Z,0,en,1
32255788-b989-4d93-bfcc-c987d8f406c3,whatsapp,primary_dataset,whatsapp,Go on facebook and facebook. It's weird.,2021-01-17T12:39:41Z,0,en,1
3147aae5-b38a-441d-92a3-ec7a82500a00,whatsapp,primary_dataset,whatsapp,There's no story for personal information.,2021-01-17T12:35:56Z,3,en,1
b318113e-5aa9-48a3-9c81-734670222f6d,whatsapp,primary_dataset,whatsapp,There's a new policy making my soul want to leave WhatsApp!,2021-01-17T12:35:19Z,0,en,1
dc2263e4-ad4d-4a21-9ebb-4f39791762ea,whatsapp,primary_dataset,whatsapp,Star 1 was due to privacy policy.,2021-01-17T12:27:32Z,0,en,1
879d05d4-be35-447d-89fa-a0d31e350b67,whatsapp,primary_dataset,whatsapp,Adversity's adversarial privacy.,2021-01-17T12:24:45Z,0,en,1
7bf5f973-eb5a-4148-bc27-73408d4a80bb,whatsapp,primary_dataset,whatsapp,Less privacy.,2021-01-17T12:23:46Z,0,en,1
f26e30bb-5004-4b70-83f2-d0a01b20bf7a,whatsapp,primary_dataset,whatsapp,Privacy ko wants to get all the data,2021-01-17T12:09:40Z,0,en,1
364226a9-792b-464c-a0b7-a154954680a8,whatsapp,primary_dataset,whatsapp,"Privacy is getting unsafe, so I'm moving into a telegram.",2021-01-17T12:09:05Z,0,en,1
88b72b14-1124-4f39-92ca-08ebbc583eda,whatsapp,primary_dataset,whatsapp,Goodbye Whats app I now leave because of the new policy Thank you for accompanying me all along,2021-01-17T12:02:10Z,0,en,1
fe3960d8-f9b4-4bd3-84ee-a4eed9d8fdf9,whatsapp,primary_dataset,whatsapp,need privacy,2021-01-17T11:38:38Z,0,en,1
84765ab8-d8ca-4a3f-a6e9-4e7b5793684f,whatsapp,primary_dataset,whatsapp,Damn privacy,2021-01-17T11:36:38Z,0,en,1
f4777fef-11a2-438b-81ec-f5072c42e188,whatsapp,primary_dataset,whatsapp,"WhatsApp Messenger, the less comfortable it is for users of WhatsApp. Something that is upgraded, the more likely it is to strengthen the privacy protection of the user, the more comfortable it is for the user. Don't make any inconvenience for the loyal user to continue using the WhatsApp messenger app as an easy means of communication. Do not only take advantage without thinking about your application user. Thank you, smoga jvelop consideration",2021-01-17T11:32:53Z,0,en,1
5cd24f85-5d14-4bde-9918-95bc73da71c4,whatsapp,primary_dataset,whatsapp,"It's comfortable for almost 5 years to use WA. Then why do I suddenly have mandatory rules and force personal data I have to divide into all FB anyway? The question is what? If I'm going to do something wrong someday, and the WA/FB doesn't want to be held accountable, ready for Uninstall. and I'm going to move to SIGNAL & TELAGRAM.",2021-01-17T11:27:28Z,0,en,1
84eb7661-c46c-48f0-b53e-10b2079b6961,whatsapp,primary_dataset,whatsapp,An app that's always trying to steal the user's personal data.,2021-01-17T11:10:32Z,0,en,1
0e1606cf-8c20-4c64-899e-463875e296ef,whatsapp,primary_dataset,whatsapp,Privacy is not secure.,2021-01-17T11:02:06Z,0,en,1
a362a07d-8d80-4515-ac89-893afbe6a1cd,whatsapp,primary_dataset,whatsapp,worry about my data leak,2021-01-17T11:01:28Z,0,en,1
8d379031-e4a9-40ab-961f-549e647382ee,whatsapp,primary_dataset,whatsapp,I don't agree with whatsapp's current application update because a lot of my important data in WhatsApp is missing on its own.,2021-01-17T10:59:37Z,83,en,1
bcdf9a57-2f7d-4185-b9f3-cfcb29b8e188,whatsapp,primary_dataset,whatsapp,"WhatsApp is bad now... there's also his Facebook... we move to TELEGRAM even better... instead of modern, it's not like it's like it's broken.",2021-01-17T10:50:56Z,0,en,1
1793697f-c0ee-4479-8f47-03609388ac21,whatsapp,primary_dataset,whatsapp,If whatsap created a new policy of privacy security would have more users who would have left whatsap,2021-01-17T10:50:55Z,0,en,1
d0588f47-4aed-46ee-814c-8a9ac40684d8,whatsapp,primary_dataset,whatsapp,Disrespecting user privacy,2021-01-17T10:49:14Z,0,en,1
24e01324-0cee-4992-91c2-811e844fe73b,whatsapp,primary_dataset,whatsapp,Because of my privacy policy I gave you star 1 and moved to telegram,2021-01-17T10:48:00Z,0,en,1
a1b79eee-2077-4035-8661-caaa58bf45cb,whatsapp,primary_dataset,whatsapp,Let's all move to another place... now that whatsapp has changed policy policy... should listen to customer complaints.,2021-01-17T10:46:36Z,0,en,1
8dcb4de0-2bab-44c3-9efa-e796d7b1a67d,whatsapp,primary_dataset,whatsapp,More unappreciative of user privacy since joining Facebook,2021-01-17T10:43:49Z,0,en,1
e9ecb017-1269-4335-a59b-7b2fd58330e5,whatsapp,primary_dataset,whatsapp,Any privacy policy you'd like to take would you like to transfer to a telegram.,2021-01-17T10:41:57Z,0,en,1
ffd321eb-5bf3-4a93-9693-61d9f39e3c0b,whatsapp,primary_dataset,whatsapp,"Privacy is everything, Bye-bye Whatsapp",2021-01-17T10:40:12Z,0,en,1
f35df0de-8140-4c63-a1bd-206e348ea7c5,whatsapp,primary_dataset,whatsapp,"Bad app, my privacy. I know enough to change your privacy policy. My family members and I will leave you...",2021-01-17T10:39:15Z,0,en,1
f82b8790-fa98-44d7-a7e8-94723d107c25,whatsapp,primary_dataset,whatsapp,Switching telegrams... privacy isn't safe.,2021-01-17T10:27:27Z,0,en,1
5a5c7107-33f1-49da-ac07-e430f57a68ba,whatsapp,primary_dataset,whatsapp,Privacy?,2021-01-17T10:22:45Z,0,en,1
9e0329a0-98a9-45ac-9c9a-78d2b1cff33a,whatsapp,primary_dataset,whatsapp,Policy steals user data,2021-01-17T10:14:46Z,0,en,1
7122d1a9-78c7-4fb6-8afa-b0f0d06a93dc,whatsapp,primary_dataset,whatsapp,The latest policy of wa Makes me unhappy,2021-01-17T10:09:56Z,0,en,1
6ebd8897-7d73-4878-9117-59c235facd10,whatsapp,primary_dataset,whatsapp,PRIVATION LOCATION,2021-01-17T10:03:00Z,0,en,1
fc90dc47-8a68-45a4-82e7-bd0732ffc384,whatsapp,primary_dataset,whatsapp,Disappointed with whatsapp's decision on privacy,2021-01-17T09:59:01Z,0,en,1
fb7ac365-0895-4a2d-a8fe-b976f06bb3f5,whatsapp,primary_dataset,whatsapp,Miscellaneous user data taken ....,2021-01-17T09:55:33Z,0,en,1
016522c2-b074-457a-abbd-27e9f82c8a39,whatsapp,primary_dataset,whatsapp,"I'm sorry I uninstalled and deleted the account, because I don't appreciate user privacy anymore.",2021-01-17T09:50:48Z,0,en,1
ffba1a8d-2bdf-4703-b8ca-6ba54ac890b1,whatsapp,primary_dataset,whatsapp,"Unsafe data, move apps instead",2021-01-17T09:46:46Z,0,en,1
78f53bcd-4f18-4aa3-a44f-8b6abfab742a,whatsapp,primary_dataset,whatsapp,Privacy is beginning to disappear!,2021-01-17T09:43:53Z,0,en,1
1b8ff411-ee65-4add-a413-ccea66fd7140,whatsapp,primary_dataset,whatsapp,"Update privacy policy, NO.",2021-01-17T09:41:47Z,1,en,1
2a393bf3-d37c-47e3-9083-2838a3d112f0,whatsapp,primary_dataset,whatsapp,I don't agree with new rules because it involves personal data by transferring data to Facebook.,2021-01-17T09:38:19Z,1,en,1
3b310eb0-e708-4a5b-beab-88db08bf4085,whatsapp,primary_dataset,whatsapp,Iki's disappointment. Data wants to be divided by Ama Facebook.,2021-01-17T09:33:25Z,0,en,1
96c72e31-45b2-43ba-b2ea-5fe2a28ecc58,whatsapp,primary_dataset,whatsapp,"If you force the user to approve your new rule that includes the user's personal data, then maybe I'll find another application reference that doesn't overabsorbed the user's files, your latest policy is too key to the user.",2021-01-17T09:32:30Z,0,en,1
e8964a6f-f154-4a4a-a2e9-11fd20c4c016,whatsapp,primary_dataset,whatsapp,The heavy disappointment of the user's privacy policy change,2021-01-17T09:31:31Z,0,en,1
1afdb5ec-6824-4c82-841d-7f71beb6beab,whatsapp,primary_dataset,whatsapp,"Please fix the apk, let's get the message we can't break because of what happened. It's important that I send you an email/file"" personal account.",2021-01-17T09:25:30Z,0,en,1
c898880a-3779-4d5f-bd82-f646ca8020c1,whatsapp,primary_dataset,whatsapp,There'll be public privacy.,2021-01-17T09:21:26Z,0,en,1
f65213fa-6a04-4abc-85fa-f373de2ca239,whatsapp,primary_dataset,whatsapp,The policy's inconsequential.,2021-01-17T09:18:57Z,0,en,1
1feedf81-88a0-43cc-896b-07ede796a1eb,whatsapp,primary_dataset,whatsapp,"Wait for the new policy of February 15, 2021... the road policy is to delete the application",2021-01-17T09:18:47Z,10,en,1
c1850a78-927d-4938-be9c-0e77ebcb72f2,whatsapp,primary_dataset,whatsapp,"No more privacy, move the telegram.",2021-01-17T09:16:07Z,0,en,1
ab0bc118-5ab8-4bb0-a2e7-08ad2da15817,whatsapp,primary_dataset,whatsapp,I don't like people's privacy!!!!!!,2021-01-17T09:14:33Z,1,en,1
973a1d9f-8327-4136-9a9a-98a4456bfa0e,whatsapp,primary_dataset,whatsapp,Privacy,2021-01-17T09:13:16Z,0,en,1
d6090a18-69cb-48ce-9760-62a21c17ab4d,whatsapp,primary_dataset,whatsapp,"I hope whatsapp goes back to the way it was, because a lot of people are troubled by whatsapp's new policy, so I feel bad for one star and I feel disappointed.",2021-01-17T09:12:13Z,0,en,1
2fd468aa-e8ff-438c-a985-aa5124fea1b3,whatsapp,primary_dataset,whatsapp,Move on after WhatsApp makes a new policy,2021-01-17T09:12:06Z,0,en,1
9a5a5844-1f84-40dc-8ad6-cbfb8bfdf814,whatsapp,primary_dataset,whatsapp,"Not everything is synchronized, every APP should have its uses.",2021-01-17T09:08:29Z,0,en,1
9aadd285-c306-4f96-9355-8077b8aea59e,whatsapp,primary_dataset,whatsapp,Heleh knows our privacy.,2021-01-17T09:07:25Z,0,en,1
0ac85d97-5f64-4185-8eeb-d446d2f97563,whatsapp,primary_dataset,whatsapp,privacy is gone.,2021-01-17T09:04:51Z,0,en,1
2bdce41f-b81c-4e52-b8e9-7b9749e9c823,whatsapp,primary_dataset,whatsapp,"Since there's a privacy policy, I've been sleeping with a wa!",2021-01-17T09:03:28Z,1,en,1
d216df7a-7f16-4f3a-83f6-5c7d4e4c6051,whatsapp,primary_dataset,whatsapp,"Private policy is not good, installing dah",2021-01-17T09:02:46Z,0,en,1
42f023f6-0651-484b-9a7c-6a2fbb199b03,whatsapp,primary_dataset,whatsapp,Disappointed since the privacy policy,2021-01-17T09:02:39Z,0,en,1
378373af-995b-4253-abe0-095c67c4ff9c,whatsapp,primary_dataset,whatsapp,Appreciate our privacy!!!,2021-01-17T09:02:06Z,0,en,1
206bd8b2-ba9c-4ec6-87ab-8137643d824f,whatsapp,primary_dataset,whatsapp,Our privacy will be spread carefully,2021-01-17T09:01:54Z,0,en,1
e064decb-1b41-454e-8b2f-83d1013b04a4,whatsapp,primary_dataset,whatsapp,"Bacot, privacy is publicized.",2021-01-17T08:57:11Z,0,en,1
23025290-7655-40fc-9a00-6e638ad6c393,whatsapp,primary_dataset,whatsapp,"I'm sorry my application deleted for privacy 0% and made the user look like the eye watching, perhaps temporarily moving to another signal/application",2021-01-17T08:54:17Z,0,en,1
068385bb-0d40-4643-b3bc-daa1905116ca,whatsapp,primary_dataset,whatsapp,dippointed in the new policy,2021-01-17T08:53:58Z,0,en,1
b4d1f22c-3ec9-4860-ab59-628ae0ede6e2,whatsapp,primary_dataset,whatsapp,Whatsapp party requested user data to be cautious,2021-01-17T08:51:13Z,0,en,1
78e978df-92fc-4823-8bc5-18c89c3d8094,whatsapp,primary_dataset,whatsapp,disappointed in new policy.,2021-01-17T08:50:48Z,0,en,1
a9c50bd5-fa8a-469f-8807-0016b5f1586c,whatsapp,primary_dataset,whatsapp,Privacy woi,2021-01-17T08:48:38Z,0,en,1
f4fb0e91-d120-447d-a30e-709e938e225b,whatsapp,primary_dataset,whatsapp,Not recommended... for not keeping personal data from the user of WhatsApp application...,2021-01-17T08:44:15Z,0,en,1
e1b58553-d34f-4535-aa05-f2e5144ff9b7,whatsapp,primary_dataset,whatsapp,Privacy's leveled again.,2021-01-17T08:41:58Z,0,en,1
10cd1cc6-d1c6-4cb1-8230-c782e03889ee,whatsapp,primary_dataset,whatsapp,The policy is bad.,2021-01-17T08:41:23Z,0,en,1
eef65187-f744-4766-81bf-104aeb2d7717,whatsapp,primary_dataset,whatsapp,Disappointed with WhatsApp Better move to Telegram More Watched Privacy,2021-01-17T08:40:40Z,0,en,1
6c578646-49c0-4b14-84c6-faabac193bc9,whatsapp,primary_dataset,whatsapp,Delete the Privacy Policy of anying,2021-01-17T08:24:55Z,0,en,1
3b86622f-9fa9-4b5a-bb8b-e4abf5cc39e7,whatsapp,primary_dataset,whatsapp,Unsecure personal data,2021-01-17T08:19:47Z,0,en,1
0f8bc05a-7593-4951-af04-45d800ea663a,whatsapp,primary_dataset,whatsapp,Be back my privacy,2021-01-17T08:15:17Z,0,en,1
abffd506-05eb-4c75-bd4e-6aa6a03a9150,whatsapp,primary_dataset,whatsapp,Don't use that again. Data's leaking. Leave it.,2021-01-17T08:06:54Z,0,en,1
7fc93430-ca58-4500-b367-132fc30db7d7,whatsapp,primary_dataset,whatsapp,"Let's not get ahead of ourselves, let's just say new rules, slow nights, quiet nights, keep people's privacy, thank you.",2021-01-17T08:03:45Z,0,en,1
38787017-a153-481f-b830-e43ea2575c8d,whatsapp,primary_dataset,whatsapp,Policy :,2021-01-17T07:53:37Z,0,en,1
9e12c060-36a8-40fc-a632-c068082f5589,whatsapp,primary_dataset,whatsapp,New policy? I don't think so. A lot of people use it.,2021-01-17T07:52:51Z,0,en,1
7d59ca0f-3d1d-4ab9-8bbc-18b6c4ffc732,whatsapp,primary_dataset,whatsapp,"What privacy people share for you think birthday cake, so fix me out byeee!",2021-01-17T07:48:11Z,0,en,1
b637dbcc-6cdb-4b18-a132-b7bb6876b5cd,whatsapp,primary_dataset,whatsapp,"There's more of the same aps and even safer, than the aps that beg for user data.",2021-01-17T07:47:21Z,0,en,1
4eeeaf53-843b-4a6b-b7b1-35f2983896cd,whatsapp,primary_dataset,whatsapp,The privacy is goblnk,2021-01-17T07:44:21Z,1,en,1
0b722cef-24c2-4c4f-ba2d-277e0204c212,whatsapp,primary_dataset,whatsapp,Private privacy policy please conditioned,2021-01-17T07:44:18Z,0,en,1
94b3c770-2f6f-466e-9a17-b8853424fe03,whatsapp,primary_dataset,whatsapp,Privacy people want to know about privacy:v,2021-01-17T07:42:18Z,0,en,1
166a3f3c-c0b9-4215-b638-97466b3070a3,whatsapp,primary_dataset,whatsapp,"We ""value"" your privacy",2021-01-17T07:36:57Z,0,en,1
a575be42-cba7-4621-a1b2-0e0d02263145,whatsapp,primary_dataset,whatsapp,Will take people's privacy,2021-01-17T07:11:03Z,0,en,1
c8d23ac4-fd05-4838-a9d3-fac6c5280dbe,whatsapp,primary_dataset,whatsapp,"Star 1 makes whatsapp I disagree if my privacy data is shared to another platform. Wait for the 8th of whatsapp's new policy to be executed, I will personally uninstall whatsapp applications.",2021-01-17T06:28:29Z,3,en,1
2f3abe3c-8c63-4f1c-9278-5eca79d4118a,whatsapp,primary_dataset,whatsapp,All we love each other for their privacy is that it's not the same... ayo love 1 ayo ayo,2021-01-17T06:23:48Z,0,en,1
8578cd38-dbc3-4759-8cbc-e0212949c837,whatsapp,primary_dataset,whatsapp,"New policy, wants to move to a new app (paper plane)",2021-01-17T06:17:05Z,0,en,1
62d7d660-0068-4518-ae87-9b365c2fe4bc,whatsapp,primary_dataset,whatsapp,Don't agree with the privacy rule in 2021.,2021-01-17T06:00:51Z,0,en,1
b6d08dd8-f604-4e91-8088-b55d7b2101c4,whatsapp,primary_dataset,whatsapp,"Let's see if February's policy will stay on course, if it does. I'll erase WA.",2021-01-17T05:46:37Z,0,en,1
06706392-f242-4e5a-af6a-db707aec77bc,whatsapp,primary_dataset,whatsapp,No respect.,2021-01-17T05:44:33Z,0,en,1
28d3569f-53cf-4bf0-a5ae-e2a3e0536464,whatsapp,primary_dataset,whatsapp,Privacy,2021-01-17T05:24:13Z,0,en,1
d09f300d-173b-4fb2-877d-6e124c6947d2,whatsapp,primary_dataset,whatsapp,"If the privacy of the user cannot be maintained, ready to move to another application",2021-01-17T05:21:18Z,0,en,1
d7339cd3-5a6b-4f3d-8781-0de7e570ddde,whatsapp,primary_dataset,whatsapp,It's starting to howling data?,2021-01-17T05:15:44Z,0,en,1
8905cb12-8702-4198-a2f7-7d53cef428e2,whatsapp,primary_dataset,whatsapp,The new policy is not okay,2021-01-17T05:14:17Z,0,en,1
e37c0a20-1332-4c58-a5c4-abf5f3bd7625,whatsapp,primary_dataset,whatsapp,"Please help me to restore the deleted chat messages, the same database Google hasn't been set up yet, delete all the data. Look at all the chat messages that were deleted two years ago, pleasee really need the chat.",2021-01-17T05:14:07Z,0,en,1
14bf681c-539e-4ec4-8bf2-0e0268b0235e,whatsapp,primary_dataset,whatsapp,RIP privacy.,2021-01-17T04:53:17Z,0,en,1
9d35821f-2c6e-45b8-8322-92aa1c33b508,whatsapp,primary_dataset,whatsapp,"I'm the only one on the block in one-sided, objected, but only responded once, and until now there's no follow-up, but normal use of whatsapp business.",2021-01-17T04:13:05Z,0,en,1
86f3a9e6-6adf-4b0c-bfe5-fc61a355ddfd,whatsapp,primary_dataset,whatsapp,Time to move on because it's policy that harms users.,2021-01-17T03:03:56Z,0,en,1
a2e3a9dc-7291-45f3-8f4d-8d8742500fb9,whatsapp,primary_dataset,whatsapp,So it's not safe to use whatssapp..ready uninstalls whatsapp..if the policy changes,2021-01-17T02:55:29Z,0,en,1
e1eae7e0-ae53-4545-95a7-8698ba840d10,whatsapp,primary_dataset,whatsapp,Auto goodbye if you're still asking for personal data shouldn't ask for personal data until IP hand phone and seating numbers are disquieting,2021-01-17T02:42:25Z,0,en,1
045a9337-f916-463b-919d-b7e52997ec4f,whatsapp,primary_dataset,whatsapp,"I like whatshap, I like whatshap, but my life, and my personal data let me know, 2009-2021 Now I finally give up on the rules you made, Tank's...",2021-01-17T01:55:56Z,87,en,1
f2a22601-007f-4db0-9460-acecc891feba,whatsapp,primary_dataset,whatsapp,"I'm very upset with whatsApp currently purchased by Facebook, because the message storage from the beginning of the Image data to the Video is charged to the memory/city storage of the User Smartphone, so that internal memory is full, not as it used to be, as it used to be, is stored on Google Drive/ Digital Infectation facilities, so it doesn't make Memory Internal Smartphone full of... please return whatsApp used to...",2021-01-17T01:24:38Z,2,en,1
3b1dd344-87c9-43c8-8a2e-018cb59ff6dc,whatsapp,primary_dataset,whatsapp,Goodbye Whatshaap if doing a policy that harms the user's data..,2021-01-17T01:18:02Z,0,en,1
fb27205e-632b-4041-86a9-e5d35bdce36c,whatsapp,primary_dataset,whatsapp,"I used to give you 5 stars because you had to share customer data to Facebook, change stars to 1... still mean, GUWE UNINSTALL BAKAL",2021-01-17T00:56:01Z,0,en,1
fa062690-f5d0-44cf-b352-61c77f1edc76,whatsapp,primary_dataset,whatsapp,New policy would be very dangerous with privacy,2021-01-17T00:54:58Z,0,en,1
7c50cb9c-b6b9-43ae-9800-5bc68f18c20c,whatsapp,primary_dataset,whatsapp,"Whatsapp idiotkk, don't mix up Facebook, not professional....",2021-01-17T00:54:11Z,0,en,1
e548cf84-b89d-48f6-99f6-cf2538ddb8f0,whatsapp,primary_dataset,whatsapp,So is there any intention of sharing data with facebook?,2021-01-17T00:36:46Z,0,en,1
b38272b3-15c0-4888-a1c3-5715335d1c21,whatsapp,primary_dataset,whatsapp,Procuring privacy. Split data to Facebook. Sell whatsapp user data,2021-01-16T23:52:14Z,0,en,1
e131c565-1079-40d1-838f-2008f0ba3396,whatsapp,primary_dataset,whatsapp,"Don't lose the privacy system, if I don't make 10 accounts and then I'm all star on whatsapp.",2021-01-16T23:36:30Z,0,en,1
8b9dcc0c-eafb-4131-b43e-8d0cac35e3ef,whatsapp,primary_dataset,whatsapp,Still the best BBM... will move to Signal or telegram... bye whatsapp.,2021-01-16T23:16:14Z,0,en,1
47de8df5-4fdb-4b27-bdc6-f19f924152b3,whatsapp,primary_dataset,whatsapp,"Could be w gk pke app ni lgi, back to regular message.",2021-01-16T23:15:01Z,0,en,1
6822b760-e5bb-421d-976a-9a46eabc8cc3,whatsapp,primary_dataset,whatsapp,"If WhatsApp's privacy policy continues, I will uninstall whatsApp, and move on to another application, goodbye WhatsApp...",2021-01-16T23:13:19Z,0,en,1
9829716d-e1ea-4d4a-9166-4e6c313c7896,whatsapp,primary_dataset,whatsapp,"If privacy is shared to Facebook, auto transfers to a telegram.",2021-01-16T23:12:20Z,0,en,1
6f1b57b8-fc5a-4dd6-95e5-2133d632510e,whatsapp,primary_dataset,whatsapp,"fontcolor="" # FFFF00""starone once fontcolor="" # FFFF00"" ifthesafetiesarealwayscooperating fontcolor="" # FFFF00"" Facebooksuresafety fontcolor="" # FFFF00""ifsurethesecurityis tight fontcolor="" # FFFF00""I extrarate",2021-01-16T23:04:29Z,0,en,1
5df4b808-578b-4829-85fc-e53c20a3e891,whatsapp,primary_dataset,whatsapp,Privacy issue,2021-01-16T22:54:14Z,0,en,1
e818f1b1-c237-4bce-a44b-f383e783f187,whatsapp,primary_dataset,whatsapp,"Privacy is valuable, if you don't appreciate people's privacy, don't make chat apps.",2021-01-16T22:50:34Z,0,en,1
fac01c95-5e26-4490-84a8-39608dedd433,whatsapp,primary_dataset,whatsapp,"Because of privacy rules, which have to be given to the FB, I give you star 1.",2021-01-16T22:46:42Z,0,en,1
486ffd5e-5349-4b2a-9984-082bc730acf6,whatsapp,primary_dataset,whatsapp,The ridiculous application that pernh ad.. because you can't keep people's privacy...uninstall aj...,2021-01-16T22:43:08Z,0,en,1
9c5bac65-60da-474d-a4c7-d12c04b29be1,whatsapp,primary_dataset,whatsapp,"Now there should be a privacy policy..,, Males ah, it's best to stay",2021-01-16T22:41:06Z,0,en,1
888d0d50-9971-4f92-bc46-b8f01cdf9aa4,whatsapp,primary_dataset,whatsapp,It's the same intentions of his new policy.,2021-01-16T22:35:18Z,0,en,1
c61175cf-d1c5-41d2-b137-00272d88c873,whatsapp,primary_dataset,whatsapp,Time to move into a telegram.,2021-01-16T22:28:38Z,0,en,1
b00806c3-f063-43ac-8416-b72037a0d696,whatsapp,primary_dataset,whatsapp,Privacy,2021-01-16T22:27:50Z,0,en,1
a5a30f52-cb12-4072-86ef-bb6c568ab033,whatsapp,primary_dataset,whatsapp,"It's been a lot of hard times up on my video. Guess cellular data's apparently assuue, anjiink anjiinkkk uda an hour want post video can't connect wa asuue.",2021-01-16T22:26:33Z,0,en,1
ada33ad2-976c-49d8-a059-0e0b9cc424a9,whatsapp,primary_dataset,whatsapp,"I signed up with the principal's office, I've actually decided to go to the airport because there's a very special meeting for the time being.",2021-01-16T22:08:20Z,0,en,1
a543b3ec-fe6c-4895-bc7f-d231547a2c80,whatsapp,primary_dataset,whatsapp,Apk's bad because there's a new policy,2021-01-16T21:50:38Z,0,en,1
3176be05-bab3-4270-a2ec-1d205276fd7e,whatsapp,primary_dataset,whatsapp,Disappointed I'm in the WA service. I can guarantee data security again.,2021-01-16T21:49:51Z,0,en,1
4f0dc100-56ba-44d2-9887-5b36058af037,whatsapp,primary_dataset,whatsapp,Non-reasonable policy #8februari2021,2021-01-16T21:42:54Z,0,en,1
0ca59d45-a3ee-4029-8788-42ac5908d421,whatsapp,primary_dataset,whatsapp,I don't have any privacy anymore...,2021-01-16T21:34:33Z,0,en,1
b8ac9e82-7500-4f57-a656-c4ab36aa2f61,whatsapp,primary_dataset,whatsapp,"Wh... the first to believe, but I can't believe it anymore. All that matters is privacy.",2021-01-16T21:34:16Z,0,en,1
54cf3bf5-b1f5-4db6-9342-7335e69e82e9,whatsapp,primary_dataset,whatsapp,Privacy,2021-01-16T21:27:49Z,0,en,1
f9901f13-30e9-4014-ace2-b3bea1b4ef4c,whatsapp,primary_dataset,whatsapp,"There's no privacy anymore with this app, it's... it's... it's... it's... it's... it's... it's... it's... it's... it's... it's... it's... it's... it's... it's... it's...",2021-01-16T21:03:10Z,0,en,1
f24c5b9f-d8ac-48e4-9cea-6952be337a83,whatsapp,primary_dataset,whatsapp,I don't want to stay up for so long when my network is good.,2021-01-16T20:51:50Z,0,en,1
3d1ad0e8-5143-4b64-abc9-2b414c4f65ec,whatsapp,primary_dataset,whatsapp,"That's good. That's a long time ago. Now that there's new privacy, it's ugly.",2021-01-16T20:33:21Z,0,en,1
0e90ce8a-f698-4726-8d2a-150a24872f96,whatsapp,primary_dataset,whatsapp,"If the privacy update goes to the grill, I'm sorry. WhatsApp, it's already from 2016. I downloaded a telegram, it's probably permanent.",2021-01-16T20:29:56Z,28,en,1
8857bb86-5563-45bf-8174-ef3d63638312,whatsapp,primary_dataset,whatsapp,Dear whatsApp. with the new policy that you're spending this will get me to uninstall this application.,2021-01-16T20:17:53Z,0,en,1
d3e69730-0a27-445b-b67e-681426803899,whatsapp,primary_dataset,whatsapp,The privacy policy?,2021-01-16T20:17:02Z,0,en,1
95df613a-3c89-4711-9940-1c199755665c,whatsapp,primary_dataset,whatsapp,AT THE DATA TAKELL AND OUR DATA IN JUALLL,2021-01-16T20:13:28Z,0,en,1
c61ce9cc-3ba5-4985-b84d-c08f95d5703e,whatsapp,primary_dataset,whatsapp,Unwise policy!,2021-01-16T20:12:39Z,0,en,1
e64cbcd6-43c4-443d-84ee-72edb38618e9,whatsapp,primary_dataset,whatsapp,An app which has been sold to create a privacy policy!!! All of the privacy of lo mao loat data privacy Mnding apuss dh ni app,2021-01-16T20:12:00Z,0,en,1
35b3e719-4ad6-4298-8711-ccb9754d733f,whatsapp,primary_dataset,whatsapp,"If whatsapp has to be connected to facebook, how do people who don't use Facebook like parents etc, do they have to be forced to make a facebook account so they can use whatsapp?",2021-01-16T20:08:15Z,0,en,1
2007c238-da48-477d-8d3f-33519245aa1e,whatsapp,primary_dataset,whatsapp,"Because he's more concerned with the business than with his USER PRIVATION, it's better than the UN INSTALL and MOVE ON TO OTHER APLICATION",2021-01-16T20:03:38Z,0,en,1
b2121ad9-b0ff-4ff0-b0cd-cba1033141c9,whatsapp,primary_dataset,whatsapp,Even if it's delayed until May if it's still sharing data with the FB... gby wa,2021-01-16T19:47:26Z,0,en,1
bce40ab6-8c46-43e7-8a07-dcbcd541726b,whatsapp,primary_dataset,whatsapp,user privacy should be noticed. Thank you:),2021-01-16T19:45:18Z,0,en,1
a1849232-cf9f-4a06-bdc0-1de515c3cc5b,whatsapp,primary_dataset,whatsapp,What's the policy rule?,2021-01-16T19:42:37Z,0,en,1
1c957805-bef9-49fa-b88c-9b4a0c13075f,whatsapp,primary_dataset,whatsapp,"It's ugly, it's private policy let alone",2021-01-16T19:38:25Z,0,en,1
a63ac2e5-57c8-4d18-b514-c2eefc87a33a,whatsapp,primary_dataset,whatsapp,"Good bye whatsapp, thanks for accompanying me all the time, getting here is getting worse. The privacy of a person doesn't need to be known either.",2021-01-16T19:30:34Z,0,en,1
02664abc-3f61-4042-973d-f55018a0ac3e,whatsapp,primary_dataset,whatsapp,Whatsapp is trying to sell our privacy!!!,2021-01-16T19:26:00Z,0,en,1
b105fefd-a6a9-477a-9280-0dfce3da656b,whatsapp,primary_dataset,whatsapp,If privacy policy be yodah bye-bye,2021-01-16T19:20:28Z,0,en,1
d5a7d718-94aa-46c4-8954-170313461f72,whatsapp,primary_dataset,whatsapp,The privacy of the data now is safe in WA... let's move to BIP Atw to SIGNAL... if we can repair and instigate users in the event of privacy...,2021-01-16T19:11:14Z,1,en,1
a4678cb8-40b2-48b7-ade2-e21aaa7c7e1d,whatsapp,primary_dataset,whatsapp,I'm very disappointed by whatsApp's new privacy policy. Why don't you give the customer a choice to give me privacy data or not?,2021-01-16T19:07:00Z,0,en,1
8d311bed-b533-4e47-b2a1-e6f07d73ba29,whatsapp,primary_dataset,whatsapp,Privacy Policy sucks.,2021-01-16T19:06:10Z,0,en,1
34904563-059e-40d4-a973-b8a12d35643a,whatsapp,primary_dataset,whatsapp,"That's good, because"" There's privacy policy, I give you star 1:)",2021-01-16T19:05:48Z,0,en,1
347ad7ac-b742-4ef7-bf93-e9d464f800d1,whatsapp,primary_dataset,whatsapp,Poor privacy polycy,2021-01-16T18:56:47Z,0,en,1
3cea47a2-e634-4026-a48f-1ef6e01b6178,whatsapp,primary_dataset,whatsapp,Weakness of privacy!!!!,2021-01-16T18:52:23Z,0,en,1
667afc0f-0f6d-4314-81b6-c5d43a5b971c,whatsapp,primary_dataset,whatsapp,"Cancel WhatsApp has started a man's privacy a long time ago. Everyone has moved to the telegram, please don't update.",2021-01-16T18:45:06Z,0,en,1
31237347-7ff5-4726-ab6c-793dbb6a33b1,whatsapp,primary_dataset,whatsapp,A lack of privacy,2021-01-16T18:43:29Z,0,en,1
a3058ff5-b7a9-48fa-b46f-555c726cce27,whatsapp,primary_dataset,whatsapp,The new requirements you issued please be reconsidered. Our parents are users if our privacy is in deeper access including the ip address that we use.,2021-01-16T18:38:44Z,0,en,1
ce46e91f-4fd1-4cec-847c-6ff461c668cd,whatsapp,primary_dataset,whatsapp,When WA no longer has privacy I will no longer use this app. Please respect each individual's privacy,2021-01-16T18:35:03Z,0,en,1
4f48b77b-bf6d-463e-a10e-112d1abcc7f0,whatsapp,primary_dataset,whatsapp,"Because of the new privacy policy of transfer to telegram/signal,dll.main is safe",2021-01-16T18:24:47Z,0,en,1
6698da03-efb4-423d-92a4-848a561a3442,whatsapp,primary_dataset,whatsapp,My Privacy,2021-01-16T18:18:02Z,0,en,1
5d110092-a887-4730-b246-6456c8699181,whatsapp,primary_dataset,whatsapp,Bad polycy,2021-01-16T18:11:53Z,0,en,1
a0164627-8b88-4541-b05b-8485157a5ad9,whatsapp,primary_dataset,whatsapp,"Don't agree with whatsApp right now, share the data to Facebook, please pay attention.",2021-01-16T18:09:57Z,0,en,1
fe5c005c-ef12-4993-8700-8ca5538d91ed,whatsapp,primary_dataset,whatsapp,"Sory before, if WA shared data with the FB, we lost our privacy, because the FB couldn't be trusted with our privacy security.",2021-01-16T17:50:02Z,0,en,1
9345cd5f-710d-4d6f-a145-a895f309cad1,whatsapp,primary_dataset,whatsapp,"I don't agree with this policy and privacy right now, I'm afraid my personal data falls into the hands of irresponsible and misuses of this..mamaap, why did you arrive with people's data?",2021-01-16T17:42:57Z,39,en,1
946d4456-02a7-4490-939a-1e05174b5c4f,whatsapp,primary_dataset,whatsapp,"Looking forward to the latest policy, if realized the new rules of WhatsApp goodbye..",2021-01-16T17:38:40Z,0,en,1
3da2252d-b735-4048-80bb-cf39234837e2,whatsapp,primary_dataset,whatsapp,Bye PRIVATION!!!!!!!,2021-01-16T17:36:59Z,0,en,1
05431030-de68-428d-96d2-b3b1a3a111e8,whatsapp,primary_dataset,whatsapp,It's not safe for her privacy anymore.,2021-01-16T17:34:47Z,0,en,1
d156e982-eb59-4d92-9262-1760316994c0,whatsapp,primary_dataset,whatsapp,Whatsap plans are mandatory for customers to join facebook making whatsap users uncomfortable and ready to switch to other applications leave whatsap,2021-01-16T17:33:09Z,0,en,1
0e4513ce-b9bf-4a0c-9a1d-b9db5b0254a3,whatsapp,primary_dataset,whatsapp,Heard rumors about selling our personal data.,2021-01-16T17:25:17Z,0,en,1
deee7604-5f97-4dc5-b8e0-a88c7d926354,whatsapp,primary_dataset,whatsapp,Do I have to sell my privacy for facebook to use whatsapp?,2021-01-16T17:17:11Z,14,en,1
909b3410-dbad-4c26-bfc3-03fb0e205c50,whatsapp,primary_dataset,whatsapp,Clear new policy!!!,2021-01-16T17:17:01Z,0,en,1
20b027e8-3530-4593-ac90-621a73e91917,whatsapp,primary_dataset,whatsapp,"Let's not use this anymore, turn to tele or bbm, signal's fine, but if this is the new policy, don't pack it, original eug.",2021-01-16T17:15:03Z,0,en,1
b211ea3d-4484-4f57-a381-92762349ccaf,whatsapp,primary_dataset,whatsapp,It's a very disappointing policy.,2021-01-16T17:12:27Z,0,en,1
5c78cdf8-9b5f-4a22-a6b6-15e91d0f896e,whatsapp,primary_dataset,whatsapp,Share the data with facebook... sorry I'll switch...,2021-01-16T17:01:24Z,0,en,1
eb7f51f6-14a0-4e21-90f9-d8e883ca312d,whatsapp,primary_dataset,whatsapp,self-involved policy without hearing user input,2021-01-16T16:59:01Z,0,en,1
e0421d4a-b148-48a0-81a7-88587535f7cd,whatsapp,primary_dataset,whatsapp,"Bad... bad... new policy... better pke BIP Turkish, or a safer signal.",2021-01-16T16:51:13Z,0,en,1
aee1f578-93ca-426c-b255-09503a676f5b,whatsapp,primary_dataset,whatsapp,im just wanna privacy,2021-01-16T16:38:40Z,0,en,1
d0d5e276-a2dc-4de0-8210-3e3240c4d266,whatsapp,primary_dataset,whatsapp,"Privacy policy makes rese, leave WA go to Telegram guys",2021-01-16T16:35:15Z,0,en,1
225d7715-d864-47c3-b8f3-035b0086a059,whatsapp,primary_dataset,whatsapp,I'm disappointed by whatsapp's current policy and I'm downgrading the rate for this app.,2021-01-16T16:35:15Z,0,en,1
33982b04-3f19-4c83-811c-990279741043,whatsapp,primary_dataset,whatsapp,"Today's policy is disappointing, whatsApp only puts business ahead of the privacy of its users.",2021-01-16T16:31:06Z,0,en,1
9241e63e-61df-434c-8d41-926fb60a2bbf,whatsapp,primary_dataset,whatsapp,It's dangerous. There's no safe word for your privacy. It's replicated.,2021-01-16T16:09:51Z,0,en,1
6cab48d6-c9ab-4207-b716-09ed8d1e7708,whatsapp,primary_dataset,whatsapp,It's been a long time since we've had more privacy with the consumers.,2021-01-16T16:07:44Z,0,en,1
02b78fb6-0397-449f-9573-554cfe3c1384,whatsapp,primary_dataset,whatsapp,Lol data end to end to efbe,2021-01-16T16:03:22Z,0,en,1
cdf66ef2-38da-495b-9a55-07f43b70aab3,whatsapp,primary_dataset,whatsapp,Pffftt up,2021-01-16T15:57:22Z,0,en,1
a3b03bd7-4e0e-4ce5-85ed-ffa6d36118bc,whatsapp,primary_dataset,whatsapp,The privacy policy,2021-01-16T15:52:31Z,0,en,1
af35e40c-5925-461c-9701-09313eb4f978,whatsapp,primary_dataset,whatsapp,Our data is important su,2021-01-16T15:51:16Z,0,en,1
ac21fc03-fd1d-4ef7-9e38-bbe438dab0a3,whatsapp,primary_dataset,whatsapp,"""PRIVATION""",2021-01-16T15:49:49Z,0,en,1
29e04a20-07be-4aa7-8d24-8fcfc17f8816,whatsapp,primary_dataset,whatsapp,Let's both leave this self-conscious application. No one ever downloads an app that can't maintain the user's privacy data.,2021-01-16T15:49:12Z,0,en,1
eab1a194-fdaa-465f-8c92-fd5a1a9864fa,whatsapp,primary_dataset,whatsapp,"Update the rules, don't be a society of people who want to know people's personal data, let alone sell data or brain without permission.",2021-01-16T15:48:50Z,0,en,1
c751ee8a-4aac-4b65-89f4-b4d5c5eaa05d,whatsapp,primary_dataset,whatsapp,Will whatsApp's fate be equal to that of a BBM?,2021-01-16T15:48:43Z,0,en,1
9a9c6810-bf2b-437a-9f33-72ac3bb3cbf5,whatsapp,primary_dataset,whatsapp,"But if it's a long time ago, it's a bad policy.",2021-01-16T15:43:57Z,0,en,1
3707f09b-f82f-4624-a611-622c992c958d,whatsapp,primary_dataset,whatsapp,If WhatsApp still wants to change his policy that wants to share data by Facebook meals I say GOODBYE WHATSAPP!!!!!!! WECOME TELEGRAM!!!!!,2021-01-16T15:43:23Z,0,en,1
5a02918b-a35b-451b-bf50-53d56548f04d,whatsapp,primary_dataset,whatsapp,"It's getting harder to open a share of the location, it's not getting easier and harder.",2021-01-16T15:42:00Z,0,en,1
d59b8c88-5887-4c4a-99f1-000c619dd868,whatsapp,primary_dataset,whatsapp,No privacy for users I move to Signal.,2021-01-16T15:39:46Z,0,en,1
fa8ce389-83dd-4802-814e-63b2d04a9cc9,whatsapp,primary_dataset,whatsapp,Too much company policy.,2021-01-16T15:39:26Z,0,en,1
d42a630e-28f4-4af9-9f74-10669092b56c,whatsapp,primary_dataset,whatsapp,The point is that it's private.,2021-01-16T15:37:58Z,0,en,1
6343a852-49d7-4d1f-8d7a-fe2b32db31ca,whatsapp,primary_dataset,whatsapp,Let's get busy giving one star to whatsapp over the privacy policy that jeopardizes our data.,2021-01-16T15:37:25Z,0,en,1
dcaac69f-666c-495d-865e-939ac6f29f16,whatsapp,primary_dataset,whatsapp,"Skip, privacy's off, move next door, thanks for three years.",2021-01-16T15:36:27Z,0,en,1
c3fb9a1f-2ea0-4cec-b28e-50e1016df511,whatsapp,primary_dataset,whatsapp,"It's just a matter of time, February 8 finals, if the fix is fixed, then say goodbye to you ""whatsapp."" Thank you for accompanying me on my journey from the start of your birth to the rule.",2021-01-16T15:34:18Z,0,en,1
d660c72d-8252-4785-bb0c-9348712db470,whatsapp,primary_dataset,whatsapp,I'd rather uninstall WA than unsecured data...,2021-01-16T15:28:03Z,0,en,1
1d8ad987-bb1e-4763-a655-83c49ddcb826,whatsapp,primary_dataset,whatsapp,The new policy that made me delete this application from my phone.,2021-01-16T15:21:56Z,0,en,1
95c013c4-6eb4-4a54-bf2e-c72fd35db1c6,whatsapp,primary_dataset,whatsapp,sell our data,2021-01-16T15:18:11Z,0,en,1
83529fe6-183d-4688-b9b4-438f398ed264,whatsapp,primary_dataset,whatsapp,It's related to the latest policy.,2021-01-16T15:11:55Z,0,en,1
d511af43-d9d1-4278-be41-01c793563d8c,whatsapp,primary_dataset,whatsapp,"Our data could be fried due to a recent update, so switch telegrams.",2021-01-16T15:05:12Z,0,en,1
db58834d-12dc-4fd0-9e7e-8322905f61a6,whatsapp,primary_dataset,whatsapp,"I'm going to move to whatsapp's former Singnal Aptions Whatsapp Whatsapp Signalation Recently hasn't been destroyed. &lt;i&gt;The FB has even been destroyed. &lt;i&gt;A lot of hacker hackers Bye Whatsapp I Will Move To The Former Whatsapp Signal Application Whatsapp Since Purchased Recently, people's privacy has become soked. &lt;i&gt;FB has destroyed hackers Bypassing Whatsapp.",2021-01-16T14:58:08Z,0,en,1
802641d2-1b9a-4cd6-9bee-2d8eaf7db890,whatsapp,primary_dataset,whatsapp,His privacy is bad.,2021-01-16T14:55:33Z,0,en,1
a4262f7d-bfef-401e-af5f-73a535c58c8c,whatsapp,primary_dataset,whatsapp,Waiting for user privacy,2021-01-16T14:42:54Z,0,en,1
4773b5f1-5803-47fc-a746-db6aa60b2365,whatsapp,primary_dataset,whatsapp,Privacy,2021-01-16T14:39:53Z,0,en,1
db1e07fb-4ea8-4578-b35e-e0ca670309ee,whatsapp,primary_dataset,whatsapp,Please have privacy policy. Don't say that. We've all moved to telegrams and signals.,2021-01-16T14:38:04Z,0,en,1
c58a2aee-c3ef-401c-a033-1ac94d5980d3,whatsapp,primary_dataset,whatsapp,"Bye, privacy.",2021-01-16T14:32:50Z,0,en,1
4c37e540-d014-47cd-80af-0f3e92e50238,whatsapp,primary_dataset,whatsapp,"Whatsapp's new policy, unistal auto sorry",2021-01-16T14:32:40Z,0,en,1
a2c3dd87-723e-47fb-8c35-44396813fc43,whatsapp,primary_dataset,whatsapp,RIP PRIVATION,2021-01-16T14:23:49Z,0,en,1
b0bcf540-ae9a-4c0d-8f7a-010dfb2131e7,whatsapp,primary_dataset,whatsapp,"fontcolor="" # FFFF00""Ihayes fontcolor="" # FFFF00""yes fontcolor="" # FFFF00""yes fontcolor="" # FFFF00""yes fontcolor="" # FFFF00""yes fontcolor="" # FFFF00""yes fontcolor="" # FFFF00""Icheckagain fontcolor="" # FFFF00""yes fontcolor="" # FFFF00""Itthetea fontcolor="" # FFFF00""no fontcolor="" # FFFF00""yes fontcolor="" # FFFF00""ahnuestum fontcolor="" # FFFF00""uhbena fontcolor="" # FFFF00"" fontcolor="" # FFFF00"" fontcolor="" # FFFF00"" fontcolor="" fontcolor="" fontcolor="" # FFFF00"" fontcolor="" fontcolor="" # FFFF00"" # FFFF00"" fontcolor="" fontcolor FFFF00"" fontcolor="" # FFFF FFFF00"" fontcolor FFFF00"" font FFFF00""00"" font"" font"" font"" font FFFF00"" font FFFF00"" font FFFF00"" soon"" soon"" soon""if00""if00""when FFFF00""when FFFF00""when FFFF00""when FFFF00""when FFFF00""when FFFF00""when FFFF00""when FFFF00""when FFFF00""I font FFFF00""you FFFF00""when FFFF00""you FFFF00"" font FFFF00"" font FFFF00""when FFFF00"" font FFFF00"" font FFFF FFFF00""when FFFF00""when FFFF00""whenofa font FFFF00""you FFFF00""when FFFF00""whenyou FFFF FFFF00""whenofa font FFFF00""when FFFF00""when FFFF00""when FFFF FFFF FFFF FFFF FFFF FFFF FFFF FFFF FFFF FFFF00"" FFFF00""then, font FFFF00""when , font FFFF FFFF FFFF FFFF00""then FFFF font FFFFI FFFF FFFF FFFF00""when FFFF00""ofa font FFFF00""when FFFF00""when FFFF00""you FFFF",2021-01-16T14:22:58Z,0,en,1
c4abd2d6-3f94-47d7-b526-8fde5e93d0a7,whatsapp,primary_dataset,whatsapp,Put the user's privacy first!!!,2021-01-16T14:22:27Z,1,en,1
217e4883-c514-4ff6-9c29-5c2e97e853a7,whatsapp,primary_dataset,whatsapp,I'm disappointed with wa policy,2021-01-16T14:15:35Z,0,en,1
b9b9a48f-8b07-45bf-bc4f-c2c9b978599f,whatsapp,primary_dataset,whatsapp,"Star one, because it starts messing with the user's personal data.",2021-01-16T14:12:35Z,0,en,1
92caa961-592b-4fae-b7e5-eba1853e583c,whatsapp,primary_dataset,whatsapp,Since it's connected to Facebook I'd like to move to a neighbor's app.,2021-01-16T14:11:02Z,0,en,1
6ea03a70-f5c3-4abc-abc6-9030c1d696a6,whatsapp,primary_dataset,whatsapp,You have a lot of users but you make polycies as you wish and feel the consequences.,2021-01-16T14:09:23Z,0,en,1
ba418f8c-66fa-45aa-9a20-f23e61a47283,whatsapp,primary_dataset,whatsapp,Disperse the Trash Privacy!!!,2021-01-16T14:07:17Z,0,en,1
956d9cb9-ceca-4da6-b172-14d3bff13193,whatsapp,primary_dataset,whatsapp,Restore privacy privileges,2021-01-16T13:49:59Z,0,en,1
d04b7412-74e2-4f5b-a00a-07a1da95490e,whatsapp,primary_dataset,whatsapp,"Hi, WhatsApp. I want to complain about whatsApp's account. I've been blocked in 5 and by the middle of January, and by the time I want to verify the blocked number, there's this number coming up (This number has been blocked by WhatsApp, contact the Whatsap support center).",2021-01-16T13:48:17Z,119,en,1
41067fe2-b4eb-4c86-a85d-65ca5cfeb8d0,whatsapp,primary_dataset,whatsapp,Don't use your new privacy.,2021-01-16T13:46:35Z,0,en,1
2ad6cedc-e10a-413f-8030-9b111fa3e415,whatsapp,primary_dataset,whatsapp,The privacy issue.,2021-01-16T13:45:28Z,0,en,1
3c534aca-b218-4303-aba0-6f8c2f993dcf,whatsapp,primary_dataset,whatsapp,Unsure the user's data,2021-01-16T13:33:00Z,0,en,1
75205dd0-6877-469e-8653-60e2dda41764,whatsapp,primary_dataset,whatsapp,RIP Privacy,2021-01-16T13:29:59Z,0,en,1
01bc0f42-870b-434f-9453-3235996c5b64,whatsapp,primary_dataset,whatsapp,PRIVATION is the most important...!!!!!!,2021-01-16T13:28:42Z,0,en,1
f9f4c8fb-7f20-4b90-b368-c9dcc7bb55c5,whatsapp,primary_dataset,whatsapp,Sell privacy,2021-01-16T13:28:27Z,0,en,1
562fc9a1-8aa4-415b-9de2-2b42f5ed5fd9,whatsapp,primary_dataset,whatsapp,"If the privacy policy changes, then we hereby declare uninstall WA and download TELEGRAM",2021-01-16T13:24:21Z,0,en,1
09588b50-3dde-4a0d-abbf-a7387ef14b9c,whatsapp,primary_dataset,whatsapp,Privacy?,2021-01-16T13:23:04Z,0,en,1
ba499f6f-991f-4dd3-b6fd-93f1026784e1,whatsapp,primary_dataset,whatsapp,Privacy please,2021-01-16T13:21:37Z,0,en,1
a29726dc-18db-44e4-a3f0-30f95df3c6e8,whatsapp,primary_dataset,whatsapp,New policy has even made the mares.,2021-01-16T13:20:17Z,0,en,1
74b9698a-4e5e-4ec0-a4ec-1e3df4ccd34d,whatsapp,primary_dataset,whatsapp,"Since New policy wa,, Emmmmmmm Maybe just waiting for the time to leave WA",2021-01-16T13:16:48Z,0,en,1
49172f73-773a-4370-bd0c-290df768c720,whatsapp,primary_dataset,whatsapp,Privacy's gone.,2021-01-16T13:16:38Z,0,en,1
c7b288ed-62db-42f7-a1fc-5fca47750247,whatsapp,primary_dataset,whatsapp,"Move to tele, at WA udh gaa privacy",2021-01-16T13:15:18Z,0,en,1
3eaf6adf-5740-4150-935d-1d30bfe9895b,whatsapp,primary_dataset,whatsapp,WOY AJGGG HIS PRIVATION COK PLIS UPDATE IT DON'T HAVE OUR PRIVATION DATA NGNTDD LOVE GUANG 1,2021-01-16T13:15:00Z,0,en,1
44efdb9c-3689-46fd-af69-967ea5fc9eea,whatsapp,primary_dataset,whatsapp,Thank you for accompanying me for so many years.,2021-01-16T13:12:58Z,0,en,1
4b831345-d2fd-473a-93eb-d0275ca8f8b7,whatsapp,primary_dataset,whatsapp,"WhatsApp should always give the best of its consumers, in many ways, including in keeping consumer privacy and keeping other security that is harmful to whatsApp users. And whatsApp should always innovate to indulge whatsApp users. Don't just take advantage of whatsap users.",2021-01-16T13:06:19Z,0,en,1
68ef2578-b8b6-4f2b-a84e-fbfff205bd3d,whatsapp,primary_dataset,whatsapp,SAFE PRIVATION!!!,2021-01-16T13:02:38Z,0,en,1
1ea04656-fbec-42c0-a107-620eac18b8c3,whatsapp,primary_dataset,whatsapp,WhatsApp's new privacy policy requires to share data with Facebook????,2021-01-16T13:01:30Z,0,en,1
f7d50999-70dc-4d7a-8934-60468ae7fad4,whatsapp,primary_dataset,whatsapp,"It's good, just no privacy.",2021-01-16T12:59:52Z,0,en,1
abc3edff-3fd5-44f7-9434-15858d6d11bf,whatsapp,primary_dataset,whatsapp,"Let's move to a new apps than this App to protect our privacy well, let's install on your smartphone ""Telegram"" or ""Signal,"" these better than WhatsApp.",2021-01-16T12:57:57Z,0,en,1
f3fc1a9f-f11d-4622-a2ff-cfcc96b792be,whatsapp,primary_dataset,whatsapp,Where's my privacy?,2021-01-16T12:57:34Z,0,en,1
51a28abb-e1c0-4faf-9508-d9cfcbb21d4d,whatsapp,primary_dataset,whatsapp,Privacy,2021-01-16T12:56:36Z,0,en,1
b850f7d0-56bc-4fae-8dec-60a55fb668ef,whatsapp,primary_dataset,whatsapp,Disappointed with the new WA privacy policy.,2021-01-16T12:55:09Z,0,en,1
f7a18523-1466-4a1a-9573-a32b8a7323fd,whatsapp,primary_dataset,whatsapp,Hmm. So there's no privacy.,2021-01-16T12:51:57Z,0,en,1
70571d2a-7c77-4084-871b-2b306649cd37,whatsapp,primary_dataset,whatsapp,No Igi privacy,2021-01-16T12:51:30Z,0,en,1
ca3e7d3c-849e-48cb-aa71-e4fc1b4f669e,whatsapp,primary_dataset,whatsapp,I don't know. I don't know. I don't know.,2021-01-16T12:51:09Z,0,en,1
6eb49c1e-da14-48d0-8240-dcb8f433d118,whatsapp,primary_dataset,whatsapp,It's good to make a policy.,2021-01-16T12:51:09Z,0,en,1
aa9b9a36-10a7-4d1c-bc26-07d1db5ca7c1,whatsapp,primary_dataset,whatsapp,Delete current policy wa,2021-01-16T12:48:05Z,0,en,1
2f3366ba-27ea-4777-8910-e8075dfb6a70,whatsapp,primary_dataset,whatsapp,"Switching to another application, whatsApp's new policy is very disrespectful to privacy for its users.",2021-01-16T12:42:52Z,0,en,1
955e6ba9-dd7f-4d16-ac03-10270b8ded87,whatsapp,primary_dataset,whatsapp,"Whatsapp right now is no privacy, your data will be collected and met on facebook So you privacy data will open for ads developer and scam",2021-01-16T12:40:18Z,0,en,1
47071cfb-c45b-410f-8344-5d31dac44078,whatsapp,primary_dataset,whatsapp,"Whatsap is so unclear, it's so cheap that customer data can be hacked so easily",2021-01-16T12:33:32Z,0,en,1
211080b4-7c84-42e0-bc06-f0d339b8a7cf,whatsapp,primary_dataset,whatsapp,Private data celler,2021-01-16T12:32:47Z,0,en,1
a4077fd6-62d2-4bea-9947-9607849129b4,whatsapp,primary_dataset,whatsapp,Since there is a privacy policy I no longer use whaatsapp,2021-01-16T12:32:26Z,0,en,1
0535442a-0f0a-40b1-9ca6-a8ef67ce5097,whatsapp,primary_dataset,whatsapp,Privacy,2021-01-16T12:30:51Z,0,en,1
31b166ec-c3a1-441b-b3b8-d1802661ccfd,whatsapp,primary_dataset,whatsapp,Do you want to sell the user files?,2021-01-16T12:23:26Z,0,en,1
fd248dc7-5162-42d7-a542-1d81e3450158,whatsapp,primary_dataset,whatsapp,"Data sharing policy, junk.",2021-01-16T12:22:09Z,0,en,1
8b9ebb03-679d-41f4-9f97-0d6de7a3f769,whatsapp,primary_dataset,whatsapp,The privacy's not guaranteed.,2021-01-16T12:20:23Z,0,en,1
c744cb63-741a-4cc9-b6b1-695ed795762c,whatsapp,primary_dataset,whatsapp,Privacy anjinh,2021-01-16T12:03:20Z,0,en,1
b760c7bd-8e09-481b-abee-319612d44b0a,whatsapp,primary_dataset,whatsapp,"good bye whatsApp,I lost it because of privacy policy issues",2021-01-16T11:58:24Z,0,en,1
afa4d839-8204-4e65-817b-75f3b8877079,whatsapp,primary_dataset,whatsapp,There's been a lot of trouble leaving wasp due to his wild policies.,2021-01-16T11:56:53Z,1,en,1
068a7a69-5055-4b9e-b2e0-ba7cc9b20058,whatsapp,primary_dataset,whatsapp,Since there's privacy in the wa right now so don't wear it and I males make a scene because there's privacy,2021-01-16T11:55:08Z,0,en,1
2245f134-fbf0-4e0c-afb1-a12fc731f4d5,whatsapp,primary_dataset,whatsapp,"Optimal apple, but privacy is not optimal.",2021-01-16T11:52:15Z,0,en,1
96ea3a16-fdac-4621-88ae-fa8e67e8fcab,whatsapp,primary_dataset,whatsapp,These old FB applications are disturbing.,2021-01-16T11:47:31Z,0,en,1
76569842-00b9-455b-8b4b-3eecd859bec9,whatsapp,primary_dataset,whatsapp,"Please, the new policy is removed. lt's user privacy not disseminated, if disseminated the privacy data it means you're breaking the law.",2021-01-16T11:44:13Z,5,en,1
1d440ac9-aba0-4fd3-b85c-ed4010b10fe0,whatsapp,primary_dataset,whatsapp,I don't like updates that would collaborate with Facebook,2021-01-16T11:38:22Z,0,en,1
0b105d21-2b7c-4eac-9d75-cb493a734407,whatsapp,primary_dataset,whatsapp,The policy doesn't make sense!,2021-01-16T11:34:58Z,0,en,1
40933edd-c675-4890-9b0f-5bb6c92cfd3f,whatsapp,primary_dataset,whatsapp,SELLING MAN'S DATA.,2021-01-16T11:34:47Z,0,en,1
d29667ee-8f2e-424d-a529-11a906155154,whatsapp,primary_dataset,whatsapp,The new policy by spreading the user data ... means that the data is going to the spread ... the chat will not be read but at least the user's data could be misused,2021-01-16T11:33:44Z,0,en,1
22172b7a-5906-40fe-b8e2-19a1cb5eca64,whatsapp,primary_dataset,whatsapp,"My family and I will remove whatsapp apps from February 8th, 2021, if we still insist on policy, there's a Telegram and there's still a Signal.",2021-01-16T11:33:00Z,0,en,1
b0bed43f-604b-4681-94ac-3a69bff70f38,whatsapp,primary_dataset,whatsapp,Applications that make many heart users and will immediately remove the apk WA from each phone because the policy given is highly regarded as damaging to the user privacy.,2021-01-16T11:31:04Z,0,en,1
431cf261-24e5-4bcb-9a17-b096031f3985,whatsapp,primary_dataset,whatsapp,It's only a matter of time for UNINSTALL WhatsApp because of the safety of the data.,2021-01-16T11:29:34Z,0,en,1
e3fa8544-e14d-4532-960c-9e5463f287b2,whatsapp,primary_dataset,whatsapp,"If the policy is correct and fixs it on February 8th, me and the big family will be whatsapp apps and say goodbye to you guys.",2021-01-16T11:28:13Z,0,en,1
28731e8f-a198-4b79-94b0-a1cddc6fa995,whatsapp,primary_dataset,whatsapp,"The new wisdom is very unnerving, please consider it carefully. 25 of my friends have uninstalled the WhatsApp app and may increase.",2021-01-16T11:25:57Z,207,en,1
94fb4722-1a00-47f5-aa86-c9aafe34092d,whatsapp,primary_dataset,whatsapp,Policy is disappointing,2021-01-16T11:08:49Z,0,en,1
98779769-8559-4ed9-9408-7ee14a8e8c67,whatsapp,primary_dataset,whatsapp,Privacy is a major and most important factor for the user of the application,2021-01-16T11:06:50Z,0,en,1
f090ba12-bbfd-4b8c-b740-71c0c7618b06,whatsapp,primary_dataset,whatsapp,I don't agree with the policy and privacy that are now. Please remove the policy and privacy that I now strongly disagree with. I'll move on to another application.,2021-01-16T11:06:04Z,0,en,1
dd4de145-1aa2-4d3c-a88a-ca936eb17c4f,whatsapp,primary_dataset,whatsapp,"Why build up vro-user data, woy facebook hack-prone, why do you have to be connected to Facebook?",2021-01-16T10:55:06Z,0,en,1
12653b88-fbfb-4b48-8451-d6d58edd464f,whatsapp,primary_dataset,whatsapp,Please take care of Privacy People!!!,2021-01-16T10:53:12Z,1,en,1
bf206199-78a2-4ece-9554-bc7e5f17ae11,whatsapp,primary_dataset,whatsapp,"1 star because new privacy it's a suck, i don't need this",2021-01-16T10:22:25Z,0,en,1
0eb1da91-c6ce-49fe-b74e-04ecea777611,whatsapp,primary_dataset,whatsapp,respect our privacy!!!!!,2021-01-16T09:54:02Z,0,en,1
0ebc2d2d-bff6-4a31-89cb-fb5b99d17cd2,whatsapp,primary_dataset,whatsapp,personal data climb,2021-01-16T09:43:11Z,0,en,1
f36278d5-5baa-4e3f-8069-67d339902861,whatsapp,primary_dataset,whatsapp,"I don't really understand the problem right now, but I don't agree that personal data is being given to the other side because it's going to be very damaging.",2021-01-16T09:34:41Z,0,en,1
d79f93a5-4c2f-4696-834d-587c4010f12d,whatsapp,primary_dataset,whatsapp,Privacy no. 1,2021-01-16T09:24:19Z,0,en,1
26ff14ad-8486-4fd0-93de-1f9963d9261f,whatsapp,primary_dataset,whatsapp,Rip privacy,2021-01-16T09:18:16Z,0,en,1
78b80d07-46c9-4e7f-9796-a92227df34d8,whatsapp,primary_dataset,whatsapp,Not comfortable with Whatsap policy,2021-01-16T09:16:13Z,0,en,1
90ffbc6a-e1df-4824-a2f9-1d0bf1e4ada1,whatsapp,primary_dataset,whatsapp,"I'm setting privacy status to special, but when I open the application again, it changes to the settings of all my contacts and previous status that all of my contacts can see. Please pay attention and fix it!!!",2021-01-16T09:02:28Z,2,en,1
103d7a06-295a-49ed-a20d-5a97e62e7f2e,whatsapp,primary_dataset,whatsapp,Highly esteem the privacy of the application.,2021-01-16T08:51:13Z,0,en,1
d92ca38e-c0b7-472a-ba0d-88d738a24321,whatsapp,primary_dataset,whatsapp,"If you have to share user data, delete this application instead. There are other applications that value the privacy of the user.",2021-01-16T08:37:15Z,0,en,1
80c4ed48-3dbf-437d-92a9-46be6084c1a2,whatsapp,primary_dataset,whatsapp,"Appreciate people's privacy!!! Your applications don't sell anymore, people don't want to use your unsafe applications",2021-01-16T08:34:59Z,0,en,1
131781fc-43c8-4a06-a0a5-5e07ab4870fd,whatsapp,primary_dataset,whatsapp,Our privacy isn't safe and it doesn't work anymore.,2021-01-16T08:27:28Z,0,en,1
8a1e3d61-52de-479f-955f-f6861ed95513,whatsapp,primary_dataset,whatsapp,Eat some privacy.,2021-01-16T08:22:38Z,0,en,1
c09757b9-ec60-491a-a8a9-79f30a8949a7,whatsapp,primary_dataset,whatsapp,Open personal data to public,2021-01-16T08:04:48Z,0,en,1
da377579-f281-41e3-8133-edf4965b1a88,whatsapp,primary_dataset,whatsapp,"It's not like so much' The style of connect' Facebook sgla, it's standard.",2021-01-16T07:52:01Z,1,en,1
6edddf10-1ea0-4018-b226-9fe94fa02309,whatsapp,primary_dataset,whatsapp,Why are you using from facebook when you're going to be taken? I don't know. I'm afraid of using it.,2021-01-16T07:12:16Z,0,en,1
b10bb7d8-7cd2-4d88-a5a0-9659e523c10c,whatsapp,primary_dataset,whatsapp,I'll leave WhatsApp to another message app if personal data should be shared to Facebook.,2021-01-16T06:58:14Z,0,en,1
ae6ff4a4-5d82-4a61-bd89-0a8e3aac066d,whatsapp,primary_dataset,whatsapp,"It will be installed on February 8th, 2021, if new privacy policies have been applied, because I don't feel safe with my personal data.",2021-01-16T06:42:04Z,1,en,1
4ceda1da-fc15-47dc-86a1-3a604c32d70f,whatsapp,primary_dataset,whatsapp,For the data???,2021-01-16T05:42:04Z,0,en,1
91a5de11-3223-41c7-b0ac-bc5803d5f822,whatsapp,primary_dataset,whatsapp,I will be switching applications due to new polycies that make me uncomfortable with my privacy.,2021-01-16T05:09:51Z,0,en,1
88b8115d-f171-4e02-b0e0-3e57fe5b8cba,whatsapp,primary_dataset,whatsapp,"THE new policy is being taken care of again, especially about privacy chats.",2021-01-16T03:53:38Z,0,en,1
0054934b-526c-4865-90c8-385f852c344c,whatsapp,primary_dataset,whatsapp,Now the auto privacy is leaking.,2021-01-16T03:53:17Z,0,en,1
d798fffb-b089-4e48-8dfe-8f12173af8a5,whatsapp,primary_dataset,whatsapp,Very irrelevant about new policy.,2021-01-16T03:18:56Z,0,en,1
1a493fd7-258a-4e7b-9d2f-522d7d23a88c,whatsapp,primary_dataset,whatsapp,"From this we know that even a rich man is still greedy for wealth, can't appreciate people's privacy, don't download this.",2021-01-16T02:49:43Z,0,en,1
310e38e0-0a8a-4619-9592-4dbab4d70609,whatsapp,primary_dataset,whatsapp,"I'm sorry... the phone's been ringing a lot, and it doesn't agree that our privacy is getting to the brain.",2021-01-16T02:44:46Z,0,en,1
050a8f49-5979-4e54-acbb-1d1760f818ef,whatsapp,primary_dataset,whatsapp,Bad privacy police,2021-01-16T02:41:41Z,0,en,1
4be85b5c-aeaa-4701-984e-f5aaecf9731d,whatsapp,primary_dataset,whatsapp,"Cie wants to change privacy policy, her data goes to Facebook and there's a third party, wait for February 8th to uninstall jancookk...",2021-01-16T01:58:19Z,0,en,1
9e996a24-b201-4a83-ae86-363f8c124ee3,whatsapp,primary_dataset,whatsapp,"Whatsapp is not safe, with new policy. Users will move on to other applications because they don't feel safe with whatsapp anymore.",2021-01-16T01:26:10Z,0,en,1
1d73a2ac-a181-4c3d-bb1a-607840bc27de,whatsapp,primary_dataset,whatsapp,"Already know the reason, not far from our privacy which may leak if connected to the Fb, but it does.",2021-01-16T01:25:36Z,0,en,1
779197a8-6228-478d-ab9b-e7cf9cfed6ba,whatsapp,primary_dataset,whatsapp,"Simple, personal, safe no longer tagline whatsApp. Now whatsApp tries to retrieve user data and security factors are questionable.",2021-01-16T01:23:08Z,0,en,1
8779d71b-ae4e-42e3-b33e-bc6782685d6a,whatsapp,primary_dataset,whatsapp,Mew policy and share data with Facebook make this app useless..,2021-01-16T01:05:26Z,0,en,1
d4829408-25d9-4a73-9818-002d78b950bc,whatsapp,primary_dataset,whatsapp,Data secure?,2021-01-16T01:01:12Z,2,en,1
0c599e66-70ed-4732-99fe-d199e51891c5,whatsapp,primary_dataset,whatsapp,"Don't combine the personal data of someone on whatsapp including one phone number to a Facebook account, everyone has their own contacts and privacy. So if you don't want to be left with customers don't mix whatsapp with other applications that bring some data into other applications.",2021-01-16T00:51:21Z,6,en,1
8998c843-e03f-4a9f-b456-37e3800085d1,whatsapp,primary_dataset,whatsapp,"It's time to switch to the telegram. Since under Facebook, WhatsApp has gotten worse.",2021-01-16T00:41:01Z,0,en,1
c240c19c-f023-45dd-9fe8-46d1871ceee0,whatsapp,primary_dataset,whatsapp,"Yes, it's a private chat special app and it's very private to be attached to public applications, it's illogical just like that...",2021-01-16T00:39:20Z,0,en,1
5a60bd31-80d1-430e-8b98-9311a1bdb23f,whatsapp,primary_dataset,whatsapp,"With all due respect, the permission to leave this platform for a change in privacy policy, thank you for helping me through whatsApp, now that we've moved on to another application, we mean that we're all in the same wa group, and everyone who ever communicated with me in the past via WhatsApp we've found another way to stay in touch. Once again sorry, we had to go after him.",2021-01-16T00:26:56Z,86,en,1
bcbee17e-2000-4041-a0cf-26d05abdca11,whatsapp,primary_dataset,whatsapp,I'm sorry to give you one star after the new privacy policy that's making a panic about the safety of the user's personal data.,2021-01-16T00:09:24Z,0,en,1
f4a6fcd8-97d4-4563-ba57-332c1deb479c,whatsapp,primary_dataset,whatsapp,Don't sell our personal data to the other side.,2021-01-16T00:00:32Z,0,en,1
d60bdd82-9abb-4084-a2f9-f0eefed45de2,whatsapp,primary_dataset,whatsapp,Facebook ruin WhatsApp,2021-01-15T23:26:54Z,33,en,1
441fd822-5fa3-4891-86e9-3efd21e24540,whatsapp,primary_dataset,whatsapp,What kind of privacy policy is this?,2021-01-15T23:13:32Z,0,en,1
b4877eb0-1e66-48b9-b7bc-8a66f834b5c7,whatsapp,primary_dataset,whatsapp,"about to leave this app bcoz privacy issue. force privacy feb 8, you'll lose your users.",2021-01-15T23:07:35Z,0,en,1
7f87c1d6-3cdc-4f7d-bd35-6888dcd39ee5,whatsapp,primary_dataset,whatsapp,Bye bye whatsapp! I'm going to erase because privacy isn't awake anymore on this application. Personal data will be distributed to Facebook for commercial purposes. Let's remove WA.,2021-01-15T22:56:24Z,10,en,1
57139f1d-f7cf-46e8-92c5-a5856328d07c,whatsapp,primary_dataset,whatsapp,"Let's keep it private, please. TOLOL.",2021-01-15T22:51:27Z,0,en,1
3d68b83f-712e-4d92-a07a-1c5595b37690,whatsapp,primary_dataset,whatsapp,"I left Facebook a long time ago. &lt;i&gt;Because my data was hijacked and my parents didn't have Facebook.&lt;/i&gt; &lt;i&gt;But by February 8, 2021 whatsapp instead sent personal data to Facebook.&lt;/i&gt; &lt;i&gt;Whatsapp is this? &lt;i&gt;Get ready to lose a user!&lt;/i&gt; &lt;i&gt;It looks like it's more privacy.",2021-01-15T22:17:20Z,47,en,1
eb429612-ae03-4b5c-9558-09988a2d0c5f,whatsapp,primary_dataset,whatsapp,HELP HELP OUR PRIVATION!!!,2021-01-15T22:00:19Z,0,en,1
00872679-e87d-4702-be3f-3d5529526336,whatsapp,primary_dataset,whatsapp,"If we Whatsapp users don't follow their latest policy by transferring user data to Facebook, then we are left with two options between agreeing to it or deleting the Application. My choice is to remove this application and replace it with Telegram or Signal applications., hopefully all Whatsapp users will switch to another application so that the Whosapp will be aware of its error. Privacy is very important and valuable.",2021-01-15T21:58:38Z,0,en,1
53b79a16-f8e7-4f7f-a9b9-abb2b7fbb5f5,whatsapp,primary_dataset,whatsapp,"disappointed in new policy and privacy, ready to uninstall it together.",2021-01-15T21:22:56Z,0,en,1
6e2c2e88-f730-4527-b1e1-10c502599c10,whatsapp,primary_dataset,whatsapp,It's because of facebook.,2021-01-15T21:18:28Z,0,en,1
5a42b39c-bfd9-434a-9d87-61b587a9a3ae,whatsapp,primary_dataset,whatsapp,The battery has been detrimental to its users because this new policy has been very damaging. Let us all move to a signal or a telegram that has not cost us anything!!!!!!!!!!!!!!!!!!very disappointed in this new policy!!!!!!!!!!!!!!!!!!!!,2021-01-15T20:54:54Z,1,en,1
5d799754-54cc-48c3-97f6-b99cae21d8ca,whatsapp,primary_dataset,whatsapp,Privacy no.1!,2021-01-15T20:53:21Z,0,en,1
574562e7-9617-4909-8dd5-ebe5ae2fe526,whatsapp,primary_dataset,whatsapp,Hello Team Security Police Team WhatsApp Please fix the Privacy Data Security System of Your Applications Lately A lot of Data Leaks on This Application So Many People on Hack It Makes Us So Uncomfortable and Disappointment,2021-01-15T20:38:15Z,0,en,1
7f1df839-2c81-44ac-9f56-99540ee34596,whatsapp,primary_dataset,whatsapp,Why else would whatsapp have to collaborate with facebook?,2021-01-15T20:22:50Z,0,en,1
3bc24a39-ba20-4803-9696-44885b9d31f9,whatsapp,primary_dataset,whatsapp,Because of whatsApp policy on user data will be forwarded to Facebook causing many people to move to other applications including me) because of personal data that is the privacy of each person is at risk for use by the third party.,2021-01-15T20:13:21Z,3,en,1
05c698ef-895d-4924-a5cf-452cb6546b43,whatsapp,primary_dataset,whatsapp,PRIVATION IS ALL!!,2021-01-15T19:57:28Z,0,en,1
883111a1-512e-4d77-aee3-9409d4686378,whatsapp,primary_dataset,whatsapp,"I just found out that in watsapp, everyday chats can keep the phone numbers blocked.. don't know what violations there are, don't even have sex with them, don't have sara, chats just to friends and family, uh.. suddenly on the block..",2021-01-15T18:53:16Z,4,en,1
57eef9a9-9675-4350-acfa-530791f47dba,whatsapp,primary_dataset,whatsapp,"A lot of hackers, my data crossed.",2021-01-15T18:52:54Z,0,en,1
fc1bcf73-1571-458c-ad28-faa6e3cfa66c,whatsapp,primary_dataset,whatsapp,It's just been so long since I've had a conversation with each other..and it's also been a long time..how come the data storage keeps getting more and more huh??so the storage room ran out to eat with WhatsApp..,2021-01-15T18:51:15Z,0,en,1
ace7b9e8-43e9-4563-8273-197ee3a2fb33,whatsapp,primary_dataset,whatsapp,"The danger of personal data is new updte, ready to move to other chat applications instead,",2021-01-15T18:44:51Z,0,en,1
932baa97-b156-4512-a65a-fb382d679acc,whatsapp,primary_dataset,whatsapp,"His privacy policy can be detrimental to the privacy of the user, prone to abuse of irresponsible people, moving to other messenger applications alone.",2021-01-15T18:43:29Z,0,en,1
2d561314-7ce0-4869-99d8-509119f66954,whatsapp,primary_dataset,whatsapp,Why must our complete data be inserted? Uninstalling is actually a bother.,2021-01-15T18:40:09Z,0,en,1
b5b54f48-b948-4eb7-ba87-85788ee73e09,whatsapp,primary_dataset,whatsapp,"For now I'm a whatsApp user rather disappointed with this kind of policy that needs to be linked to facebook, so our privacy is no longer safe.",2021-01-15T18:08:26Z,0,en,1
950385b7-746c-4398-8502-d864c0edfa80,whatsapp,primary_dataset,whatsapp,No privacy,2021-01-15T17:52:31Z,0,en,1
726b5b3d-d28a-43ff-a173-e3878a25ac2c,whatsapp,primary_dataset,whatsapp,Policy that is very damaging to users,2021-01-15T17:45:25Z,0,en,1
498682f0-1f40-4d84-b56f-196c6b77e64d,whatsapp,primary_dataset,whatsapp,What's wrong with Mark asking for my file? What's wrong with him? What's wrong with him?,2021-01-15T17:42:27Z,0,en,1
17b123e0-588a-4e53-b40c-0594ab57efee,whatsapp,primary_dataset,whatsapp,Messed up the goat app. Our data is g-safe again.,2021-01-15T16:06:48Z,0,en,1
2bb64d2e-338d-4e7c-8367-dd26c131bbc2,whatsapp,primary_dataset,whatsapp,"fontcolor="" # FFFF00""terribled fontcolor="" # FFFF00""dirtyd fontcolor="" # FFFF00"" fontcolor="" # FFFF00""we'renotsafe fontcolor="" # FFFF00""canbespoiled fontcolor="" # FFFF00""wah",2021-01-15T16:06:06Z,0,en,1
14593685-2ea6-4d27-aa7b-e4ce9086d539,whatsapp,primary_dataset,whatsapp,Our data isn't secure.,2021-01-15T16:01:46Z,0,en,1
227c1821-3120-4178-badd-09aa3ec0b690,whatsapp,primary_dataset,whatsapp,How do you feel about privacy being seen with other people?,2021-01-15T14:29:55Z,0,en,1
97004499-b6e2-4367-8fd5-97fa3c3ebfff,whatsapp,primary_dataset,whatsapp,Brita Wah leaked personal data at first I didn't believe it but today I'm texting two different numbers about the rent.,2021-01-15T14:17:03Z,0,en,1
b54f4ed4-5e9d-406d-9f5b-77f5759ff3e3,whatsapp,primary_dataset,whatsapp,privacy breach! uninstall gass,2021-01-15T13:59:34Z,0,en,1
f662c051-b723-490a-8851-b6140a9fd960,whatsapp,primary_dataset,whatsapp,The latest Privacy wants to spy on this country's activities for its country.,2021-01-15T13:08:19Z,0,en,1
d62b086b-c804-4e7b-9040-db2f24d19434,whatsapp,primary_dataset,whatsapp,"Since there's a new policy all whatsApp's data has been transferred to Facebook indirectly, user privacy has disappeared just for cuan's sake, a lot of people have already started moving the good app to the line, telegrams etc. because of whatsapp's bad policy.",2021-01-15T13:06:49Z,2,en,1
8bd77d43-abc1-4692-b111-0a8ee5f747f7,whatsapp,primary_dataset,whatsapp,It's not good.,2021-01-15T12:54:24Z,0,en,1
f8eda270-e2f5-4e46-9b8c-eb2881ca3b56,whatsapp,primary_dataset,whatsapp,Leave our privacy alone.,2021-01-15T12:43:33Z,0,en,1
c8203c41-bfc3-44c8-bdf3-34e37c75616a,whatsapp,primary_dataset,whatsapp,Whatsapp new policy. do uninstall (again viral) is vulnerable to security,2021-01-15T12:35:43Z,0,en,1
324370d4-7d4d-4254-a2ef-88be173887d8,whatsapp,primary_dataset,whatsapp,Data thief,2021-01-15T12:28:05Z,0,en,1
47ff635e-a658-4e20-82ce-4731d26ab093,whatsapp,primary_dataset,whatsapp,"fontcolor="" # FFFF00""who'syes fontcolor="" # FFFF00""you fontcolor="" # FFFF00""admin/ Dev/ownerwhy don't you makea deal fontcolor="" # FFFF00""it'scotprivate fontcolor="" # FFFF00""evenso fontcolor="" # FFFF00""kuktukdaji fontcolor="" # FFFF00""dajik fontcolor="" # FFFF00""dakpakpak fontcolor="" # FFFF00""yetpakpakpakpakpaktu fontcolor="" # FFFF00""attu fontcolor="" # FFFF00""datuktu fontcolor="" # FFFF00""",2021-01-15T12:27:43Z,0,en,1
bc834c82-1cb7-4f71-8278-7a063f099eac,whatsapp,primary_dataset,whatsapp,Personal data to the fb then kykna a coercion.. waiting to be left. There are many others.,2021-01-15T12:04:18Z,0,en,1
66409c80-3485-49c7-9eb9-9186431cf88f,whatsapp,primary_dataset,whatsapp,Don't Share Your Privacy Data to Facebook. 8 February If this Apk Complicated Better Me Uninstall Just huh,2021-01-15T12:01:23Z,0,en,1
b3482ea9-13ac-4e70-83a2-7b7c339e1b7f,whatsapp,primary_dataset,whatsapp,"Regarding Whatsapp's latest policy, I don't feel safe using it anymore.",2021-01-15T11:45:56Z,4,en,1
3d43d32c-6bd9-4fa4-9c12-adb97b3de571,whatsapp,primary_dataset,whatsapp,"Privacy is no longer private to be this apk, the best bbm of all whatsapp.",2021-01-15T11:42:26Z,0,en,1
7609d206-b36b-4686-824a-65ec4f1ee70e,whatsapp,primary_dataset,whatsapp,Your newest policy is suck,2021-01-15T11:27:20Z,0,en,1
6b0ee2de-032d-4c33-85cb-546dd3148507,whatsapp,primary_dataset,whatsapp,Why share data to Facebook?,2021-01-15T10:53:25Z,0,en,1
507f7b1c-10c7-47b1-bcf6-9d2f6e39da93,whatsapp,primary_dataset,whatsapp,Sharing data to Facebook should be illegal,2021-01-15T10:44:46Z,0,en,1
27d6f500-7242-44c0-baa4-f726bf279214,whatsapp,primary_dataset,whatsapp,Wrong policy.,2021-01-15T10:10:42Z,0,en,1
8e950d73-33e9-4926-b50d-6a596f6e08c7,whatsapp,primary_dataset,whatsapp,"Every photo in WA is either in status or in profile photos, a picture that comes from a good HD quality so it's very uncomfortable in the WA, it's very different from the first, each one sending HD photos through the WA, because the quality of the picture doesn't confirm the resolution! The more uncomfortable it is to swear to use WA, the more privacy issues have cost the user. #MENDIDIDDAREDIDOM #MENDIDIDDIDINAL",2021-01-15T10:06:13Z,2,en,1
951cb541-8579-426c-aabe-efbedec60dc5,whatsapp,primary_dataset,whatsapp,Privacy!!!!!!!!!!!!!!!!!!!!!!!!!!,2021-01-15T10:04:43Z,0,en,1
e7845a2a-1ade-43f1-b262-7f2d3c711b22,whatsapp,primary_dataset,whatsapp,How about this wa? personal data I sent to people all downloaded by irresponsible parties. All the data in my phone is uploaded to other media and my personal data is not vripiate,2021-01-15T10:03:58Z,0,en,1
a59b50f0-2979-47e0-a55f-dfc47e4f6727,whatsapp,primary_dataset,whatsapp,"I like Whatsapp, but you betray our trust!!!!! Keep our privacy!!!!",2021-01-15T09:57:18Z,0,en,1
293af818-45d0-48c1-9306-e02664eacd24,whatsapp,primary_dataset,whatsapp,"Don't download it, but don't lie to yourself about whatsapp's random privacy policy.",2021-01-15T09:48:54Z,0,en,1
beac51d0-7f40-48d2-bac0-30a7ada77981,whatsapp,primary_dataset,whatsapp,Please make a better rule for privacy,2021-01-15T09:47:35Z,0,en,1
431857fa-8a7d-4e97-87e4-2ed61d06fdd1,whatsapp,primary_dataset,whatsapp,DATA PEACE!!,2021-01-15T09:34:37Z,0,en,1
aeb7ff8b-03ba-4bb4-83d9-b9d0a7f4ed38,whatsapp,primary_dataset,whatsapp,It's too bad privacy is connected to Facebook.,2021-01-15T08:50:23Z,0,en,1
7fdcc052-fb2b-418e-a136-c68f707f783e,whatsapp,primary_dataset,whatsapp,DOUBLE PRIVATION DONG USER!,2021-01-15T08:35:09Z,0,en,1
eeaafc0e-b697-45b6-b0ff-5d787d1e1d0f,whatsapp,primary_dataset,whatsapp,#saveourprivacy,2021-01-15T08:03:43Z,0,en,1
273c16f4-822c-40fc-b215-1707f9087eed,whatsapp,primary_dataset,whatsapp,1 star to update privacy policy,2021-01-15T08:02:19Z,0,en,1
362df916-dcd3-4df7-b0d3-fd381ce2cdf6,whatsapp,primary_dataset,whatsapp,"Why did I update the WA instead of being terror, unable to get in?",2021-01-15T07:49:53Z,0,en,1
9ceeacdc-164b-4e35-b5e6-e125e4a23f15,whatsapp,primary_dataset,whatsapp,"It's better to go to the LINE than to keep the data leaking, isn't it? &lt;i&gt;Let's go to a world where there's more potential, drawing, aging, and also not much of a struggle.&lt;/i&gt; &lt;i&gt;I don't know.&lt;/i&gt; &lt;i&gt;I don't know.&lt;/i&gt; &lt;i&gt; It's a lot of money. &lt;/i&gt; &lt;/i&gt; &lt;i&gt; I don't know. &lt;/i&gt; &lt;/i&gt; &lt;i&gt; &lt;/i&gt; &lt;/i&gt;",2021-01-15T07:45:21Z,0,en,1
bc195871-3890-40e1-8d05-d5ab77f5fb57,whatsapp,primary_dataset,whatsapp,No more privacy in this whatsapp,2021-01-15T07:39:58Z,0,en,1
802c7fea-2693-4ee6-8841-b3ddd5b9f202,whatsapp,primary_dataset,whatsapp,Nice app. Edit: I'm disappointed because whatsapp's new rules have to be about privacy.,2021-01-15T07:39:34Z,0,en,1
a99698c7-b910-4fe7-a6cd-c5e224b48e97,whatsapp,primary_dataset,whatsapp,#SaveOurPrivacy!,2021-01-15T07:38:09Z,0,en,1
af3465b6-0b41-4bc9-9c66-0ae15c723908,whatsapp,primary_dataset,whatsapp,"From 2012 to 2019 I gave a 5-star for this application, but after this application was adopted by the early January 2021 new policy by sharing personal information to Facebook as a parent of ownership, I would eventually give a single star rating, and I would continue to monitor until the middle of 2021, would I still survive on this application or would leave it behind.",2021-01-15T07:32:40Z,0,en,1
6b0c392f-3fd4-4b2c-bf43-fb29940d45be,whatsapp,primary_dataset,whatsapp,"The application is at least unsafe for current personal data. Develporters will retrieve your personal data, so I decided to start switching to a chat application that is safe for my personal data.",2021-01-15T07:01:22Z,0,en,1
aa6c1719-e83d-4955-abcc-dd3737c7fb91,whatsapp,primary_dataset,whatsapp,Even kgk is good now instead of taking our privacy with him GK is good,2021-01-15T04:09:31Z,0,en,1
cfc04685-a9e0-4305-b4ef-a4abe27968c5,whatsapp,primary_dataset,whatsapp,No longer appreciates privacy and user data. Sucks.,2021-01-15T04:05:41Z,0,en,1
71855866-ade6-4598-a9e6-7de328a4578c,whatsapp,primary_dataset,whatsapp,privacy is not safe. delete the whatsapp application UNINSTALL !!!!!!!!,2021-01-15T03:52:35Z,0,en,1
0952584c-5903-47d9-9766-2e0dd2df42f8,whatsapp,primary_dataset,whatsapp,"Against a lot of usership, you're asking me to keep my privacy uninstalled?",2021-01-15T02:54:13Z,0,en,1
1c185333-bafc-4739-bd01-fcd46724bdbc,whatsapp,primary_dataset,whatsapp,It's Mark Zugebek.,2021-01-15T02:51:22Z,0,en,1
9d212f1f-2934-4d1a-9470-8480b1581dca,whatsapp,primary_dataset,whatsapp,"""You're the best friend.."" ""You're the best friend."" ""You're the best friend.""",2021-01-15T02:32:34Z,0,en,1
8a6133e6-ac92-4540-a3a8-e4378350964d,whatsapp,primary_dataset,whatsapp,The update is connected to Facebook. Sorry. I'm moving to another apps.,2021-01-15T01:17:56Z,0,en,1
6f1d55d4-0b0b-48d6-a1da-16b7cf134971,whatsapp,primary_dataset,whatsapp,"The new policy is please reconsider, it has to do with the privacy of billions of people and it can even lose faith and even if there's one that really doesn't like being prepared for the demands: / So please make your brain policy a little bit:v",2021-01-15T00:10:17Z,0,en,1
a30a0877-0fa0-4ad7-acd0-6d435b24fb31,whatsapp,primary_dataset,whatsapp,Why did you give the data to the FB?,2021-01-14T23:31:29Z,0,en,1
b2866fef-5697-4355-a275-6af3e11b4819,whatsapp,primary_dataset,whatsapp,Whatsapp steals location data even though gps are dead.,2021-01-14T23:27:54Z,1,en,1
4bb333ee-7217-4139-980f-cbdd19fe1e9f,whatsapp,primary_dataset,whatsapp,"The more people come in here, the more they've been here since they've been recruited.",2021-01-14T23:09:23Z,0,en,1
30d20ea7-83a8-4985-8072-27439359cbf4,whatsapp,primary_dataset,whatsapp,"I don't want my data connected to Facebook, so it's better to move to a much lighter BIP application and send the chats and photos instead, you know, uninstalled",2021-01-14T23:05:38Z,0,en,1
dd4f2a9d-5f5f-4e67-8e2f-9ff8a27192bb,whatsapp,primary_dataset,whatsapp,"The more nonsense the policy gets, the more I shut down the Facebook.",2021-01-14T22:50:53Z,0,en,1
013f1921-807b-4784-9377-f63bd3e40d5f,whatsapp,primary_dataset,whatsapp,Is it true whatsapp stole our data?,2021-01-14T22:50:23Z,0,en,1
e1df50f0-471d-41f7-af07-19999001f14d,whatsapp,primary_dataset,whatsapp,"I'm sorry I didn't approve of sharing data with the FBI. I disagree. Okay, that's classified.",2021-01-14T22:37:31Z,0,en,1
4dc810a2-e9d3-4101-abe5-6621e498ee45,whatsapp,primary_dataset,whatsapp,The apps have been interfering with people's privacy.,2021-01-14T22:31:23Z,0,en,1
6ce681f8-ef20-4293-85f8-7b0b2f2b5516,whatsapp,primary_dataset,whatsapp,Privacy is in the umbar,2021-01-14T22:29:44Z,0,en,1
23c26125-c63d-4256-9d22-cc52acbf29ba,whatsapp,primary_dataset,whatsapp,Privacy's in the public joke.,2021-01-14T22:28:44Z,0,en,1
3848b760-108e-41b2-8dd5-bd608cf2a580,whatsapp,primary_dataset,whatsapp,WhatsApp is not good with file files to go to Facebook.,2021-01-14T22:25:53Z,1,en,1
28db9497-bd63-43a9-933a-fb094fd632f4,whatsapp,primary_dataset,whatsapp,Policy will make it difficult for you...,2021-01-14T22:19:56Z,2,en,1
d55955a5-4cb3-49e1-a2ae-787da18c1b75,whatsapp,primary_dataset,whatsapp,"Please notification from facebook. I don't have facebook, all contact is important to me!!!, please miss it if I don't transfer to the telegram!'!, please send it over!",2021-01-14T22:05:50Z,29,en,1
979941fb-3d01-4a92-bb3f-4959d84044bc,whatsapp,primary_dataset,whatsapp,"I'm downgraded, it's weird.",2021-01-14T21:59:08Z,0,en,1
62f15b30-6c0e-4ff1-a756-4c5d15c98514,whatsapp,primary_dataset,whatsapp,"Oey, don't be weird.",2021-01-14T21:55:12Z,18,en,1
e1a9e18d-e77f-44ee-9fc2-c57bd3ed9f71,whatsapp,primary_dataset,whatsapp,Why should WhatsApp share personal data to Facebook? &lt;br /&gt;I do not agree with this new policy.,2021-01-14T21:38:46Z,0,en,1
b2aa2bfc-a9ed-4e07-9aa0-d57ad5372d34,whatsapp,primary_dataset,whatsapp,"The group's Facebook policy does focus on personal data and focus on advertising. It's either on the ""Signal"" app or ""Telegram"" that focuses on the user privacy.",2021-01-14T21:29:37Z,166,en,1
c84b85b5-e59a-4d75-a636-86d63734c6bf,whatsapp,primary_dataset,whatsapp,Privacy,2021-01-14T21:27:02Z,0,en,1
ed34d994-3d1c-4bca-8cb9-af7f7c4c306b,whatsapp,primary_dataset,whatsapp,New policy makes it uncomfortable & unsafe,2021-01-14T21:21:08Z,0,en,1
66810f01-6316-4fe1-9d4a-828b975799d3,whatsapp,primary_dataset,whatsapp,I don't know if now the update is asking for data to connect to the KGB's fb server.,2021-01-14T21:19:08Z,0,en,1
dc9bfd47-2057-4630-b167-9f242cbe0db5,whatsapp,primary_dataset,whatsapp,Disappointed with new policy wa...,2021-01-14T21:13:13Z,1,en,1
b66e276a-4c91-42c9-8b17-fcdc8396d266,whatsapp,primary_dataset,whatsapp,"His communication can be tapped, his privacy... unguarded.",2021-01-14T20:42:45Z,0,en,1
042f1362-f2b4-49da-8660-66cf70b853f6,whatsapp,primary_dataset,whatsapp,"We love whatsapp, but we love privacy.",2021-01-14T20:36:27Z,0,en,1
4d6d9bdf-103e-48fd-98d9-e58a7b0e8c56,whatsapp,primary_dataset,whatsapp,Don't download if your personal data is stolen by Facebook,2021-01-14T20:23:40Z,0,en,1
0a8bba00-84fb-46ae-9128-c0b98f818ff2,whatsapp,primary_dataset,whatsapp,Please take care of the policy.,2021-01-14T20:22:00Z,0,en,1
a3313256-b663-42b9-aa35-f6ddb965e68d,whatsapp,primary_dataset,whatsapp,Now if the GK can stand on its own. The privacy of the people should be used like this indahl P.D. is comfortable. But why should the privacy of others be shared?,2021-01-14T20:13:36Z,0,en,1
994637de-8744-4c10-bff5-bb2ab74ee5f0,whatsapp,primary_dataset,whatsapp,"If there's no way out for all this while I give you star 1. Privacy is important, it's the location of privacy for strangers at all.",2021-01-14T19:29:24Z,26,en,1
cfa70f63-e96a-4210-ba33-a1bb7caacd61,whatsapp,primary_dataset,whatsapp,Please listen to most userswa switch to telegrams due to very strict privacy (e.g. forcing data to dev) and please remove user wa mod / wa gb.,2021-01-14T19:21:02Z,3,en,1
9fd272b7-0a34-4326-b27c-c5ccd86efa8e,whatsapp,primary_dataset,whatsapp,Very disappointed by his new policy.,2021-01-14T18:24:44Z,0,en,1
5761744a-9792-47c2-9776-d906232660ee,whatsapp,primary_dataset,whatsapp,"RIP PRIVATION, TOLOL YOU WHATSAPP",2021-01-14T18:24:35Z,0,en,1
f43fae27-1ce4-4798-923a-048029f31a18,whatsapp,primary_dataset,whatsapp,Why did you upgrade the user's data to the full?,2021-01-14T18:15:14Z,0,en,1
50942cdf-7791-4d59-95f6-03d022474dd2,whatsapp,primary_dataset,whatsapp,No privacy longer,2021-01-14T17:39:54Z,1,en,1
00b2de90-0669-4ee6-b98f-8f221c9e635b,whatsapp,primary_dataset,whatsapp,Privacy is important things.,2021-01-14T17:35:17Z,0,en,1
55c56a4a-3ced-4063-9b22-e8600827e04b,whatsapp,primary_dataset,whatsapp,The user's lack of privacy,2021-01-14T17:21:05Z,0,en,1
e3c9f8e2-5e8f-4852-90a6-eb7b14c6f81f,whatsapp,primary_dataset,whatsapp,Privacy issue,2021-01-14T17:12:52Z,0,en,1
8d1d72b2-04ae-448b-9a4c-01bc04420595,whatsapp,primary_dataset,whatsapp,Why is my number blocked using whatsapp???,2021-01-14T16:47:58Z,103,en,1
2100de14-21e9-499b-8a4d-cc8e5ef31918,whatsapp,primary_dataset,whatsapp,"Personal data is sold/sharing, just a matter of time. Your destruction will arrive.",2021-01-14T16:47:13Z,0,en,1
4e031f92-9de5-4ae8-b4ff-ccf003b9d139,whatsapp,primary_dataset,whatsapp,"I didn't go all the way with the new wisdom. Just imagine, if I had another 18+ phone with my friend, kept my cell phone in front of my brother, who had his name on the ground, then he opened up his face because he was in fashionbook, trying to figure out what was going to happen in front of him, his wife, his wife, his wife, his wife, his father, his wife, his wife, his father, his father, his father, his father, his father, my father, gave me a piece of money.",2021-01-14T16:37:30Z,11,en,1
dd7b4ddd-e59c-4e01-8e58-e8148594e5e9,whatsapp,primary_dataset,whatsapp,"Uinstall WhatsApp. The privacy policy talks, works with FB. Your data can be stolen and sold, the most terrible malware can come in. You know malware springus?",2021-01-14T16:24:25Z,49,en,1
bcf4017e-b96f-47f5-8c70-56dc3163c59a,whatsapp,primary_dataset,whatsapp,I don't like new policies.,2021-01-14T16:17:02Z,0,en,1
e0528b2b-6455-4b6a-b40b-db7130362395,whatsapp,primary_dataset,whatsapp,I hate my data being sent to a facebox.,2021-01-14T16:16:06Z,0,en,1
8fba234c-4937-48a1-8788-a3c7d3340740,whatsapp,primary_dataset,whatsapp,I can't get all my data out.,2021-01-14T15:17:22Z,0,en,1
75566681-0f11-46c1-b931-0a4169ecad33,whatsapp,primary_dataset,whatsapp,"I've had my share of the user's data, I have to share it up there, and I'm starting on February 8, 2021, right?",2021-01-14T15:04:01Z,0,en,1
5dddfe95-e38f-4ef5-b5ef-18b18aa83bb6,whatsapp,primary_dataset,whatsapp,"Hello WhatsApp please return the policy as it used to be, keep the user's privacy don't even share it on Facebook I'm using it for nothing but this application is easy and many users in Indonesia especially please return the policy as WhatsApp is safe and keep the user data",2021-01-14T14:26:49Z,2,en,1
d8cfbecb-3429-4047-9291-ebfea57a3295,whatsapp,primary_dataset,whatsapp,"How can you use whatsapp if you have to use a Facebook account, my FB account has been hacked by people, where you've been hacked and blocked again, you never use Facebook. Please don't connect it to whatsapp data facebook.",2021-01-14T14:24:34Z,16,en,1
564e19a1-c17f-47eb-aa19-65fcb1d4f668,whatsapp,primary_dataset,whatsapp,Why did the user data have to be sold? You're disappointed. I'm at the same time.,2021-01-14T14:24:24Z,0,en,1
47254116-1612-497a-bac1-f93062d66b5b,whatsapp,primary_dataset,whatsapp,Disappointed after wa requires user connect data to facebook.,2021-01-14T13:55:49Z,0,en,1
42c890fc-2b07-4493-ad54-23f7792aa839,whatsapp,primary_dataset,whatsapp,"Very useful, before data and privacy were changed",2021-01-14T13:15:34Z,0,en,1
51968254-52b0-43d6-a49e-5b33cc91490a,whatsapp,primary_dataset,whatsapp,Privacy Problems,2021-01-14T12:52:54Z,0,en,1
251f519b-b95e-412b-8252-588185cb6e1d,whatsapp,primary_dataset,whatsapp,Bad since there's a new policy like ugly.,2021-01-14T12:45:13Z,0,en,1
4485f976-7cad-48d0-a008-db64ee7dd344,whatsapp,primary_dataset,whatsapp,Better not download it than you stole the suberk mark.,2021-01-14T12:43:04Z,0,en,1
7803c157-12c2-4e70-a016-b42865e3e3de,whatsapp,primary_dataset,whatsapp,--!!!!!!!!!!!!!!!!!!!!!!!!!...!!!!!!!!!!!!!!!!!!!!!!!!!!!!!!!!!!!!!!!!!!!!!!!!!!!!!!!!!!!!!!!!!!!!!!!!!!!!!!!!!!!!!!!!!!!!!!!!!!!!!!!!!!!!!!!!!!!!!!!!!!!!!!!!!!!!!!!!!!!!!!!!!!!!!!!!!!!!!!!!!!!!!!!!!!!!!!!!!!!!!!!!!!!!!!!!!!!!!!!!!!!!!!!!!!!!!!!!!!!!!!!!!!!!!!!!!!!!!!!!!!!!!!!!!!!!!!!!!!!!!!!!!!!!!!!!!!!!!!!!!!!!!!!!!!!!!!!!!!!!!!!!!!!!!!!!!!!!!!!!!!!!!!!!!!!!!!!!!!!!!!!!!!!!!!!!!!!!!!!!!!!!!!!!!!!!!!!!!!!!!!!!!!!!!!!!!!!!!!!!!!!!!!!!!!!!!!!!!!!!!!!!!!!!!!!!!!!!!!!!!!!!!!!!!!!!!!!!!!!!!!!!!!!!!!!!!!!!!!!!!!!,2021-01-14T12:40:18Z,0,en,1
bc2b055e-6695-479b-97b0-ee2262fc091f,whatsapp,primary_dataset,whatsapp,Just make a BIP suggestion because our data will be taken to be leaked.,2021-01-14T12:24:03Z,0,en,1
ac9e5a5f-e299-4f10-b00e-a59fb6098d6b,whatsapp,primary_dataset,whatsapp,New policy worries people. Per 8th of February I may no longer use WA as a message app,2021-01-14T12:11:19Z,0,en,1
51b994d8-5015-4b14-b86c-d9f9c6a89a1e,whatsapp,primary_dataset,whatsapp,"Easy to break, easy to lose.",2021-01-14T12:10:47Z,0,en,1
ee09308c-2932-49a2-a19e-cde861f4d279,whatsapp,primary_dataset,whatsapp,don't like sharing data with facebook,2021-01-14T11:49:43Z,0,en,1
13920960-dfaa-46dd-acd7-b1d0f9f6a9ed,whatsapp,primary_dataset,whatsapp,Why is whatsApp now uncomfortable use? knp has to be connected to Facebook? how our data or our privacy will leak. Can you take responsibility for it won't be seen by the public later?,2021-01-14T11:48:23Z,168,en,1
67152d7c-de21-4816-8d4a-5b5fd0ebee8e,whatsapp,primary_dataset,whatsapp,Good bye privacy,2021-01-14T11:47:52Z,0,en,1
94224c2d-d153-4742-8973-d4b4e267a6f0,whatsapp,primary_dataset,whatsapp,No respect for privacy!!!,2021-01-14T11:46:11Z,0,en,1
bd9ae77f-036a-4ad3-a899-e8d4555e2a20,whatsapp,primary_dataset,whatsapp,Whatsapp now can't keep his privacy.,2021-01-14T11:45:34Z,0,en,1
2ec29704-4171-4228-8a70-497ab5dcec4a,whatsapp,primary_dataset,whatsapp,Privacy is to share if the new toast is to share,2021-01-14T11:26:50Z,0,en,1
7a682da8-e505-4c08-ac16-3257c58616f8,whatsapp,primary_dataset,whatsapp,My privacy to the umbar woy.,2021-01-14T11:17:55Z,0,en,1
be1302bb-a7fd-40cf-87a9-28e26109b7f5,whatsapp,primary_dataset,whatsapp,"fontcolor="" # FFFF00""Busyjoiningfacebook...!!!!",2021-01-14T10:38:23Z,0,en,1
44c952c4-3f85-456e-abec-7791cef54b00,whatsapp,primary_dataset,whatsapp,Don't be a privacy intruder capitalist b*****d,2021-01-14T10:34:59Z,1,en,1
cfbe2497-fdea-4c42-9d98-d7c2dc073b2d,whatsapp,primary_dataset,whatsapp,New policy's not good enough.,2021-01-14T09:50:09Z,0,en,1
78961e74-7951-4635-8d1f-5f95f845ca54,whatsapp,primary_dataset,whatsapp,"A recent chat feature that will be lost after 7 days is very unappreciative of the message, as whatsapp supports the loss of digital footprint, especially if it's important evidence in the conversation, as is the message's appeal feature. So is working with facebook, the day whatsapp is less and more unapp appreciates privacy and sells customer information to the other person (book). Whatsapp we know is the program person to person, not the person to public!",2021-01-14T09:35:44Z,63,en,1
0e0b9cf9-7919-421a-9a86-698e8def700b,whatsapp,primary_dataset,whatsapp,"Wants to change the chat app, privacy here starts shaking..",2021-01-14T09:17:27Z,10,en,1
ac690643-3131-46be-a26c-76ca1372eee0,whatsapp,primary_dataset,whatsapp,New issue about privacy make me feel unconfortable.,2021-01-14T09:16:01Z,1,en,1
e5cc1a10-e7ef-4402-9128-d255f8827657,whatsapp,primary_dataset,whatsapp,uninstall cz bad privacy policy.. bye2 whatsapp,2021-01-14T09:08:24Z,1,en,1
b7ce02cb-a547-40ce-86a7-1b366114193c,whatsapp,primary_dataset,whatsapp,The privacy policy is very bad.,2021-01-14T09:03:20Z,1,en,1
b5958e51-146b-4264-a913-61f21c15a6d9,whatsapp,primary_dataset,whatsapp,The privacy policy is very bad.,2021-01-14T09:03:05Z,1,en,1
18ba68df-832c-4d20-882a-f413ce5f96e2,whatsapp,primary_dataset,whatsapp,The privacy policy is very bad.,2021-01-14T09:02:47Z,1,en,1
d4251100-6d6f-4029-a65a-608785ce9c46,whatsapp,primary_dataset,whatsapp,The privacy policy is very bad.,2021-01-14T09:02:30Z,1,en,1
1cb2e7ad-0e93-473e-af75-1b0268d603a5,whatsapp,primary_dataset,whatsapp,The privacy policy is very bad.,2021-01-14T09:02:10Z,1,en,1
e15398c8-5a73-436b-8015-24e59082dc64,whatsapp,primary_dataset,whatsapp,The privacy policy is very bad.,2021-01-14T09:01:53Z,1,en,1
8a4c5099-4abb-41db-b6fd-cfc2f4b7876a,whatsapp,primary_dataset,whatsapp,The privacy policy is very bad.,2021-01-14T09:01:35Z,1,en,1
d9a37da3-9e3a-4c2d-87bb-43f0e5da28f3,whatsapp,primary_dataset,whatsapp,The privacy policy is very bad.,2021-01-14T09:01:18Z,1,en,1
4a855f60-6343-4286-8422-8c4c0f5f08bd,whatsapp,primary_dataset,whatsapp,No. Share data,2021-01-14T08:49:49Z,1,en,1
ab87835a-6261-4658-9532-d54210b8d88d,whatsapp,primary_dataset,whatsapp,Why should there be a web WhatsApp for what? &lt;br /&gt;To open people's privacy? &lt;/i&gt; &lt;i&gt;Please tell me this. &lt;/i&gt; &lt;i&gt;Whatsapp. &lt;i&gt;Whatsapp? &lt;i&gt;Whatsapp? &lt;/i&gt; &lt;i&gt;To open people's privacy? &lt;/i&gt; &lt;/i&gt; &lt;i&gt;Please explain. &lt;i&gt;,2021-01-14T08:42:37Z,0,en,1
d8a3cd0f-4cab-487c-a644-ee4f4f66fe85,whatsapp,primary_dataset,whatsapp,It is not safe for user data,2021-01-14T08:39:07Z,0,en,1
0536e3ea-4c57-4d7c-b0bc-c6f748c34095,whatsapp,primary_dataset,whatsapp,"fontcolor="" # FFFF00""wabugoi fontcolor="" # FFFF00""stop mulu apkk, fontcolor="" # FFFF00""timecannot updatethestatus. fontcolor="" # FFFF00""please fixit! fontcolor="" # FFFF00""whilewantto sharesomethingin status fontcolor="" # FFFF00""Wa",2021-01-14T08:32:41Z,0,en,1
848f50c3-9e34-4354-9783-085530376ccb,whatsapp,primary_dataset,whatsapp,Whatsapp's privacy is inconsequential.,2021-01-14T08:24:33Z,0,en,1
c65eff79-9fe8-45a8-9de4-057515041157,whatsapp,primary_dataset,whatsapp,I really like this apk but I bought a 2 gb package quickly after I saw the data so big please don't waste the apk save the quota right now so often,2021-01-14T08:14:00Z,0,en,1
e4677106-841f-48bf-8bec-43a70b9bfc0a,whatsapp,primary_dataset,whatsapp,"Please take whatsapp's side, to undo the new rules that are being made today, because it's very close to the privacy of its users.",2021-01-14T08:10:30Z,2,en,1
d73e9319-64e0-4ba7-a425-4048f3305be3,whatsapp,primary_dataset,whatsapp,Privacy,2021-01-14T07:53:36Z,0,en,1
d26028e7-c2f1-437d-ab46-c356430052b8,whatsapp,primary_dataset,whatsapp,Strange policy,2021-01-14T07:29:36Z,0,en,1
ce5c7b98-8224-4aa4-b4b6-bacafc96c624,whatsapp,primary_dataset,whatsapp,"Disappointed by today's policy, which is said to be all data being transferred to facebook. I'm sorry.. facebook is now unsafe, many of my Facebook friends have been hacked.",2021-01-14T07:26:01Z,283,en,1
1863cc81-259d-4fc9-8977-e51310bf8b81,whatsapp,primary_dataset,whatsapp,"Very disappointed by the latest privacy policy, especially those associated with Facebook.",2021-01-14T07:02:47Z,0,en,1
2eb5510c-36dd-483c-a848-c6407028ad76,whatsapp,primary_dataset,whatsapp,Disappointing new policy,2021-01-14T06:45:35Z,0,en,1
7299e2f4-0a48-43ff-95fd-a5b20c59ca38,whatsapp,primary_dataset,whatsapp,"Admin, this app is often used to Fucking cal sex, please policy to block the lit man's use yes. So is Vidio and the porn photo circulated from this app.",2021-01-14T06:11:51Z,0,en,1
c954e00a-d320-4d35-80a0-0b2dcbbeb039,whatsapp,primary_dataset,whatsapp,The new privacy policy is scary,2021-01-14T05:45:14Z,1,en,1
363ec77a-fd3b-428e-a4b5-05b9c1450147,whatsapp,primary_dataset,whatsapp,"The rules are complicated, adding to personal data.",2021-01-14T05:43:07Z,0,en,1
344d9d91-f3ab-4210-b5f5-e14654b791bb,whatsapp,primary_dataset,whatsapp,"Hey CEO of WhatsApp and his subordinates, what guarantee do you have that whatsApp data is being transferred to Facebook is going to be safe?",2021-01-14T05:36:50Z,440,en,1
d86472e8-3c4b-4c34-900e-d1afa6cd0073,whatsapp,primary_dataset,whatsapp,I don't want to go to Facebook!,2021-01-14T05:22:32Z,1,en,1
2e089e7b-cb09-4291-a7bf-b0a6bfb54609,whatsapp,primary_dataset,whatsapp,Please change whatsapp's privacy on February 8th.,2021-01-14T05:08:14Z,0,en,1
846045ae-85f6-44e1-a6c4-d3503092829b,whatsapp,primary_dataset,whatsapp,Asyu took everyone's data...,2021-01-14T04:52:56Z,1,en,1
478ecd2b-7975-49d1-9b4c-00b0d2f8244a,whatsapp,primary_dataset,whatsapp,Make a waste of it after privacy is divided into the FB's,2021-01-14T03:53:27Z,1,en,1
ac81c422-63af-4af6-ac6f-48d5f15842c0,whatsapp,primary_dataset,whatsapp,Make a waste of it after privacy is shared with the FB as well.,2021-01-14T03:51:27Z,1,en,1
2b903fb7-7a2a-4fb2-9f73-bd5c141db1c9,whatsapp,primary_dataset,whatsapp,For privacy why should the privacy data wa be sent to fb so it's the same,2021-01-14T03:36:12Z,1,en,1
0f0e6a72-0f13-45f4-831d-c91e44ddcf4a,whatsapp,primary_dataset,whatsapp,It's not safe. You're all aware of your privacy.,2021-01-14T03:14:49Z,1,en,1
95fc14b2-0511-4cf3-a15d-3bfe33ee15b2,whatsapp,primary_dataset,whatsapp,Disrespecting user privacy,2021-01-14T02:56:21Z,1,en,1
4235ffa0-37ce-4725-a1fe-0494655bf645,whatsapp,primary_dataset,whatsapp,RELIGION OF NJING PEOPLE'S PRIVATION,2021-01-14T02:51:34Z,1,en,1
6baca130-eae4-4020-ae05-4a4ae9da799f,whatsapp,primary_dataset,whatsapp,"Whatsapp's privacy policy is disturbing, please don't make it this way.",2021-01-14T02:48:56Z,2,en,1
c8d3ca0a-5741-4e39-b661-ed5eff5ea67b,whatsapp,primary_dataset,whatsapp,"Starting with this obvious application, whatsApp was this most private chat app, now with new policy connected k Facebook auto uninstall, telegre or sign, let's see how it goes.",2021-01-14T02:07:59Z,1,en,1
33a73db2-b716-4e45-80a8-709427fa78eb,whatsapp,primary_dataset,whatsapp,"fontcolor="" # FFFF00""Okakakakekconnectingto facebooks suck",2021-01-14T01:52:13Z,1,en,1
ee570dbf-fc03-40bf-b11c-6a61e7eaa903,whatsapp,primary_dataset,whatsapp,"If this app is a waste of memory, it doesn't seem like 300/500 mb+ when it doesn't download the photo&vidio at all, obviously RUM 4GB potato phone, it robs it. Can't make the new APP whatsappte so rich FB Lite is just 2mb'an!!!!!!!!!!!!!!!!!!!!!!!!!!!!!!!!!!!!!!!!!!!!!!!!!!!!!!!!!!!!!!!!!!!!!!!!!!!!!!!!!!!!!!!!!!!!!!!!!!!!!!!!!!!!!!!!!!!!!!!!!!!!!!!!!!!!!!!!!!!!!!!!!!!!!!!!!!!!!!!!!!!!!!!!!!!!!!!!!!!!!!!!!!!!!!!!!!!!!!!!!!!!!!!!!!!!!!!!!!!!!!!!!!!!!!!!!!",2021-01-14T01:32:53Z,58,en,1
261fd5b6-8ef8-4ce0-bf9f-400a2202fe8a,whatsapp,primary_dataset,whatsapp,The advice for privacy status is removed,2021-01-14T01:32:05Z,0,en,1
71ec71d0-a24f-46b6-bcc0-e0ee11d5ce2d,whatsapp,primary_dataset,whatsapp,No privacy.,2021-01-14T01:30:24Z,1,en,1
92ecf2b1-16ed-48f1-be30-ffbe00145e76,whatsapp,primary_dataset,whatsapp,"The longer it gets unethical, the more I value user privacy.",2021-01-14T00:23:01Z,1,en,1
90289dca-497f-4340-b936-6f85c2d00963,whatsapp,primary_dataset,whatsapp,Harmful policy.,2021-01-13T23:52:13Z,2,en,1
b46906e8-3cab-4474-8238-2b122373a75f,whatsapp,primary_dataset,whatsapp,"Whatsapp after making new rules disturbing, there will be no privacy. If data is not shared/transferred to fb, let there be privacy. As y users I'm also afraid of it.",2021-01-13T23:16:16Z,151,en,1
611246cf-dda2-4bad-b12f-b2647979eb2b,whatsapp,primary_dataset,whatsapp,"Many users are disappointed including me. Facebook should think about this again, even though whatsapp is already on Facebook isn't too much? Privacy isn't that cheap.",2021-01-13T23:06:22Z,2,en,1
98db25ab-a489-4ce7-83eb-70f84228b4bb,whatsapp,primary_dataset,whatsapp,Don't agree with the new policy,2021-01-13T22:49:25Z,0,en,1
25f07e95-e69e-4746-b0fe-f31f155cab08,whatsapp,primary_dataset,whatsapp,"Just uninstall it again, it's not safe. It's not safe.",2021-01-13T22:42:44Z,0,en,1
b7746767-1947-4d18-a91e-f04b136bbf0f,whatsapp,primary_dataset,whatsapp,"Disappointed with whatsapp's new policy data, names, profile photos, Ip adrees, phone nos and imei.",2021-01-13T22:27:24Z,0,en,1
3878ff67-19a3-4158-93a1-389cc68944ec,whatsapp,primary_dataset,whatsapp,Explain the latest provision of privacy!!!,2021-01-13T22:06:42Z,0,en,1
542730f9-8657-4e73-99cb-9c35bd10f010,whatsapp,primary_dataset,whatsapp,Bad privacy policy.,2021-01-13T21:55:30Z,1,en,1
1f1cbb68-835b-4bd1-97ad-38dab5eedd4c,whatsapp,primary_dataset,whatsapp,"I gave you one star, for being disappointed with the new policy of whatsapp, had to connect directly to the fb,.",2021-01-13T21:53:59Z,0,en,1
3a402b80-7229-4e30-ae25-59dd59b7be7c,whatsapp,primary_dataset,whatsapp,The more force to open WA user data to FB,2021-01-13T21:50:34Z,0,en,1
bdd7ae36-7704-4b0b-b9db-1b1006de0f70,whatsapp,primary_dataset,whatsapp,We really appreciate your policy in this WhatsApp application but it should be noted that security of use is number 1 without your use that's nothing and can't develop to accept it.,2021-01-13T21:49:27Z,0,en,1
a24cf6f3-8ba9-4e83-8270-db7661fe2491,whatsapp,primary_dataset,whatsapp,Disappointed by whatsapp policy now,2021-01-13T21:20:13Z,0,en,1
14f9a4bf-77dc-49e7-915f-f9fc697daaa2,whatsapp,primary_dataset,whatsapp,R.I.P Privacy :'[,2021-01-13T21:08:43Z,0,en,1
9e2e6251-6d22-45c4-9770-ed26f0434ac3,whatsapp,primary_dataset,whatsapp,Disappointed with a new policy that requires sharing personal data to Facebook.,2021-01-13T21:07:26Z,0,en,1
39312e1d-fc21-419b-a622-a3c9b80ce912,whatsapp,primary_dataset,whatsapp,It's not cool whatsapp can't keep privacy from moving to a neighbor.,2021-01-13T21:02:08Z,0,en,1
e430b71c-01e2-42de-b63e-074bfa65a810,whatsapp,primary_dataset,whatsapp,R.I.P Privacy :{,2021-01-13T20:59:53Z,0,en,1
46bc3449-0844-4673-a451-a54d64ed9c09,whatsapp,primary_dataset,whatsapp,The new manvsi policy,2021-01-13T20:55:20Z,1,en,1
a4cee78d-12e9-4550-ad88-4fbf913e751e,whatsapp,primary_dataset,whatsapp,Please clarify whatsapp user's personal data leak!!!,2021-01-13T20:54:41Z,1,en,1
2ec88a6b-1460-480f-8ab6-229c7ba68f41,whatsapp,primary_dataset,whatsapp,Ask him to explain what kind of personal data is required to share until each day's giving a notif should be approved if you don't choose to move to another app.,2021-01-13T20:33:22Z,0,en,1
4c42ef7a-f146-40d1-bb5b-2e15a25adc85,whatsapp,primary_dataset,whatsapp,It's been a long time since you've texted someone else's data.,2021-01-13T19:41:50Z,0,en,1
af899a17-b781-4699-a5f5-0c470057decb,whatsapp,primary_dataset,whatsapp,Privacy Whooyyyy!!!!!!!!!!!!!!!!!!!!!!!!!!!!!!!!!!!!!!!!!!!!!!!!!!!!!!!!!!!!!!!!!!!!!!!!!!!!!!!!!!!!!!!!!!!!!!!!!!!!!!!!!!!!!!!!!!!!!!!!!!!!!!!!,2021-01-13T19:38:30Z,0,en,1
73802f9c-f2a3-4797-b6c3-59ac678fb56f,whatsapp,primary_dataset,whatsapp,"The update is getting worse, because as our privacy is getting worse, whatsapp is more curious about our privacy at WhatsApp, googled or YouTube about whatsapp's latest update issues.",2021-01-13T19:30:47Z,0,en,1
21cbfad4-287e-4bdb-a003-1d9c67720f43,whatsapp,primary_dataset,whatsapp,NO PRIVATION,2021-01-13T19:26:50Z,0,en,1
e90103db-70ed-4111-b088-e0261d60c8ec,whatsapp,primary_dataset,whatsapp,Let's install these apps if they apply new rules that require users to send personal data ...do not want to be fooled by pagan applications whose purpose is to retrieve data worldwide,2021-01-13T19:05:45Z,2,en,1
302cac34-a2b2-4862-8b4a-6f265dc2ff12,whatsapp,primary_dataset,whatsapp,"Give privacy to people, why you want to get our privacy?",2021-01-13T19:01:05Z,0,en,1
6f248997-3819-4d90-b811-dc026dc7ad40,whatsapp,primary_dataset,whatsapp,"Hallo whatsapp! Since the data was transferred to facebook, how come the images I downloaded didn't enter the gallery? Even the images that were before disappeared immediately as if they were deleted when I never deleted them.",2021-01-13T18:49:19Z,0,en,1
125296e3-2589-4aff-9b71-134ff8b53380,whatsapp,primary_dataset,whatsapp,"Better get on the tele, your privacy!",2021-01-13T18:48:24Z,0,en,1
6c8dab76-c396-40f6-9a66-5c6f3495bd8d,whatsapp,primary_dataset,whatsapp,"If you have to share data with the fb, it's difficult now.",2021-01-13T18:36:09Z,0,en,1
8ed8060a-12cd-487c-bb21-17238cf96a50,whatsapp,primary_dataset,whatsapp,Why didn't I delete the fb app?,2021-01-13T18:26:26Z,0,en,1
980a52d9-59fd-4b88-90c6-32be00ec7caf,whatsapp,primary_dataset,whatsapp,"It's getting a little rough around here, but I'm disappointed Ama wa, thank you!",2021-01-13T17:52:36Z,0,en,1
834ac2d1-7759-42f8-a16d-b6772d96ca71,whatsapp,primary_dataset,whatsapp,"So often the signal is good to use wifi/data as often delays, please immediately fix it",2021-01-13T17:26:55Z,0,en,1
b5690da9-6777-4137-ab2a-e017f33b12aa,whatsapp,primary_dataset,whatsapp,Simple. Personal. Safe WhatsApp from SERIUS Facebook?? Wong Facebook just a few months ago was under the impression that the user's data leaks and was sold to say Aman Personal.,2021-01-13T17:26:15Z,0,en,1
b669362d-b6a2-4288-9dc4-ceade47f1bb2,whatsapp,primary_dataset,whatsapp,No privacy,2021-01-13T17:12:32Z,0,en,1
df9a9b6d-b0c2-4c07-b762-a044771846c1,whatsapp,primary_dataset,whatsapp,"fontcolor="" # FFFF00""Wie guardour privacy fontcolor="" # FFFF00""us userswhatsapp, fontcolor="" # FFFF00""whynothavetostay fontcolor="" # FFFF00""Ibreakwhatsapp fontcolor="" # FFFF00""letfpi",2021-01-13T17:01:22Z,0,en,1
9dca6239-c82f-44f3-b4f8-e377dceebcda,whatsapp,primary_dataset,whatsapp,It's a data thief.,2021-01-13T16:38:56Z,1,en,1
b7995275-7341-4e77-bea2-55d6ea875bfd,whatsapp,primary_dataset,whatsapp,The privacy policy is gone,2021-01-13T16:23:09Z,0,en,1
da33872e-7d3d-4142-b9bd-b2c8624f230d,whatsapp,primary_dataset,whatsapp,It's all about a PRIVACY!!!,2021-01-13T15:56:26Z,1,en,1
ed5e4713-2aca-49bf-9ae1-36b3e40bd201,whatsapp,primary_dataset,whatsapp,BEHIND THAT BLOOD!!!!!!!!!!!!!!!,2021-01-13T15:46:06Z,0,en,1
84b3e910-51de-4c80-8ce7-55986788c81d,whatsapp,primary_dataset,whatsapp,privacy related,2021-01-13T15:34:24Z,0,en,1
de1a95ff-e948-4194-9f5a-bb0f72958de7,whatsapp,primary_dataset,whatsapp,"I hope your privacy policy on February 8th is not, so I'm moving to a signal and a telegram, and there's going to be a lot of uninstallable apuuuuuu Tilong response.",2021-01-13T15:27:18Z,0,en,1
eb6680a4-9141-49e2-9ac3-be3575d74562,whatsapp,primary_dataset,whatsapp,"You know, there's an anonymous number that promo's taking on business that turns out one of the business accounts on Facebook could be running my personal number.",2021-01-13T15:13:32Z,0,en,1
29bd57fb-62f4-49f1-b29b-78799d16e308,whatsapp,primary_dataset,whatsapp,Privacy,2021-01-13T14:39:36Z,0,en,1
b1e7415b-d126-49bf-b8fd-edfe3cddfb62,whatsapp,primary_dataset,whatsapp,I'm sorry I immediately deleted the problem. My data has been lost by the wa. Please fix it.,2021-01-13T13:42:26Z,1,en,1
1fda98dd-0d5e-4a8f-ad37-60160af26ff4,whatsapp,primary_dataset,whatsapp,"If you have to share data with Facebook, be prepared to uninstall apk wahtsapp, because we don't want our privacy data to go anywhere..thank you...now my friends are on the telegram to prepare the install if it happens",2021-01-13T13:28:50Z,0,en,1
aa308469-0b31-401b-adb4-28be468ed98a,whatsapp,primary_dataset,whatsapp,New policy on privacy is very damaging to user data... Un installing now,2021-01-13T13:13:28Z,0,en,1
75d68876-5055-4bcb-b94a-9c62f4415e45,whatsapp,primary_dataset,whatsapp,"I'm sorry..why update that now, must be login pake facebook, does it have to be like that.. beg whatever.. help in the park..thank you..",2021-01-13T13:11:24Z,0,en,1
53ff0ef6-15b2-4ff8-ad7a-e9399e2db839,whatsapp,primary_dataset,whatsapp,"I use the wa for privacy, and new rules that threaten my privacy very much.",2021-01-13T12:54:03Z,0,en,1
0abf180f-71c1-4859-b407-f407ce5f2861,whatsapp,primary_dataset,whatsapp,"Sorry, privacy's gone.",2021-01-13T12:51:43Z,0,en,1
71a19ba1-8203-4b4c-9c37-90b1b8d63ead,whatsapp,primary_dataset,whatsapp,Unclear privacy policy,2021-01-13T12:46:51Z,0,en,1
2da4e741-bbd7-4a5b-8b69-37769ea51d92,whatsapp,primary_dataset,whatsapp,"Hadeuh Why is whatsapp now private data should be private, no one will be able to access it even if it's in the company until it can't access personal data, but it's safe?",2021-01-13T12:43:42Z,50,en,1
9151f33b-c9aa-41e8-97d9-9dff316e301a,whatsapp,primary_dataset,whatsapp,"fontcolor="" # FFFF00""What the... fontcolor="" # FFFF00""userfilesareopened fontcolor="" # FFFF00""whatdoyouwanttodo",2021-01-13T12:43:42Z,0,en,1
52ab4eca-bd88-4665-821a-8ead6fbbc1ba,whatsapp,primary_dataset,whatsapp,No Whatsapp! No Instagram! No Zuckerberg!,2021-01-13T12:32:15Z,1,en,1
4db1619e-a234-4696-9d09-4e92f8fc96b4,whatsapp,primary_dataset,whatsapp,A very stupid policy.,2021-01-13T11:54:51Z,1,en,1
906d2ba8-e7aa-4af4-9bcb-7f71d4873c0b,whatsapp,primary_dataset,whatsapp,Privacy,2021-01-13T11:29:18Z,0,en,1
84fbac3b-c862-404c-9d42-3a66352d7fe2,whatsapp,primary_dataset,whatsapp,GW GK LIKED YOUR NEW PRIVATION WE THINK YOUR EYES ARE VERY ENTERING THE GENERAL OF HIS GREAT RELIGION,2021-01-13T11:18:59Z,1,en,1
d4660cd8-5185-41e0-afff-a4a8ed541f63,whatsapp,primary_dataset,whatsapp,"The worse it gets, the worse it gets. Sometimes it doesn't show how many people see it when the privacy settings are already displayed. Sometimes create a status 3 that only 2 a.k.a. like to erase themselves, please fix it.",2021-01-13T11:11:22Z,0,en,1
c9f39321-2af3-4e5a-9a4c-1c1ea43df1e0,whatsapp,primary_dataset,whatsapp,"It used to be good, since there was a new policy. This application is no longer safe.",2021-01-13T11:09:35Z,1,en,1
cc9b8881-33c9-488a-b005-caa4cfea2d17,whatsapp,primary_dataset,whatsapp,Because there's a privacy policy I moved a telegram,2021-01-13T10:56:02Z,0,en,1
10cdf4eb-a04f-4216-8a89-355f4fb01c9a,whatsapp,primary_dataset,whatsapp,"Wasp talk Kepo so luu, use data to copy""",2021-01-13T10:49:21Z,0,en,1
e06cc374-9bd9-4f94-b949-8addb017bb23,whatsapp,primary_dataset,whatsapp,"Protect Privacy policy, don't connect Whatsapp to Facebook.",2021-01-13T10:37:58Z,0,en,1
bf65cf3b-e62a-4aab-9aff-f16d81196cb6,whatsapp,primary_dataset,whatsapp,Why does anyone need privacy when they don't want to use it anymore?,2021-01-13T10:20:07Z,0,en,1
8fdf380f-a95d-45e7-a25d-fbf2f6117341,whatsapp,primary_dataset,whatsapp,It's better with a telegram. It's good that you want my personal data.,2021-01-13T10:18:54Z,1,en,1
8d5cb201-a816-4290-9758-816b161104df,whatsapp,primary_dataset,whatsapp,Dividing data to the FB?,2021-01-13T10:07:03Z,1,en,1
68f4d85e-d8c7-4a12-97f4-c314b1dfaec4,whatsapp,primary_dataset,whatsapp,So much for developers to keep user privacy.,2021-01-13T10:06:47Z,0,en,1
4340fa8b-b112-4d3a-854f-bfc2e238ba75,whatsapp,primary_dataset,whatsapp,"Sorry I disagreed with the new policy, I moved to another app.",2021-01-13T09:53:27Z,0,en,1
0539243a-e1d3-4472-a327-91df89bb9751,whatsapp,primary_dataset,whatsapp,"Dear wa due to a matter of privacy I decided to leave Wa, thank you WhatsApp",2021-01-13T09:47:28Z,0,en,1
3f6f94e8-ac0b-42e5-a748-0a59cf8e450c,whatsapp,primary_dataset,whatsapp,"With whatsapp's latest policy very suspicious I'm a whatsapp user, why should my data be shared with Facebook? And if users don't want users to uninstall whatsapp.",2021-01-13T09:16:38Z,190,en,1
0e816f2e-3d25-4f1e-9a89-946acf63d0b4,whatsapp,primary_dataset,whatsapp,"My data is all gone, I'm very disappointed",2021-01-13T08:54:57Z,0,en,1
783fb5ad-cd18-4254-8467-862a95047157,whatsapp,primary_dataset,whatsapp,I don't like it when you update privacy policy and don't share it in your Facebook account.,2021-01-13T08:37:17Z,0,en,1
f1197815-8644-4db7-8ae4-cff318476a0a,whatsapp,primary_dataset,whatsapp,Don't make this difficult for us because I'm still in school. Please don't trouble us with new privacy. I'm a simple person.,2021-01-13T08:03:04Z,25,en,1
97ea584d-8e01-4aca-8a68-614ecb1c7ece,whatsapp,primary_dataset,whatsapp,"Please correct the user's privacy policy. How long will it lead to the user's personal data? For what? Must be clear and transparent, don't just close the account if we don't agree. If there's no improvement either, we'd better move to another chat app.",2021-01-13T08:01:06Z,30,en,1
4172757c-a5d8-44d5-b2c6-46ea918bf86f,whatsapp,primary_dataset,whatsapp,THE NEW PRIVATION RESEARCHED MY RESEARCH AND WORRY!,2021-01-13T07:50:35Z,1,en,1
e9223382-1807-47e9-9633-c75f74d42229,whatsapp,primary_dataset,whatsapp,"Privacy ko wants to be screened to facebook, so that's it, has been updated often lemyot bnyak constraints, vc telephones often call, after opening notifications",2021-01-13T07:49:08Z,0,en,1
e4b58d5f-d1a3-4b14-9da4-e3bfd5dbe98d,whatsapp,primary_dataset,whatsapp,"If you can add a feature to the flashlight when the video calls, it's hard to find out when the lights are out, new updates are required to link to Facebook, just wait if there's an apk like wa maybe I'll move instead of being forced to Facebook, then if there's any problem WhatsApp/Facebook to take responsibility, it's good for someone to use it instead of forcing customer",2021-01-13T07:47:00Z,32,en,1
a89a54cd-1e20-4007-9950-8d5202374c29,whatsapp,primary_dataset,whatsapp,I don't feel safe because whastapp is connected to facebook.,2021-01-13T07:41:02Z,0,en,1
c9a95613-7c42-433f-a519-a4dbecfdd823,whatsapp,primary_dataset,whatsapp,"WhatsApp sucks at user's privacy these days, I'm uninstalling",2021-01-13T07:19:48Z,0,en,1
da79c3da-8287-42fb-bca9-0280fed49c09,whatsapp,primary_dataset,whatsapp,This app isn't good for you. You can't keep your .hrs privacy on. You can't handle it in any way so you can look after each other.,2021-01-13T07:10:20Z,0,en,1
fba03500-421a-4cc0-918e-18b2d9ff8c0b,whatsapp,primary_dataset,whatsapp,RIP PRIVACY auto uninstall,2021-01-13T07:10:11Z,0,en,1
8603d7eb-3c47-470e-8660-1ba4d829377d,whatsapp,primary_dataset,whatsapp,The privacy problem nngn d changed,2021-01-13T06:57:51Z,0,en,1
3059e770-afce-4f67-bbdc-b1cb9819af9c,whatsapp,primary_dataset,whatsapp,Move on when Privacy change,2021-01-13T06:54:24Z,0,en,1
c5b35c9b-9e23-442c-baf0-e7f49bae0111,whatsapp,primary_dataset,whatsapp,"They say there's a data policy going to be passed to Facebook from January 8th, but until now there's no notice.",2021-01-13T06:53:10Z,23,en,1
40b0a9e7-85b5-4134-aa85-eda894e8d68a,whatsapp,primary_dataset,whatsapp,I don't agree with the February update to share my personal data with Facebook.,2021-01-13T06:28:17Z,0,en,1
a809e8d9-9e60-4085-94cb-0d5f4963e8b3,whatsapp,primary_dataset,whatsapp,"fontcolor="" # FFFF00""afterupdte of privacy fontcolor="" # FFFF00""dte fontcolor="" # FFFF00""dte fontcolor="" # FFFF00""dte fontcolor="" # FFFF00""dte fontcolor="" # FFFF00""dte fontcolor="" # FFFF00""dte fontcolor="" # FFFF00""dte fontcolor="" # FFFF00""dte fontcolor="" # FFFF00""dte fontcolor="" # FFFF00""dte fontcolor="" # FFFF00""dte fontcolor="" # FFFF00""dte fontcolor="" # FFFF00""after fontcolor="" # FFFF00""after",2021-01-13T06:19:58Z,0,en,1
b38ef434-4972-4824-bccd-c2382448f291,whatsapp,primary_dataset,whatsapp,It's not privacy anymore. It's easy to hack. It's a telegram.,2021-01-13T06:07:04Z,1,en,1
4d79b064-575b-4950-81f0-55546c8345e8,whatsapp,primary_dataset,whatsapp,"Disappointed by the policy that will be imposed on February 8th, 2021.",2021-01-13T05:48:43Z,1,en,1
228d8a84-c525-4ff9-8cac-44a7b1f14c90,whatsapp,primary_dataset,whatsapp,"fontcolor="" # FFFF00""whydo not haveto transfereverything fontcolor="" # FFFF00""just delete it",2021-01-13T05:43:34Z,1,en,1
d5b4de70-c666-405d-a685-30129222b771,whatsapp,primary_dataset,whatsapp,Your policy doesn't make sense.,2021-01-13T05:34:21Z,1,en,1
6c6a7b66-e61a-479e-b299-24d43d013e64,whatsapp,primary_dataset,whatsapp,The worse the quality of whatsapp for having to partner with Facebook~,2021-01-13T03:54:31Z,0,en,1
aff85788-b1aa-4e7e-a6d9-40bc57d83edd,whatsapp,primary_dataset,whatsapp,Stupid policy.,2021-01-13T03:33:42Z,1,en,1
80ec778c-caf8-4d43-8441-622be53a02e0,whatsapp,primary_dataset,whatsapp,"fontcolor="" # FFFF00""mksstresent fontcolor="" # FFFF00""what fontcolor="" # FFFF00""withrenewslikeinforms fontcolor="" # FFFF00""disperststheusfilescanbefun....canreallymakefunwithpeople whoknowsour privacy.... fontcolor="" # FFFF00""whatsap nowisgood fontcolor="" # FFFF00"" good fontcolor="" # FFFF00""Silencetoo fontcolor="" # FFFF00""please don'tmakethisneweven worse fontcolor="" # FFFF00""",2021-01-13T02:48:35Z,0,en,1
82440af4-49b2-4e6d-b4ce-1c184e0de414,whatsapp,primary_dataset,whatsapp,Highly disrespectful user privacy.,2021-01-13T02:47:13Z,36,en,1
5b21208a-9955-44d3-9feb-7319651d4242,whatsapp,primary_dataset,whatsapp,"Updating new privacy update is not awake :), I rate 1",2021-01-13T02:46:59Z,1,en,1
0086f47a-3c76-4772-8f82-f06e4bbd1d00,whatsapp,primary_dataset,whatsapp,RIP PRIVATION!!,2021-01-13T02:36:57Z,0,en,1
7b53b6d8-7da8-4b7c-b8d6-cca037278e95,whatsapp,primary_dataset,whatsapp,"His privacy policy is severe, though.",2021-01-13T01:54:47Z,1,en,1
8006c6e7-cfbb-43b9-ad23-2e1fed5f3e4a,whatsapp,primary_dataset,whatsapp,"For those of you who read my reviews and don't like the terms of privacy, I suggest you give a single star twig to wa down, thank you:)",2021-01-13T01:20:52Z,1,en,1
a22eed97-0247-4504-afb4-62cbb50a1320,whatsapp,primary_dataset,whatsapp,Privacy is not secure,2021-01-13T01:15:30Z,1,en,1
dfe2c137-8ba3-4110-ad9a-58f19c9a3f1a,whatsapp,primary_dataset,whatsapp,"If you don't want privacy, it's not safe.",2021-01-13T01:13:12Z,0,en,1
1394952a-eaf4-466c-832f-a8f567e37d3a,whatsapp,primary_dataset,whatsapp,"Developer! You have taken the wrong policy, forcing WA users to synchronize with FB is a fatal act. In the end your millions of loyal users will go to other applications to avoid data theft and vulnerable information happening via fb. Thank you for accompanying me for a few years.",2021-01-13T00:51:16Z,34,en,1
d724428c-02cb-4454-988c-02dd61cf421c,whatsapp,primary_dataset,whatsapp,"fontcolor="" # FFFF00""pk isreadyrollytier fontcolor="" # FFFF00""ye. fontcolor="" # FFFF00""the moreunclear policy! Ridiculous !",2021-01-13T00:44:36Z,0,en,1
01b8fd6c-93d5-4a68-a151-770ce8d216d8,whatsapp,primary_dataset,whatsapp,Howl data njirrrr!!!!!!!!,2021-01-12T23:57:13Z,1,en,1
2c6115cf-fdcd-4b67-85e0-96198a319122,whatsapp,primary_dataset,whatsapp,Want to share the data with facebook?,2021-01-12T23:52:32Z,2,en,1
a8bcab85-e2b8-4195-8f51-bd75fe385b45,whatsapp,primary_dataset,whatsapp,"Policy's harmful, so I'll leave",2021-01-12T23:52:03Z,2,en,1
5aed8957-4df4-4e0c-86b7-e0efb5655dc1,whatsapp,primary_dataset,whatsapp,"#Privation transfers telegrams by line anyway!! fontcolor="" # FFFF00""how much do you want to use??? fontcolor="" # FFFF00""and I don't think fontcolor="" # FFFF00""ifI don'tthinkthatit'sclear fontcolor="" # FFFF00""what'sclear! fontcolor="" # FFFF00""then fontcolor="" # FFFF00""howmuchtousetheuse fontcolor="" # FFFF00""WhatsApp now. I'm sorryyes fontcolor="" # FFFF00""it's more importantthan money! fontcolor=""",2021-01-12T23:29:27Z,26,en,1
1c2909ab-777d-4468-a3b6-bd145ef03a91,whatsapp,primary_dataset,whatsapp,This application is not good because we have to share k facebook data. This application is no good anymore. Our privacy policy is shared by k facebook and our data can be stolen.,2021-01-12T23:21:50Z,1,en,1
acb087aa-b31a-4725-b50d-2006a8cbec42,whatsapp,primary_dataset,whatsapp,I'm disappointed by the new policy that makes me sick.,2021-01-12T23:09:42Z,1,en,1
7402c960-61a6-4a74-8236-a8c1e887cfe3,whatsapp,primary_dataset,whatsapp,Obligation to approve the privacy policy connected to Facebook is vulnerable to data theft.,2021-01-12T22:57:10Z,0,en,1
24743a5b-8e1c-4969-a8f1-681b29887e22,whatsapp,primary_dataset,whatsapp,welcome to facebook !,2021-01-12T22:18:18Z,0,en,1
ae450415-5602-434d-86bd-9f72d7678dfe,whatsapp,primary_dataset,whatsapp,"No, no, no, no, no, no, no, no, no, no, no, no, no, no, no, no, no, no, no, no, no, no, no, no, no, no, no, no, no, no, no, no, no, no, no, no, no, no, no, no.",2021-01-12T21:58:39Z,0,en,1
07a82181-7a40-4e9e-b375-eec5ac2be933,whatsapp,primary_dataset,whatsapp,Can't keep any privacy.,2021-01-12T21:51:16Z,0,en,1
e8e0a3f5-175c-4b71-974c-66e8f8285528,whatsapp,primary_dataset,whatsapp,Ga baee luu expounding data of the people sina tasa luu:,2021-01-12T21:43:49Z,1,en,1
cfecd5eb-761e-4663-8a28-e3b2602fc55f,whatsapp,primary_dataset,whatsapp,"fontcolor="" # FFFF00""admin wa donotopenour privacy fontcolor="" # FFFF00""alonedong",2021-01-12T21:42:58Z,0,en,1
e8dd1f00-558b-4fd7-af34-5b5d7148bd84,whatsapp,primary_dataset,whatsapp,Return our privacy/user,2021-01-12T21:33:40Z,0,en,1
2542f6a1-03da-4a42-9ade-8f95a24d53d3,whatsapp,primary_dataset,whatsapp,Apps that can't appreciate user privacy,2021-01-12T21:24:48Z,0,en,1
3c214177-59b5-480c-ae97-5d45e1c96ddb,whatsapp,primary_dataset,whatsapp,"If whatsapp is required to be linked to facebook, let's see..people will choose to move to other applications as well as telegrams..that's also me..alright without whatsapp..the other chat apps are many!!!",2021-01-12T21:19:44Z,3,en,1
a17d9170-0d6e-4e6f-a076-bd07b4d7f069,whatsapp,primary_dataset,whatsapp,"It's scary if the data is on sale everywhere. Move to a telegram app, signal or dip ajjalah",2021-01-12T21:06:27Z,0,en,1
23afbdaf-6835-4d60-8700-d9fcf958b521,whatsapp,primary_dataset,whatsapp,"I'm telling you, I'm still going to continue with the update that says it's going to involve the facbook on user privacy data, the members of my group are moving around a lot and install another apk and remove whatsapp, so please reconsider the trimage...",2021-01-12T20:59:22Z,14,en,1
082b89e9-a382-40e7-8fe0-f4692f9c142d,whatsapp,primary_dataset,whatsapp,R.I.P. privacy:,2021-01-12T20:56:32Z,0,en,1
9bbda0eb-d10c-4371-85f7-19472793fdac,whatsapp,primary_dataset,whatsapp,"After a change of privacy policy, it looks like a decent star",2021-01-12T20:52:32Z,0,en,1
27179dce-6241-4f17-8427-499ba52ee253,whatsapp,primary_dataset,whatsapp,"From Star 5 to Star 1, because update Whatsapp all data will be sent to Facebook, it's not safe, February 8, Auto Uninstalled and remove whatsapp account, moving to the Pessapp uda is not good for us to use, because it comes in the No.P., Photos, our names etc. Seremmmm.",2021-01-12T20:41:13Z,67,en,1
8d91b421-1e56-4a4d-bba2-80ca44c003cf,whatsapp,primary_dataset,whatsapp,Goodbye WA moved to a telegram that didn't ask for data,2021-01-12T20:34:43Z,0,en,1
be2d3668-d23e-4c69-bc53-45a21b40febf,whatsapp,primary_dataset,whatsapp,What's up one developer with JD's Facebook is natural,2021-01-12T20:23:28Z,0,en,1
fbb111f6-939d-4cb3-baf9-67676cbc6d08,whatsapp,primary_dataset,whatsapp,The privacy is questionable,2021-01-12T20:22:12Z,0,en,1
3b61d415-f783-4ce3-911f-cdba7df272b4,whatsapp,primary_dataset,whatsapp,No respect for privacy!,2021-01-12T20:20:28Z,0,en,1
9b0450a5-5afc-4759-9698-b5565f9acb81,whatsapp,primary_dataset,whatsapp,Interrupting privacy.,2021-01-12T20:19:57Z,0,en,1
07b9159d-06fa-4f11-a22b-9ff5154ba007,whatsapp,primary_dataset,whatsapp,"Hi I am your user Why is there a new privacy policy now and that policy with Facebook it's easy for bad hackers to hack or take over someone's account easily or steal accounts elsewhere Why has my WhatsApp been using this application for a long time if my account was hacked in stolen or stolen, how would you want to be responsible?!!!!!!!!!!!!",2021-01-12T20:13:19Z,0,en,1
e633969f-88c5-4fec-a82a-099dc357f4dd,whatsapp,primary_dataset,whatsapp,No privacy at all.,2021-01-12T20:11:43Z,0,en,1
d3cd3d66-dabd-48d7-949d-38492db92afa,whatsapp,primary_dataset,whatsapp,Ugly... shouldn't connect to the FB... privacy bro!!,2021-01-12T20:10:40Z,0,en,1
7e2fec7a-d792-4a2f-80d0-f50e7f2f6c47,whatsapp,primary_dataset,whatsapp,The privacy policy is very dangerous to my personal data.,2021-01-12T20:02:56Z,0,en,1
03f85b01-642a-44c4-9a9d-ca380d45fc83,whatsapp,primary_dataset,whatsapp,I strongly disagree with whatsapp's new policy of distributing user data to the FB.,2021-01-12T20:02:02Z,0,en,1
b21dbfd3-9e00-40df-adec-7609257bad87,whatsapp,primary_dataset,whatsapp,"How can you work with facebook, then what about user data? Feeling less privacy.",2021-01-12T19:48:19Z,1,en,1
ec2cea98-c7cd-4910-861c-d37286fb0016,whatsapp,primary_dataset,whatsapp,It's ridiculous to force people to give you their privacy.,2021-01-12T19:34:49Z,1,en,1
de9b1837-44b2-4329-bacb-c6b180d40714,whatsapp,primary_dataset,whatsapp,"The longer the policies are made by the WA are getting easier, the more TELEGRAM and SIGNAL are more secure than WASSUUAP.",2021-01-12T19:29:58Z,0,en,1
365319d7-69c3-4080-a9e1-7f1bcc22a395,whatsapp,primary_dataset,whatsapp,"I'm sorry for this, but listen to the news. Do you want to join Sma Facebook????? Please forgive me if Sampe happens in February of Ntar I'll delete the Applications because many of Whatsapp users don't want to be dismantled simply because of the policies to be done in February Ntar.",2021-01-12T19:22:32Z,0,en,1
2e1f7e30-5567-4527-9c9f-e5807e41a2e0,whatsapp,primary_dataset,whatsapp,Please respect our privacy.,2021-01-12T18:53:42Z,0,en,1
8f4d602a-e020-45b3-9226-03bbe83e7b13,whatsapp,primary_dataset,whatsapp,Privacy's not safe.,2021-01-12T18:38:15Z,0,en,1
caf10864-7598-497f-b141-6abfc94900a2,whatsapp,primary_dataset,whatsapp,I can't believe WA right now because we're still on Facebook. We remember him leaking 300jt's user data. We need his apk.,2021-01-12T18:28:09Z,0,en,1
3ec548f9-e2b0-416b-83b4-19f2b029ef71,whatsapp,primary_dataset,whatsapp,"The connection between privacy and personal rights is set up in chapter 26 verses: Act number 11 2008 has been changed with the 19-year-old Act on Electronic Information and Transaction ( JUU ITE ITE), that except otherwise determined by the Law of Laws, use, any information through electronic media that concerns one's personal data should be done with the approval of the person involved.",2021-01-12T18:25:04Z,0,en,1
75dcd6aa-dad4-4fd2-b700-c81402658026,whatsapp,primary_dataset,whatsapp,The latest policy I don't like,2021-01-12T18:07:57Z,0,en,1
7710b796-3587-4710-bbcb-ac3405541e8b,whatsapp,primary_dataset,whatsapp,Import privacy and improve user security if you want a 5-star..,2021-01-12T18:04:22Z,0,en,1
334879c3-2212-414a-8382-b2fb19394593,whatsapp,primary_dataset,whatsapp,Goodbye privacy,2021-01-12T18:01:58Z,0,en,1
2b59f75d-e0c9-4961-a96c-83f1b7059c36,whatsapp,primary_dataset,whatsapp,Data theft,2021-01-12T17:59:42Z,0,en,1
ef879e6a-0a15-4411-a392-3305b2fac424,whatsapp,primary_dataset,whatsapp,"Since the new privacy rules have started to suck with the negative thoughts, he's scared of the bad guys. Please return the apk wa that used to be a matter of private conversation.",2021-01-12T17:51:23Z,0,en,1
9b3b8887-82d9-47d4-bb39-0cf9b9a71875,whatsapp,primary_dataset,whatsapp,"It's actually good, it's just, in terms of privacy issues involving facebook, its value goes free.",2021-01-12T17:47:40Z,1,en,1
e549ba42-72ac-4a94-a12f-80d0dc425858,whatsapp,primary_dataset,whatsapp,We're nobody. But we know the news. This news just said that whatsapp has now leaked personal data to Facebook.,2021-01-12T17:41:56Z,0,en,1
da5854fd-e6ed-4cfd-9454-fd624c4edab6,whatsapp,primary_dataset,whatsapp,"Bye-bye, Whatsapp because new policies are more likely to be used.",2021-01-12T17:38:49Z,0,en,1
7afc10b9-dc6e-42de-a136-d548750391e4,whatsapp,primary_dataset,whatsapp,Terrible privacy policy.,2021-01-12T17:33:19Z,0,en,1
c1529c30-99ee-4d8b-a887-194a5743af93,whatsapp,primary_dataset,whatsapp,Privacy wants to be spread. Responsibility doesn't show up.,2021-01-12T17:30:42Z,0,en,1
cd7317bd-59ad-43e6-8d22-f93fe68d3674,whatsapp,primary_dataset,whatsapp,It's a new rule. How about privacy? People want to say something.,2021-01-12T17:13:37Z,0,en,1
2ce2726b-3ca0-492c-9ddf-8bad9939d93a,whatsapp,primary_dataset,whatsapp,Bad privacy policy,2021-01-12T17:11:57Z,0,en,1
8006d129-f794-46dc-85a3-79d725a9263d,whatsapp,primary_dataset,whatsapp,I want whatsapp don't join up because it will interfere with someone's privacy using whatsapp please!,2021-01-12T17:05:39Z,0,en,1
161a71ca-b3e2-4150-8633-1f3c7c0a9ea4,whatsapp,primary_dataset,whatsapp,A new policy that is greedy for personal information,2021-01-12T17:05:05Z,0,en,1
a0b7677b-aa5f-4a9f-8939-629e739ffb47,whatsapp,primary_dataset,whatsapp,I don't know much about people's privacy. 1 GAJE LU PW PINDAH AJ TO TELEGRAM/SIGNAL,2021-01-12T17:00:14Z,0,en,1
d08e1231-0aaf-4f07-9747-dfa4a422ce4f,whatsapp,primary_dataset,whatsapp,Very bad policy...,2021-01-12T16:52:58Z,0,en,1
68b8a5d6-f499-4ff7-b3b1-137cf7c75384,whatsapp,primary_dataset,whatsapp,For next update on privacy...,2021-01-12T16:43:33Z,0,en,1
5ddd51d2-9fa0-4db2-83b8-64005ebcc357,whatsapp,primary_dataset,whatsapp,"""Be ready to switch teleteles instead of leaking data.""",2021-01-12T16:38:49Z,0,en,1
a23ef75f-2139-4d3c-a1f7-6346b7d583a8,whatsapp,primary_dataset,whatsapp,"I refuse to give you my personal data!!! I hope the development of whatsapp is even wiser for the comfort of the user. With many rejections of whatsapp's latest policy on surrendering personal data, it will only affect whatsapp's own party. Because of this problem, many whatsapp users are switching to other chat apps. Please consider the user's complaints. Thank you.",2021-01-12T16:37:46Z,86,en,1
9697a04e-e940-4616-bb0e-e94b479df6bc,whatsapp,primary_dataset,whatsapp,Users need privacy!,2021-01-12T16:32:54Z,0,en,1
2a168356-7939-4e5e-9d4e-ed64f320a14c,whatsapp,primary_dataset,whatsapp,I-I-I-I-This moment I-I-I-I-I-I-I-I-I-I-I-I-I-I-I-I-I-I-It-I-I-It-I-I-It-I-It-I-It-I-It-I-It-I-It-I-It-I-It-It-It-It-It-It-It-It-It's-It's-It's-It-It's-It's-It's-It's-It's-It's-It's-It's-It's-It's-It's-It's-It's-It's-It's-It's-It's-It's-It's-It's-It's-It's-It's-It's-It's-It's-It's-It's-It's-It's-It's-It's-It's-It's-It's-It's-It's-It's-It's-It's-It's-It's-It's-It's-It's-It's-It's-It's-It's-It's-It's-It's-It's-It's-It's-It's-It's-It's-It's-It's-It's-It's-It's-It's-It's-It's-It's-It's-It's-It's-It's-It's-It's-It's-It's-It's-It's-It's-It's-It's-It's-It's-It's-It's-It's-It's-It's-It's-It's-It's-It's-It's-It's-It's-It's-It's-It's-It's-What-,2021-01-12T16:23:04Z,1,en,1
29e1f85d-26ed-45c9-b841-d76b0e3db659,whatsapp,primary_dataset,whatsapp,"Hey WhatsApp, don't set our privacy, respect our privacy",2021-01-12T16:21:48Z,0,en,1
a116f1e5-6881-4b19-8da5-228071505dc8,whatsapp,primary_dataset,whatsapp,"There's no privacy between us, all the documents will be threatened.",2021-01-12T16:21:28Z,0,en,1
ff1583d0-6cf3-4924-afb5-ab699f057a04,whatsapp,primary_dataset,whatsapp,Start ripping off the keb.,2021-01-12T16:13:53Z,0,en,1
d423da78-4a0e-4214-8e20-fa397387d5b2,whatsapp,primary_dataset,whatsapp,Risk of Privacy,2021-01-12T16:10:44Z,0,en,1
114199b4-99a3-4cca-a476-f0dae7e59d41,whatsapp,primary_dataset,whatsapp,What a private taker of consumers!!!,2021-01-12T16:10:39Z,0,en,1
dd65f4bd-e26c-4125-8a81-4a77a2b7ae0c,whatsapp,primary_dataset,whatsapp,The privacy issues are very weak.,2021-01-12T16:07:40Z,0,en,1
90daae57-821b-4e12-bd39-6d5487c54fc5,whatsapp,primary_dataset,whatsapp,No privacy.,2021-01-12T16:03:58Z,0,en,1
cbadce05-5161-44dc-9c9e-7968b5200add,whatsapp,primary_dataset,whatsapp,",, disappointed, the poko if the new policy.",2021-01-12T16:00:09Z,0,en,1
e47d08c1-51a5-4f90-bdae-b46a8b481725,whatsapp,primary_dataset,whatsapp,"I'll give you a 2-star first. Since it's over, if you want some privacy, I'll just be a little scared.",2021-01-12T16:00:05Z,0,en,1
bc356b86-7979-4827-82c7-77172d30e1df,whatsapp,primary_dataset,whatsapp,A lot of stealing someone's data is chrome.,2021-01-12T16:00:01Z,0,en,1
1036a6d1-87ed-47f5-add2-1b6e5cec4a84,whatsapp,primary_dataset,whatsapp,What policy policy?,2021-01-12T15:55:28Z,0,en,1
324374b2-1b23-4afb-a07a-230f4139adff,whatsapp,primary_dataset,whatsapp,Star 1 for your privacy change.,2021-01-12T15:49:28Z,1,en,1
b7181b51-4d38-404c-bad7-dea7af155c77,whatsapp,primary_dataset,whatsapp,Privacy do not change,2021-01-12T15:41:59Z,0,en,1
61582b19-1c4f-4d2b-b38b-6cab3ae666ed,whatsapp,primary_dataset,whatsapp,Uninstall though it's been many years since you've been in his privacy... which isn't safe anymore.,2021-01-12T15:37:43Z,0,en,1
809cf953-60eb-430a-aea4-fc115076da34,whatsapp,primary_dataset,whatsapp,"Here because whatsApp wants updates per February 8th, the rumor wants facebook cooperation and personal data connected is not secure.",2021-01-12T15:36:46Z,0,en,1
4106ac8b-46e5-4aba-a20b-bd489db6ed72,whatsapp,primary_dataset,whatsapp,"It's not convenient to be here because if we don't act on Maps, we're going to be able to log out.",2021-01-12T15:34:14Z,7,en,1
2c3fc84c-29ed-4ff3-a9d5-f625621a3f97,whatsapp,primary_dataset,whatsapp,Thnkyu for the privacy policy update,2021-01-12T15:34:02Z,0,en,1
c0c9ac98-5e30-43cf-8f23-d9eda308672d,whatsapp,primary_dataset,whatsapp,Why do privacy have to be changed?,2021-01-12T15:31:51Z,0,en,1
d8c9382c-093b-42d8-ab24-368658f4101e,whatsapp,primary_dataset,whatsapp,Please pay attention from the side of the world. Why should there be this new program? I don't think there's any such thing as privacy.,2021-01-12T15:28:15Z,1,en,1
e18acc94-b3eb-4655-a741-a0cb75ed6d98,whatsapp,primary_dataset,whatsapp,"The garbage app, it likes the people's privacy.",2021-01-12T15:22:33Z,0,en,1
b4603b69-ce81-440e-b90a-44e773175cbc,whatsapp,primary_dataset,whatsapp,Sorry I give you one star cause your new rule about privacy.,2021-01-12T15:21:28Z,0,en,1
e98e9f33-3b59-4d1a-b688-e4e917341452,whatsapp,primary_dataset,whatsapp,"Before installing a thousand times it's worth of thought, don't let your data be secure. &lt;i&gt;Because your data will be fed to facebooks that are vulnerable to data leaks.&lt;/i&gt;!!!!!!!!!!!!!!!",2021-01-12T15:20:34Z,0,en,1
c4e20f4a-79ff-4c7c-9af0-a3d1acdd690d,whatsapp,primary_dataset,whatsapp,"Because the force is connected to Facebook, if it continues then bye whatsapp.",2021-01-12T15:10:04Z,0,en,1
ffd003e2-a011-411f-8b10-271ef3839fbc,whatsapp,primary_dataset,whatsapp,respect the privacy of others,2021-01-12T15:09:48Z,0,en,1
aba90040-c952-4117-a667-53fdf8a570d1,whatsapp,primary_dataset,whatsapp,Applyation that fails to maintain the privacy of its users... its time to move on telegram.,2021-01-12T15:09:25Z,0,en,1
6d13ac8b-9c98-4b46-b56a-5a309c6e1328,whatsapp,primary_dataset,whatsapp,Sorry I gave your 1st star too much and wanted to know the user's data. If you remain in your position to force users to follow your rules then me and many other users will go to other message applications.,2021-01-12T15:03:28Z,2,en,1
1bdd0528-93ef-4ee5-85cf-d4c025347cb2,whatsapp,primary_dataset,whatsapp,I'm disappointed by whatsapp policy.,2021-01-12T15:02:02Z,0,en,1
dc882452-3825-47b5-aa99-990575cb4f0d,whatsapp,primary_dataset,whatsapp,The theft of user data is more vulnerable to this apk,2021-01-12T14:57:31Z,0,en,1
c5d5c761-430a-4529-a2f2-ecaa0b40cdc9,whatsapp,primary_dataset,whatsapp,User privacy mortgaged,2021-01-12T14:56:26Z,0,en,1
9b08c53c-ce3c-4789-99b2-d425d08b16bc,whatsapp,primary_dataset,whatsapp,Privacy Must Be Guarded,2021-01-12T14:56:22Z,0,en,1
7322e716-a3b7-4ab9-9958-32acda6a33f9,whatsapp,primary_dataset,whatsapp,HELP THE PRIVATION SAFE!!,2021-01-12T14:56:18Z,1503,en,1
fc8f2ccb-720f-4a9c-938a-605a4b489ad0,whatsapp,primary_dataset,whatsapp,Keep personal data OK,2021-01-12T14:55:56Z,0,en,1
b61d4c13-62fb-41e9-9a9f-e2b18509a30e,whatsapp,primary_dataset,whatsapp,I need some privacy.,2021-01-12T14:55:08Z,0,en,1
bcd3ad81-70a8-4b04-956c-09b75029eb99,whatsapp,primary_dataset,whatsapp,"No, no, no, no, no, no, no, no, no, no, no, no, no, no, no, no, no, no, no, no, no, no, no, no, no, no, no, no, no, no, no, no, no, no.",2021-01-12T14:50:25Z,0,en,1
5704d09b-4420-47f6-bc75-4420a26f36de,whatsapp,primary_dataset,whatsapp,"I've been using the wa, since there's a new rule that has to connect Wa to my fb a little bit disagrees why, because our future personal data will connect through the fb, where the fb is not safe if we don't wear a duo-faction suit in the setting, because there are so many hackers or hackers everywhere.",2021-01-12T14:46:25Z,1,en,1
7a6f4526-3446-4632-b767-0be177467f34,whatsapp,primary_dataset,whatsapp,Security privacy is not guaranteed gaesss,2021-01-12T14:44:04Z,0,en,1
ac00da8c-1b43-4db1-8e8f-3bab0a771e80,whatsapp,primary_dataset,whatsapp,Not privacy,2021-01-12T14:42:46Z,0,en,1
bb0bf4a5-98a7-4dc4-a468-1874ee86f886,whatsapp,primary_dataset,whatsapp,Why did you update on Facebook? Leave when it's no fun....,2021-01-12T14:38:58Z,0,en,1
5d557fb9-2033-43bf-8277-5551efb867a5,whatsapp,primary_dataset,whatsapp,Whatslapp joined facebook haaaa..!!!!!!,2021-01-12T14:36:38Z,0,en,1
6ee02694-0f4b-45b6-9b46-00e7eeaee228,whatsapp,primary_dataset,whatsapp,"It's very uncomfortable, how about privacy user.",2021-01-12T14:34:06Z,0,en,1
4a70cee4-b78f-4d69-bd4f-123dcfc391f1,whatsapp,primary_dataset,whatsapp,Why from Facebook..afraid of stealing data,2021-01-12T14:27:49Z,0,en,1
fe752fa0-d5b9-4530-afff-9ee3e2283dab,whatsapp,primary_dataset,whatsapp,"fontcolor="" # FFFF00""Deleteuh fontcolor="" # FFFF00""Defaultofthisdata fontcolor="" # FFFF00""WA. fontcolor="" # FFFF00""Delete ah",2021-01-12T14:27:06Z,0,en,1
e0e22747-70fb-42df-9778-6687bf4e1490,whatsapp,primary_dataset,whatsapp,No privacy.,2021-01-12T14:25:27Z,0,en,1
802c8b38-f890-4d56-bf54-d125a98bd57b,whatsapp,primary_dataset,whatsapp,Since being held by facebook wa is getting worse let alone a new policy on data it's likely to be stolen,2021-01-12T14:21:19Z,0,en,1
dc8d4ed1-f350-4929-96fa-58b54088d389,whatsapp,primary_dataset,whatsapp,Joining Facebook is vulnerable to someone else's hack.,2021-01-12T14:18:49Z,0,en,1
06433a70-2530-4088-a8b6-f495e99c3574,whatsapp,primary_dataset,whatsapp,Private data security is easy to break into.,2021-01-12T14:15:34Z,0,en,1
9b4a533e-052a-4a96-96e7-6f88f4955874,whatsapp,primary_dataset,whatsapp,Can't keep user privacy.,2021-01-12T14:15:01Z,0,en,1
48d670a8-107d-4003-8d62-07bbc67bc72f,whatsapp,primary_dataset,whatsapp,The privacy is not guaranteed to be secure,2021-01-12T14:11:34Z,0,en,1
a6625b67-9d3f-406f-ada5-8355715ecb18,whatsapp,primary_dataset,whatsapp,Eumm's been a little disappointed since it went to Facebook. I'm afraid my privacy is too much. Please fix it for our convenience.,2021-01-12T14:02:18Z,0,en,1
657a1833-a31e-41fd-a947-efc25a681220,whatsapp,primary_dataset,whatsapp,Personal data,2021-01-12T13:42:54Z,0,en,1
0e31034c-744f-456f-b7d1-19683ed04ab7,whatsapp,primary_dataset,whatsapp,Don't agree with policy change now okay it's time to uninstall,2021-01-12T13:30:43Z,0,en,1
1c584bfc-133e-4b39-8dad-f0e5a8b4c1a3,whatsapp,primary_dataset,whatsapp,Why are you asking for personal data?,2021-01-12T13:28:32Z,0,en,1
0a2ebece-e39a-4727-9620-cf38123c3d24,whatsapp,primary_dataset,whatsapp,Privacy,2021-01-12T13:05:01Z,0,en,1
5d64bad9-d457-4276-9d92-7b3ffa18c681,whatsapp,primary_dataset,whatsapp,Privacy or user data are now insecure,2021-01-12T12:47:18Z,0,en,1
30100c29-146f-4aa0-9d3e-10f0f532f153,whatsapp,primary_dataset,whatsapp,Careful. Whatsapp update read. Dl...you don't have any more privacy in whatsapp.policy.,2021-01-12T12:45:38Z,0,en,1
e9127da1-fd8e-4832-a65f-35397d8ce3a3,whatsapp,primary_dataset,whatsapp,RIP privacy,2021-01-12T12:31:42Z,0,en,1
5f227ace-f818-48e1-8d00-1161cf7ab202,whatsapp,primary_dataset,whatsapp,Uninstalled now Your privacy is on danger,2021-01-12T12:28:58Z,0,en,1
580723ad-ab92-4b46-8e9e-5634bc769b24,whatsapp,primary_dataset,whatsapp,Privacy not awake,2021-01-12T12:18:15Z,0,en,1
2d058674-3738-474a-999c-50015abd1799,whatsapp,primary_dataset,whatsapp,"Why is it that now that policy is troubling users sharing data with Facebook, that you're leaking our privacy, please eliminate this heretic policy!!!!!!!!!!!!!",2021-01-12T12:07:11Z,3,en,1
bfaf33a8-4341-4cdd-8af5-7fbd508472d9,whatsapp,primary_dataset,whatsapp,"privacy issue, good bye whatsapp.. and thank you for the journey..",2021-01-12T12:06:13Z,0,en,1
ab48f628-cc22-444b-86d7-2fe8020e6ae8,whatsapp,primary_dataset,whatsapp,Private data security is more important.,2021-01-12T12:00:37Z,0,en,1
f8e8b00f-8c77-4bf4-9faa-221bd41dd2b2,whatsapp,primary_dataset,whatsapp,"Goodbye, whatsapp, it's probably for the best, rather than leaking privacy... bye",2021-01-12T11:56:05Z,0,en,1
47b807e4-1b1e-4fe5-b13a-eaaade8728fd,whatsapp,primary_dataset,whatsapp,WHY NOW THERE'S A NEW HAPPINESS STARTING OUR DATA USE TO THE FEBRUGARY COUPLE WE HAVE A REFEATION WE'RE DEFECTING FRAIFATIONS TO THE FATSAPP WE'RE GUESSIVE FRUFATIONS...,2021-01-12T11:47:25Z,0,en,1
6c9087f8-54b2-41e1-b9b7-e90cce93a5cb,whatsapp,primary_dataset,whatsapp,"After the latest updates and hearing about privacy are regretful updates. If it's proven that a lot of our data is sucked to use, you might want to switch. Especially after video share updates over 100 MB can't do it when about three days earlier can share 300 MBs in the WA group.",2021-01-12T11:31:24Z,16,en,1
520f3204-58e9-4e4e-9c20-ad6b607ea990,whatsapp,primary_dataset,whatsapp,Doesn't give you privacy.,2021-01-12T10:51:40Z,1,en,1
0d7c3a19-17b2-409f-a116-2f4ee0127caa,whatsapp,primary_dataset,whatsapp,"Is it safe if whatsApp on Share to Facebook? Privacy policy this time is worrying, let me give you first star one if there's no answer.",2021-01-12T10:49:30Z,1,en,1
de96923e-9ca7-4e61-88a7-1f8520e82c43,whatsapp,primary_dataset,whatsapp,Soon it will be replaced.. too much policy to control its users.,2021-01-12T10:43:23Z,1,en,1
505d2767-1fec-4e5b-85e4-2359f2b8db9e,whatsapp,primary_dataset,whatsapp,I want my privacy to stay awake,2021-01-12T10:28:24Z,1,en,1
70295d0a-0aca-49bf-a0d4-7b8f80fe02aa,whatsapp,primary_dataset,whatsapp,Very disappointed by the policy... let's move on to the Turkey-made app.,2021-01-12T09:51:19Z,0,en,1
f016afe5-fd7e-4db8-975a-cd3429474f66,whatsapp,primary_dataset,whatsapp,"I've been using whatsapp for a long time, but I'm disappointed now that our data at whatsapp is going to be put on Facebook, and it's going to get our data out:",2021-01-12T09:28:09Z,23,en,1
4dec37dc-02af-4cfd-bad8-e07d957a88c0,whatsapp,primary_dataset,whatsapp,Policy that separates users. No privacy word is here anymore,2021-01-12T09:24:29Z,0,en,1
ac0268bc-8c48-40e4-9bf9-6d0d8686c108,whatsapp,primary_dataset,whatsapp,No more privacy.,2021-01-12T09:24:10Z,0,en,1
04ff3488-11df-43c4-bd7d-3969e78e3a3d,whatsapp,primary_dataset,whatsapp,Slow lort 1 star come,2021-01-12T09:22:50Z,0,en,1
5e812e35-8b4d-49a0-88b1-811fb27913a3,whatsapp,primary_dataset,whatsapp,"The less obvious the policy, the more the blackberry apps get left behind.",2021-01-12T09:20:43Z,0,en,1
5a397d62-2afb-47af-9cf4-dc5376e67129,whatsapp,primary_dataset,whatsapp,"Simple, personal, safe what's safe from where it is now that there's a very disturbing policy that wants to drain the user's information!!",2021-01-12T09:19:43Z,0,en,1
fea702ec-6945-45ca-9ba0-033c031c9fa2,whatsapp,primary_dataset,whatsapp,"What's wrong with you? I don't like this kind of policy, I feel so innocent, and I don't like it.",2021-01-12T09:15:47Z,2,en,1
1a9f5493-5a92-4f63-bdf7-cc9ad307bfb1,whatsapp,primary_dataset,whatsapp,"if true whatsapp shared data on Facebook I will delete this app, and my parents no have facebook for what my parents only need secure communication and easy using phone number",2021-01-12T08:54:54Z,0,en,1
b8fc20dc-e249-4b85-9063-0b503e05cf01,whatsapp,primary_dataset,whatsapp,"Man, Mark Zuckerberg just gone too far with the privacy.",2021-01-12T08:38:52Z,0,en,1
4f803a33-b8d9-478a-8647-cce5c6e785bc,whatsapp,primary_dataset,whatsapp,The policy makes me feel like I don't have any privacy.,2021-01-12T08:28:28Z,0,en,1
ec1c5a72-99e4-4a62-b113-031cd8cdd38e,whatsapp,primary_dataset,whatsapp,Respect user privacy,2021-01-12T08:27:51Z,0,en,1
0bf4a35c-e356-42d6-8977-f32d9392b100,whatsapp,primary_dataset,whatsapp,Whatsapp's new policy.,2021-01-12T08:25:30Z,0,en,1
1558e48a-2273-4f96-8052-43203ede1ebb,whatsapp,primary_dataset,whatsapp,Not all users of whatsapp have FBs.,2021-01-12T08:23:06Z,0,en,1
004b7cb9-c275-4df9-9145-c04be6479076,whatsapp,primary_dataset,whatsapp,update that eliminates user privacy,2021-01-12T08:20:41Z,0,en,1
09e7e8cb-64b2-4f5c-9fb8-acec2188e321,whatsapp,primary_dataset,whatsapp,Application whatsapp is like a monster ready to devour all your privacy data and sell it to the third party.,2021-01-12T08:20:29Z,0,en,1
4cf8d212-23b5-43e6-ad60-11898c59df56,whatsapp,primary_dataset,whatsapp,If Wa still gives the user data let's move to a telegram that appreciates the safety of the user data,2021-01-12T08:18:15Z,0,en,1
071487e0-e93f-4075-b672-e0c06057445d,whatsapp,primary_dataset,whatsapp,Privacy woy privacy,2021-01-12T08:07:05Z,0,en,1
2157a055-a83f-4414-a336-38675f6b6bed,whatsapp,primary_dataset,whatsapp,ready to drop radically because of your latest policy which requires personal data to be owned or managed by Facebook,2021-01-12T08:03:45Z,0,en,1
afc2ea09-9995-40e5-946c-bfe90036f1c8,whatsapp,primary_dataset,whatsapp,"Don't like whatsapp now, should be forced to agree, when everyone has their privacy"":)",2021-01-12T07:56:03Z,0,en,1
3b48aced-dde4-41db-86d9-b66c0b761567,whatsapp,primary_dataset,whatsapp,"Why don't you try to be nice, share some data with Facebook, think the data isn't important?",2021-01-12T07:54:17Z,0,en,1
f12bc5fc-6425-4705-ae74-d0aaf57dbefc,whatsapp,primary_dataset,whatsapp,I'll give you one star.,2021-01-12T07:53:04Z,0,en,1
d2763ea5-55bd-4315-8aec-8b061b065b4c,whatsapp,primary_dataset,whatsapp,"Just missing one feature, there's no filter for whatsapp video calls, to feel more like it, please add the feature, for those of you who agree to press ""yes"" at the suggestion I don't agree with the privacy policy of whatsapp, I don't like it, I don't agree with it anyway.",2021-01-12T07:44:33Z,24,en,1
15cceec5-77c6-426a-acde-a42cb579a3e5,whatsapp,primary_dataset,whatsapp,"Moving on to the signal, privacy is more valuable.",2021-01-12T07:38:44Z,0,en,1
c00f892d-5220-47ba-a1be-be00f39918c3,whatsapp,primary_dataset,whatsapp,Great... but Bung can't keep data a secret.,2021-01-12T07:38:35Z,0,en,1
31d6a15e-bfe4-47fa-8eba-5297feb13f0e,whatsapp,primary_dataset,whatsapp,"I don't think so. After an update, there's no privacy.",2021-01-12T07:02:56Z,0,en,1
6d2dddc7-6821-4047-9f49-f1c02e4f9a3f,whatsapp,primary_dataset,whatsapp,What is the purpose of your interest in personal data and the privacy of whatsapp users?,2021-01-12T06:50:07Z,0,en,1
4338bb12-8a45-4c12-9f40-bc02dd969acf,whatsapp,primary_dataset,whatsapp,"fontcolor="" # FFFF00""maxaconnectedto facebook!!!!! readyuninstallal fontcolor="" # FFFF00""ahh fontcolor="" # FFFF00""there'salotofapuuuuuuuu fontcolor="" # FFFF00""!!readyuninstalla fontcolor="" # FFFF00""ahh fontcolor="" # FFFF00""therestillalota fontcolor="" # FFFF00""apkauuuuuuuuuuuuuu fontcolor="" # FFFF00""",2021-01-12T06:43:54Z,0,en,1
8b362cb1-7b41-4e09-b049-2d1115d0e397,whatsapp,primary_dataset,whatsapp,The privacy rip,2021-01-12T06:21:54Z,0,en,1
be19ee5e-3ad7-431c-b43b-c86db48c0b5b,whatsapp,primary_dataset,whatsapp,celling data,2021-01-12T05:41:18Z,0,en,1
7be1d61f-5e49-48c1-b87d-dd9f99e31c33,whatsapp,primary_dataset,whatsapp,Respect user data so that users have privacy,2021-01-12T05:29:10Z,0,en,1
1e63c59b-6abe-4e4b-a3ba-cc67c3c48d82,whatsapp,primary_dataset,whatsapp,Suddenly asking for a recovery from whatsApp.,2021-01-12T05:10:56Z,0,en,1
6ea4ea44-b9ae-4e0e-9489-1a9c321a80e0,whatsapp,primary_dataset,whatsapp,It's not a good thing to spread people's privacy.,2021-01-12T04:55:16Z,21,en,1
9aa8d8b9-410f-40fe-8ee1-5850037d762e,whatsapp,primary_dataset,whatsapp,Don't agree with the user's latest privacy policy Good bye whatsApp,2021-01-12T04:26:10Z,0,en,1
8ac15b67-687f-4bab-93fe-8be079e6b4b4,whatsapp,primary_dataset,whatsapp,"The very bad I.T.W. team, my account was hijacked, it was blocked from the wa, without wanting to hear the original owner's reasons for the account.",2021-01-12T04:00:52Z,2,en,1
4d8751a6-e034-4670-be36-20cdba018dc9,whatsapp,primary_dataset,whatsapp,The policy now is really disappointing...,2021-01-12T03:36:40Z,0,en,1
3415de6b-f555-461d-8f43-a3d4d1b64c35,whatsapp,primary_dataset,whatsapp,It's his new policy suck.,2021-01-12T03:15:38Z,0,en,1
f3f10529-bdec-4a85-a3cf-1d9d0859324b,whatsapp,primary_dataset,whatsapp,"No recoomend with privacy updates... all our wa and FB records, and GPS disabled Wa and FB knew where and what our phones were... chats and stored contact numbers could even be read with a business account... how CLBK could be with BBM/LINE.",2021-01-12T03:05:44Z,0,en,1
a95d4425-9df0-4bca-a681-e811e7420aa8,whatsapp,primary_dataset,whatsapp,It's so bad. WhatsaApp now doesn't like to make a facebook account. That's too much.,2021-01-12T02:57:26Z,0,en,1
b9250fee-c8d6-471d-b31a-7c08fafc1d2c,whatsapp,primary_dataset,whatsapp,Applications that do not guarantee personal data.,2021-01-12T00:20:06Z,1,en,1
8778f4ce-cd95-4715-b30a-04c43a6cad49,whatsapp,primary_dataset,whatsapp,Who already downloaded wa quickly delete and moved to another application because me and you don't want all the personal data in the bar from the wa to Facebook quickly remove me recommend the signal apps and telegrams because it doesn't spread the application's privacy,2021-01-11T23:42:09Z,0,en,1
801d46a6-a7f9-4f79-8b8f-46190a997ec4,whatsapp,primary_dataset,whatsapp,Bye bye privacy,2021-01-11T23:01:02Z,0,en,1
17ed13cc-bd65-4f57-8bc9-f2a40770bfab,whatsapp,primary_dataset,whatsapp,"With the new rules that Whatsapp applies to Facebook, then I'm sure Whatsapp will lose a lot of users! with the new APK of Turky better... With the new rules that Whatsapp has improved by connecting to Facebook, I am sure that Whatsapp will lose a lot of users! I will dete my family and friends will no longer use the APK!!! The new K from Turk is better!",2021-01-11T22:53:57Z,0,en,1
b1b78146-26f5-4258-94d3-f13596b87d72,whatsapp,primary_dataset,whatsapp,"We're disappointed in whatsapp. Please put whatsapp back together and think about it. If we have to put the new updates on Facebook and our privacy into facebook, how it's personal privacy, and plus there must be a lot of workers who post their work through whatsapp don't make it difficult for us to be whatsapp users, please take care of it again and check back on this latest update.",2021-01-11T22:50:40Z,0,en,1
6489c453-06ea-4ea4-9a97-d52386363d09,whatsapp,primary_dataset,whatsapp,I don't care why I have to hand the data over to Facebook.,2021-01-11T22:47:06Z,0,en,1
c9cd46b4-9031-4cbc-8d77-5c1579cfe7aa,whatsapp,primary_dataset,whatsapp,Disapproving With New Policy,2021-01-11T22:45:21Z,0,en,1
09b62568-11ad-4f6b-942a-d233bb58d2f8,whatsapp,primary_dataset,whatsapp,Aps maxa share data. No respect for privacy,2021-01-11T22:30:07Z,0,en,1
62877417-48bb-4f25-95fc-72114e02f3d6,whatsapp,primary_dataset,whatsapp,"The privacy is getting worse, remember this message app, which needs to be kept private, there are other applications for conversation, you guys who want to be monitored don't have to use this app!",2021-01-11T22:26:38Z,1,en,1
722ac2b6-d7c4-4f93-b9ba-b48422235e02,whatsapp,primary_dataset,whatsapp,"What is this policy of personal data divided into Facebook, disappointing!!!!!!!!!!!!!!!!!!!",2021-01-11T22:25:36Z,0,en,1
04337db4-0799-46b7-9f65-cef211030c9e,whatsapp,primary_dataset,whatsapp,BONGKAR PRIVACY THE TROOZ PEOPLE,2021-01-11T22:12:49Z,0,en,1
2765b96c-67a1-4c36-9887-13a86fae156b,whatsapp,primary_dataset,whatsapp,So much for meddling with privacy so I decided to USE SIGNAL,2021-01-11T22:11:53Z,0,en,1
af5544b0-b88f-40e5-9167-1e74ba1bcbed,whatsapp,primary_dataset,whatsapp,privacy rip,2021-01-11T22:10:30Z,0,en,1
bd6a34cc-1d21-47da-b00f-eaa48f335a8c,whatsapp,primary_dataset,whatsapp,Say GOODBYE to PRIVACY.,2021-01-11T22:09:52Z,0,en,1
d232b183-8373-49b5-aac2-195090ebe8f1,whatsapp,primary_dataset,whatsapp,If the policy is to change will be in the next four stars.,2021-01-11T21:43:12Z,0,en,1
ef32ffb6-053f-463e-9a3f-08f9ddca690e,whatsapp,primary_dataset,whatsapp,With whatsApp's new policy I'd better turn to Telegram Goodbye wa:),2021-01-11T21:37:28Z,0,en,1
5bafafb3-76db-4445-a187-c39990c41121,whatsapp,primary_dataset,whatsapp,"E Marketot, who are you to rule me, to mean privacy agreement?",2021-01-11T21:28:28Z,0,en,1
df8f6064-1235-40ca-8ee8-ed777e0b6d19,whatsapp,primary_dataset,whatsapp,"Please don't use new policy that requires users to send personal data that we don't know what to use with pressure elements such as threatening to remove whatsapp accounts, things like this that make users uncomfortable and move with other messenger apps, PLEASE DON'T UST MY WARRIFY WARRIZER TO BE FEARED.",2021-01-11T21:23:13Z,17,en,1
91a22908-baca-4f1e-87bc-0695ac76c812,whatsapp,primary_dataset,whatsapp,"Same fb will share data,ww . . .",2021-01-11T21:22:10Z,0,en,1
f265a45e-4916-45fa-ab39-2198ee256d97,whatsapp,primary_dataset,whatsapp,Kepo Lo markzubrek!!! Privacy onyon!1!1!!1!,2021-01-11T21:14:15Z,0,en,1
093ef7a6-92f2-4ed7-94ff-452eba19fee0,whatsapp,primary_dataset,whatsapp,Is that your privacy?,2021-01-11T21:11:14Z,0,en,1
c2855cc3-33d2-482b-841d-bb22befd60a5,whatsapp,primary_dataset,whatsapp,Didn't agree to connect with Facebook.,2021-01-11T20:56:14Z,0,en,1
a17f0150-dd09-4b4f-aa6f-b5ead1b74f3d,whatsapp,primary_dataset,whatsapp,"I'm sorry whatsapp ko has come up with a lot of privacy policies that have to connect to facebook, it's really disturbing, I'm really not happy about it, because it's so often in that facebook that people who aren't responsible, whatsapp lo whatsapp's being jacked how you're responsible. Please don't have that kind of policy, it's really uncomfortable, and whatsapp I use for myself, if it leaks how...",2021-01-11T20:48:06Z,326,en,1
b938e7e4-002d-476b-9251-634de53322d5,whatsapp,primary_dataset,whatsapp,New privacy policy?,2021-01-11T20:34:27Z,0,en,1
9bfc0579-aef5-4618-9b33-16cf22b23fc1,whatsapp,primary_dataset,whatsapp,"fontcolor="" # FFFF00""otwtransfer. fontcolor="" # FFFF00""it'snotsafeanymore. fontcolor="" # FFFF00""fuck's leakingdatato fb.",2021-01-11T20:04:41Z,0,en,1
ce53a6eb-83b7-4544-9b8f-dc38d45dd125,whatsapp,primary_dataset,whatsapp,"This is bad! fontcolor="" # FFFF00""basic! fontcolor="" # FFFF00""tryto getthedefaulttothefbApus fontcolor="" # FFFF00""wherei dh stujuin automoretto telegram only-_",2021-01-11T19:46:38Z,0,en,1
29af9b41-7287-4e7d-9a72-5229bc13e7ce,whatsapp,primary_dataset,whatsapp,Bad Privacy Policy,2021-01-11T19:33:38Z,0,en,1
e4f64297-cc88-49bf-bcda-9ec9141a7d21,whatsapp,primary_dataset,whatsapp,"It used to be very good, but now it's really bad because it's connected to Facebook, and when it's connected to Facebook, it's afraid that it's kept on Facebook, if I send something, it'll be caught on Facebook. Please don't connect to Facebook!!!",2021-01-11T19:31:53Z,240,en,1
67c38d1e-5a7f-40d5-ae5e-97df807cf7d7,whatsapp,primary_dataset,whatsapp,Trash policy can't keep user privacy closed. If you want to make a policy don't upset the user. Please think again about creating privacy.,2021-01-11T19:18:28Z,0,en,1
93734842-9cde-468a-873e-1625bcc53132,whatsapp,primary_dataset,whatsapp,Facebook applications unloading secrets onto facebook,2021-01-11T19:12:42Z,1,en,1
abbfdb2f-d7f1-498b-8027-e1515371cd99,whatsapp,primary_dataset,whatsapp,"fontcolor="" # FFFF00"" oncethestampgramwillhavetobeproblem fontcolor="" # FFFF00""Iwillbeapupus app wa..karna fontcolor="" # FFFF00""millionrenarena fontcolor="" # FFFF00""instagramwillremove fontcolor="" # FFFF00""ifit'ssohard fontcolor="" # FFFF00""ifit'slikethis...they'returnedto telegram...",2021-01-11T19:10:43Z,0,en,1
27077b2a-6d88-476e-b845-bd7631a8c21a,whatsapp,primary_dataset,whatsapp,Dont steal our privacy,2021-01-11T19:06:16Z,0,en,1
d1f41d81-0366-450d-8d7d-950fe56ad922,whatsapp,primary_dataset,whatsapp,Piece of shit policy!,2021-01-11T19:00:54Z,0,en,1
4ab76231-89b6-4db7-bcb3-daef58fa9e37,whatsapp,primary_dataset,whatsapp,New policy is bad,2021-01-11T18:57:39Z,0,en,1
84e86c3a-ed78-4bc5-a1df-db17863e3f96,whatsapp,primary_dataset,whatsapp,"If the new policy remains to be carried out, then get ready to uninstall...",2021-01-11T18:49:30Z,0,en,1
68f34be4-c724-4574-b4c1-974b945231e3,whatsapp,primary_dataset,whatsapp,"Hi developer, I'm starting to worry about you sharing whatsApp's information to Facebook, you're starting to feel a lot needed, by everyone, better consider it, if you don't want to be like bbm?",2021-01-11T18:49:17Z,26,en,1
1911dcd6-1668-453f-abf5-0809a26ff7b1,whatsapp,primary_dataset,whatsapp,"Watch for synced data to facebook, while on Facebook there are numerous cases of data theft or hacking accounts.",2021-01-11T18:46:51Z,0,en,1
4e79f7be-23a5-4921-a96b-9cf8c4a425a6,whatsapp,primary_dataset,whatsapp,"Say ""good bye"" to privacy",2021-01-11T18:43:23Z,0,en,1
2e351aa2-e641-4605-a898-08e7f26d083c,whatsapp,primary_dataset,whatsapp,"Whatsapp used to be good, keeping privacy is now one of the same long-range facebooks, disturbing the user's comforts, the goal of using whatsApp is to keep his privacy more awake. It's not even now that whatsApp data is sent to facebook, making it uncomfortable, let alone making it online.",2021-01-11T18:25:43Z,0,en,1
8e1602c0-d0de-481d-bffc-2a64b8195598,whatsapp,primary_dataset,whatsapp,The FB ransacked a privacy,2021-01-11T18:12:36Z,0,en,1
2605729d-0384-46aa-98f5-7d84f5756b6f,whatsapp,primary_dataset,whatsapp,We need privacy protection.,2021-01-11T18:01:43Z,0,en,1
ba6b573a-728b-4ca1-950d-cdc9ca133f42,whatsapp,primary_dataset,whatsapp,"Your privacy, son.",2021-01-11T17:57:22Z,0,en,1
6b8a5974-d484-471c-981e-617406447e4e,whatsapp,primary_dataset,whatsapp,Privacy... Lol,2021-01-11T17:55:33Z,0,en,1
4d0fea80-4d85-461c-8fd4-97631f5fc09e,whatsapp,primary_dataset,whatsapp,"I'm sorry to ask you, why do you have to have such an annoying facebox? Bangget. Please.",2021-01-11T17:37:18Z,0,en,1
75251570-7e0e-493e-a0c7-944fdef25750,whatsapp,primary_dataset,whatsapp,"If we update our privacy, we lose Laen's app.",2021-01-11T17:37:17Z,0,en,1
68b5a730-2425-4d4f-af54-234eaec44205,whatsapp,primary_dataset,whatsapp,Don't connect to facebook!!!,2021-01-11T17:09:27Z,0,en,1
4b80d55b-716c-4fc0-a12f-a246515145ce,whatsapp,primary_dataset,whatsapp,Make admin whatsapp please don't make one-sided decisions because a lot of people don't agree with his privacy policy because he doesn't think it's safe.,2021-01-11T17:06:14Z,0,en,1
9020917f-4352-4cd4-94fc-b3b7ba005146,whatsapp,primary_dataset,whatsapp,"I don't agree with whatsapp's new rule of sharing data to facebook, so my family and I will officially leave this application to move on to other applications.",2021-01-11T16:56:11Z,1,en,1
472d22ec-b096-4565-ac62-be17cab7aa66,whatsapp,primary_dataset,whatsapp,Thanks for stealing my data,2021-01-11T16:53:01Z,1,en,1
4bfb4ce0-f3e2-4c57-aa97-302140595b81,whatsapp,primary_dataset,whatsapp,"Hey, what's up? There's a new rule first. They're built for privacy.",2021-01-11T16:33:58Z,0,en,1
0780e234-c68e-4d7e-9acd-e915c34c6b5b,whatsapp,primary_dataset,whatsapp,Give users privacy,2021-01-11T15:56:56Z,0,en,1
9f7fdbc5-6776-4055-8c6e-226870c1ab4a,whatsapp,primary_dataset,whatsapp,"Why is the photo I shared to my status not being sent!! It's from Facebook, whether you're working with Facebook, if you are, why didn't you permit the PROGRAM!!!!",2021-01-11T15:48:23Z,6,en,1
2d6c62ea-1177-44fb-a254-f04577f20598,whatsapp,primary_dataset,whatsapp,"Ask help, the security data is tightened again, as often as people don't know who's going on about the story and can see the story, when we don't have the number,",2021-01-11T14:55:15Z,3,en,1
99767f80-5293-4a69-a10f-e12e6b7e4297,whatsapp,primary_dataset,whatsapp,"Now it's newer, but being able to know your privacy, with the policy that goes on early in January, let's hope that privacy remains a private thing, without any interference in whatsApp or Facebook enterprises.",2021-01-11T14:41:56Z,6,en,1
7aa11f30-3ac1-4727-9df1-edabc337bca4,whatsapp,primary_dataset,whatsapp,What's wrong with you? What's wrong with you?,2021-01-11T14:12:59Z,0,en,1
de20e1ee-0102-4ddb-8a23-86d46d8eea64,whatsapp,primary_dataset,whatsapp,No. Good for our privacy.,2021-01-11T14:03:29Z,0,en,1
079d4760-89d3-4ac4-84ec-23e26c1abd13,whatsapp,primary_dataset,whatsapp,Respect Privacy,2021-01-11T13:59:22Z,1,en,1
66d609b4-432e-41a5-8f55-27068da1b443,whatsapp,primary_dataset,whatsapp,"The new conditions are very uncomfortable. whatsaap the latest weigh. Whatsap often used to do business because privacy rules that make 3 can't read whatsapp's messages, because a lot of personal data is attached in chats. If the policy is replaced it will be very damaging because the opportunities for the distribution of privacy data by people to 3.",2021-01-11T13:55:41Z,18,en,1
e502a61e-3168-4c50-88fd-5d0bb6473652,whatsapp,primary_dataset,whatsapp,"fontcolor="" # FFFF00""Whoa,myprivasiondisposit fontcolor="" # FFFF00""!,becauseofyournew feature fontcolor="" # FFFF00""wajeng fontcolor="" # FFFF00""wajeng",2021-01-11T13:50:02Z,0,en,1
a7bc0a1c-0281-42aa-b60f-a570d49fefb3,whatsapp,primary_dataset,whatsapp,respect privacy,2021-01-11T13:48:45Z,0,en,1
1dde168d-fd5b-4581-a630-87e270daeab7,whatsapp,primary_dataset,whatsapp,"Why connect to Facebook and if you don't connect to Facebook on February 8th, my account is deleted. Why don't you go first?",2021-01-11T13:47:29Z,0,en,1
c79ec90c-9c9c-4851-99dc-6478ab8c92f1,whatsapp,primary_dataset,whatsapp,"The more you hate it now, the more it's going to Facebook and the more it's going down.",2021-01-11T13:44:14Z,0,en,1
64681696-6361-48a1-999a-03b673a29891,whatsapp,primary_dataset,whatsapp,"Is it true that February 8, whatsapp, should share user's privacy data with facebook?",2021-01-11T13:35:58Z,0,en,1
2b1d30b3-7758-4d72-a24a-5842aefed25a,whatsapp,primary_dataset,whatsapp,"It used to be fun. I used whatsapp, just because there was a new policy of whatsapp who said he wanted to extend the data to fb less, it was privacy cuy wkwk, let's move to telegram",2021-01-11T13:33:01Z,0,en,1
1118a997-6db6-43d3-b9cc-c20c467c6e27,whatsapp,primary_dataset,whatsapp,When privacy became an expensive item... the former cangen wa sblum in the Mark Zuckerberg acquisition...,2021-01-11T13:13:30Z,0,en,1
b6d6dffc-ff87-4248-832e-7f3a8d150d7a,whatsapp,primary_dataset,whatsapp,"Because whatsaap wanted to share data with the FB, we got nervous because whatsapp wasn't what he used to be, couldn't keep the privacy of his users... ...we were worried we were disappointed....if we had to do that we would have moved to another app that could have kept our privacy.!!!!!!!!!!!!",2021-01-11T12:48:36Z,0,en,1
31e39a2f-5b16-4f38-9d7c-af134232250e,whatsapp,primary_dataset,whatsapp,"fontcolor="" # FFFF00""onestarin ordertorefor whatsapp'snewprivate policy!!!!!",2021-01-11T12:44:45Z,0,en,1
946310ea-ee05-4cce-98b2-d19b34643e89,whatsapp,primary_dataset,whatsapp,Let's move out of WA... WA has exceeded limits in privacy matters..,2021-01-11T12:28:04Z,0,en,1
c38732aa-c8f7-46dd-a1e2-59f339f3b58d,whatsapp,primary_dataset,whatsapp,"Getting here on new policy makes it less comfortable, especially for privacy. Just move on to a telegram or signal for a long time. It's an app.",2021-01-11T12:27:20Z,0,en,1
a9ae28bb-1d9b-4964-b6b6-a0594ffb36d5,whatsapp,primary_dataset,whatsapp,Where's Privacy?,2021-01-11T12:19:52Z,0,en,1
64eed70f-fb15-4c15-980f-9041a31d6708,whatsapp,primary_dataset,whatsapp,Start not keeping user privacy with ridiculous policies,2021-01-11T11:56:08Z,0,en,1
40bd4697-4558-4be8-ac4d-bef537616f0c,whatsapp,primary_dataset,whatsapp,DISAPPEARED PRIVATION 2021 Woyyyyyyyyy,2021-01-11T11:41:35Z,2,en,1
9c93b75d-2c8b-48b5-bed6-1c1415d0616a,whatsapp,primary_dataset,whatsapp,"Change your policy on facebook connections, this is privacy (credibilty facebook is bad when zuckenberg leaks data) or users will switch otherwise, I have no problem losing instagrams and wa, there are many other applications.",2021-01-11T11:36:01Z,0,en,1
f56f6912-b935-436c-ac2e-deed53c85770,whatsapp,primary_dataset,whatsapp,There's been a very absurd policy update... I'm sorry I left behind whats app,2021-01-11T11:12:49Z,0,en,1
40c5b2ed-3df4-4f37-928c-ecb350b2e182,whatsapp,primary_dataset,whatsapp,Private privacy,2021-01-11T11:07:21Z,0,en,1
2a4eb0e7-11d6-421d-a86e-2424ca2db415,whatsapp,primary_dataset,whatsapp,"Fix whatsapp's privacy rights like the old days, thank you.",2021-01-11T10:56:41Z,0,en,1
f5ca0643-2f3e-414d-bfa4-58b794c72cc9,whatsapp,primary_dataset,whatsapp,Privacy problems...,2021-01-11T10:54:10Z,0,en,1
47be9b47-453b-47d1-b4ed-437900a86d26,whatsapp,primary_dataset,whatsapp,Privacy?,2021-01-11T10:52:39Z,0,en,1
10e255e8-40a9-41ef-aa3e-fd48253bf10b,whatsapp,primary_dataset,whatsapp,Lol Privacy appreciate it,2021-01-11T10:13:56Z,0,en,1
00f9b9af-206c-4330-b6fd-2603cb1ac896,whatsapp,primary_dataset,whatsapp,Why does it have to be on Facebook?,2021-01-11T10:13:38Z,0,en,1
32238dda-eb07-446e-82a1-6950a3f1625b,whatsapp,primary_dataset,whatsapp,It's very bad policy. &lt;br /&gt;Why does the privacy of a user need to know.&lt;/i&gt; &lt;i&gt;If this is not a personal whatsApp anymore?,2021-01-11T10:12:31Z,0,en,1
8da4ce30-5e92-481e-873d-dccfab3e52ad,whatsapp,primary_dataset,whatsapp,What the hell is taking people's privacy?,2021-01-11T10:08:55Z,0,en,1
2e222ffa-e780-4237-ba10-1a70ffd1e033,whatsapp,primary_dataset,whatsapp,The new policy issued by whatsapp is very distressing:,2021-01-11T10:00:20Z,0,en,1
cf2a368c-d44e-4a2f-af22-df9cf40212e1,whatsapp,primary_dataset,whatsapp,What the hell are you gonna do now?,2021-01-11T09:45:16Z,0,en,1
4850053a-2521-4efe-bc54-29a5cd61ddd5,whatsapp,primary_dataset,whatsapp,"Thank you for your privacy policy, we're moving on to the next app.",2021-01-11T09:40:23Z,0,en,1
8cebaaf5-d222-42f2-95f5-2c064aea9666,whatsapp,primary_dataset,whatsapp,Looks like Wa's privacy has been reduced.,2021-01-11T09:31:06Z,0,en,1
38c81e10-228c-4b12-b214-bb8bcb204ffe,whatsapp,primary_dataset,whatsapp,Privacy,2021-01-11T09:07:23Z,0,en,1
41e22403-7b5a-480f-aad1-21dc3e25df3f,whatsapp,primary_dataset,whatsapp,"Cancel whatsapp policy, because it's our privacy, don't spread it into Facebook, we have privacy.",2021-01-11T09:01:15Z,0,en,1
016952a7-8c61-4e9c-8460-4676275f39d0,whatsapp,primary_dataset,whatsapp,"The application requests the user's data? Uninstall aje. There are many other applications. Can make telegrams, signals, mi chats, lines etc.",2021-01-11T08:53:08Z,0,en,1
a0d02225-5790-47fd-9e28-3d13c904e029,whatsapp,primary_dataset,whatsapp,why i must add all my data to facebook?! are you trying to hack me?! youuuuuu!!!!!!,2021-01-11T08:49:17Z,0,en,1
3a218383-6cf5-4adb-af64-71f437c20ad5,whatsapp,primary_dataset,whatsapp,The latest privacy policy is uncomfortable,2021-01-11T08:42:25Z,0,en,1
2f5e0b00-c607-4d1b-a3bb-b8fe58af52cf,whatsapp,primary_dataset,whatsapp,Just as much privacy as it used to be.,2021-01-11T08:38:41Z,0,en,1
056672d6-b687-4a7a-b4f3-2ffa0f53c9c6,whatsapp,primary_dataset,whatsapp,That's a lot of applications to get personal data!!,2021-01-11T08:38:11Z,0,en,1
394a6476-f9ae-49c8-8acf-6bc8227a6ffd,whatsapp,primary_dataset,whatsapp,Stupid privacy,2021-01-11T08:36:19Z,0,en,1
b51f5117-81ea-4a47-9f19-706d4d16ce42,whatsapp,primary_dataset,whatsapp,Ko at WhatsApp I've written we have privacy of your data when I don't even know what 2 is doing using whatsap is normal but why?,2021-01-11T08:21:19Z,0,en,1
3bb49cdd-c357-41a0-b7d2-e161cf4c6e53,whatsapp,primary_dataset,whatsapp,I won't agree to a new policy. 8 February you insist on applying new policy? Bye whatsapp and uninstall...,2021-01-11T08:12:19Z,0,en,1
f70d96db-9180-4f6f-8a0a-41dc162c0df2,whatsapp,primary_dataset,whatsapp,"The share of the location is not accurate. No, it's not.",2021-01-11T08:08:45Z,0,en,1
119dd0f7-c804-48ac-828c-730dd620879d,whatsapp,primary_dataset,whatsapp,What?! No privacy?,2021-01-11T08:05:09Z,0,en,1
6d59743c-58f3-41ec-b890-6f0a14fffbbb,whatsapp,primary_dataset,whatsapp,"It's actually good, it's just one star for new policy, Ty.",2021-01-11T08:04:11Z,0,en,1
e81ec9d7-cbb1-4bf7-96ee-f15f343d412b,whatsapp,primary_dataset,whatsapp,"I'm not safe because I've updated so many new numbers all of a sudden, and either my cell phone or my chat, please, my privacy has become disassembled.",2021-01-11T07:42:56Z,0,en,1
3d5a5eed-696f-40d8-a30a-1c17098d6315,whatsapp,primary_dataset,whatsapp,Be careful of the theft of data and personal information,2021-01-11T07:29:52Z,0,en,1
18a07b46-e42b-4193-86f7-9f6d9e46d455,whatsapp,primary_dataset,whatsapp,Why does my data always disappear when my memory is so wide I missed a lesson because of this!!,2021-01-11T07:24:05Z,0,en,1
f318da9b-dd05-4f54-a1a3-85f91c171853,whatsapp,primary_dataset,whatsapp,"Instead of protecting the customer's privacy, but his data was handed to him on Facebook just like we were being watched.",2021-01-11T07:13:03Z,0,en,1
25a89640-8c16-4ac9-8d0a-e5efee17e65d,whatsapp,primary_dataset,whatsapp,"By forcing user whatsapp, then be prepared to meet fate like Blackberry Messenger.",2021-01-11T07:11:40Z,4,en,1
639b15c5-e028-46e7-a895-c547715df11c,whatsapp,primary_dataset,whatsapp,His privacy policy is very damaging to users.,2021-01-11T07:08:32Z,0,en,1
68a7c150-f86f-430a-97a0-64f9e470bac7,whatsapp,primary_dataset,whatsapp,Now too dragging the privacy of the old dripda.,2021-01-11T07:05:09Z,0,en,1
562f0705-e4fc-40e5-9207-c81386a93a00,whatsapp,primary_dataset,whatsapp,What the fuck is the data sent to facebook?,2021-01-11T06:49:12Z,0,en,1
c5ee7328-e84d-406a-b6fc-51d0134a7496,whatsapp,primary_dataset,whatsapp,Whatsapp bad for privacy,2021-01-11T06:32:07Z,0,en,1
4cb67a7c-f5ef-424f-ba83-9a314956c267,whatsapp,primary_dataset,whatsapp,Is this why we're going to have to agree to an update about privacy?,2021-01-11T06:17:26Z,0,en,1
4da8ba34-189b-4072-ac87-f4ab155e014c,whatsapp,primary_dataset,whatsapp,New policy disagrees.,2021-01-11T06:13:30Z,0,en,1
3ccdcb55-00df-4f9a-bd12-a72b9061646f,whatsapp,primary_dataset,whatsapp,I don't live for your company. why do you want to know about my location? want to know about the content of my conversation? why force until February 8?,2021-01-11T06:02:10Z,0,en,1
bb4ab37f-69a4-4bbb-8833-2e0d29dae810,whatsapp,primary_dataset,whatsapp,"Can I have some privacy, please?",2021-01-11T05:56:24Z,0,en,1
dad6d207-9e96-4713-b6ab-2659c9d5593f,whatsapp,primary_dataset,whatsapp,Why data is dishare dfb,2021-01-11T05:21:15Z,0,en,1
7f188a29-9434-4fe0-96b0-33066d8e4c41,whatsapp,primary_dataset,whatsapp,"After all this time, the performance was good, but it ended up being bad because it split the user data to the other side.",2021-01-11T04:52:18Z,0,en,1
fe0bf644-b658-43ec-abe2-5a843ce79700,whatsapp,primary_dataset,whatsapp,What the hell does Facebook have to do with it?,2021-01-11T04:16:18Z,0,en,1
5a962f67-666c-49d1-be99-ddfb95637ab4,whatsapp,primary_dataset,whatsapp,"A lot of users, but why would a new policy create the privacy of its users to spread to the fb?",2021-01-11T03:51:29Z,1,en,1
af6eb73f-e156-430c-90fd-1aac645285d1,whatsapp,primary_dataset,whatsapp,"We just want our privacy security, and I really don't like the latest terms of whatsApp messenger.",2021-01-11T02:55:10Z,0,en,1
f574bbd5-7ab4-4ef9-8fbc-494306bd3e33,whatsapp,primary_dataset,whatsapp,Please delete the new provisions or many have moved to other applications for ruining privacy!,2021-01-11T02:28:57Z,0,en,1
5120b2e5-2bdd-4a2c-adc5-6905558c1682,whatsapp,primary_dataset,whatsapp,GOOD BYE... RIP PRIVACY,2021-01-11T02:18:18Z,0,en,1
21cce95e-37fb-4736-8a1f-6995807d1642,whatsapp,primary_dataset,whatsapp,What's with the privacy now? It's not safe.,2021-01-11T02:15:16Z,0,en,1
fa625837-baad-4862-a095-1ead8a464fe4,whatsapp,primary_dataset,whatsapp,There's been a lot of disappointing reviews lately. I wastapp's too. Why do you have to hook me up with a fb?,2021-01-11T01:18:00Z,25,en,1
f846ac18-f5e6-4136-a622-571fa822487c,whatsapp,primary_dataset,whatsapp,You've got to uninstall it. It's an app. It's more privacy than any of you are aware of.,2021-01-11T00:48:56Z,0,en,1
a73adc7e-8f37-4889-b327-ca0b9d4ea2c5,whatsapp,primary_dataset,whatsapp,Don't like the latest rules of whatsapp.,2021-01-11T00:41:00Z,1,en,1
68f57d44-6399-49a7-a8b1-cb36afd0799b,whatsapp,primary_dataset,whatsapp,"It's hard, it's hard, it's good, it's good, it's good, it's good, it's good, it's good, it's good, it's good, it's good, it's good, it's good, it's good, it's good, it's good, it's good, it's good, it's good, it's good.",2021-01-11T00:26:46Z,0,en,1
4fb99ec2-0342-47b4-8e11-45bf39aac07c,whatsapp,primary_dataset,whatsapp,"Fix your privacy in this pandemic, please listen to all of our complaints about whatsapp, don't underestimate someone's privacy, fix it again, hope it's better.",2021-01-10T23:50:06Z,1,en,1
56b354c0-68eb-4f26-9439-7f219528686f,whatsapp,primary_dataset,whatsapp,"Please do what'sApp for new policy that wants to know people's privacy through chats and to be curious about people's chats and want to be connected to the FB. Get out of sight. WhatsApp don't keep your status as a poller will go back to the time of the BBM, if you want to make a non-freak policy and don't want to be interested in people's privacy.",2021-01-10T23:44:49Z,26,en,1
191e0b48-ce01-4595-afa0-3f69da0d3f31,whatsapp,primary_dataset,whatsapp,The fact that I don't even know where I can stand in front of what?,2021-01-10T23:32:19Z,1,en,1
297cdad4-a942-47d7-b836-35b3b5b6c72c,whatsapp,primary_dataset,whatsapp,A terrible new policy made everyone sick of this application. A lot of unninstal. Move to other applications that are more private.,2021-01-10T23:23:27Z,1,en,1
4450ca47-022c-41c8-9072-c5e9ff1eb55a,whatsapp,primary_dataset,whatsapp,"Any time you want to reinstall it again for a long time to load the same wifi, photo profile udh only my contac but in general always see this profile photo",2021-01-10T23:14:46Z,0,en,1
d9b19b67-9a64-43a2-8dc3-2da204ad24b9,whatsapp,primary_dataset,whatsapp,Why whatsapp divides data into Facebook we refuse...... #uninstall whatsapp install telegram whatsapp not competent,2021-01-10T23:14:28Z,1,en,1
875eed38-5634-49a0-b7d5-e0017af5dd78,whatsapp,primary_dataset,whatsapp,Ajinggg son of a bitch. Why is my wattsapp number suddenly blocked.,2021-01-10T23:13:07Z,1,en,1
b921777f-e9c3-456d-adb0-6c5cd5f7f760,whatsapp,primary_dataset,whatsapp,"Eh kimaq, know what privacy is? If you don't know this privacy is one or a group of individuals to defend their lives and personal affairs from the public, or to control the flow of information about themselves.",2021-01-10T23:03:36Z,0,en,1
6265acce-c3a2-4892-a1c9-60a6861ffc83,whatsapp,primary_dataset,whatsapp,"Why do you have to be on Facebook... what's the deal with Facebook... and when I call... why is there still a tone of contact, when there's another call... because she's busy or not on her phone, I don't even listen to the dial tone... whatsapp is now different from what used to be...ck.... it's getting worse.",2021-01-10T22:53:48Z,85,en,1
6dd011f7-955d-4169-b3d3-5df84d843cc8,whatsapp,primary_dataset,whatsapp,"It's new to approve new policies, so you get a lot of random chats.",2021-01-10T22:44:39Z,0,en,1
3882402a-392d-4a79-86c2-9281165cd89c,whatsapp,primary_dataset,whatsapp,Please do me a favor and I'm starting to feel uncomfortable using a wa make who doesn't yet understand the change of privacy policy.,2021-01-10T22:36:25Z,0,en,1
9831f9f5-ec27-4ab7-aa94-791203ad1d9d,whatsapp,primary_dataset,whatsapp,"The more you get here, the more you're thinking of policy.",2021-01-10T22:32:23Z,0,en,1
d4c73100-ef59-4b0f-9fa9-eaab906b1a96,whatsapp,primary_dataset,whatsapp,"Respect your user privacy, I know that your app can't make money for your company, so you can close your company",2021-01-10T22:28:55Z,0,en,1
6ab1b0b3-0608-4177-beae-9756a2b835c3,whatsapp,primary_dataset,whatsapp,Not sure my privacy is safe.,2021-01-10T22:22:54Z,0,en,1
c321e530-f786-4715-a94f-748b34f646f1,whatsapp,primary_dataset,whatsapp,Mrs.'s latest privacy policy is disturbing.,2021-01-10T22:22:29Z,0,en,1
0182ab33-28f8-4182-893d-45c0825cd71e,whatsapp,primary_dataset,whatsapp,Too maruk requested user data,2021-01-10T22:17:27Z,0,en,1
3f47bb11-eb00-43b6-84f1-d566d4f1631d,whatsapp,primary_dataset,whatsapp,Policy that does not preserve the privacy of its users,2021-01-10T22:12:05Z,0,en,1
a8e47311-2545-4098-b9df-c125e1db6d39,whatsapp,primary_dataset,whatsapp,"Hey, it's our privacy. It's our privacy. It's just that a person's privacy should be published.",2021-01-10T22:11:37Z,0,en,1
9236ae9f-dc7b-4c72-9729-5fbc96fc4678,whatsapp,primary_dataset,whatsapp,"It's better with a telegram, more privacy.",2021-01-10T22:09:53Z,0,en,1
a2c1e108-1a4d-49d1-bfb5-4f5828d75d8d,whatsapp,primary_dataset,whatsapp,I'm disappointed by my new policy.,2021-01-10T21:59:22Z,1,en,1
597c9d89-cc0b-42cc-9cab-45751a93e500,whatsapp,primary_dataset,whatsapp,"If it's granted permission, are you sure that our privacy is safe? It's weird somehow. It's a policy that makes people doubt a little because of a prefabrication.",2021-01-10T21:53:21Z,0,en,1
a19b2798-f83e-4082-9a2d-f6582a295bef,whatsapp,primary_dataset,whatsapp,No privacy anymore,2021-01-10T21:37:18Z,2,en,1
770fb535-fb6d-4da1-afb9-047392339ca9,whatsapp,primary_dataset,whatsapp,OUR PRIVATION'S DEFENSE COK,2021-01-10T21:14:25Z,1,en,1
e389c5fd-08e9-48e2-b811-ba4f16eb9fa7,whatsapp,primary_dataset,whatsapp,"Whatsapp because privacy is guaranteed and performance is good, but after policy updates, no privacy is safe.",2021-01-10T21:13:11Z,0,en,1
2f6d61d2-9b67-4603-8647-641183ba3105,whatsapp,primary_dataset,whatsapp,"There's no privacy on this application, it's time to move out.",2021-01-10T21:12:32Z,1,en,1
cec0fa71-cf57-45c9-b346-2dd914d8f2b6,whatsapp,primary_dataset,whatsapp,"Bad user privacy start from feb, 8 2021",2021-01-10T20:58:06Z,0,en,1
2bc0f0f3-09fd-49e2-ba45-ae56e87115bb,whatsapp,primary_dataset,whatsapp,"Let's move from this app, our data is now posted to Facebook, and now what is Facebook, super weird?",2021-01-10T20:56:27Z,0,en,1
9dcb5a12-9b3b-486b-81f2-bcddac48218c,whatsapp,primary_dataset,whatsapp,You think the data to Facebook is safe? Huh! You leaked our data!!,2021-01-10T20:51:56Z,6,en,1
22ff8167-4af6-4982-ad0b-8b123e6784bc,whatsapp,primary_dataset,whatsapp,More privacy.,2021-01-10T20:23:44Z,0,en,1
134c99b2-8d9a-4856-9b26-556bcae5c2f2,whatsapp,primary_dataset,whatsapp,Delete the new privacy policy!,2021-01-10T19:57:05Z,0,en,1
0d435730-da59-4f4d-a5d0-ff58d724c2e5,whatsapp,primary_dataset,whatsapp,Rejecting new privacy policies!!!!,2021-01-10T19:55:02Z,0,en,1
04dcd3b1-ecc6-42fc-ba38-f3f578926568,whatsapp,primary_dataset,whatsapp,"Since many of my friends protested because of the frequent change rate WA, for Whatsapp, please create a login system without any number whether it's email or login with facebook without using the active number",2021-01-10T19:54:04Z,0,en,1
cfab6a0c-fa52-4d61-9eaa-47a8cc3f1429,whatsapp,primary_dataset,whatsapp,"Five M's are downloading, but privacy is open, and privacy is a private thing, and it's not, if you're done with the pandemic, learning isn't online.",2021-01-10T19:52:18Z,85,en,1
cf7266c8-84ed-4bdc-a581-cb4677a8488e,whatsapp,primary_dataset,whatsapp,"After the upgrade, when the video was sent to us, it wasn't stored in the gallery, and the data got more and more. As I was upsized, it's now around 700 amb.",2021-01-10T19:25:30Z,1,en,1
ff857285-79ac-4f50-be47-e2ad7b2ff7fd,whatsapp,primary_dataset,whatsapp,Privacy oh privacy mace,2021-01-10T19:18:22Z,0,en,1
da1041dd-6968-4a99-a21a-2f936d7006e1,whatsapp,primary_dataset,whatsapp,- The privacy policy.,2021-01-10T19:18:05Z,0,en,1
afcc89ca-4fb6-43dd-8cf7-bcf72aeebb0c,whatsapp,primary_dataset,whatsapp,"What's the matter?! It often goes wrong, comes out alone, messages don't have no notives, and now, have to hand over personal data to facebook?! I've seen a lot of protesters and no whatsapp responses.",2021-01-10T19:17:55Z,1,en,1
c8eaf798-4f24-4659-a9cb-ecf25f83ff24,whatsapp,primary_dataset,whatsapp,Disappointed with the policy of w.a. Now why should personal data be synchronized kn to this fb the privesi is very disappointed,2021-01-10T19:12:41Z,0,en,1
5c4d720d-b6ea-4c17-9d90-49ab7c28ff0d,whatsapp,primary_dataset,whatsapp,"For later updates, hopefully, because all of our personal data is shared to people, we don't want our personal data to be shared with people.",2021-01-10T19:03:12Z,0,en,1
32d6de87-8c1f-4a65-b5c7-55cf2e8f34f0,whatsapp,primary_dataset,whatsapp,"Why does WhatsApp have a privacy policy, we are lazy to use WhatsApp to make it harm us",2021-01-10T18:57:28Z,0,en,1
583c244b-6de2-4fb6-91a7-2a476d459b49,whatsapp,primary_dataset,whatsapp,I'm very disappointed in why privacy can be broken... while I'm making status as to why there's a new number that can see my story. And I don't know that number. Please developer to fix that bug.,2021-01-10T18:51:55Z,7,en,1
6d2f35f5-5997-4b40-b7fd-414ccf52e55c,whatsapp,primary_dataset,whatsapp,No privacy.,2021-01-10T18:49:38Z,0,en,1
8b405d5e-a338-4716-98e7-9b5ec5abc4e5,whatsapp,primary_dataset,whatsapp,"With new policy, whatsApp can no longer appreciate the privacy of its users.",2021-01-10T18:47:30Z,0,en,1
0ac0f057-5d83-40db-82e2-31a17dbcf733,whatsapp,primary_dataset,whatsapp,What should people who don't have facebook do?,2021-01-10T18:36:32Z,0,en,1
baba4b7c-134f-4562-86a8-6ed568c9d952,whatsapp,primary_dataset,whatsapp,Most of the rules I don't have are based on privacy policy anymore.,2021-01-10T18:36:07Z,0,en,1
5b190cef-018e-4c40-b9b8-fe5a84c83f21,whatsapp,primary_dataset,whatsapp,"If there's a new update, I don't have the data capacity to support this.",2021-01-10T18:30:09Z,0,en,1
278a4738-d23c-497d-a0c3-ca2b722947ab,whatsapp,primary_dataset,whatsapp,Wa hanjak made a picture of pcr but he didn't see anything in privacy..,2021-01-10T18:29:17Z,0,en,1
9e4d0b50-279b-4cac-a127-f66d6a0e37a3,whatsapp,primary_dataset,whatsapp,What are you doing now?? What are you talking about??,2021-01-10T18:24:07Z,0,en,1
0c781373-dee2-4530-8f8e-1ffe2ce399ca,whatsapp,primary_dataset,whatsapp,"Why is there a wise privacy when schoolboys are from-!!!!selfish hell, think of schoolboys too!!!!!!!!!",2021-01-10T18:17:18Z,0,en,1
db102481-4972-4585-a686-4f6f73b6cffd,whatsapp,primary_dataset,whatsapp,This kind of privacy policy harms the user because it harms the user,2021-01-10T18:14:26Z,0,en,1
b75fcc86-1f78-4131-ae70-bb9ab8b1417f,whatsapp,primary_dataset,whatsapp,"Don't agree with the new wa policy, switch tele/signals",2021-01-10T18:09:11Z,0,en,1
3ad15702-669f-4724-9027-b85f553ce933,whatsapp,primary_dataset,whatsapp,"""privacy""?",2021-01-10T17:57:11Z,0,en,1
3b411762-9c40-4f1b-b7db-ee55e2528a1c,whatsapp,primary_dataset,whatsapp,"fontcolor="" # FFFF00""whateverdatato steal,notencrypted,funkyou",2021-01-10T17:47:56Z,0,en,1
9b6e74e9-8f96-4c6f-8a21-06e949c09ff8,whatsapp,primary_dataset,whatsapp,"Please let Whatsapp not continue the policy that will be applied, because it's like selling user data to the 3rd party, then the user leaves Whatsapp, and chooses another apk as chat, please not to implement that policy.",2021-01-10T17:31:57Z,121,en,1
4dbb5f3f-cd8b-4637-8970-6b12ea0798ef,whatsapp,primary_dataset,whatsapp,Who do you think you are to know our privacy?,2021-01-10T17:29:19Z,0,en,1
982a0764-650f-45c2-81c3-5bbf67ee4549,whatsapp,primary_dataset,whatsapp,What's going on now?,2021-01-10T17:25:28Z,0,en,1
5b5d2529-5092-4d5e-86ea-71d419077c27,whatsapp,primary_dataset,whatsapp,It's been a lot of trouble since it's been approved. It's been reported about privacy.,2021-01-10T17:24:06Z,0,en,1
eb0a026a-7cae-4b34-b67a-4498413b2446,whatsapp,primary_dataset,whatsapp,Not Facebook,2021-01-10T17:20:30Z,0,en,1
d12a00a6-5c02-4beb-bcd8-b31cca40767d,whatsapp,primary_dataset,whatsapp,Privacy me. You can see that you're an idiot.,2021-01-10T16:45:45Z,0,en,1
e9e6bc40-e171-45ad-8039-d42c727527a9,whatsapp,primary_dataset,whatsapp,All peapole in asian need privacyy,2021-01-10T16:43:26Z,0,en,1
1551fe66-5ebd-461c-82e1-3ab30867c43b,whatsapp,primary_dataset,whatsapp,It's important that privacy / We move applications,2021-01-10T16:43:17Z,0,en,1
6432cfac-0000-4b6f-b46b-a84eeaf36f31,whatsapp,primary_dataset,whatsapp,"I don't agree that the bru wa feature is, whatever it takes to try and spread people's privacy. That's privacy. Don't approve of me.",2021-01-10T16:40:20Z,2,en,1
d2712587-ed06-4904-b882-c8b4a82902d8,whatsapp,primary_dataset,whatsapp,Dear WhatsApp User:,2021-01-10T16:37:30Z,0,en,1
3102fa80-e2af-4492-bd0b-5367c020e181,whatsapp,primary_dataset,whatsapp,It's too much privacy.,2021-01-10T16:23:48Z,0,en,1
7dbc14d8-b5be-427b-b20a-a3c169c631bd,whatsapp,primary_dataset,whatsapp,"Sorry, I prefer my personal privacy.",2021-01-10T16:18:26Z,0,en,1
6f5a5b0b-fa59-4216-bb70-e6d05e11e463,whatsapp,primary_dataset,whatsapp,"Video/photos don't go into the gallery, often errors, new policies are terrifying.",2021-01-10T16:16:34Z,0,en,1
be16535a-7570-4411-a881-37fde2dc448d,whatsapp,primary_dataset,whatsapp,Rotten application!!!! You are more concerned with money than user privacy,2021-01-10T15:54:43Z,0,en,1
72e300aa-e0de-47ca-9d2a-69c114a68a9e,whatsapp,primary_dataset,whatsapp,privacy:0,2021-01-10T15:51:28Z,0,en,1
523e90da-23f4-4287-a02a-76eca3ae0352,whatsapp,primary_dataset,whatsapp,"Why should the WhatsApp policy be linked to Facebook?? Interrupting user privacy then, we should change chat apps together instead of using privacy so it's not safe.",2021-01-10T15:50:05Z,1,en,1
c36759fc-d439-41bb-8523-33225f617e0b,whatsapp,primary_dataset,whatsapp,I don't agree with the features to come because it violates the privacy of the inspection.,2021-01-10T15:45:02Z,1,en,1
dc468efc-18eb-4a3b-bdef-0b9eb6320d56,whatsapp,primary_dataset,whatsapp,"What policy is that, isn't the user's data a privacy, why it has to be linked to Facebook, whether the developer will be responsible if the privacy data is used wrongly, the more damaging the user,",2021-01-10T15:43:55Z,29,en,1
b9967074-4f7f-47d8-bc60-0a940c3104ed,whatsapp,primary_dataset,whatsapp,GIVE THE OLD PRIVACY POLICY BACK,2021-01-10T15:39:37Z,0,en,1
8bb824aa-3970-4ecf-9803-ea0f29be833b,whatsapp,primary_dataset,whatsapp,Please restore the old rules without disturbing the privacy of the user.,2021-01-10T15:36:19Z,1,en,1
d47b4a11-f519-497f-8efb-f289e716110a,whatsapp,primary_dataset,whatsapp,so this application wants to retrieve our information data. pathetic,2021-01-10T15:31:55Z,0,en,1
1f494422-384f-4c68-b86d-2ee7d28af6c9,whatsapp,primary_dataset,whatsapp,OUR PRIVATION TEMPLE BET DAH,2021-01-10T15:17:19Z,1,en,1
ce4d0dd4-1cf0-4d35-bc78-501d4f7fe5db,whatsapp,primary_dataset,whatsapp,no more privacy-_-,2021-01-10T15:09:25Z,0,en,1
08adecbd-0309-4c56-8baf-16252234c766,whatsapp,primary_dataset,whatsapp,There's no such thing as privacy.,2021-01-10T15:03:38Z,0,en,1
7a67a237-5652-453d-9bd6-2de533c5848f,whatsapp,primary_dataset,whatsapp,Respect our privacy,2021-01-10T15:02:07Z,0,en,1
d0b5b4bb-2b18-4cb3-a353-2d62570a7b6e,whatsapp,primary_dataset,whatsapp,There's no privacy anymore.,2021-01-10T15:02:00Z,0,en,1
2fe7ad94-1fdf-457f-8976-445e9f28f393,whatsapp,primary_dataset,whatsapp,What kind of privacy policy is that?,2021-01-10T14:56:32Z,0,en,1
b0f5e320-d3d7-450a-bf19-a11ca4fc403e,whatsapp,primary_dataset,whatsapp,Privacy :,2021-01-10T14:55:09Z,0,en,1
aafb1bbb-dd25-4b49-afeb-be6d0b7ecc77,whatsapp,primary_dataset,whatsapp,"Don't download, it's making gajee.",2021-01-10T14:50:42Z,0,en,1
479c8837-a062-429b-8615-cd224a157ebd,whatsapp,primary_dataset,whatsapp,Nyimak viral facebook,2021-01-10T14:41:45Z,0,en,1
42690878-6fde-446c-9f5a-9e7a97163a9c,whatsapp,primary_dataset,whatsapp,Policy has no brain,2021-01-10T14:33:57Z,0,en,1
55ddccc6-4675-4f0e-b02e-2ffb0edbc369,whatsapp,primary_dataset,whatsapp,"Dear team whatsapp I would like to express that I don't agree with whatsapp's new policy because other than hacking our personal data, it can also upset the users of whatsapp accounts. Please reconsider so as not to disturb the users of whatsapp accounts. Don't you feel sorry for the children whose schools are online at this time of the pandemic. If that rule remains in effect, we as users of whatsapp will be very disappointed in the whatsapp team.",2021-01-10T14:33:41Z,24,en,1
3b11d11c-794f-45fa-b5eb-2e2a12a9eeb0,whatsapp,primary_dataset,whatsapp,No privacy. Why take Contact and Menshare on Facebook? It's a private number not public property.,2021-01-10T14:31:54Z,0,en,1
dfcf8ace-d50b-4ec6-a060-5bfddced134e,whatsapp,primary_dataset,whatsapp,"It's not safe to use WA, it's personal data, you want to move BYE",2021-01-10T14:28:45Z,0,en,1
84a5dce2-18e7-45e0-8d7c-8eaeac7c3819,whatsapp,primary_dataset,whatsapp,"The privacy policy is so miris, it no longer protects the user's personal data",2021-01-10T14:21:48Z,0,en,1
aefcf264-2860-4ea6-831c-915983dda6d4,whatsapp,primary_dataset,whatsapp,"Please don't give me too much privacy policy. I make a lot of communications, especially for college, scared of my account.",2021-01-10T14:10:41Z,0,en,1
551ded3d-b137-4c81-81ab-0187e525db73,whatsapp,primary_dataset,whatsapp,"This is whatsapp. The more you get here, the more privacy you break into your account, the more it's going to be removed, the weirder it gets.",2021-01-10T14:10:21Z,0,en,1
5029f906-c22d-44a4-8b3c-28872b8c080c,whatsapp,primary_dataset,whatsapp,RIP PRIVACY,2021-01-10T14:09:02Z,0,en,1
5cfa55d7-4736-4bbf-96d2-d79feec70189,whatsapp,primary_dataset,whatsapp,"It's true that mark members of the iluminati, so scary now make wa..privacy we're not safe.",2021-01-10T14:03:07Z,0,en,1
63647873-4e04-4d74-80e6-39d1309a7f72,whatsapp,primary_dataset,whatsapp,"The privacy policy of garbage, it makes it hard for users.",2021-01-10T14:01:12Z,0,en,1
b7f61cb3-8872-4183-a750-cdc992bd95f9,whatsapp,primary_dataset,whatsapp,The privacy policy doesn't matter.,2021-01-10T13:58:16Z,0,en,1
e87470e9-37c6-4566-b04c-dffba5ea636d,whatsapp,primary_dataset,whatsapp,"Well, star one is due to this oversized policy.",2021-01-10T13:56:48Z,0,en,1
1dd91ae2-dae6-4af9-9de1-13b313600827,whatsapp,primary_dataset,whatsapp,"Goodbye whtsp if updated this policy... this whtsp is going down interested like BBM, thanks... obviously I'll uninstall it, thank you for disappointing the user",2021-01-10T13:48:04Z,0,en,1
bfdd8e7a-37d5-4987-86a9-5688525f381a,whatsapp,primary_dataset,whatsapp,Reject new policies,2021-01-10T13:47:29Z,0,en,1
b7c90ba4-f627-4153-9633-5bdf237a8b20,whatsapp,primary_dataset,whatsapp,What the hell are you doing? Check everything. His privacy is in the hands of the developer.,2021-01-10T13:39:42Z,0,en,1
0aad28b6-9b34-40ff-8a5e-b71ea0a824cf,whatsapp,primary_dataset,whatsapp,"Why now is there wisdom in privacy first whatsapp doesn't want to know the privacy of the caller but now wants to know the privacy of every user why!!!!, and yet what'ssapp even more unblemished is if users like us don't agree with whatsapp accounts of whatsapp users can't use why!!, if whatsapp terms like this want to know the privacy of what I think will be a lot of WATSAPP USSATSATSATs even me",2021-01-10T13:38:23Z,10,en,1
5d7e5ef4-6a1e-43ef-ad27-cd22e736e3f0,whatsapp,primary_dataset,whatsapp,No have privacy,2021-01-10T13:36:53Z,0,en,1
91a6beeb-a037-440c-bb3d-42f5c9f0263e,whatsapp,primary_dataset,whatsapp,Put our privacy back and put whatsapp back the way it used to be.,2021-01-10T13:35:29Z,0,en,1
2dcd7120-b9a0-4217-99ff-057b608c4e85,whatsapp,primary_dataset,whatsapp,Put our privacy back and put whatsApp back the way it used to be.,2021-01-10T13:35:26Z,0,en,1
1519a624-7230-4f84-a489-b244523ac309,whatsapp,primary_dataset,whatsapp,We no have privacy,2021-01-10T13:35:10Z,0,en,1
c06b67d2-b5d4-464e-bac1-e717fb7e17fe,whatsapp,primary_dataset,whatsapp,"fontcolor="" # FFFF00""star fontcolor="" # FFFF00""astar fontcolor="" # FFFF00"" becauseprivates shareto facebook",2021-01-10T13:33:42Z,0,en,1
471788d6-3990-48b2-9901-5f4a012de45a,whatsapp,primary_dataset,whatsapp,"Use the line, signal, tell them your privacy isn't safe here.",2021-01-10T13:33:41Z,0,en,1
7bd74da8-87f2-4e52-8686-c3e2826892e0,whatsapp,primary_dataset,whatsapp,Your privacy bro is not safe in WA right now.,2021-01-10T13:32:10Z,0,en,1
9664dcf4-c775-47c1-aaef-92edb00616a7,whatsapp,primary_dataset,whatsapp,Appreciate the Privacy People!!!!,2021-01-10T13:29:18Z,0,en,1
a9fea7e7-beea-46bd-86a5-f24d1fcf947d,whatsapp,primary_dataset,whatsapp,We are more afraid of losing privacy than losing WhatsApp because there are still many other applications options that are better than WhatsApp,2021-01-10T13:21:46Z,0,en,1
0e15fa05-153b-4130-ac2a-a43418c05f31,whatsapp,primary_dataset,whatsapp,"Whatsapp is no longer safe. Yes, please. The policy is I think there's room for privacy.",2021-01-10T13:20:03Z,0,en,1
3e97d793-483a-44aa-bb4e-1dd9682ec0c0,whatsapp,primary_dataset,whatsapp,Bad policy.,2021-01-10T13:16:57Z,1,en,1
6a5e876b-a358-474a-bcea-1e7d9caf4679,whatsapp,primary_dataset,whatsapp,"Please. Hopefully, about privacy, otherwise the user will disappear one by one like bbm.",2021-01-10T13:16:04Z,0,en,1
d3b4328b-29b2-4bc7-9576-a9d2237e5c6a,whatsapp,primary_dataset,whatsapp,Afraid the data was misused....,2021-01-10T13:14:21Z,0,en,1
9b4e64a2-c413-4119-be2b-8af9b9fc8791,whatsapp,primary_dataset,whatsapp,"I don't think there's any privacy policy now. If you don't agree, on February 8, 2021, the account will be blocked.",2021-01-10T13:06:03Z,0,en,1
80da4e46-9389-4f7b-9c23-11edf60296f2,whatsapp,primary_dataset,whatsapp,A private thief.,2021-01-10T13:01:14Z,0,en,1
1cbefd77-57d7-4ad8-a4f4-d041b0ec49cf,whatsapp,primary_dataset,whatsapp,For the developer Whatsapp Please fix the application: 1. At first install this apk/restall this apk please use gmail only to make it easier for the user to login whose number it is no longer available. Privacy must be tightened so that the user does not move to another 3.,2021-01-10T12:49:09Z,1,en,1
b4ccb3a2-7e67-4908-8c0b-7fa4ed02052e,whatsapp,primary_dataset,whatsapp,"No more privacy, what's going on here?",2021-01-10T12:45:44Z,0,en,1
669dc0dd-a8af-4a80-b259-e454f84a122f,whatsapp,primary_dataset,whatsapp,Why would the next wa update be able to see someone's privacy?,2021-01-10T12:42:51Z,0,en,1
e692ad0a-06c2-46aa-a254-f5cae544639e,whatsapp,primary_dataset,whatsapp,It's time to leave WA...,2021-01-10T12:40:16Z,0,en,1
5dda06ef-b31a-4f83-b54b-4dcc5e1f6146,whatsapp,primary_dataset,whatsapp,"HELP WHATSAPP, PLEASE KEEP OUR PRIVATION",2021-01-10T12:35:34Z,0,en,1
8730eca2-72bd-4b26-913f-5c6c60ff512e,whatsapp,primary_dataset,whatsapp,Cba pke apk signal kren bro nok ngmbil data privacy,2021-01-10T12:34:03Z,0,en,1
d788d6b8-63e2-4268-97d5-5aa4e7d8a123,whatsapp,primary_dataset,whatsapp,Bruh give me back my damn privacy,2021-01-10T12:28:43Z,0,en,1
46566ca3-4d55-487c-9136-946f400ee570,whatsapp,primary_dataset,whatsapp,"What's the matter with you, you want to have your user's personal data, privacy's out of control.",2021-01-10T12:23:52Z,0,en,1
65e9b636-4c77-4707-b6a1-848f6d2e2491,whatsapp,primary_dataset,whatsapp,Rip my privacy,2021-01-10T12:23:35Z,0,en,1
7e644cba-b9f5-4c88-a68d-8478cd63537f,whatsapp,primary_dataset,whatsapp,"Please it's people's privacy"" requested data",2021-01-10T12:22:26Z,0,en,1
3e9d08e4-fb6e-4903-93eb-05b77324367a,whatsapp,primary_dataset,whatsapp,Privacy Piracy.,2021-01-10T12:21:53Z,0,en,1
b344e53f-3401-4ce1-a798-4c9b8be5bf6e,whatsapp,primary_dataset,whatsapp,# RIPPRIVATION,2021-01-10T12:21:30Z,0,en,1
acf893ae-3243-4a51-b434-ab7cbecd363b,whatsapp,primary_dataset,whatsapp,Disappointed with whatsApp privacy users should be concerned about why you should be able to see,2021-01-10T12:21:07Z,0,en,1
70e496ac-f0b3-4264-92e5-7ab9bf7dfac2,whatsapp,primary_dataset,whatsapp,Want to move to a telegram when you can't keep any privacy,2021-01-10T12:20:54Z,0,en,1
46653274-1b01-4fc9-bc51-85fa48f2df95,whatsapp,primary_dataset,whatsapp,Private policy makes me paranoid,2021-01-10T12:20:42Z,0,en,1
d79d2b49-da2b-4c62-97f7-6228938381ad,whatsapp,primary_dataset,whatsapp,It's ugly now that there's no privacy.,2021-01-10T12:20:39Z,0,en,1
4ba8ed89-56be-4173-9aaf-fff5d4052955,whatsapp,primary_dataset,whatsapp,I don't like the new policy of whatsApp sharing privacy data to facebook.,2021-01-10T12:20:39Z,0,en,1
c3ff1e8c-1129-4af3-802f-1510ac3e41f5,whatsapp,primary_dataset,whatsapp,There's no privacy in this app because of Fesbuk's purchase.,2021-01-10T12:20:33Z,0,en,1
7a40f5e7-1b4a-47d9-ab84-89e1cc9cfc3e,whatsapp,primary_dataset,whatsapp,"There's been a lot of data, too many vision for privacy.",2021-01-10T12:20:20Z,0,en,1
38063bbd-af88-499b-868f-939cc42ec357,whatsapp,primary_dataset,whatsapp,Bye2 my privacy.,2021-01-10T12:20:18Z,0,en,1
97be081b-9e48-492c-ac19-333114f52d77,whatsapp,primary_dataset,whatsapp,NO MORE PRIVATION,2021-01-10T12:19:03Z,0,en,1
265fbd0a-f269-4d93-8195-c6a0025447dd,whatsapp,primary_dataset,whatsapp,"Every day it's called privacy and self-data is exploited, you idiot playing Telegram this way.",2021-01-10T12:18:46Z,0,en,1
49e55d93-6a28-469a-b994-13a53a8818ef,whatsapp,primary_dataset,whatsapp,To WhatsApp now #RIPPRIVACY,2021-01-10T12:18:28Z,1,en,1
4aad1073-9b7f-4b9f-9ce9-17369c401386,whatsapp,primary_dataset,whatsapp,Remove the new policy of privacy I'm not awake,2021-01-10T12:14:56Z,1,en,1
d1d7bac1-d218-45b0-8d0c-d51fd3c2c3d5,whatsapp,primary_dataset,whatsapp,Privacy Features Making Results,2021-01-10T12:13:19Z,0,en,1
b16e2fec-688a-46d8-a4be-3d29aeafa433,whatsapp,primary_dataset,whatsapp,Don't like new policies.,2021-01-10T12:12:37Z,0,en,1
70bcda42-e332-4191-a83e-c4fab877d871,whatsapp,primary_dataset,whatsapp,Is that person's privacy funny?,2021-01-10T12:12:15Z,1,en,1
8662b23f-01dd-4b35-bf1e-854a2c669b0d,whatsapp,primary_dataset,whatsapp,Maintain user privacy!,2021-01-10T12:12:03Z,0,en,1
c5724d79-a1b6-4a48-b52d-867f21f83103,whatsapp,primary_dataset,whatsapp,No more privacy?,2021-01-10T12:11:41Z,0,en,1
83c711bf-d75d-4218-94b6-a96be642d0d6,whatsapp,primary_dataset,whatsapp,why whatsapp want our privacy?,2021-01-10T12:11:03Z,0,en,1
a9c4da6c-f3af-43c7-945b-0e31099a1810,whatsapp,primary_dataset,whatsapp,"Most people take data. You know, if it wasn't for the onen school, I'd have erased you.",2021-01-10T12:10:31Z,2,en,1
825c8850-559a-4a75-845d-de140cf73db6,whatsapp,primary_dataset,whatsapp,Why should there be a new privacy policy why don't you use the old one please return the old privacy policy to uninstall whatsapp!!!,2021-01-10T12:10:01Z,1,en,1
6bd41ca3-c9d2-4baf-872d-c3d6841ef792,whatsapp,primary_dataset,whatsapp,"Whatsapp party please don't open people's preferences because there's a lot of data to be safe, right?",2021-01-10T12:07:10Z,0,en,1
b898c290-77bc-4d47-a7c2-89a1ce8aea02,whatsapp,primary_dataset,whatsapp,Now our privacy not safe,2021-01-10T12:05:58Z,0,en,1
64d4dcdf-6cf5-45f1-b375-ac488cf380c0,whatsapp,primary_dataset,whatsapp,I'm sorry. One star. A new policy made a mistake.,2021-01-10T12:05:02Z,0,en,1
e159e7ca-f5f0-4fd9-ad09-0b6acc812aaf,whatsapp,primary_dataset,whatsapp,WhatsApp's new privacy policy is getting worse,2021-01-10T12:03:12Z,0,en,1
a03b358b-f992-4f21-a462-dac1669b24dd,whatsapp,primary_dataset,whatsapp,Someone's privacy is none of your business!,2021-01-10T12:03:02Z,0,en,1
cdf55333-d323-4ef2-bfb7-c0c4523e5bba,whatsapp,primary_dataset,whatsapp,No privacy,2021-01-10T12:01:52Z,0,en,1
2945ce70-46ac-4927-8cba-ec39de03229e,whatsapp,primary_dataset,whatsapp,Why is there a new privacy policy??????? lt's everyone's property. You're taking all our privacy!!!!,2021-01-10T12:01:19Z,1,en,1
dbb93221-6c81-48e6-a33b-fde619328906,whatsapp,primary_dataset,whatsapp,don't like make your rules.. privacy this privacy not publict!!!! fzk youv,2021-01-10T12:00:04Z,1,en,1
b1129564-83d9-404a-87d4-7280563467ef,whatsapp,primary_dataset,whatsapp,"WhatsApp was built to protect personal data, but now it's built to collect personal data.",2021-01-10T11:59:31Z,43,en,1
73b07452-081d-4c9a-b39d-8d4ba4fdf511,whatsapp,primary_dataset,whatsapp,Please send a girl to her house. There's going to be a visitor at night.,2021-01-10T11:59:30Z,0,en,1
51d0fc67-eab4-47bb-8845-3d307e44d9d7,whatsapp,primary_dataset,whatsapp,Give us our privacy back.,2021-01-10T11:59:01Z,1,en,1
c3d936d2-f850-44ee-95f8-b949ca7688a6,whatsapp,primary_dataset,whatsapp,Bring back our privacy!,2021-01-10T11:58:02Z,0,en,1
456e302d-709a-4514-8fcd-436f299f1209,whatsapp,primary_dataset,whatsapp,privacy has been destroyed,2021-01-10T11:56:13Z,0,en,1
7b07bb73-76ef-41e0-a70b-8dfe8f182e50,whatsapp,primary_dataset,whatsapp,The new rule is so fucked up that I can't keep my privacy anymore.,2021-01-10T11:55:19Z,0,en,1
0953cba8-6638-4fbf-8b44-3f7f4bede80e,whatsapp,primary_dataset,whatsapp,Privacy's mine. You take it.,2021-01-10T11:53:56Z,1,en,1
3302e3b0-c904-4b86-bb5f-eb812fb1b05e,whatsapp,primary_dataset,whatsapp,Why u want my data!?,2021-01-10T11:51:35Z,0,en,1
01b02827-4b49-478c-8df9-d2a05ddda302,whatsapp,primary_dataset,whatsapp,"ERROR PROGRAMS CAN ONLY RELIGE OTHER PRIVATION ORG, FOR YG HASN'T RESERVED TO BE BETTER DON'T!!",2021-01-10T11:50:22Z,0,en,1
033b9f5c-7dbe-47fd-a912-c07659d878e0,whatsapp,primary_dataset,whatsapp,Needs privacy boorrr!!!!!!!!,2021-01-10T11:49:46Z,0,en,1
8deb2c60-c52a-4c0e-9f80-c0e3968c7c38,whatsapp,primary_dataset,whatsapp,There's no fun in getting to know the privacy of this person.,2021-01-10T11:49:32Z,0,en,1
ed80b09e-7e27-447c-bd19-321b31006cff,whatsapp,primary_dataset,whatsapp,Whatsapp's new rules are not very good because our privacy is known to developers.,2021-01-10T11:49:23Z,0,en,1
bb642326-1c31-4490-9671-32bfa5eedaeb,whatsapp,primary_dataset,whatsapp,Rip Privacy,2021-01-10T11:48:27Z,0,en,1
178f64b1-98ae-4ebc-a30d-ec5ee99c3bfb,whatsapp,primary_dataset,whatsapp,Not Recommended Privacy No Safety!!!!,2021-01-10T11:48:16Z,0,en,1
91796c77-6ce5-498e-87e7-686f2aaae44a,whatsapp,primary_dataset,whatsapp,Harmful policy.,2021-01-10T11:47:10Z,0,en,1
5daabef6-5d76-4757-8793-92d6e44bf983,whatsapp,primary_dataset,whatsapp,It's like Google can no longer keep its privacy moving telegrams.,2021-01-10T11:45:42Z,0,en,1
8e6a5c17-6b45-44fe-a7e1-ab5b64c06764,whatsapp,primary_dataset,whatsapp,Privacy interrupted,2021-01-10T11:43:31Z,0,en,1
ca5bde7e-9fd6-4b35-ac71-aa3e88122ace,whatsapp,primary_dataset,whatsapp,Please give us our privacy back.,2021-01-10T11:39:52Z,0,en,1
1a9fd844-1db7-43e7-91c2-a67466595b77,whatsapp,primary_dataset,whatsapp,Privacy? We don't do that here Kuy install tele only,2021-01-10T11:39:51Z,0,en,1
811e501d-8101-4523-8c98-aff63a422328,whatsapp,primary_dataset,whatsapp,New policy that interferes with privacy. And getting here is a gk useful update app,2021-01-10T11:37:22Z,1,en,1
d3546f9e-995d-4c31-bc10-15ca89550a8e,whatsapp,primary_dataset,whatsapp,privacy rip,2021-01-10T11:36:19Z,0,en,1
13c21676-0434-43e0-8dfb-50706ab79077,whatsapp,primary_dataset,whatsapp,"Now that Udh g is privacy, they're jacked, we're made like their kids, they're slaves.",2021-01-10T11:36:18Z,0,en,1
6a90f08e-3f0f-4979-93bf-4f1a6a0cdd1c,whatsapp,primary_dataset,whatsapp,There's no privacy in this apl. We'll be hacked by our own new wa policy.,2021-01-10T11:30:11Z,0,en,1
ea71bac0-0bae-43a7-8d0b-53e9309b6d69,whatsapp,primary_dataset,whatsapp,I mean the terms to Facebook should move to my line.,2021-01-10T11:26:37Z,0,en,1
2402a255-78ec-4d4f-8542-d152b733594a,whatsapp,primary_dataset,whatsapp,Fix your privacy & policy that sucks,2021-01-10T11:20:55Z,0,en,1
10f0378f-9036-44ee-aa62-e40f966f1f74,whatsapp,primary_dataset,whatsapp,Sorry WA but you made me give you this star because your privacy is shared to my fb so disturbed,2021-01-10T11:19:17Z,0,en,1
e94b0be2-2fc3-4679-bcb6-f1f7c39b9dad,whatsapp,primary_dataset,whatsapp,It's better that his privacy policy is gone.,2021-01-10T11:11:04Z,0,en,1
ef7139c6-f263-4c99-bccd-5b379f98dded,whatsapp,primary_dataset,whatsapp,Can't keep privacy anymore.,2021-01-10T11:04:13Z,0,en,1
1f4af5a6-64e5-4c19-a67f-edee458d0c58,whatsapp,primary_dataset,whatsapp,Why with whatsapp conditions now does it require that we share personal information with facebook?,2021-01-10T11:04:09Z,0,en,1
091d4aff-011d-4924-9dee-ffb7b9047a6d,whatsapp,primary_dataset,whatsapp,"The one who accused TikTok of privacy, uh... even begged for privacy:v all to wear me off too if it wasn't for privacy, Facebook company ate his own spit awkwwkwkkk",2021-01-10T10:50:09Z,0,en,1
baef9080-19b5-4554-a77d-c80391dc5b7d,whatsapp,primary_dataset,whatsapp,Issues circulated that the facebook would commit the user's private data theft on whatsapp,2021-01-10T10:35:56Z,0,en,1
7d2a9c52-d0fb-406b-a08e-8e15f945afc0,whatsapp,primary_dataset,whatsapp,"Privacy Policy Makes Me Don't Want to Use This Application. I'd rather Give a Star 1 Aja. Move Wai applications, many chat applications besides wa. toolol applications",2021-01-10T10:32:06Z,9,en,1
1e18fe0b-330a-4bbb-b600-6691a2b361bf,whatsapp,primary_dataset,whatsapp,PRIVACY MATTER,2021-01-10T10:32:01Z,1,en,1
21420d9f-7218-47e3-b479-839cd00b89d0,whatsapp,primary_dataset,whatsapp,The latest notifications were so funny using the event if you don't agree with the account information it was deleted.,2021-01-10T10:25:25Z,1,en,1
0eabdadd-c51c-4a86-b36f-e488b83a4e0c,whatsapp,primary_dataset,whatsapp,Personal data leaking,2021-01-10T10:08:01Z,1,en,1
e56aa77f-398c-45db-8078-2c46e7e2ac90,whatsapp,primary_dataset,whatsapp,WhatsApp is bad if new policies actually hand over whatsApp data to Facebook,2021-01-10T10:00:16Z,0,en,1
0a595325-0ca6-483b-ba0f-53dc33312f59,whatsapp,primary_dataset,whatsapp,Please apply whatsapp/data not to facebook.. this is privacy..,2021-01-10T09:45:54Z,0,en,1
5266288a-ccc8-4c6c-841e-adc0b339aed9,whatsapp,primary_dataset,whatsapp,"Change the policy, I don't like the new privacy policy",2021-01-10T09:21:45Z,0,en,1
e946f6c2-b210-4e6a-a4bb-5d2c41269ccb,whatsapp,primary_dataset,whatsapp,"Disappointed with new policy, I'm sorry for the stars.",2021-01-10T09:14:16Z,0,en,1
8400e6f0-c328-472c-a933-997a5979dd1b,whatsapp,primary_dataset,whatsapp,"Haha no privacy, it's time to use signal",2021-01-10T08:54:53Z,1,en,1
f9514f79-36f0-42d1-8979-4194a1e7ff20,whatsapp,primary_dataset,whatsapp,"It seems that with new WhatsApp updates where all user data transfers to Facebook will make WhatsApp users less, because it is certain that the user's data will leak to Facebook, which has already been confirmed that Facebook has been leaked by users, auto-recorded whatsApp also leaks, because Facebook has previously also suffered data leaks,",2021-01-10T08:53:01Z,0,en,1
75e0b96e-3f25-4a76-bb8d-8b9d22d545d6,whatsapp,primary_dataset,whatsapp,Harmful policy.,2021-01-10T08:37:51Z,0,en,1
748ed45e-c68c-41e0-bb15-5d796c0e912a,whatsapp,primary_dataset,whatsapp,"I strongly disagree with whatsapp policy,",2021-01-10T08:31:59Z,0,en,1
c4e597fd-41f7-4248-a144-c6f1f26c3123,whatsapp,primary_dataset,whatsapp,New policy is scary. It's not safe. What uninstall switch to another.,2021-01-10T08:30:55Z,0,en,1
3ea7780b-d953-4268-883b-83825514c393,whatsapp,primary_dataset,whatsapp,Privacy is nothing,2021-01-10T07:40:05Z,0,en,1
ac64ac42-000d-421f-81e4-9bdd5bf7a7f5,whatsapp,primary_dataset,whatsapp,"New update privacy policy, my privacy?",2021-01-10T07:38:50Z,0,en,1
0bec77fd-45e1-4f09-b5fe-7db2a1f75acc,whatsapp,primary_dataset,whatsapp,Privacy has lost its dignity,2021-01-10T07:25:46Z,0,en,1
4dfab298-0b19-40b6-8b37-636d59db4e39,whatsapp,primary_dataset,whatsapp,Since the new updates and policies aren't showing up on the bar or on the key screen. It doesn't ring and it doesn't get off too if there's a notive so it can't know if there's an incoming message. Please fix it. Thank you.,2021-01-10T06:52:36Z,1,en,1
b8de4b67-ab64-4a6b-bf7e-2f0d86e10659,whatsapp,primary_dataset,whatsapp,Whatsapp's new policy cost users personal data confidentiality. Many will leave whatsapp,2021-01-10T05:49:42Z,0,en,1
065859ac-66bd-43df-90b6-34a75cf69468,whatsapp,primary_dataset,whatsapp,I don't agree with the new WA policy that results in the interference of user privacy!!!!!,2021-01-10T02:19:03Z,0,en,1
c5bb3d26-51d0-4de1-b27d-d66e8324f90d,whatsapp,primary_dataset,whatsapp,Why do you share data with Facebook?,2021-01-10T01:40:30Z,0,en,1
0c8b23f4-044d-478d-898f-fa822a069541,whatsapp,primary_dataset,whatsapp,Privacy will be wiped out. Really garbage applications are too much for the business of 1 person.,2021-01-10T00:47:05Z,0,en,1
d604f38f-3ef4-4385-9af1-49cb800b446a,whatsapp,primary_dataset,whatsapp,Unsafe data,2021-01-10T00:10:08Z,0,en,1
8d7a50cd-792b-4df8-8200-e4fe02768e02,whatsapp,primary_dataset,whatsapp,"It sucks to be in a pub when privacy isn't fun, so move on to a telegram.",2021-01-09T22:59:50Z,0,en,1
aa316a9b-11b5-4196-b5a2-d9d7afa0aef2,whatsapp,primary_dataset,whatsapp,"Bye WA, I'd like to move next door to a more private user hhahahahaha",2021-01-09T22:54:09Z,0,en,1
c616c348-3588-46b9-9730-8b92a8b77cc2,whatsapp,primary_dataset,whatsapp,Star one for privacy now...,2021-01-09T22:20:52Z,0,en,1
6a31dda1-a437-4118-9fd3-fca00a4b587b,whatsapp,primary_dataset,whatsapp,"I don't agree with whatsapp's privacy policy recently, I want to delete this application immediately, but I still need it for communication.",2021-01-09T22:16:37Z,0,en,1
a1c24286-a689-4258-8631-286a931c9d6c,whatsapp,primary_dataset,whatsapp,"Damn bro, y'all selling my privacy",2021-01-09T22:07:30Z,0,en,1
52ef9790-9fb8-4cbc-91f5-37b59349da44,whatsapp,primary_dataset,whatsapp,The privacy rip,2021-01-09T21:48:12Z,0,en,1
79f86046-3dc7-4622-a59e-4d5e15bf9097,whatsapp,primary_dataset,whatsapp,Why is whatshap now so from facebook will our data be safe??,2021-01-09T21:31:22Z,0,en,1
fcd77b78-97ed-4470-89d7-d2abddbcd258,whatsapp,primary_dataset,whatsapp,Data theft,2021-01-09T21:30:57Z,0,en,1
26374224-aa51-4866-a689-17a6c7f0b4a0,whatsapp,primary_dataset,whatsapp,Let's go back to our privacy.,2021-01-09T20:58:22Z,0,en,1
4e6a69dc-1fc4-425d-b164-53cd3a2bc9d7,whatsapp,primary_dataset,whatsapp,Wanna see my privacy kiddo ?,2021-01-09T20:52:45Z,0,en,1
ba0e8ae3-a62e-485f-add7-266ff83b0ff0,whatsapp,primary_dataset,whatsapp,"Why do all the data have to be sent to Facebook later if Facebook is hacked, how about the data that has been sent by WhatsApp users, I am disappointed with this application, please return it",2021-01-09T20:09:28Z,0,en,1
0c32bbfb-4a67-4b3c-a99f-dfc97b1c03bb,whatsapp,primary_dataset,whatsapp,"Dear WhatsApp, please change that new policy. Ads are fine, but don't run our data.",2021-01-09T20:00:03Z,0,en,1
1d7734d8-f944-47b9-a8ab-9d682d396394,whatsapp,primary_dataset,whatsapp,Move to telegram skuyy,2021-01-09T19:56:20Z,0,en,1
d3133a55-a68e-4005-9310-480172c33220,whatsapp,primary_dataset,whatsapp,"Please whatsapp developers do not cooperate with Facebook, we don't want our data to hear the issue that our data can be seen by Facebook, we are very begging, protect our privacy, please understand kurasa",2021-01-09T19:55:32Z,0,en,1
82fd058e-9018-4955-ad38-8474d80038a5,whatsapp,primary_dataset,whatsapp,The privacy is lacking. Please return it to the way it used to be.,2021-01-09T19:33:05Z,0,en,1
76035ae1-b1f2-4d94-a145-4cfccd7071bc,whatsapp,primary_dataset,whatsapp,Goodbye privacy...,2021-01-09T18:37:49Z,0,en,1
307f7b12-8a58-4aaf-b650-ac82441ea073,whatsapp,primary_dataset,whatsapp,I don't like it when it comes to Facebook.,2021-01-09T18:30:15Z,0,en,1
6caf4488-7683-48c4-94f8-38a8bb770536,whatsapp,primary_dataset,whatsapp,A private thief.,2021-01-09T18:19:07Z,0,en,1
6343017f-f929-4d05-b512-3f09d582e66b,whatsapp,primary_dataset,whatsapp,It's not safe and there's no privacy when sharing data with facebook,2021-01-09T17:58:20Z,0,en,1
31716c6e-fc15-455e-b8b0-4193cc864e68,whatsapp,primary_dataset,whatsapp,Bad is fetching user data,2021-01-09T17:13:46Z,0,en,1
114d02b3-365e-4664-8bfa-36df93db4672,whatsapp,primary_dataset,whatsapp,"Distributing user privacy, so snowden movie keinget.",2021-01-09T16:11:45Z,0,en,1
e70e1b3e-2769-487c-a694-4f1998d47aec,whatsapp,primary_dataset,whatsapp,"""Now the data can be sold.""",2021-01-09T15:02:59Z,1,en,1
0ae33401-d86b-4674-8052-1ce4c2a8e73c,whatsapp,primary_dataset,whatsapp,CONTINUE FOR NEW ACTIVITY,2021-01-09T14:41:51Z,0,en,1
c746aacb-0f3c-42af-b782-30915b80234b,whatsapp,primary_dataset,whatsapp,"Whatsapp used to be built to maintain privacy. And now why do you even go to Facebook? If this is how it's going to be safe, don't you guys make it a mistake.",2021-01-09T14:13:57Z,2,en,1
383a4a12-8bcf-4863-855e-23348e26a5de,whatsapp,primary_dataset,whatsapp,Don't agree with the new privacy rules.,2021-01-09T13:48:50Z,1,en,1
7951cd04-0a42-42ab-b4b5-157459767c8f,whatsapp,primary_dataset,whatsapp,Lack of privacy for the user,2021-01-09T13:17:15Z,1,en,1
7b2fd561-1b9e-46d2-a405-7600fde02a1f,whatsapp,primary_dataset,whatsapp,"Sory, I'll give you one -- starting February 2020, why does WhatsApp have to be connected to Facebook? &lt;i&gt;I'm not a Facebook user.&lt;/i&gt; &lt;i&gt;And I'm sure many don't use Facebook. &lt;i&gt;What else parents or people don't like publishing their privacy..&lt;/i&gt; &lt;i&gt;Do I have to move to another application, just because I have to connect to Facebook? &lt;/i&gt; &lt;i&gt; Please reconsider...",2021-01-09T13:00:49Z,104,en,1
49fbb74d-be10-4a24-a474-940c5d21c1f6,whatsapp,primary_dataset,whatsapp,Let's uninstall it. lf you say this application is good go ahead but your data will leak,2021-01-09T12:48:24Z,0,en,1
cd32251f-9e74-4fec-a627-455895117944,whatsapp,primary_dataset,whatsapp,what u gonna do with my data,2021-01-09T12:40:52Z,1,en,1
9ac92b1e-6628-4436-a540-11af1eaea1b6,whatsapp,primary_dataset,whatsapp,"Tong updates te clearly data barrels transferred ka FB,",2021-01-09T12:31:16Z,0,en,1
6b46611f-d967-4d09-ae20-630fee81cda8,whatsapp,primary_dataset,whatsapp,I don't agree with the latest policy.,2021-01-09T12:14:15Z,0,en,1
1ef7d721-9daf-4eef-abe5-4b88d48f9de6,whatsapp,primary_dataset,whatsapp,How can people's privacy not be guarded?,2021-01-09T12:10:09Z,0,en,1
86e1c2aa-a07d-4599-a50b-88d6a3fe3d40,whatsapp,primary_dataset,whatsapp,Data's dead. It's not safe anymore.,2021-01-09T12:09:40Z,0,en,1
49edf5a7-d90c-456c-ac06-95b3296df584,whatsapp,primary_dataset,whatsapp,Now there's no privacy.,2021-01-09T11:55:49Z,1,en,1
b201c076-7b77-42e7-ae11-4aed88ca7098,whatsapp,primary_dataset,whatsapp,(January 2021) Disappreciated User Privacy.,2021-01-09T11:47:10Z,0,en,1
3abb3445-479f-47d0-9c33-bf55c818f301,whatsapp,primary_dataset,whatsapp,Why should we agree to share data with you?,2021-01-09T11:45:12Z,0,en,1
04ff1913-0da2-4b95-93b3-ff0254b9cc6a,whatsapp,primary_dataset,whatsapp,Please rebut the February 1st policy.,2021-01-09T11:34:22Z,1,en,1
042e0a94-d8a1-4a01-91b5-4028ba497a07,whatsapp,primary_dataset,whatsapp,Regarding the policy of whatsapp that requires the user to give the data on Facebook on 8 Feb to be disturbing at the fear of leaking personal data and harming the user. Please put the user's privacy first.,2021-01-09T11:20:10Z,0,en,1
60f9d55a-6a18-466f-a837-8da9671f24d4,whatsapp,primary_dataset,whatsapp,Why send the data to the FB? I don't think there's any privacy here.,2021-01-09T11:17:31Z,0,en,1
034d2d69-0780-4388-b39f-3a0da6e21626,whatsapp,primary_dataset,whatsapp,Never share your data with the fb,2021-01-09T11:02:12Z,0,en,1
b0299c14-8f1e-4841-a714-265aca9d7aad,whatsapp,primary_dataset,whatsapp,I'm sorry for the developer. What's with the new wa policy? Why should all the data be shared to fb?,2021-01-09T10:56:53Z,0,en,1
f3914338-a527-4dac-acfd-bea86f5e4409,whatsapp,primary_dataset,whatsapp,"fontcolor="" # FFFF00""thepocalypseifyoureplaced fontcolor="" # FFFF00""ifyoucanreplace fontcolor="" # FFFF00""like fontcolor="" # FFFF00""the privacyofpeopleintheguard fontcolor="" # FFFF00""Iwillnotliftthisstar,letit fontcolor="" # FFFF00""ifyou'restable fontcolor="" # FFFF00""ifyoucanretreplaced fontcolor="" # FFFF00""replaced fontcolor="" # FFFF00""loreplace fontcolor="" # FFFF00"" fontcolor="" # FFFF00"" fontcolor="" # FFFF00"" fontcolor="" # FFFF00"" fontcolor="" fontcolor="" fontcolor="" fontcolor="" fontcolor="" # FFFF00"" fontcolor="" # FFFF00"" fontcolor="" fontcolor="" # FFFF00"" # FFFF00"" fontcolor="" fontcolor="" # FFFF00"" fontcolor="" # FFFF00"" fontcolor="" # FFFF00"" font"" fontcolor="" # FFFF00"" # FFFF00"" # FFFF00"" fontcolor="" fontcolor="" fontcolor"" # FFFF00"" fontcolor="" fontcolor="" # FFFF00"" fontcolor="" fontcolor="" fontcolor="" # FFFF00"" fontcolor="" # FFFF00"" # FFFF00"" font"" # FFFF00"" # FFFF00"" # FFFF00"" font"" font"" #"" # FFFF00"" # FFFF00"" font"" fontcolor="" font"" font"" fontcolor="" fontcolor=""if"" font"" font""if"" font"" font"" font"" font"" font"" font"" font"" font"" font"" font""if"" font"" font"" font"" font"" font"" font"" font"" font"" #"" #"" #"" font"" font"" #"" #"" # FFFF00"" # FFFF00"" font"" font"" #"" # FFFF00"" font"" font"" font"" font"" font"" font"" font"" font"" font"" font"" font"" font"" font"" font"" font"" font"" # FFFF00"" # FFFF00"" #",2021-01-09T10:55:32Z,0,en,1
84348537-4e23-41ef-8e9e-a931acff80d8,whatsapp,primary_dataset,whatsapp,Isn't the cloud enough? &lt;i&gt;It doesn't make sense? &lt;/i&gt; &lt;i&gt; It doesn't make sense. &lt;/i&gt; &lt;i&gt; It doesn't make sense. &lt;/i&gt; &lt;/i&gt; &lt;i&gt; It doesn't make sense. &lt;/i&gt; &lt;i&gt; It doesn't make sense. &lt;/i&gt; &lt;/i&gt; &lt;i&gt; It doesn't make sense. &lt;/i&gt; &lt;/i&gt;,2021-01-09T10:53:44Z,0,en,1
3fcb535d-4d6c-4be2-90ca-5572402229bb,whatsapp,primary_dataset,whatsapp,"Don't leak whastapp's account data, it'll be used by irresponsible parties!",2021-01-09T10:36:46Z,2,en,1
96509b86-bc73-4192-97fa-19beddc89f93,whatsapp,primary_dataset,whatsapp,Whatsapp overexerts the user's privacy,2021-01-09T10:35:55Z,3,en,1
a8937a0a-9dd3-43c5-ac7b-4b403be7e919,whatsapp,primary_dataset,whatsapp,"Everything changes first. The user's privacy is now being distributed to Facebook, what kind of commitment is this, used to be most venerated until bbm roll-up mat because of you, now get ready to follow the mat because of your own policy, I'll uninstall it now.",2021-01-09T10:34:25Z,42,en,1
3bf7a3e2-b63e-485f-b97d-c0ccc6edd61e,whatsapp,primary_dataset,whatsapp,"I uninstalled it because of the new app policy, but I prefer privacy.",2021-01-09T10:33:49Z,2,en,1
53223457-1361-4da2-8ad6-3982050bc246,whatsapp,primary_dataset,whatsapp,The new policy made by Mark is very damaging to users of whatsapp... -Whatsapp services and how we process your data - the way businesses use services hosted by Facebook to store data managing their Chat wa.,2021-01-09T09:32:43Z,1,en,1
44c6897e-9d9a-40f1-b982-e200bf28d924,whatsapp,primary_dataset,whatsapp,Privacy number one.,2021-01-09T09:32:25Z,0,en,1
1b26b863-7d26-410e-a4f5-73ef8463fbbe,whatsapp,primary_dataset,whatsapp,"Whatsapp can now be strange!!! Forcing the user to agree that his user's data is visible to facebook, I really regret this policy!! I beg you not to force it like this, the Whatsapp request to resurface this issue.",2021-01-09T09:31:50Z,256,en,1
95098789-df72-491e-aacf-fccef87b564f,whatsapp,primary_dataset,whatsapp,"Is it true whatsap data should all be shared to fb all?? If this is what it is called data theft and could be dangerous our accounts are hijacked, our privacy is not safe, our accounts are not responsible, more apps are deleted, switch to BBMs are safe,",2021-01-09T09:29:49Z,12,en,1
ed197e42-966e-4bac-9b02-f9240ea3519d,whatsapp,primary_dataset,whatsapp,Assalamu alaikum I'm a widower who wants to downloud this watsaap but 1000 hours I'll wait to get downloud even after installing and the Wifi data I've been activated please help me (it's my phone or her watsaap that's broken),2021-01-09T08:58:19Z,1,en,1
f2d2aefa-96e3-4365-a95d-fcbe221189ac,whatsapp,primary_dataset,whatsapp,I don't want a messenger app attached to another app. What else with facebook is so annoying with its commercials and other endorses don't block facebook. Whatsapp acquisition can be as good as it is!!!,2021-01-09T08:51:24Z,8,en,1
c0c9cf28-988f-42f4-9376-963d4000fed3,whatsapp,primary_dataset,whatsapp,Don't force us to go along with new rules!!!,2021-01-09T08:50:31Z,0,en,1
03493afa-ff71-4059-873f-8e2eeff586a6,whatsapp,primary_dataset,whatsapp,bad for new privacy policy,2021-01-09T08:28:12Z,0,en,1
81f5a884-b77b-4da2-b77e-358ad5ea4805,whatsapp,primary_dataset,whatsapp,"fontcolor="" # FFFF00""Whatdoyouhavetosay fontcolor="" # FFFF00""privileged fontcolor="" # FFFF00""lissfortheschoolchildren fontcolor="" # FFFF00""Wayy",2021-01-09T08:24:47Z,0,en,1
ba7d5af6-7e55-4cad-b99d-f7ecd578e9b7,whatsapp,primary_dataset,whatsapp,RIP PRIVACY,2021-01-09T08:06:19Z,0,en,1
5ab490db-c542-46b9-a22a-8b10d97aac3d,whatsapp,primary_dataset,whatsapp,"What do you want to do with the old FB? Make it hard, not all the data should forget to know.",2021-01-09T07:51:52Z,0,en,1
0e109acb-4b82-4498-af2a-139e759694e5,whatsapp,primary_dataset,whatsapp,"Not as close as the YG's attorneys are able to read the private data, to wish me the best I've ever had, but if there's ever been a chance, then there's a time when he's got whatsapp JG, that's how he's gonna die.",2021-01-09T07:43:29Z,0,en,1
3303c189-ccb3-4017-9cd9-677b398d6b5d,whatsapp,primary_dataset,whatsapp,"Why did the data have to be sent to Facebook? &lt;i&gt; &lt;i&gt;It's a pity that the entire society isn't going to be released.&lt;/i&gt; &lt;i&gt;Because it will be deleted on February 8th, 2021.&lt;/i&gt; &lt;i&gt;It's a pity that the school kids / lecture online is like if they were deleted / the data was sent to Facebook. &lt;/i&gt; &lt;i&gt; It's a pity that the school /lt;/i&gt;",2021-01-09T07:26:41Z,0,en,1
6ab30aae-caea-479e-89d7-5e6e00331954,whatsapp,primary_dataset,whatsapp,The more disturbing his new policy,2021-01-09T07:00:14Z,0,en,1
3e239be9-65eb-4c79-8134-54f412347c35,whatsapp,primary_dataset,whatsapp,"Privacy is getting threatened, moving other applications.",2021-01-09T06:49:09Z,0,en,1
80fb0cb1-09e5-440f-9004-805f53ef6ac6,whatsapp,primary_dataset,whatsapp,Bad new policy to partner with favebook.,2021-01-09T06:43:13Z,0,en,1
f85e630c-5550-4a81-ab53-73e4f061cac4,whatsapp,primary_dataset,whatsapp,"Please, chat. All of a sudden it's been erased, and the data's been erased, which just opened the phone.",2021-01-09T06:33:20Z,0,en,1
4cf7defe-c4f3-4e78-92ec-84daa10d454c,whatsapp,primary_dataset,whatsapp,There's a new policy he said 00 has come up twice.. but I forgot to tell you how TT_TT I want to get an explanation for why there has to be such a new policy..,2021-01-09T06:31:28Z,49,en,1
8c17236e-1292-471c-9934-5bab6d4f19e5,whatsapp,primary_dataset,whatsapp,"Bad to have to facebook everything, etcetera",2021-01-09T05:54:21Z,0,en,1
30fc1c4e-0a02-488a-9967-a9586e09fcab,whatsapp,primary_dataset,whatsapp,"Got to hand the data to the fb,",2021-01-09T05:09:22Z,0,en,1
f5f14792-eb88-4281-bbe5-db624753925a,whatsapp,primary_dataset,whatsapp,"China steals data, it's even worse, coercion takes someone else's data, thieves screaming, iron face.",2021-01-09T05:02:36Z,0,en,1
98d65363-3c39-4e79-a858-20d0872fbb5b,whatsapp,primary_dataset,whatsapp,"I'd like to ask you about the new wa policy, which is how all the data goes to fb if you don't agree that the account will be deleted by the other side. So we're going to have to do something about it.",2021-01-09T04:18:07Z,0,en,1
cbd1624e-1cb2-4b8e-b1df-018b9435820b,whatsapp,primary_dataset,whatsapp,"A little disappointed with the update, let alone handing over the data.",2021-01-09T02:32:15Z,0,en,1
402db9ab-7f95-4e52-913b-7b7fc7308530,whatsapp,primary_dataset,whatsapp,"Please don't play privacy with the data, it's really disturbing.",2021-01-09T01:42:40Z,0,en,1
fc3e9f33-4aca-413b-bcbd-8a0df374a722,whatsapp,primary_dataset,whatsapp,THE NEW FACT OF THE WHOLE USE OF OUR USE IS PROMISED BY WHATSAPP GPS PAYMENT IMEI/TLP GALERI,2021-01-09T01:24:58Z,0,en,1
320a599d-f8fb-4abb-bec3-06f145f0494d,whatsapp,primary_dataset,whatsapp,Sell data to sell data,2021-01-09T01:00:29Z,0,en,1
650719a6-184a-4336-89ce-b189e346abb1,whatsapp,primary_dataset,whatsapp,The policy is to invite people.,2021-01-09T00:55:04Z,0,en,1
5a0d88c5-52d3-41b7-88c3-16a613e2b99a,whatsapp,primary_dataset,whatsapp,Restore Our Privacy,2021-01-08T22:58:21Z,0,en,1
41b3dcf3-55e1-47d0-b541-4072cfa9390a,whatsapp,primary_dataset,whatsapp,"dont use whats App anymore!!!, they steal your private data",2021-01-08T22:07:23Z,0,en,1
abf7c3e3-8d67-4563-b999-db76ccb2333e,whatsapp,primary_dataset,whatsapp,"Developer can't keep a user's privacy, it's time to log in to his number by verifying his phone, it's important to log in. It's important to return no wa.",2021-01-08T21:47:53Z,7,en,1
e145ba75-211b-43ac-ab47-8537a8fecb16,whatsapp,primary_dataset,whatsapp,I am doing this since I do not agree with whatsapp new privacy policy.,2021-01-08T21:17:57Z,5,en,1
efd899bb-f6c9-47c2-8349-5fb0f16e83fb,whatsapp,primary_dataset,whatsapp,"I'm sorry it's an app instead of handing over the data to Facebook, but they said it had a purpose for privacy. Now it's on Facebook.",2021-01-08T21:06:09Z,0,en,1
9c789456-84d6-434d-a96e-3380ea5e90e5,whatsapp,primary_dataset,whatsapp,Time should give the data to the idiot's facebook,2021-01-08T20:22:51Z,0,en,1
e15d5dd2-458c-44ec-ab61-a79d9e241376,whatsapp,primary_dataset,whatsapp,Please fix it because you can't privacy someone who can look at my profile.,2021-01-08T20:13:13Z,0,en,1
cc9c890b-bfa4-4be8-83ee-76719f666707,whatsapp,primary_dataset,whatsapp,why have to submit data to facebok,2021-01-08T19:43:17Z,0,en,1
2c245cb8-35a4-4ccb-a3ee-ecdf21b0b756,whatsapp,primary_dataset,whatsapp,"I don't agree with giving out personal data to Facebook because it violates privacy. Anyway, I disagree and I don't want to lose my account.",2021-01-08T19:10:40Z,266,en,1
07b68e36-8ba2-4f15-95a2-4150e0be5b4b,whatsapp,primary_dataset,whatsapp,It's not comfortable with new policies... it's better with old policies.,2021-01-08T18:27:20Z,1,en,1
3882df87-3db6-4518-97f6-aab8d78135b2,whatsapp,primary_dataset,whatsapp,"What's with all the data, all the weird stuff, if our data leaks?",2021-01-08T18:26:25Z,0,en,1
060ee3dc-0fd0-4dc9-a448-03793647e5d0,whatsapp,primary_dataset,whatsapp,"Whatsapp, please fix the storage area. It's hard to clean up the memory separately. I want an old feature that can be separated.",2021-01-08T18:09:00Z,1,en,1
bf771f47-932f-47ec-b9c3-cf4065963bb7,whatsapp,primary_dataset,whatsapp,"It's funny: so don't act like you're making weird, private privacy.",2021-01-08T16:56:07Z,0,en,1
70f704fc-5440-43e7-aa28-283dbf2b718a,whatsapp,primary_dataset,whatsapp,Males now we have to connect the Facebook account when it's private.,2021-01-08T16:53:16Z,0,en,1
030b28a4-eccb-4fb9-b8df-1fd144fca1e2,whatsapp,primary_dataset,whatsapp,Your privacy is at stake.,2021-01-08T16:48:12Z,0,en,1
628dd6e0-a1fb-4afc-a4f1-ef222ca96f25,whatsapp,primary_dataset,whatsapp,"Please do not give us any ads and we also want to keep our privacy so please don't open the privacy of others, because we are burdened by the next wa update by spreading other people's privacy.",2021-01-08T16:26:11Z,1,en,1
a74b2b70-117d-472a-9cbf-677440d9aabc,whatsapp,primary_dataset,whatsapp,"If whatsapp is going to connect to the fb as it is reported, and whatsapp data has to be connected to Facebook I prefer to stop using whatsapp, because there are other apps to use.",2021-01-08T16:06:10Z,0,en,1
70b39c82-07c6-4358-a846-ad60d319396b,whatsapp,primary_dataset,whatsapp,"It's whatsapp's new policy that's disturbing, because it's already violated user privacy.",2021-01-08T15:59:18Z,1,en,1
954382bc-fd6b-441a-84e1-924de4f8c065,whatsapp,primary_dataset,whatsapp,WHATSAPP AND FACEBOOK ENTERING OUR DATA ALL IN THE NEXT MONTH NOT HOAX,2021-01-08T15:46:35Z,0,en,1
0d5de7ba-cbd0-463d-b42d-dbabdcbae0b8,whatsapp,primary_dataset,whatsapp,"Whatsapp makes a unilateral virtue, personal data that you shouldn't take for granted!",2021-01-08T15:46:00Z,0,en,1
da141d8a-97c3-4b7d-900e-3e4a37d3f1d6,whatsapp,primary_dataset,whatsapp,There's no privacy now.,2021-01-08T15:34:23Z,0,en,1
f91b2b88-3a45-448a-930e-3da0229fa563,whatsapp,primary_dataset,whatsapp,"What's going on, what's going on, what's going on, what's going on, what's going on, what's going on, what's going on?",2021-01-08T14:40:05Z,1,en,1
37fef128-cca4-48c1-96d8-2b93acb30247,whatsapp,primary_dataset,whatsapp,Privacy,2021-01-08T14:37:43Z,0,en,1
36022176-2b08-4af1-9e1d-c1774cb7463e,whatsapp,primary_dataset,whatsapp,His privacy policy is one-sided?,2021-01-08T14:19:41Z,1,en,1
31bc883c-f3eb-44b2-87c3-cdf1b2360286,whatsapp,primary_dataset,whatsapp,Please make it sound policy.,2021-01-08T13:45:33Z,0,en,1
b91c6c90-66f1-4f0c-a8a3-642b0e1efa56,whatsapp,primary_dataset,whatsapp,It's no fun now forcing data forwarded to the fb,2021-01-08T13:31:29Z,1,en,1
5153e65d-4fb3-4fa3-bcf0-1711b224e15c,whatsapp,primary_dataset,whatsapp,"I don't agree with whatsApp's decision to hand over the data to Facebook, so just move on.",2021-01-08T12:46:01Z,0,en,1
4d1c4f44-4a96-4681-8391-66a631308576,whatsapp,primary_dataset,whatsapp,"As a result of my new privacy policy, I prefer a telegram.",2021-01-08T12:40:02Z,0,en,1
0eea3144-51f1-47f7-a40f-4c8e8783cb63,whatsapp,primary_dataset,whatsapp,"Tgl 8 months 2 February auto uninstall this application, hijrah to a better telegram without having to give data to fb",2021-01-08T12:37:43Z,0,en,1
6c9f4765-1c70-49a7-a78d-6a4883182389,whatsapp,primary_dataset,whatsapp,"Since the application was told to connect to Facebook, it's been terrified.",2021-01-08T12:34:19Z,0,en,1
a6d7287c-1a82-43c5-b601-97e225ef0ff5,whatsapp,primary_dataset,whatsapp,That's a great blend for your application.,2021-01-08T12:33:01Z,0,en,1
42782e04-4db5-41da-a0e6-376f881ec384,whatsapp,primary_dataset,whatsapp,I am disappointed by whatsapp's latest policy of invasion of privacy,2021-01-08T12:11:58Z,0,en,1
72a61eba-8524-4b77-a332-e4e2283ff758,whatsapp,primary_dataset,whatsapp,Why should share privacy,2021-01-08T11:56:25Z,0,en,1
def1d403-dd0a-4559-a47e-186634946ba1,whatsapp,primary_dataset,whatsapp,privacy's getting unsafe.,2021-01-08T11:38:38Z,0,en,1
49e8a9d2-508d-4e4a-b5b2-cfa59a3204ea,whatsapp,primary_dataset,whatsapp,"The data thief, the latest privacy policy is not so partial to privacy and data users. Uninstall is now!",2021-01-08T11:35:06Z,1,en,1
ea1427b0-9015-4f7e-83f0-2a884171ad75,whatsapp,primary_dataset,whatsapp,"whatsApp was created for privacy, why should you follow Facebook? Facebook is a very insecure platform for now.",2021-01-08T10:48:01Z,0,en,1
609691cc-cfa4-4f53-96b6-c1e59c53487d,whatsapp,primary_dataset,whatsapp,"Better telegrams, more privacy, more awake and safe.",2021-01-08T10:42:37Z,0,en,1
b631efc2-3fc9-4e26-b883-91d0e973e6ab,whatsapp,primary_dataset,whatsapp,Why would you leak data to a fesbuk? I'm sure there's no such thing as stealing basics.,2021-01-08T10:27:27Z,1,en,1
2d9f4722-2b81-46c9-baad-3a6032b383ec,whatsapp,primary_dataset,whatsapp,"Since there's no privacy anymore, think about removing wa & fb even though it's been used for a long time.",2021-01-08T10:25:06Z,0,en,1
2ef7caeb-01c0-40bc-9339-a5431b5704de,whatsapp,primary_dataset,whatsapp,"Nak's got Facebook, uh... forced to spread the data to the FB, OTW Move line or telegram",2021-01-08T10:15:16Z,0,en,1
dbf6382e-e8e6-4894-9ead-6358400c6095,whatsapp,primary_dataset,whatsapp,The new Privacy Policy makes us unsafe so that privacy is not guarded,2021-01-08T10:13:12Z,0,en,1
a88cc111-9e72-4b2b-b787-1a9ea7a13e2b,whatsapp,primary_dataset,whatsapp,"Please don't make a weird policy about how to tie an account to Facebook because it's very damaging to people who still go online, if the data leaks, then whatsApp won't be responsible. Please change the policy. There are still a lot of people who need it for school and work.",2021-01-08T10:08:35Z,0,en,1
cfdfee44-e7fc-4a52-85ec-13bf0c528eb9,whatsapp,primary_dataset,whatsapp,"No good, privacy is being published to Facebook, bye WhatsApp, Welcome Telegram",2021-01-08T10:06:16Z,0,en,1
3895be26-e47a-4357-b424-7cd0a3d36c8a,whatsapp,primary_dataset,whatsapp,"To the WhatsApp, I get a notification, what is it? I don't understand: (Now that WhatsApp users are reduced, if they continue to stay tight until nobody makes WhastApp, so please don't tell me it's not too much of a policy, if you just say it's okay to go ahead with WhatsApp, but the zeroak stayed on the banner, eh?",2021-01-08T10:02:53Z,81,en,1
68329d30-7824-4de0-854f-c859b339ee46,whatsapp,primary_dataset,whatsapp,RIP PRIVACY,2021-01-08T09:57:26Z,0,en,1
93797bf2-5dd7-4b22-94b4-68b1f0cd0cad,whatsapp,primary_dataset,whatsapp,"After it's been updated, it's been a long time since it's been a good number of data.",2021-01-08T09:55:00Z,0,en,1
47a49a6c-17f4-4498-b2c1-f03e9996c6e2,whatsapp,primary_dataset,whatsapp,"My disappointment with whatsapp, when whatsapp used to be for privacy is now being transferred to Kefecbok.",2021-01-08T09:48:06Z,0,en,1
6bf4d3c8-5a41-4aa7-98ba-77612ce55ee6,whatsapp,primary_dataset,whatsapp,"With new rules, no hacks, because netizens need privacy, too.",2021-01-08T09:47:01Z,0,en,1
2c552d61-f24a-4f1b-a051-2141c307275e,whatsapp,primary_dataset,whatsapp,But... there's an update on whatsapp privacy policy...,2021-01-08T09:38:57Z,1,en,1
27f50124-882e-4004-ae0a-c378675a1634,whatsapp,primary_dataset,whatsapp,Please don't leak my privacy data.,2021-01-08T09:25:47Z,0,en,1
fb7d9a20-d916-428e-b006-8071fc263d1f,whatsapp,primary_dataset,whatsapp,When I will update my WhatsApp. &lt;i&gt;All of my chat has suddenly disappeared. &lt;i&gt;And I have no backup data. &lt;i&gt;I don't know why it happened. &lt;i&gt;Because I don't do anything that can be destroyed my chat. &lt;i&gt;It was happened suddenly. &lt;i&gt;There was no information first or anything. &lt;i&gt;Was it a problem with Whatsap?,2021-01-08T09:16:13Z,0,en,1
28c7e927-d91a-4e84-97cf-c80761cbfe19,whatsapp,primary_dataset,whatsapp,Uninstall WhatsApp Your Personal data not save Facebook get your info data...,2021-01-08T09:10:51Z,0,en,1
5fb0cf24-b0c8-4e40-b090-fb7afedfb614,whatsapp,primary_dataset,whatsapp,What time should we turn the data over to the fb? It means our privacy should be on the phone.,2021-01-08T08:29:15Z,0,en,1
a0659507-e0b3-42c0-bd6c-ebefb8da86f5,whatsapp,primary_dataset,whatsapp,It's the safest thing for a user to have access to FACEBOOK's privacy.,2021-01-08T07:19:48Z,1,en,1
69f37c5f-f5cc-4128-8aa3-19fc39ad7351,whatsapp,primary_dataset,whatsapp,The police n privacy is so sucks,2021-01-08T06:41:10Z,1,en,1
5ec9f6a4-1fbe-4ffa-b770-897b3c4c19c8,whatsapp,primary_dataset,whatsapp,"The policy of uploading the user's data that can't guarantee the safety of the data. Even a company as big as googled as its user is willing to act like a pke uploader's data, can guarantee it's safe? If there's anything going on? Fast response does not?",2021-01-08T06:38:16Z,113,en,1
8b1b4b98-2714-4fa7-ad50-8f28ca8ecf95,whatsapp,primary_dataset,whatsapp,#SavePrivacy!,2021-01-08T06:35:55Z,1,en,1
29ef9811-3d46-46f4-82a7-fb01130cb58e,whatsapp,primary_dataset,whatsapp,Forced policy,2021-01-08T04:08:50Z,0,en,1
57995f84-677d-40d4-bfbb-66c9ae8e6ecf,whatsapp,primary_dataset,whatsapp,"How did whatsap say there's an update that has to be connected on Facebook. It's that I don't have any FB anywhere, but if it's connected to the FB nti couples who have WhatsApp connected to the FB could cause this divorce because they washed their eyes in fb Hadeh.",2021-01-08T01:42:21Z,0,en,1
6cd36ce6-d6a8-4caa-8ca4-7fe293699a38,whatsapp,primary_dataset,whatsapp,WhATSAPP rules are getting crazier. Just like the developer. Crazy.,2021-01-08T01:38:51Z,0,en,1
89f042d8-2e9b-4961-b5bc-e5e045dc659d,whatsapp,primary_dataset,whatsapp,"Please whatsapp why should share our data to Facebook anyway, what kind of policy is this I don't understand",2021-01-08T01:37:09Z,0,en,1
f6fef723-48d9-4606-b7e4-f01ad00d21a7,whatsapp,primary_dataset,whatsapp,Where's the data? 10 GBs?,2021-01-08T00:29:37Z,0,en,1
b02f8844-a60b-4d59-869f-589ec7f8f754,whatsapp,primary_dataset,whatsapp,"Please do not have a policy that gives our privacy to Facebook, I am very disappointed",2021-01-08T00:03:44Z,0,en,1
0ca3e8d8-1f27-4dae-acbc-64fb5d753e88,whatsapp,primary_dataset,whatsapp,"Hello admin or developer, I don't want my data to be submitted to Facebook, because of what? because of what? Because the data on WhatsApp is privacy.",2021-01-07T23:53:04Z,0,en,1
4bdeba0b-ae5e-4545-ae23-1330b554bd91,whatsapp,primary_dataset,whatsapp,Why are you so comfortable?,2021-01-07T23:51:49Z,0,en,1
ad77973d-63a2-42e7-8d14-a0ff3b59b00e,whatsapp,primary_dataset,whatsapp,Gag agreed to whatsapp's new policy on the 8 Feb he said,2021-01-07T23:10:38Z,0,en,1
d5800463-070e-4a5b-83bc-b87cc6063185,whatsapp,primary_dataset,whatsapp,"Whatsapp so it's not fair if I have to have Facebook first then agree, then I can... please... what about my parents who don't have Facebook... I have to download it first... please... have mercy on my parents...",2021-01-07T22:54:33Z,1,en,1
32583166-f91a-4fe0-8fb4-51c1c86f5145,whatsapp,primary_dataset,whatsapp,"Please clarify the wa update that can hack into the privacy of the updated WA user on January 8, 2021. Explain in detail that we users are not getting mixed and disturbing news.",2021-01-07T22:25:53Z,4,en,1
67cbf680-bbb1-4a86-8c86-a6c30f88ce13,whatsapp,primary_dataset,whatsapp,"Cancel the new policy that force us to submit data to Facebook, please respect our privacy",2021-01-07T22:25:31Z,0,en,1
787d016f-bd6e-433e-8880-116967a6e899,whatsapp,primary_dataset,whatsapp,"If we have to leak our accounts on Facebook, we'd rather download TELEGRAM/line.",2021-01-07T22:22:01Z,0,en,1
08d8175f-f3e1-4069-a957-3a15204a03c7,whatsapp,primary_dataset,whatsapp,"Please make it so that the whatsapp doesn't have to make strange policies"" until we give the data to Facebook, we also need to have a software.",2021-01-07T22:21:11Z,0,en,1
4ae05186-3cb1-4988-8536-8a2d492364a7,whatsapp,primary_dataset,whatsapp,"With new privacy provisions, I will automatically remove whatsapp from my phone.",2021-01-07T21:41:11Z,0,en,1
40934031-64ad-456a-8814-aae2219b4c48,whatsapp,primary_dataset,whatsapp,Please don't cooperate with the FB later. Most family privacy is leaked.,2021-01-07T21:37:50Z,0,en,1
6ee5dae5-a518-40fb-bf4e-441244cff800,whatsapp,primary_dataset,whatsapp,"Watch out for djack data, yo pke telegram",2021-01-07T21:19:35Z,0,en,1
cb8cc3f3-431e-4346-980a-5e4790055843,whatsapp,primary_dataset,whatsapp,The stupid privacy-time app should be told the stupid application is useless,2021-01-07T21:18:41Z,0,en,1
ed92ffda-7dd2-4e53-a05d-37664c4f8914,whatsapp,primary_dataset,whatsapp,"So why shouldn't I keep people's privacy, and Jan is getting leaked? It's kind of disappointing.",2021-01-07T21:10:45Z,1,en,1
bd3124f2-96c7-40ef-a24a-43ab1bba084d,whatsapp,primary_dataset,whatsapp,It's really good this way. The data has to be added to the fb. It's hard to say that fb user data has been leaked again by 267 jt user.,2021-01-07T21:07:25Z,0,en,1
0955b5f0-ad9d-4937-a7ab-ca0b020881a2,whatsapp,primary_dataset,whatsapp,Why do you need to transfer data to Facebook?,2021-01-07T21:02:56Z,0,en,1
501dbac9-2c95-4e75-b3bc-057714bb40c8,whatsapp,primary_dataset,whatsapp,Why did you ask me to move data to the fb?,2021-01-07T20:15:04Z,0,en,1
fe203fba-4e1c-473a-9615-22a6bb2999be,whatsapp,primary_dataset,whatsapp,"Why did you force us to leak our data to Facebook at February 8, 2021 instead go back to the BBM?",2021-01-07T19:35:07Z,0,en,1
d523e81c-eb72-47b3-88b6-d9667156ed0c,whatsapp,primary_dataset,whatsapp,Why did you have to hand over the data when it was hacked? How would you answer me? Watch out if you lose the data.,2021-01-07T18:12:08Z,0,en,1
fcf1a3f5-d7b9-4de0-bb02-8bb0091f5a1b,whatsapp,primary_dataset,whatsapp,The newly created policy is very coercive for whatsapp users,2021-01-07T17:25:23Z,0,en,1
49308141-add6-4aa2-b7ce-aba0aac535e8,whatsapp,primary_dataset,whatsapp,Why do we have to go to Facebook?,2021-01-07T16:11:46Z,0,en,1
c5a0de59-32a3-4b50-bbfb-ae50a6c424fd,whatsapp,primary_dataset,whatsapp,Why is whatsapp different now having to submit data to Facebook pity people who don't know anything,2021-01-07T14:59:40Z,0,en,1
43592ac4-4a77-475b-b2d3-0ce1097e2069,whatsapp,primary_dataset,whatsapp,The more clear his privacy,2021-01-07T13:57:27Z,0,en,1
f7ac622f-0535-4996-bfd7-ae03700be561,whatsapp,primary_dataset,whatsapp,Upload old videos using both data and WiFi,2021-01-07T13:20:06Z,0,en,1
da8f9695-f368-4217-955b-94a7d9b8aea9,whatsapp,primary_dataset,whatsapp,"Hey, Swatsap. There's a privacy policy.",2021-01-07T12:54:28Z,1,en,1
b50a5780-8ac2-49af-8657-a07ecaa0b14f,whatsapp,primary_dataset,whatsapp,The user's personal data is ready to be retrieved by Mark Zucc again.,2021-01-07T08:36:54Z,0,en,1
4ec10498-abe2-4252-8147-9a3781e63c7b,whatsapp,primary_dataset,whatsapp,Please don't force me to update all my files so I'll still need... last month's work to be done... don't do that...,2021-01-07T07:31:08Z,0,en,1
a543f388-17ff-4a2d-b3bb-06150f4c0a4b,whatsapp,primary_dataset,whatsapp,WhatsApp is not maximum my time pu data could be lost but before I've been backed up please fix it again,2021-01-07T06:36:40Z,0,en,1
26d40157-ad99-49cb-9ad5-c43a7fa12aec,whatsapp,primary_dataset,whatsapp,"Unable to send or receive messages and see status updates, having to disable and restart new data can be normal. Sometimes it doesn't work.",2021-01-07T05:42:04Z,0,en,1
a14cc5fa-4d59-4141-8b91-db32dd0f42af,whatsapp,primary_dataset,whatsapp,Males must be bandaged... data so to be deleted,2021-01-06T17:42:37Z,0,en,1
13e29142-cffb-406a-b6ea-86ce8312f2bd,whatsapp,primary_dataset,whatsapp,After being held facebook.. this application is so bad,2021-01-06T11:54:21Z,0,en,1
dd71f07c-9784-4098-bc93-9b32c7394c8f,whatsapp,primary_dataset,whatsapp,ugly bgd klw pas eng ad internet data gimna kkw ad eank ptng wlw even data whatsApp mzh,2021-01-06T06:39:54Z,0,en,1
3645f220-ff2c-4449-a4fd-56da74aa1f07,whatsapp,primary_dataset,whatsapp,We can't even download the picture today.,2021-01-05T18:29:35Z,19,en,1
adda40ab-0033-4ab0-a025-fa2c7fa2a83b,whatsapp,primary_dataset,whatsapp,"Please fix the storage bug, my WhatsApp data doesn't reach 1GB, but in storage this application eats 7GB storage.",2021-01-05T08:06:55Z,0,en,1
2d3713d0-c55d-4f45-86b4-6b31078db4c1,whatsapp,primary_dataset,whatsapp,"fontcolor="" # FFFF00""whycanyou suddenlydata chatn fontcolor="" # FFFF00""my fontcolor="" # FFFF00"" fontcolor="" # FFFF00"" fontcolor="" # FFFF00"" fontcolor="" # FFFF00""duh fontcolor="" # FFFF00""yes fontcolor="" # FFFF00"" fontcolor="" # FFFF00"" fontcolor="" # FFFF00"" fontcolor="" # FFFF00""whycanthen fontcolor="" # FFFF00"" fontcolor="" # FFFF00""devil fontcolor="" # FFFF00""why fontcolor="" # FFFF00"" fontcolor="" # FFFF00"" fontcolor="" # FFFF00""whycanthen fontcolor="" fontcolor="" # FFFF00"" fontcolor="" fontcolor="" # FFFF00"" # FFFF00"" fontcolor="" fontcolor="" fontcolor="" # FFFF00"" fontcolor FFFF00""whywhywhycanthen fontcolor="" fontcolor="" fontcolor="" fontcolor="" # FFFF00"" # FFFF00"" # FFFF00"" # FFFF00"" # FFFF00""whywhycanthen fontcolor""duh00"" font"" fontcolor="" fontcolor="" fontcolor="" # FFFF00"" fontcolor="" fontcolor="" fontcolor="" # FFFF00"" font""duh00"" fontcolor="" font"" font"" font"" # FFFF00"" # FFFF00"" # FFFF00"" font"" font"" # FFFF00"" font"" # FFFF00"" fontcolor="" font""whywhywhywhywhywhywhywhycould"" fontcolor="" font"" font"" font"" font"" font"" font"" font"" font"" font"" font"" font"" font"" font"" font"" # FFFF00"" font"" font"" # FFFF FFFF00"" # FFFF00"" font"" font"" font"" font"" # FFFF00"" font"" font"" font"" font"" font"" font"" font"" font"" font"" font"" font"" font"" font"" font"" font"" font"" font"" font"" font"" font"" font"" font"" font"" font"" font"" font"" font"" font"" # FFFF00",2021-01-05T02:22:10Z,0,en,1
d14abff2-117a-4d38-badf-283715517d33,whatsapp,primary_dataset,whatsapp,"The data is often bug mulu, full internal storage and also disturbing potato phone users...",2021-01-05T00:12:58Z,1,en,1
c63eeec3-2538-44b6-a803-2c7ed984596d,whatsapp,primary_dataset,whatsapp,"In fact, it's getting worse now that I can type no ddh updet updet..in addition to lgi klu on the cell phone it's easier to type no and get a text of verifiction code faster instead of sending the code... wait for 7 hours to verify the code I want to send it... is getting worse and more severe.",2021-01-04T22:42:32Z,0,en,1
b86ceac8-4881-420b-97a6-88ac1feb90f1,whatsapp,primary_dataset,whatsapp,I don't know if it's up to you.,2021-01-04T10:36:18Z,0,en,1
157ed358-ada9-4e60-a580-38ab04a1603d,whatsapp,primary_dataset,whatsapp,"Why can't I sign up when you've downloaded it over and over again on uninstalled but still can't even flat, even if you ask me to download the latest version. How about this?",2021-01-04T07:26:37Z,0,en,1
30b4c52f-94e1-4f7b-9708-91bb43d84ce5,whatsapp,primary_dataset,whatsapp,Please... just wipe out the privacy...,2021-01-03T23:31:48Z,0,en,1
1d9bf649-c6fb-4ba1-a2ab-a7f8c9094aae,whatsapp,primary_dataset,whatsapp,This application does not need data packages,2021-01-03T13:03:49Z,0,en,1
01c15052-8b0a-4a1c-95f0-3899583eb8bf,whatsapp,primary_dataset,whatsapp,Why is the last version lwbih good because now there's a lot of audio listening and the phone will be off and then check it out and let me know if it's blue gk if you read it please fix it but if it doesn't get out but if it can come bug please don't do this,2021-01-03T12:40:00Z,0,en,1
c22c14ce-4d4d-47c2-9cdc-8bbf1b86b7a9,whatsapp,primary_dataset,whatsapp,"Why did my number suddenly come out and then it's on the back of the list, uh, verify numbers for the list to show up, so I turned off the power, un install and install it back.",2021-01-03T10:21:06Z,4,en,1
2a378044-5fa9-4020-9485-4ceb2180e01d,whatsapp,primary_dataset,whatsapp,"The worse it gets, the worse it gets. Now the closer it goes, the more it goes, the more it goes out, the more it doesn't go out.",2021-01-02T22:46:00Z,0,en,1
a8e3efe5-9b6f-4e49-bfa1-5fae83dcb579,whatsapp,primary_dataset,whatsapp,Why is the chat lost? Yes. Please fix it again.,2021-01-02T15:28:37Z,0,en,1
aeea84e7-93cb-42ec-bde4-c2ca09d30667,whatsapp,primary_dataset,whatsapp,"The phoned the data was active, but it didn't ring.",2021-01-02T12:47:27Z,1,en,1
69d0e445-8d7c-4b2d-aa53-6ec3b6108e16,whatsapp,primary_dataset,whatsapp,Most data,2021-01-02T10:47:16Z,0,en,1
392e028f-3c9c-4930-951f-79f8e3d164c6,whatsapp,primary_dataset,whatsapp,"My WhatsApp version has expired and has to be updated, how about the cating data, photos and videos in the previous version, whether it's lost or seen again.",2021-01-02T07:49:53Z,0,en,1
a0865eae-807e-47c0-af50-f7ae2c584108,whatsapp,primary_dataset,whatsapp,"Please don't overdo the verification process, but there's an important chat in the WA.",2021-01-01T16:10:35Z,0,en,1
bf7a4c3d-40fe-4e63-bf46-f84c209d5e70,whatsapp,primary_dataset,whatsapp,"I've been putting data into Google drives because I wanted to replace whatsapp with my new phone, but when I opened whatsApp on my new phone, the data I'd posted on Google Drive was not even read by whatsapp, and all the permits I had allowed for WhatsApp apps.",2021-01-01T12:11:42Z,1,en,1
9888a93d-d2be-457f-94f6-1e0c72bc0796,whatsapp,primary_dataset,whatsapp,Tb to the world Tour in the world Bank Manself Online for the first day by the way it is so much for the world to pack ahok and kingdom Animalia r the same time It's hard to be happy with people who won't become a planet and can absorb water through its repair process,2021-01-01T07:00:21Z,3,en,1
5e2035a5-f162-4140-a0b7-6e2b96dda59e,whatsapp,primary_dataset,whatsapp,Please listen to me.... there's something out of the way I have to get rid of the situation in my path and it's so overwhelming...it's just every time I open this door....,2020-12-31T22:36:24Z,2,en,1
fe5f6672-8d80-4bee-b7e9-a8e673a27aa2,whatsapp,primary_dataset,whatsapp,"Every month when I'm deleted, the data is gone.",2020-12-31T04:40:17Z,0,en,1
fb9fe8ec-383f-4916-9f67-bbd2ee987d0e,whatsapp,primary_dataset,whatsapp,Why does this application not match the expectations that all my data will be lost if it will upgrade?,2020-12-30T21:19:21Z,0,en,1
5809c717-053c-44c2-8247-67a4e41aff2b,whatsapp,primary_dataset,whatsapp,Whatshap is very bad. It's hard to use. Especially when it's uninstalled.,2020-12-30T20:32:54Z,0,en,1
befaa74a-3675-4b94-82d0-f9a739865bdb,whatsapp,primary_dataset,whatsapp,"I'm sorry, this is a very personal problem for me, because when I got out of whatsapp application or had turned off my cellular data in the condition I turned on the last feature seen. Although I've closed app and turned off my mobile data, my contact information online. It gets me in a lot of trouble on what I didn't do. Please fix it.",2020-12-30T18:14:27Z,45,en,1
f86093bf-1696-49ce-afdf-1c1e93380fbc,whatsapp,primary_dataset,whatsapp,"Please fix it, very disturbing his double share of stories to the fb, already at share it up again and again when it opens!!!",2020-12-30T17:14:51Z,0,en,1
fe2483eb-5b7d-49cd-9afa-300feaa93815,whatsapp,primary_dataset,whatsapp,Whatsapp now? &lt;br /&gt;Love to re-install. &lt;/i&gt; &lt;i&gt;The data is so big anyway. &lt;/i&gt;,2020-12-30T14:48:21Z,0,en,1
4c96cfff-981e-4e00-b479-226711efafa4,whatsapp,primary_dataset,whatsapp,Facebook bgst,2020-12-29T14:13:53Z,0,en,1
a74cb410-70f0-41d5-a52a-fd7a6336ea4d,whatsapp,primary_dataset,whatsapp,Likes to restart myself and all the data is gone.,2020-12-28T18:42:28Z,0,en,1
9acba086-defc-457c-8a9b-36ceaf0a362b,whatsapp,primary_dataset,whatsapp,"The video device displayed is limited in duration, so it's hard to create if we make a video in the status or share.",2020-12-28T17:05:00Z,1,en,1
2c2c3cd1-ecd7-47a2-8849-a5f95aeafa32,whatsapp,primary_dataset,whatsapp,"Why do you like to block accounts all the time? I lost important data..sy lost evidence of the transfer of hundreds of millions...of whatsapp haeus responsible...returning data""!!!",2020-12-28T12:52:58Z,21,en,1
5a59d358-3361-4932-a0d6-2de092c4a843,whatsapp,primary_dataset,whatsapp,Hi. My name is Adelia. I'm sorry.,2020-12-28T10:06:13Z,3,en,1
687f0477-68c2-4b10-8760-49522c0c90e7,whatsapp,primary_dataset,whatsapp,"That's what he said. It's bad. Kaga, there's data.",2020-12-28T07:18:35Z,0,en,1
e2c4fc0b-2b63-4710-9878-64d63c56bfae,whatsapp,primary_dataset,whatsapp,I'm very disappointed by the Facebook page. Why do I get blocks so often when I feel like I've been running the procedure to fix the service?,2020-12-28T03:34:50Z,0,en,1
61aef7bc-af7a-4d68-8ee2-2b9f8cf8af78,whatsapp,primary_dataset,whatsapp,bug status when shared to facebook story...,2020-12-27T19:13:41Z,0,en,1
1cec13a9-77ba-46b1-8a2b-d5f53d81b9a9,whatsapp,primary_dataset,whatsapp,"Why should whatsApp join Facebook, so it's no fun",2020-12-27T12:39:22Z,0,en,1
5cef8496-a2cb-4751-9727-eb0533cf448d,whatsapp,primary_dataset,whatsapp,"Well, I think this is going to make me do too many data packages, and that's just for one week. What the hell are you trying to think? You know, a lot of my money went out for a check with a friend? I don't even have a phone.",2020-12-27T09:26:45Z,0,en,1
ca5f63cb-dac4-4419-8c8b-2307a7af274d,whatsapp,primary_dataset,whatsapp,"The app's bad. iiihhhh arrived"" The number's on its own, so you can't open it wa, please don't policy it",2020-12-27T08:10:10Z,0,en,1
ef14d9ad-6bcf-49f3-81f2-74b7c2f3a811,whatsapp,primary_dataset,whatsapp,"Woy facebook up your application's security. If the login uses your application, if the same number is used, then the person's account will be taken. So it's dangerous.",2020-12-26T18:40:19Z,0,en,1
aeb3f942-a4de-451b-b632-009e0f6dec01,whatsapp,primary_dataset,whatsapp,Welcome whatsapp,2020-12-26T07:09:29Z,0,en,1
a5baf834-b928-4447-b888-e44b264f5140,whatsapp,primary_dataset,whatsapp,"Please whatsApp remove sticker features, not happy cht in the sink stickers continue",2020-12-26T00:15:38Z,0,en,1
832e15c4-7a7c-4e0d-91df-c59b467c688c,whatsapp,primary_dataset,whatsapp,I feel terrible about whatsapp updates. All my important files are gone! Please return them.,2020-12-25T12:47:33Z,0,en,1
ce699bca-9d8f-4ecc-aa8d-fc7abc236214,whatsapp,primary_dataset,whatsapp,I wonder whatsapp why I don't talk about policy violations and whatsapp rules of whatsapp bamun suddenly my numbers are permanently blocked and my whatsapp numbers have no contact with the important people what more than my teacher's number and teacher's teacher's teacher's.,2020-12-25T08:23:29Z,0,en,1
f352d77f-d58c-4298-bbea-66fac2641c5e,whatsapp,primary_dataset,whatsapp,"fontcolor="" # FFFF00""Wayagain eror. fontcolor="" # FFFF00""behavior fontcolor="" # FFFF00""behavior fontcolor="" # FFFF00""again fontcolor="" # FFFF00""again fontcolor="" # FFFF00""surrender fontcolor="" # FFFF00""again fontcolor="" # FFFF00""again fontcolor="" # FFFF00""seror. fontcolor="" # FFFF00""fastbewellpreparding, turnitoff fontcolor="" # FFFF00""thenreturnupthenewdatasinthechatter....",2020-12-25T06:18:43Z,0,en,1
f115e389-16fa-4775-81a3-d884a4b070f2,whatsapp,primary_dataset,whatsapp,"I'm sorry I'm in trouble right now in the wa, I just deleted the wa data and I like the number to enter the code, but the text didn't show up.",2020-12-24T21:50:42Z,1,en,1
e311ee02-0519-40a2-98a1-917a09fb2250,whatsapp,primary_dataset,whatsapp,Lack of privacy.,2020-12-24T19:17:42Z,0,en,1
202a7766-4e08-4a7a-bf9f-0e479cb0dcb2,whatsapp,primary_dataset,whatsapp,Update wa and Facebook,2020-12-24T18:06:27Z,0,en,1
f0c1a840-275c-4c50-b290-13a47fd4f3fa,whatsapp,primary_dataset,whatsapp,Why does it have to be a data update or a group missing?,2020-12-24T07:24:03Z,0,en,1
9fa0d0c1-859f-4981-8fb9-4bda8a7f4980,whatsapp,primary_dataset,whatsapp,"It's pretty good, but the installing of the old bageeeeeeet is so lazy, but we want to see if the data has been eaten.",2020-12-23T20:37:04Z,0,en,1
b6db08d3-d397-4aa4-aad4-eabf85a3b17b,whatsapp,primary_dataset,whatsapp,Whatsuppp why I don't have the privacy code?,2020-12-23T08:41:30Z,0,en,1
7f2ee157-f842-4ee5-8cf1-b11b4d0e77b0,whatsapp,primary_dataset,whatsapp,"It sucks, share Lok isn't where Jump jumps anymore",2020-12-23T08:14:39Z,0,en,1
4ecb19eb-823b-4905-be21-45241546248f,whatsapp,primary_dataset,whatsapp,"Wei reverse the system removes sticker data, chats, media as usual otherwise all my google accounts will be rated 1",2020-12-23T01:53:05Z,0,en,1
78819a4d-e806-4546-a590-eb11c6c1c8cb,whatsapp,primary_dataset,whatsapp,Why is my whatsapp's data so big when we're only 300 but now it's almost 5 gb at a time there's no big file..has been deleted data but why did you do that again. Please fix it and explain why the data is so big.,2020-12-22T19:13:57Z,0,en,1
6148682f-a294-45a7-94d3-1ad04c322201,whatsapp,primary_dataset,whatsapp,why i can't delete my data whatsapp? this is very annoying,2020-12-21T19:59:21Z,0,en,1
6d3b2618-c43c-40f9-9cb5-7c3fdddd3f8f,whatsapp,primary_dataset,whatsapp,What is this app?..? I'm so disappointed that our chats to people are sometimes deleted for us and can be deleted for everyone else. Eehhhh there's a critical problem again because my data is sending the wrong data to people and I want to delete it for everyone so that it can't be deleted.,2020-12-21T18:12:26Z,7,en,1
fd95b9de-4629-4950-9a9f-4ff4c2564f28,whatsapp,primary_dataset,whatsapp,Because whatsapp I can't list his verification code from his text didn't come 2 to my message. I installed it 3 times but it's the same,2020-12-20T17:42:06Z,0,en,1
8f0ff7cc-cf3e-455b-98e2-ad0d762cce5e,whatsapp,primary_dataset,whatsapp,"Please have my chat history arrived""",2020-12-20T13:45:06Z,0,en,1
42f644ea-c8f7-4f72-8f11-ffe9e5121c1c,whatsapp,primary_dataset,whatsapp,"It's hard to tell, isn't it?",2020-12-20T09:19:28Z,0,en,1
9dcde339-0285-413c-b427-e700f14e56f6,whatsapp,primary_dataset,whatsapp,The chat data was erased suddenly without approval.,2020-12-20T07:54:08Z,0,en,1
ccff52f8-a650-461d-9de1-39ad067f635f,whatsapp,primary_dataset,whatsapp,Tiha arrives logout and data is missing. The application is useless.,2020-12-19T12:00:31Z,0,en,1
a11b955b-d4d6-4d64-b60e-aaa2ce6e6622,whatsapp,primary_dataset,whatsapp,"Whenever I send photos/videos, I can't say ""INFECTED REPORT"" please fix this application.",2020-12-19T11:47:13Z,1,en,1
00107cff-ee39-41cf-b56a-91ce3471f66c,whatsapp,primary_dataset,whatsapp,"Why is the end so often eror, seeing that no status can, is still the same, uninstalling is the same as not being able to see, whereas using wifi, opening another apk is still working, please fix this bug.",2020-12-19T09:47:23Z,18,en,1
925f7222-be9e-4097-8bbe-b10dbde9e9d1,whatsapp,primary_dataset,whatsapp,Whatsapp why it has to be verified and the data is always full.,2020-12-18T07:01:42Z,0,en,1
31b6af82-3fb1-48e7-9d9c-90873480ce4c,whatsapp,primary_dataset,whatsapp,Whatsapp this is good no problem only the data can be more than 2GB please don't delete the chat with the data is still swell,2020-12-18T06:07:56Z,0,en,1
e66be422-2645-41f2-8aa7-d1b88673c46b,whatsapp,primary_dataset,whatsapp,The apps are nice and private...,2020-12-17T11:12:17Z,0,en,1
752d7931-15f9-4b2c-a937-5a40d3143349,whatsapp,primary_dataset,whatsapp,"It's a good app, but how did it get to 4 GB's apps?",2020-12-16T20:28:20Z,0,en,1
ad967c26-d018-4898-9829-540515bfa840,whatsapp,primary_dataset,whatsapp,"Its total data is almost 5 GB apps make heng and lemot, let's take care of it 5 gbs.",2020-12-15T22:20:56Z,0,en,1
a27cd7fc-7846-4146-b174-6036317d053d,whatsapp,primary_dataset,whatsapp,Data leak...,2020-12-15T21:06:25Z,0,en,1
acc97775-77ae-498f-812f-3605b6fc4e4a,whatsapp,primary_dataset,whatsapp,Applications like to share videos to Facebook itself?,2020-12-15T16:09:40Z,0,en,1
a95d1724-0b04-4fc4-8940-2fdf874181c5,whatsapp,primary_dataset,whatsapp,I'm sorry that whatsApp doesn't have a vicall when using data... but using WiFi can be used as a vicall... and now a little disappointed in his service... as he likes to use GB WhatsApp.,2020-12-15T15:10:28Z,1,en,1
6de330f7-1dd9-4282-9a9f-845835b1f6f6,whatsapp,primary_dataset,whatsapp,It's a terrible app. I don't know if I can get it out of the data.,2020-12-15T08:35:14Z,0,en,1
5da9f979-9262-4601-87db-8e1db1645265,whatsapp,primary_dataset,whatsapp,"Don't like WA since sending the wrong message in the group. About privacy, not in case you delete the message but can still be seen. Very disappointed: If you can get rid of the message, it can't be seen.",2020-12-15T03:25:08Z,1,en,1
4f9ade98-6876-498d-95f5-5426ea28a383,whatsapp,primary_dataset,whatsapp,Why is my chat or data so often erased by the wa? it's not like that? Deleted by itself. What the hell? My job is gone!,2020-12-14T23:03:58Z,4,en,1
51f6aedd-3b1c-4e5e-bf7d-3456d93dcad7,whatsapp,primary_dataset,whatsapp,"The longer it gets worse the YouTube nggx share link as usual, the same title name. His thumbnail doesn't seem to be the only link....",2020-12-14T11:04:55Z,0,en,1
0ec27e28-2869-4766-adb3-d1b67c0a47c5,whatsapp,primary_dataset,whatsapp,Why can't I text you and read it when it's good? My data is good. There's a reason I can't.,2020-12-14T09:55:52Z,0,en,1
1c2782f0-a716-431e-a988-5f4c3cb26e2d,whatsapp,primary_dataset,whatsapp,Why is the chat from the grub not coming in when the data is already active but it belongs to the person who came in? I don't.,2020-12-14T09:51:54Z,0,en,1
0b3636a3-980e-48eb-a18a-864d4fb0ac38,whatsapp,primary_dataset,whatsapp,Share shouldn't be restricted to 5 destination addresses,2020-12-14T04:43:42Z,0,en,1
8a22dbd2-fd83-4ed4-8e93-30b820c7c327,whatsapp,primary_dataset,whatsapp,"Optimulin is on my phone. I've got 14bg of the data, and it's all clear.",2020-12-13T18:48:12Z,0,en,1
a6391002-e4ca-4535-9702-48d99294a2e2,whatsapp,primary_dataset,whatsapp,Data udh deleted but still can't,2020-12-13T08:49:09Z,0,en,1
5d009236-8c4f-4ede-ba92-57ef1e4223ad,whatsapp,primary_dataset,whatsapp,Whatsapp has been hacked. No privacy.,2020-12-13T07:26:26Z,0,en,1
f6932460-cd66-41ba-9e79-abc66b59cb4f,whatsapp,primary_dataset,whatsapp,Why is my whatsapp number blocked in my account?,2020-12-12T22:21:36Z,0,en,1
91b5805a-4a7a-4a1a-9d27-67d63d9b194f,whatsapp,primary_dataset,whatsapp,"I give you a nilay 2 because every day or every conversation that comes in it adds a lot of data, until 1gb more I can't update the other apk as well.",2020-12-12T17:53:53Z,0,en,1
13c358f3-2fe5-4ce6-a40f-587e8a8a4cd3,whatsapp,primary_dataset,whatsapp,For the developer please correct my WA because no one else's status is in privacy,2020-12-12T15:27:23Z,0,en,1
2cf963d4-62fc-4b48-9daa-330901ae1a56,whatsapp,primary_dataset,whatsapp,It's been a long time since I've been able to send a photo for an hour.,2020-12-12T13:42:06Z,0,en,1
5aacf4b2-70ff-4790-8815-6bcbcea51200,whatsapp,primary_dataset,whatsapp,"There's still a few minutes left... please share many of the features to the status and story facebook. It's unfortunate that only one photo can be shared on facebook... if that feature exists, me and my friends on the market on the market onur buyies are busy giving a 5 star to whatshap",2020-12-12T08:49:20Z,0,en,1
46409e58-a7b3-4085-bf54-42c04e96917c,whatsapp,primary_dataset,whatsapp,"There's no point in being updated, and then going through our data registers.",2020-12-12T08:29:18Z,1,en,1
262d1920-0dd6-4bec-8009-40179461286a,whatsapp,primary_dataset,whatsapp,Why is it now a YouTube link (Thumbnail) if you want to share Ndak kelua min.,2020-12-11T12:57:32Z,0,en,1
747497d0-ba97-4a9c-81c0-f2e845a575df,whatsapp,primary_dataset,whatsapp,"If I need old evidence, I'll lose it all.",2020-12-11T09:12:45Z,0,en,1
998da3f3-2e05-4eb5-9216-1bb32be0f5f0,whatsapp,primary_dataset,whatsapp,"The quality of the video on the snapwhatsapp sucks, the duration is a little bit, if you cut the video, the sound doesn't adjust, it slides...",2020-12-11T08:41:51Z,0,en,1
a0fcd432-e857-407b-b215-1fb0bb0ccf09,whatsapp,primary_dataset,whatsapp,WHY NOW WHEN SHARE LINK YOUTUBE IN WHATSAPP SERROR DOESN'T WANT TO MOUTH HIS PRIVIES?,2020-12-10T13:58:03Z,0,en,1
61416c3b-9527-43a9-89a4-3de136b0bc84,whatsapp,primary_dataset,whatsapp,Why don't you update whatsapp already? Bad application wants to talk about more data?,2020-12-10T12:38:27Z,0,en,1
e2ea22c0-9206-48f6-8f85-c2aa58bf8223,whatsapp,primary_dataset,whatsapp,When talking to whatsap it's easy with the data available to be able to communicate with people nearby and far away I'm very satisfied with this app Thanks Whatsap,2020-12-10T12:20:33Z,1,en,1
26293ed4-7f3d-48be-b91b-1ae7dc72fe70,whatsapp,primary_dataset,whatsapp,Why shouldn't watsapp be able to make watsapp's data check for youtube sometime?,2020-12-10T11:55:22Z,0,en,1
48bd017f-43f6-41c7-b690-f630bf039af3,whatsapp,primary_dataset,whatsapp,The thief of the komtolllll data... ...who's got the game uninstalled.,2020-12-09T22:54:44Z,0,en,1
248817d0-63d8-45f4-a3a7-9e3ca8eb5186,whatsapp,primary_dataset,whatsapp,Why don't you let me use a Wiffi jacket?,2020-12-09T19:59:05Z,0,en,1
d7c04cc8-031f-4dbf-ae16-b093e9c964cf,whatsapp,primary_dataset,whatsapp,Any time you want to see anyone who looks directly to send a snap to Facebook.,2020-12-09T19:43:57Z,0,en,1
f24826a2-c28b-4bbb-ac4c-97012d6ee020,whatsapp,primary_dataset,whatsapp,Why can't you play the video??,2020-12-09T12:22:06Z,0,en,1
4d5ce680-ed7d-4615-b4bc-27ae5ca0a93e,whatsapp,primary_dataset,whatsapp,Thank God this has helped. Let me give you a place to store the data in the wa when it comes to updates.,2020-12-09T06:16:27Z,0,en,1
a64f5da1-415d-4cf9-b002-8d52c0b9bc79,whatsapp,primary_dataset,whatsapp,"I don't want to ask you why I can't open someone else's share of WA, what's wrong?",2020-12-09T05:48:41Z,1,en,1
cf9527ce-040b-4ab9-80fb-9d5472866a43,whatsapp,primary_dataset,whatsapp,"The privacy setting of the status settings is omitted. Yes, let us not have much of a debate.",2020-12-08T21:50:35Z,0,en,1
07796e6b-05fd-49b6-9df4-e7007f5b991d,whatsapp,primary_dataset,whatsapp,"That's why my friends are being archived, you're still using data, you're using data, you're using data, you're doing the same thing, and it's getting worse.",2020-12-08T20:06:12Z,0,en,1
94183900-5543-45ae-a24b-82c30ce55318,whatsapp,primary_dataset,whatsapp,"Nyebelin his poko from yesterday or why he couldn't open his WhatsApp, when he had erased the chance to delete all data but it didn't work, had been forced to stop and couldn't.",2020-12-08T16:23:07Z,0,en,1
e80b90c4-1574-447a-994d-e5906738e463,whatsapp,primary_dataset,whatsapp,Cannot use voice call with data pulse to fellow whatshap,2020-12-08T09:26:16Z,0,en,1
039c19bc-72f0-4de6-ba65-b6e149580188,whatsapp,primary_dataset,whatsapp,"Anyway, the updates are so bad... that the time of opening up the whatsapp is connected directly to sharing the story to facebook and it's so annoying!",2020-12-07T22:19:34Z,28,en,1
9a110f77-da0b-4f15-b22c-235dad26ffe6,whatsapp,primary_dataset,whatsapp,"Why do I have a photo using apk wa, the camera always fails now, so it has to use a built-in camera and then it has to share it to the wa.",2020-12-07T18:47:03Z,1,en,1
54e09fb7-f135-4499-a61f-899d413da39c,whatsapp,primary_dataset,whatsapp,"Uh, it's fun. I can go to school with this. Well, you guys are in school.",2020-12-07T17:31:45Z,0,en,1
c7f8c4f2-2515-4288-b677-05600c0717db,whatsapp,primary_dataset,whatsapp,Why after updates when using WiFi downloads photos so long while using mobile data not long?,2020-12-07T17:23:20Z,0,en,1
0d4f767f-12fa-4be1-b40d-1041ad6d26fd,whatsapp,primary_dataset,whatsapp,I'm not comfortable with the privacy of the chat because a lot of whatsApp made my mod status at WhatsApp was lost two years ago but he could still see the same chat that was deleted:,2020-12-07T16:36:19Z,0,en,1
d275c61a-5cb2-48c2-8dd3-1f27ea8933f7,whatsapp,primary_dataset,whatsapp,"I'm sorry I didn't give you a star because I was disappointed by the ADMIN, which when I moved whats app data to my new phone, even whats app appeared in the block of the service, I contacted whats app team through GMAIL, but his response made me even more emotional.",2020-12-07T13:44:45Z,29,en,1
a64b99ad-463f-4987-aeaf-952ee706994f,whatsapp,primary_dataset,whatsapp,"Please restore the ""usage data"" feature like the old version, because the current number of messages does not show only media",2020-12-07T11:51:43Z,0,en,1
e19961eb-68ef-4993-98d2-e5e19c847566,whatsapp,primary_dataset,whatsapp,Security and privacy are not good.,2020-12-07T11:28:47Z,0,en,1
52a84808-50b2-4760-9623-11cfaa3df17f,whatsapp,primary_dataset,whatsapp,"Why don't you share the vidio youtube thumbnail link? It doesn't show up at WhatsApp, please give me my heavy disappointment.",2020-12-07T09:05:04Z,0,en,1
bfbcf258-8900-4aa6-8781-74949af9b577,whatsapp,primary_dataset,whatsapp,"Please fix the bug. Good network, open youtube,ig,dll smooth. But why can't I download photos from wa, video, see snap wa..send stickers always turn around""",2020-12-07T06:27:29Z,78,en,1
eae25a4e-445a-4567-9fca-6aef48323385,whatsapp,primary_dataset,whatsapp,WhatsApp from Facebook,2020-12-07T00:21:59Z,0,en,1
2f6fbde7-7f33-4301-ac73-d2c72fba8480,whatsapp,primary_dataset,whatsapp,"fontcolor="" # FFFF00""Arrived fontcolor="" # FFFF00""refreshedalone, fontcolor="" # FFFF00""terualldatasexplicate!!!!!!!!!!!!themostessentialstarmessages,go!!!!!!!!!!",2020-12-06T23:32:24Z,0,en,1
7ad8e5a1-8d05-4107-82ab-37cfc7c61cb0,whatsapp,primary_dataset,whatsapp,no notifications during incoming messages,2020-12-06T21:48:41Z,0,en,1
e9266a87-629c-4132-93ed-68fe104fec75,whatsapp,primary_dataset,whatsapp,What'sssuppppp baby jancukkkk... why does there have to be an automatic recovery?,2020-12-06T17:59:47Z,0,en,1
87d3a4ee-7aa5-44d6-a399-54798d02be29,whatsapp,primary_dataset,whatsapp,complete data,2020-12-06T13:51:06Z,0,en,1
4e526db3-8e42-456c-b111-f7ab7bac62ea,whatsapp,primary_dataset,whatsapp,"She said wa is free send a message, where the evidence should use the data quota as well,",2020-12-06T03:19:04Z,0,en,1
7ec438be-afa4-492c-9df1-2c51fbc0eacd,whatsapp,primary_dataset,whatsapp,"Backup location cannot be backed up to externally automatically, resulting in a system full of local databases.",2020-12-06T02:22:18Z,0,en,1
120c39a5-1973-421b-949d-203636304d3f,whatsapp,primary_dataset,whatsapp,I told you your number was blocked due to violation of privacy service policy. The new number has never signed up for any wrong number.,2020-12-05T22:34:50Z,0,en,1
0ba09f2c-6ba5-43e9-a3d7-4449431deabc,whatsapp,primary_dataset,whatsapp,"I'm sorry that I dropped one star, because whatsApp can't send or download pictures tonight.",2020-12-05T21:11:27Z,18,en,1
c8c5de4e-9e17-4086-a23a-11178b400ad3,whatsapp,primary_dataset,whatsapp,Ko application requires privacy? What application is this downloading facebook,2020-12-05T20:19:00Z,0,en,1
6b944242-c9c8-4fa4-812a-5f4aef056eee,whatsapp,primary_dataset,whatsapp,"Why does he always keep the important data out? It's gone too, it's backed up but it always keeps coming out, the developer's rotten!!!",2020-12-05T12:56:19Z,4,en,1
e13dd60a-7b24-4e12-b98b-2529d45aeca5,whatsapp,primary_dataset,whatsapp,Why do you have to be on an update like Facebook forever without any updates?,2020-12-04T18:50:36Z,0,en,1
6241b0f0-ccaa-471a-a5d7-1f1086e21282,whatsapp,primary_dataset,whatsapp,Why does the app always have problems when it's uninstalled?,2020-12-04T17:32:18Z,0,en,1
b1fafc96-f040-4d33-9509-e6997b25dda1,whatsapp,primary_dataset,whatsapp,"I don't like it, I don't like it, I don't like it, I don't like it, and I don't do it, but why don't there be a message, aren't there a message, why don't I order, aren't bad?, don't I don't like it, I don't like it, I don't like it, I don't like it, I don't like it, I don't like it, I like it, I don't like it, I like it, data and I'm not like it, and I'm not like it, and I'm not like it, and I'm not different but there is there is nothing but there is nothing but there is nothing but, aren', aren', aren', aren'm here, aren't here, I't like it, aren't like it, aren'am, aren't I't like it, aren't like it, and I't like it, aren't like it, aren't like it, aren't like it like it, aren's my here here here and I' here here here here and here and I' here and here and here and I' here here and here and I' here and here and here and here and here and here and here and here and here and I' here and here and I' here and here and here and here and I's here and here and here and here and I's here and I' here and here and here and here and here and here and here and here and I' here and I' here and I' here and I' here and I' here and here and I' here and I' here and here and here and here and I't here and I' here and I't here and I' here and here and here and I' here and I' here and here and here and I' here and I' here and I' here and I' here and here and I' here and I' here and I' here and I' here and I' here and I' here and I' here and I' here and I' here and I' here and I' here and I' here and I' here and I' here and I' here and I' here and I' here and I'",2020-12-04T17:19:33Z,0,en,1
69619294-0c67-49b7-a7ac-47e1bf4bd5f2,whatsapp,primary_dataset,whatsapp,"I want to complain, please fix it, I'll use wi-fi when the video calls break up, sometimes there's a broken cell phone, even if the network is good, open another app.",2020-12-04T17:12:08Z,0,en,1
b2a7b737-3c3e-4375-b736-6c510ff13dc8,whatsapp,primary_dataset,whatsapp,"I don't understand why this is happening right now, to open aj photo should wait a long time, if it opens through a Facebook application or Instagram immediately it doesn't load, it doesn't seem like the network problem is about it you're not trying to open it through another app."" ""Aj, please upgrade it.",2020-12-04T10:20:16Z,10,en,1
89548b31-f20d-43e6-b723-c28da03609ce,whatsapp,primary_dataset,whatsapp,"Since it's been in the hands of Facebook, there's a lot of bugs, but it's still in the management of old companies. There's not a lot of bugs.",2020-12-03T22:52:32Z,0,en,1
114e5553-33c9-4644-a1ba-5378c22f13eb,whatsapp,primary_dataset,whatsapp,Why are the data so swollen 1GB more when there's only 300?,2020-12-03T21:20:23Z,0,en,1
1c566fe0-07eb-48ff-a5cb-c952e21eb38f,whatsapp,primary_dataset,whatsapp,"Why is it with wifi that you can't keep calling when it says ""wifi is blocking your phone, turn off the wifi and try again"" when you're using a data network you can't even writeammya instead of ""phone lines blocking your phone, try changing to the Wi-Fi network"" please this is why?",2020-12-03T17:19:02Z,0,en,1
453b9b31-4d11-412f-9f0b-f6acccfe99d2,whatsapp,primary_dataset,whatsapp,"I'm sorry, brother. I went to the privacy. I didn't see you last.",2020-12-03T12:06:49Z,0,en,1
00eef3fb-9f54-4539-9a28-1dcde7e41f56,whatsapp,primary_dataset,whatsapp,"Njer pya datany nympe 5gb,jdi can't make school nugas tay",2020-12-03T07:36:02Z,0,en,1
510decd5-8044-453c-8df0-1ca34dee2089,whatsapp,primary_dataset,whatsapp,The app is really bad when the data is getting bigger. First it's 40mb. Now it's 238 amb.,2020-12-02T12:42:46Z,0,en,1
65304cea-f31e-4fa6-8799-9618d00ba09b,whatsapp,primary_dataset,whatsapp,"Assalamu alaikum, it's not like I'm cooking. I've been given a profile photo. I've been given privacy too.",2020-12-02T11:19:00Z,0,en,1
337215e3-3d43-4866-8681-dfcaa0035ea0,whatsapp,primary_dataset,whatsapp,"The profile picture doesn't exist when the phone's been turned off for an hour but on someone else's phone it says it's a profile photo, and this is what I'm experiencing, which isn't in privacy.",2020-12-02T09:00:14Z,1,en,1
0cc58c0f-8c21-4874-8f9c-3b64e84ba4cc,whatsapp,primary_dataset,whatsapp,If there's so much sring mcet data..,2020-12-01T19:29:28Z,0,en,1
080d5e25-21bb-4d8c-b281-cf2c3900906a,whatsapp,primary_dataset,whatsapp,Feed data enta data I'm out of bad ajim asu,2020-12-01T14:36:07Z,0,en,1
7976a5ef-4a84-4854-93f6-7eabc10c15d0,whatsapp,primary_dataset,whatsapp,I'll help you with the photo share.,2020-12-01T12:59:50Z,0,en,1
5043c49e-b8b6-4a64-a28c-f44dad6871f1,whatsapp,primary_dataset,whatsapp,My data is often off when I open it. Why?,2020-12-01T12:06:04Z,0,en,1
29069ce7-2502-4a5e-a346-2f2a857049d0,whatsapp,primary_dataset,whatsapp,Data is often lost,2020-12-01T08:50:42Z,0,en,1
76f8d04e-1a1e-45a6-b008-cec9fb64e64e,whatsapp,primary_dataset,whatsapp,How come you can't download the video in the wa from the mail to be a cellie Download wa version from facebook,2020-12-01T00:13:04Z,0,en,1
030fed32-7cad-4f73-97c8-942d1cb09f1c,whatsapp,primary_dataset,whatsapp,Use wiffi when running data when 4G downloads photos cannot be Inverted,2020-11-30T23:45:09Z,0,en,1
a9dad045-a552-4957-9779-cf4b8a348d0c,whatsapp,primary_dataset,whatsapp,Signal the data package is smooth. Wifi is good. Makes the phone connect.,2020-11-30T21:44:19Z,0,en,1
4c9d2dff-7c6c-4ad4-8d8e-ebffd67cbf89,whatsapp,primary_dataset,whatsapp,I need the data WA long back up.,2020-11-30T14:01:15Z,0,en,1
9214999e-7c7f-41d8-9cf2-d43c2f358b95,whatsapp,primary_dataset,whatsapp,"I'm sorry to log in. The number keeps 6 digits, but the verification isn't coming. How can you fix it?",2020-11-30T12:43:20Z,0,en,1
5534c836-105e-4bbe-96db-0c31500fa37b,whatsapp,primary_dataset,whatsapp,"Delete the expired feature!! Even if you don't want to be updated, must install the latest version of Wooooy! Please delete the expired policy.",2020-11-30T04:20:06Z,0,en,1
a0843c0b-0f91-4e5d-bd17-557689359f94,whatsapp,primary_dataset,whatsapp,Data so lost,2020-11-29T20:52:31Z,0,en,1
7b2db7c5-ffb6-445c-afb1-0c66425cc494,whatsapp,primary_dataset,whatsapp,"Since I've been deleting this apk data, why is it that when I use it for videocalls always doesn't respond?",2020-11-29T12:50:16Z,0,en,1
a4cedad0-4164-4cfd-9382-30eebeeafcab,whatsapp,primary_dataset,whatsapp,"I found the Bug cannot crop (jump to other picture) Its become when share some picture. 1. Click 5 pcs picture on gallery (#1, #3, #4, #5) 2. Share to Whatsapp 3.",2020-11-29T07:58:44Z,0,en,1
bb280ec9-b3be-415d-b797-c46cb4b5080a,whatsapp,primary_dataset,whatsapp,"Ask for an update, basic data mode.",2020-11-28T18:49:15Z,0,en,1
7f39aa40-5f5b-4be4-945a-8c001625a14a,whatsapp,primary_dataset,whatsapp,"All incoming and outgoing messages should be automatically pasted in our account without any more data recovery, especially if we've been backed up.",2020-11-28T17:56:19Z,0,en,1
02504338-e759-4745-8baf-dc9b6d9d719c,whatsapp,primary_dataset,whatsapp,"Please, why should I look at a century-long wa loading status when the WiFi/data network is high?",2020-11-28T15:09:34Z,0,en,1
107b8576-8bc0-4742-8cc0-96a3e2f8ef63,whatsapp,primary_dataset,whatsapp,Why can't you come text me?,2020-11-28T10:30:48Z,0,en,1
97a81024-5ec0-4456-81e7-540cbd3200ad,whatsapp,primary_dataset,whatsapp,Why is it always g actip even when internet data is installed,2020-11-28T03:40:03Z,0,en,1
fedcec4f-584c-4174-a5a7-f340d83f0c35,whatsapp,primary_dataset,whatsapp,"fontcolor="" # FFFF00""Igivetwostars fontcolor="" # FFFF00""yes fontcolor="" # FFFF00""Icannotmesexactlynow fontcolor="" # FFFF00""Icannot text fontcolor="" # FFFF00""whenIcannotable fontcolor="" # FFFF00""butwhynotsendmes message fontcolor="" # FFFF00""butwhy 4G.",2020-11-27T23:58:27Z,4,en,1
33db2bb1-6afc-4cc2-9cf5-407510e7bc1e,whatsapp,primary_dataset,whatsapp,It's a good thing that used to clean up the storage and data.,2020-11-27T13:37:39Z,0,en,1
c07b7ced-814b-4f49-b3fc-54472ee5f56c,whatsapp,primary_dataset,whatsapp,"Since the update to get rid of the data is not too heavy. It's not cool. I can choose a sticker, a link, or a media photo or a voice, but I can't do it, even if it still feels heavy.",2020-11-27T04:33:02Z,0,en,1
3c076db3-2945-4e45-a0ff-57f9eb2421b0,whatsapp,primary_dataset,whatsapp,"No matter how much people say they'll get away with it when I'm saved and he doesn't have privacy, but there's no such thing as stupid.",2020-11-26T22:43:11Z,0,en,1
5512a645-5d33-4e1f-b53e-f41b374256f0,whatsapp,primary_dataset,whatsapp,"Whats is weird now? My local whatsapp backup file is always unreadable, it's always googled. It's just googled.",2020-11-26T10:46:13Z,35,en,1
d42830e5-48ca-4df0-a754-6dc3fa41c93a,whatsapp,primary_dataset,whatsapp,Backend updated... tired must delete the data again,2020-11-26T06:00:59Z,0,en,1
c6e1a411-2767-414c-b9e6-0a1f24719e80,whatsapp,primary_dataset,whatsapp,This app is really nice but unfortunately my account got a chat from an unknown number and I don't feel like sending them a chat and vice versa. How is this whatsapp's privacy system? If there's a similar number please don't be given permission to make whatsapp account also to avoid misunderstanding. Thank you.,2020-11-25T20:13:34Z,23,en,1
13b65cfd-ec5c-484a-a2c7-b954875fbd09,whatsapp,primary_dataset,whatsapp,CAN'T SHARELOK,2020-11-25T15:58:37Z,0,en,1
a676fc62-a60c-4a0b-ba12-33b69c272c67,whatsapp,primary_dataset,whatsapp,"It's important that I get uninstalled at this point, so please understand that I'm in high school because I'm told I'm out of duty"" and I've got a job to do!",2020-11-25T09:03:44Z,0,en,1
ad4c6270-9052-49e9-9f1b-5205af091652,whatsapp,primary_dataset,whatsapp,Gotta use the new WiFi. Use no response data at all. It's terrible.,2020-11-25T00:29:31Z,0,en,1
585cfb1d-d0cf-433c-b4b2-5755d1f72452,whatsapp,primary_dataset,whatsapp,"I'm a little disappointed, though, because somehow whatsapp left the 8gb room, even if it's deleted, it's still there.",2020-11-24T17:39:31Z,28,en,1
49a806eb-f4f2-4a0c-be12-0f122e898a0d,whatsapp,primary_dataset,whatsapp,Let's try if we're going to do gx with a data package.,2020-11-24T13:57:21Z,0,en,1
bc49d63c-25be-4356-b886-ba1f33bd90bb,whatsapp,primary_dataset,whatsapp,"Please add a way to verify other than the phone number dong, if the number is off or gone so there's no verification when there's a lot of important data in the wa",2020-11-24T12:01:58Z,0,en,1
8c88e715-9b11-4ae3-8158-5e587f1b25f7,whatsapp,primary_dataset,whatsapp,"It is better to provide security for messages, as well as old data for each application",2020-11-24T04:49:36Z,0,en,1
e9593fc1-cf89-49d9-b6c3-713a98e32ee5,whatsapp,primary_dataset,whatsapp,Why can't you open it when there's a lot of data packets?,2020-11-24T03:40:02Z,0,en,1
9b6b09ea-1c76-440a-89e0-a81e2d100b6d,whatsapp,primary_dataset,whatsapp,Why can't you update me when you've tried your own Internet pke wifi and data?,2020-11-23T12:37:54Z,0,en,1
c2514876-6cee-4a8d-8b07-8dfe72985c38,whatsapp,primary_dataset,whatsapp,"Slow, fast full of data and memory",2020-11-23T10:29:33Z,0,en,1
bff7baf3-686f-4bfb-ba42-930a28908374,whatsapp,primary_dataset,whatsapp,"Why can't the application downlod... all my work is in this WA, so abandoned... yet Absen Fhoto work hours I have to be in Share in the WA group...",2020-11-23T05:31:30Z,0,en,1
904fa3bb-fca7-4ef0-9db0-b90d2bb4c559,whatsapp,primary_dataset,whatsapp,"For the first time I'm very disappointed, and what's very disappointed is that the chat to google drive, and the problem is that every time I want to upload it, 99% of it, it's already been tried using mobile data and wifi is still in trouble.",2020-11-22T23:31:01Z,69,en,1
b2784c85-f11e-4f81-8930-2835576d4ff7,whatsapp,primary_dataset,whatsapp,"Phone quality and vide call is bad, but mobile data and WiFi are good",2020-11-22T22:43:24Z,0,en,1
4e55a597-ca72-4a6e-b7fc-c40b73d4f95b,whatsapp,primary_dataset,whatsapp,"There's no such thing as a free word star, but with data as well, I suggest you give me some information if it doesn't fit the app.",2020-11-22T17:49:37Z,0,en,1
44b09c17-02fb-420b-8722-01f6a9beee57,whatsapp,primary_dataset,whatsapp,Why can't you install it.. have changed the data packets can't..,2020-11-22T10:54:48Z,0,en,1
af922408-b106-4dde-bc74-4fcb8f94c51c,whatsapp,primary_dataset,whatsapp,The application is good but please help this type of social media application. The developer should be able to maintain privacy in its user. And it should be blockers.,2020-11-22T07:14:48Z,0,en,1
04efb36d-810a-4432-a734-a318b64e5481,whatsapp,primary_dataset,whatsapp,I can't believe there's so much data here.,2020-11-21T12:36:09Z,0,en,1
f5f0f9b3-2065-495f-aea1-2dbbcfca5d72,whatsapp,primary_dataset,whatsapp,"Auto-restore backup. Want to be inserted in cloud. If hacked, ambyarrrr. Want to restore the sdcard ribeeettt. Must copy this-that.",2020-11-21T11:18:12Z,0,en,1
60ba0792-f5e9-4690-8bfa-3ce874ffd07c,whatsapp,primary_dataset,whatsapp,Can't you make a car share?,2020-11-20T17:08:35Z,0,en,1
e30fbf81-abd9-47e8-948d-d59c32b1389f,whatsapp,primary_dataset,whatsapp,"Why is it so hard to back up the data, when it's 99% back in the beginning, I've repeated this almost 5 times, and still it's happening like that, please fix it immediately!",2020-11-20T14:14:27Z,3,en,1
fad7efc8-6b78-4aae-a33a-c19fb7cdf33c,whatsapp,primary_dataset,whatsapp,"Sy is very grateful with this apl, the problem is why this aplWa has just been updated on the 12 November 2020 but the number 20 Nop 2020 has to update again. It's a lot of data has to be deleted. Please fix the timer so don't often"" has to update it with too short a deadline.",2020-11-20T06:52:31Z,1,en,1
c31f3846-63f7-4df3-a24e-4ddb3df10003,whatsapp,primary_dataset,whatsapp,"Be careful how you play the site, don't be too trusting, because information as self-userable, the site can take personal data from the site, strengthen the password, and don't keep automatic passwords in any other network, it's better to be kept on the table, it's better, it's better, it's advice for all users to netize any websites, because the more evil the more the social net, including advertising.",2020-11-20T04:43:53Z,1,en,1
25dea121-2aec-424c-868c-c25318fd042d,whatsapp,primary_dataset,whatsapp,Now it's too big to get the data to watch ytub dri with this apk.,2020-11-19T22:47:01Z,0,en,1
a172f32e-8a5d-4038-966f-642e82cb25c3,whatsapp,primary_dataset,whatsapp,How can you eat so big when the data on the app is 700mm worth of storage to 3.4gb wouldn't be so weird?,2020-11-19T19:46:42Z,0,en,1
13f73a16-e229-4774-ad77-2ac15eb6b26d,whatsapp,primary_dataset,whatsapp,"How come my numbers were blocked... before so many stray numbers came in unrecognizable without a sbab,",2020-11-19T16:35:39Z,0,en,1
12b6e8e4-7cbb-46f8-8966-129a7b93c210,whatsapp,primary_dataset,whatsapp,Apk buriq always requests an update to finish the data package,2020-11-19T13:32:11Z,0,en,1
bca2f649-ff94-436e-a1af-999c02892564,whatsapp,primary_dataset,whatsapp,"No money-send features, pulses, data packages, let alone receive",2020-11-19T05:49:06Z,0,en,1
5bcd2f3d-addb-49eb-9c72-8bbf80fb1567,whatsapp,primary_dataset,whatsapp,Please don't kill me!,2020-11-18T21:53:07Z,0,en,1
d9b299a2-571f-47d5-97e0-02b9eb93b896,whatsapp,primary_dataset,whatsapp,Try the privacy of anti-delete messages and flight modes like GB WhatsApp,2020-11-18T21:50:09Z,0,en,1
1a39dd93-8956-46e3-aacf-96bdd83831d5,whatsapp,primary_dataset,whatsapp,The one with the privacy suit is missing like,2020-11-18T20:55:13Z,0,en,1
4f7c0a7c-94be-4f08-a2c4-b50cef83f035,whatsapp,primary_dataset,whatsapp,Please fix it. The new version should be better. Ne mala.,2020-11-18T20:28:38Z,0,en,1
df40843a-de88-4787-a216-f59d21fd25a9,whatsapp,primary_dataset,whatsapp,Never used an app as bad as whatsapp. I didn't do anything wrong but my number is back and forth blocked by whatsapp.,2020-11-18T15:08:06Z,6,en,1
18610df1-0594-492c-b2f2-500c2ee9fd86,whatsapp,primary_dataset,whatsapp,After d update the data on the miss theory chat on the contact cross so it's hard to save it gets even worse,2020-11-18T14:43:39Z,0,en,1
27bdb980-9885-4afe-8455-b1a75ee419ce,whatsapp,primary_dataset,whatsapp,"Blocked blocks without clear rules... New wa numbers are used directly blocked.??? Jd was2 & insecure these applications for business purposes...! There's no use for comment & email reviews, no complaints at all... try changing the other number immediately blocked! I think I've been blacklisted, my phone's privacy has been breached by email or Imei phone...?!",2020-11-18T08:42:10Z,0,en,1
dd5191f3-93a1-4cd2-bf5c-907760ff2398,whatsapp,primary_dataset,whatsapp,"Try the guy with the app. Understand all the phones, it's a capacity limit. So please don't ask for the data.",2020-11-18T07:20:49Z,0,en,1
e8cf9120-44f9-4348-8002-b3fc75a1eb3c,whatsapp,primary_dataset,whatsapp,The apk lacks the maximum size of the data.,2020-11-18T06:29:24Z,0,en,1
362eada2-cc32-41b8-bc18-785ac62ef130,whatsapp,primary_dataset,whatsapp,BANNED YG MAKE WA MOD..,2020-11-18T04:49:10Z,0,en,1
ecd7f877-75d1-454e-bf46-d3400e7652b0,whatsapp,primary_dataset,whatsapp,"fontcolor="" # FFFF00""Iwanttoaskyou fontcolor="" # FFFF00""why fontcolor="" # FFFF00"" fontcolor="" # FFFF00""Wa fontcolor="" # FFFF00""Icanget 10gb+yes, fontcolor="" # FFFF00""whenIcheckall, fontcolor="" # FFFF00""it's only 800mb fontcolor="" # FFFF00""giveastar fontcolor="" # FFFF00""firstsorry",2020-11-17T21:49:33Z,0,en,1
9e37b564-dc96-4011-8419-7f9e4e3f5750,whatsapp,primary_dataset,whatsapp,"The update was, it was a storage system, it was easy to go through a bunch of sticker databases, now it's a deletion feature, if the storage system is relieved, if it's only 8GB gymna?",2020-11-17T19:34:07Z,0,en,1
95aa6b13-5540-46a7-a5b5-c060206b2f8f,whatsapp,primary_dataset,whatsapp,"So give me a double star because Walter is getting an update and the data has been erased, so please return the data to the whatsApp team.",2020-11-17T17:45:26Z,0,en,1
6b11477a-d3d0-457e-b694-985c8976cc63,whatsapp,primary_dataset,whatsapp,"Why would you change on another device? It's hard to verify a number first, you don't get a text number on another device, you're suggesting that if the SIM card is removed automatically is stored on the drive and the number shouldn't again, it should erase chance, data can first logout.",2020-11-17T16:39:50Z,13,en,1
098d81a7-920d-400c-b152-0449653ea367,whatsapp,primary_dataset,whatsapp,"The more privacy there is, the more privacy there is, the more privacy there is.",2020-11-17T08:27:00Z,0,en,1
37be4314-48c2-43e8-a76c-2693ec639ec2,whatsapp,primary_dataset,whatsapp,"Most abdate, a little ""bdata didata"" abdate.",2020-11-17T07:58:43Z,0,en,1
c845d4b3-e256-44e3-890e-ea4894883ff9,whatsapp,primary_dataset,whatsapp,Please for the Facebook party to think of video status! There are more bugs and videos to watch that aren't going to work when it's through the status when Wi-Fi is already 4G. Please fix it.,2020-11-16T23:33:35Z,0,en,1
4e1d0b41-c134-43fd-911f-65c8a1aff4d6,whatsapp,primary_dataset,whatsapp,"BUG KAMERA BETULIN TUH, KAMERA GAGAL KEEP ON! (22/2020) ENTER A LOT IN THE PAKE OF THE CHAT PEOPLE, CALL AND NO NO NOTIFILE IF IT'S NOT OPENED, ALL THE ARRANGEMENTS ARE ALLOWED, THERE'S NO WIFY FORE FOR THIS application, NO WIFY ALTHER ON WIFY, BUT WHY DON'T HAVE TO OPEN THE NEW NOTIFY IN.",2020-11-16T19:28:50Z,30,en,1
ab767bea-9627-45d5-9cb0-61ef831a234a,whatsapp,primary_dataset,whatsapp,"I think this latest update is too much, yes it's really good for privacy, but for those of us who already have a partner how?, who used to believe in couples so it's a little bit of a shock because of these not-so-good features. &lt;br /&gt;continued updates that when we call friends, and at the same time the friends that I'm calling are taking calls from other people, we don't know, because there's no mention of ""being called.""",2020-11-16T12:23:10Z,1,en,1
295ee935-17da-47e9-9b36-903a99b6ee5c,whatsapp,primary_dataset,whatsapp,BUG!! device restart when share location with manual setting location.,2020-11-16T10:36:53Z,0,en,1
774fc68c-43e2-4f43-87f9-e774288e0354,whatsapp,primary_dataset,whatsapp,"Why is it that every time I do it, I always fail to send it.",2020-11-15T17:27:03Z,0,en,1
150b0ba3-8694-4aa8-97f6-f0519a16534c,whatsapp,primary_dataset,whatsapp,"fontcolor="" # FFFF00""thiswhywhywhatsappsaves suddenly fontcolor="" # FFFF00""I'm fullyes, fontcolor="" # FFFF00""whenallthedatahasjust beendeleted fontcolor="" # FFFF00""Please fixit ,for disturbingotheractivities on myphone.",2020-11-15T14:16:04Z,0,en,1
fa6a58f3-66db-4bf3-b475-c9d2d45cf707,whatsapp,primary_dataset,whatsapp,Coming and going is common.,2020-11-15T08:31:45Z,0,en,1
6b87e21b-4e2e-470e-915e-fa3f58306440,whatsapp,primary_dataset,whatsapp,Nd or,2020-11-15T00:43:36Z,0,en,1
3165c6ac-8ed8-4b16-a046-a89fb17388ea,whatsapp,primary_dataset,whatsapp,"One week's dowlod washap can't, and the Internet data is 8 gb. What's the problem? It's like susa nian wants to dowlod washaap.",2020-11-14T22:03:31Z,0,en,1
e6cfbccb-9b95-46bb-a5df-f8cab58dfff2,whatsapp,primary_dataset,whatsapp,It's a double star because it's three times updet this week.,2020-11-14T21:12:16Z,0,en,1
861b71a6-06d1-4028-aa9b-87aaabd58a30,whatsapp,primary_dataset,whatsapp,"After receiving whatsApp messenger's Facebook acquisitions, it's a lot of updates now, but without any improvements...",2020-11-14T12:28:53Z,0,en,1
1460b9d0-0bc4-4ec6-bc3d-31716264eb4c,whatsapp,primary_dataset,whatsapp,"There can be a lot of money in front of me, a lot of money, a lot of money, a lot of money, a lot of money, a lot of money, a lot of money, a lot of money, a lot of money, a lot of money.",2020-11-14T02:18:02Z,1,en,1
03e04e07-10b1-4d6f-8f95-054567fb8b18,whatsapp,primary_dataset,whatsapp,"Help me WhatsApp global or Indonesia why application I often lose chats on Whatsapp because of the wrong backup data, signal is ok no problem. this problem has been refreshing need handling as soon as possible!!!!!",2020-11-13T23:05:13Z,0,en,1
d90e321e-eee0-4138-8875-a79ace23f09d,whatsapp,primary_dataset,whatsapp,"I hope in future updates, whatsapp already has a Facebook-like plus-friend feature, so there's no need to keep someone's phone number that doesn't necessarily want to have our phone number back.",2020-11-13T21:28:56Z,0,en,1
131db394-2a5d-49df-8d7c-d7abf0620f9b,whatsapp,primary_dataset,whatsapp,"It's tight, a lot of spies wear wa mod to see other people's privacy.",2020-11-13T11:05:56Z,0,en,1
daa9eebd-b2ac-4dc1-85ac-752f96c3caa5,whatsapp,primary_dataset,whatsapp,PP cannot be seen while not privacy.. please fix it,2020-11-13T10:11:46Z,0,en,1
a0bb6dfc-392e-4419-909f-e3dc3c1632b6,whatsapp,primary_dataset,whatsapp,"Out of the update, now search / search isn't as easy as it used to be, search data kudu scroll. It can't be automatic. So if you want to retype the keyword.",2020-11-13T08:23:36Z,1,en,1
47a0317b-13ff-4a4e-8ef7-7b6915e1f329,whatsapp,primary_dataset,whatsapp,"No one has ever hacked the whatsapp into someone else's device without using our phone, and every time it can suddenly get back into whatsapp web and without our consent, right now whatsapp I'm going through, I think it's probably the number that people use.",2020-11-13T07:09:00Z,53,en,1
d6785866-fd49-4101-8138-b82c41d0ceed,whatsapp,primary_dataset,whatsapp,Why is it updated... should be ordered to delete other applications... it's the same way to retrieve people's data...,2020-11-13T00:22:00Z,1,en,1
4a1f4dc6-cd73-4858-adea-1863ccce58df,whatsapp,primary_dataset,whatsapp,"fontcolor="" # FFFF00""owi fontcolor="" # FFFF00""there's fontcolor="" # FFFF00""data fontcolor="" # FFFF00""youcanplay fontcolor="" # FFFF00""Wa",2020-11-12T22:32:44Z,0,en,1
8ae6e8a1-7167-4003-89e8-9b0d007e1456,whatsapp,primary_dataset,whatsapp,"I'm sorry I was so disappointed. I took an oath. After the update, I couldn't see the number of cht, which can usually be repeated after and the storage and the data, but now to taekkk,unintal want to pack WA businnes.",2020-11-12T19:39:42Z,0,en,1
1947e4d3-2138-451b-a006-f87a9e31d570,whatsapp,primary_dataset,whatsapp,Seriously whatsapp? What's wrong with you? What's wrong with you?,2020-11-12T18:55:55Z,67,en,1
c138f5f5-048b-4429-bfd6-72505f431e46,whatsapp,primary_dataset,whatsapp,"Please fix this version already just erase all my messages when it's an important message, why always recover the message right I didn't turn on the data?",2020-11-12T12:50:57Z,0,en,1
724620f8-e86f-4fee-a902-ee75d340f3a8,whatsapp,primary_dataset,whatsapp,My important chats have gone to 3rd place where he's been..my chat history is gone..here's the truth!!!!!!,2020-11-11T12:29:12Z,0,en,1
4a8f1cdd-d781-4c43-9aff-0581455d23f2,whatsapp,primary_dataset,whatsapp,"The new storage management feature in whatsapp didn't seem good enough to me, because I had to remove some messages that I thought were important, what else would they come up with and store them in full, even though the message had been deleted and the data was all the way they sent it, and it got worse, made it uncomfortable in times of distress, had to send a sensor as quickly as possible, but when delivery was not sent, thanks.",2020-11-10T19:03:15Z,40,en,1
66cfa313-3dbc-4938-b0a6-b7718aa3b6aa,whatsapp,primary_dataset,whatsapp,Who blends into Facebook updates 2 times a week... please share this playstore account's user changed... or non-actual,2020-11-10T14:40:21Z,0,en,1
620ee4e3-1756-49d6-9683-17bae1aaf991,whatsapp,primary_dataset,whatsapp,Whatsapp feels like online games... a lot of data.,2020-11-10T13:42:10Z,0,en,1
5cd86c62-b5eb-4f57-9906-2107a8e8329d,whatsapp,primary_dataset,whatsapp,Whatsap is so different now!!! If you want to delete text messages can't be deleted from the data & storage suit?!! Why would you want to look for a contact name in the search column instead of loading trusts?!??,2020-11-10T12:10:28Z,4,en,1
b11bdd83-49ee-4206-8991-eb60cb2eca38,whatsapp,primary_dataset,whatsapp,Long time no see.,2020-11-10T05:05:26Z,0,en,1
013a4f01-21e1-4e07-babe-92ba91ef4cc3,whatsapp,primary_dataset,whatsapp,"Since WA has facebook, videos and photos don't seem to be compressed anymore? so it's heavier and eating bigger quotas. &lt;i&gt; &lt;i&gt; &lt;i&gt; &lt;/i&gt; &lt;i&gt; &lt;i&gt; &lt;i&gt; &lt;i&gt; &lt;i&gt; &lt;/i&gt; &lt;i&gt; &lt;i&gt; &lt;/i&gt; &lt;i&gt; &lt;i&gt; Even more often updates are not clear after the update. &lt;/i&gt; &lt;/i&gt; &lt;/i&gt; &lt;/i&gt; &lt;/i&gt; &lt;/i&gt; &lt;/i&gt; &lt; &lt;i&gt; &lt;i&gt; The bottom face&gt; The point, W&gt; The fact&gt; Is are worse.",2020-11-09T13:13:32Z,0,en,1
d4a641a2-98e3-45b7-862f-69cc2fb83bfa,whatsapp,primary_dataset,whatsapp,Why whatsapp this edition can't start live share loc?,2020-11-09T10:48:10Z,0,en,1
71e25f08-c96f-4f33-83aa-7d88e505961b,whatsapp,primary_dataset,whatsapp,"Update the next quality of the image/video when share should be fixed, the quality of a good camera is useless but it's uploading at WA ji built.",2020-11-08T22:11:46Z,0,en,1
4f6b4704-4d9d-43f0-8a33-bcecbcd4298e,whatsapp,primary_dataset,whatsapp,Disappointed by this apk not deliberately erased the number long dead... data is important missing all of it can not come back to make an account.. suggest if you can get it to the fb or google so long the account can be used again.,2020-11-08T19:05:17Z,20,en,1
784fb2a3-2ba3-4347-ac44-876edf423314,whatsapp,primary_dataset,whatsapp,Why is my data active? But it can't be telfn sma vc cht.,2020-11-08T16:39:38Z,0,en,1
357dec3c-3d42-4dd0-a33d-42972edc880b,whatsapp,primary_dataset,whatsapp,Why is it that after I apdate the same photo 2 deleted the media link is no longer annoying,2020-11-08T15:13:58Z,0,en,1
5395d097-8064-4515-a40e-1992100cb85d,whatsapp,primary_dataset,whatsapp,"Data storage. Why is it changed? No details like the old days are just detailed images, but it's important to know how many messages have been sent to that person.",2020-11-08T12:20:31Z,0,en,1
af01579f-e1ee-415a-a9ed-4a17c27716d7,whatsapp,primary_dataset,whatsapp,"Why is it that every time I turn off the power and I re-enact the profile photo? My wa always goes missing, please policy.",2020-11-08T08:23:28Z,0,en,1
089bd1fe-afe2-4a8b-b772-db1b033fd939,whatsapp,primary_dataset,whatsapp,We have reason to believe that your account activity has violated our Service requirements and decided to keep blocking your account.,2020-11-08T07:51:00Z,0,en,1
b978f8fb-16bd-4229-ad8b-c50638dba421,whatsapp,primary_dataset,whatsapp,"Wa memory storage a little bit, sm first",2020-11-08T05:32:33Z,0,en,1
437f50b4-b250-4393-8a7c-864477412ba2,whatsapp,primary_dataset,whatsapp,"These days it's often errforce close) on its own, if you may suggest, please fix it again, especially since it's an online school tool for students or students, and one, if possible for profile photos, additional features are also like status, or story, because photos are also personal privacy that they should not all know.",2020-11-07T20:04:51Z,0,en,1
bf10a6f7-6127-4a51-ae4a-3cc5a0774f65,whatsapp,primary_dataset,whatsapp,"There's no clear dalimie file from the wa, why don't you Google the drive anyway?",2020-11-07T13:43:09Z,0,en,1
dff5d71c-001c-4f55-8fb4-4293c44612b8,whatsapp,primary_dataset,whatsapp,"Hi, welcome.",2020-11-07T13:07:33Z,0,en,1
7cc223f4-6936-4c8c-91b2-cc61c8628254,whatsapp,primary_dataset,whatsapp,"I'm sorry if you're using the link data, but there's a lot of packages that have already been tried in the data permission settings, but the results are the same as connecting. Try the min to fix the application, thank you.",2020-11-07T11:04:41Z,0,en,1
1caa947e-83ff-4554-9a0c-863fa3a2826e,whatsapp,primary_dataset,whatsapp,I can't provide messages and data WhatsApp messenger,2020-11-07T09:51:09Z,0,en,1
13d61898-2816-4f8f-a11d-901625cf7877,whatsapp,primary_dataset,whatsapp,"fontcolor="" # FFFF00""Busypussyforthis fontcolor="" # FFFF00""mustnotbeworthywiththis fontcolor="" # FFFF00""Lostallmydata, ssh back online fontcolor="" # FFFF00""Don'tdonwload!!!",2020-11-07T09:07:36Z,0,en,1
962deafc-fe01-4e23-a7ee-953616553758,whatsapp,primary_dataset,whatsapp,"fontcolor="" # FFFF00""I'mnew fontcolor="" # FFFF00""but fontcolor="" # FFFF00""already fontcolor="" # FFFF00""eror fontcolor="" # FFFF00""yes.. fontcolor="" # FFFF00""uh fontcolor="" # FFFF00""uh fontcolor="" # FFFF00""yes.. fontcolor="" # FFFF00""just open fontcolor="" # FFFF00"" wa bm blumbab bales fontcolor="" # FFFF00"" fontcolor="" fontcolor="" # FFFF00"" fontcolor="" fontcolor="" # FFFF00"" fontcolor="" # FFFF00"" fontcolor="" # FFFF00"" fontcolor="" fontcolor="" fontcolor="" fontcolor="" fontcolor="" fontcolor="" # FFFF00"" # FFFF00"" fontcolor="" fontcolor="" fontcolor="" # FFFF00"" fontcolor="" font"" fontcolor="" # FFFF00"" # FFFF00"" font"" # FFFF00"" font"" font"" font"" fontcolor="" # FFFF00"" # FFFF00"" font""ifbew my font""afterafterafterafterafterafterafterafterafterafterafterafterd\""d\""d\""d\"" fontcolor="" font"" fontcolor=""afterd\"" fontcolor"" font"" font"" font""d\ FFFF00"" font"" font"" font"" font"" font"" font"" font"" # FFFF00"" font"" font"" font"" font"" # FFFF00"" font"" font"" font"" font"" fontcolor"" font"" font"" fontcolor"" font"" font"" fontcolor"" fontcolor"" font"" fontcolor"" font"" font"" font"" font"" font"" font"" font"" font"" font"" font"" font"" font"" font"" font"" font"" font"" font"" font"" font"" font"" font"" font"" font"" font"" font"" # FFFF00"" font"" font"" font"" font"" font"" font"" font"" font"" font"" font"" font"" font"" font"" font"" font"" font"" font"" font"" font"" font"" font"" font"" font"" font"" font"" font"" font"" font"" font"" font""",2020-11-07T08:04:10Z,5,en,1
ff9b1515-4df4-43ec-8f5b-33c186be229f,whatsapp,primary_dataset,whatsapp,Not bad but still often download u update as a result of missing part of the data,2020-11-07T06:10:12Z,0,en,1
5c5af54d-ed83-4ee5-9c0f-589c34821fcf,whatsapp,primary_dataset,whatsapp,It's so hard to donlot whatsApp driving around 1jm can't keep going.,2020-11-07T01:41:57Z,0,en,1
08211ebe-2a0c-48de-91c1-fee041ae1575,whatsapp,primary_dataset,whatsapp,"It's not good enough for an aplication, because it has to update because space isn't enough, but there's a lot of data being deleted just because it's not enough, please fix it.",2020-11-06T14:39:35Z,0,en,1
859972f2-54b9-49db-bccb-9bb2a808316f,whatsapp,primary_dataset,whatsapp,"Each send vidio distatus must appear notif ""Can't send vidio, try another vidio"" I've deleted the data, deleted the cache, fixed it all the same. Please fix it, it's very nervous once!",2020-11-06T10:56:59Z,13,en,1
63ee196a-6394-4c98-bd65-bf0e2d25bf3b,whatsapp,primary_dataset,whatsapp,This is what... why can't you undo the data?,2020-11-06T06:56:39Z,0,en,1
a5fba3b3-d591-4e8e-b67a-7f0d48792cb2,whatsapp,primary_dataset,whatsapp,"I'm really disappointed somehow that whatsapp suddenly arrived on the block when I didn't violate the policy of the terms, please quote again whatsapp has been blocked and please answer whatsapp is causing me to be blocked.",2020-11-05T21:20:57Z,8,en,1
0ab82656-96dd-46fc-b3be-2e47907a350d,whatsapp,primary_dataset,whatsapp,"Why can't my friend's story be seen? Well, he's not my privacy, and I'm also checking in on other stories. Why don't you show up?",2020-11-05T19:44:31Z,0,en,1
ef7a8164-d9c3-481a-8b08-877035de7e27,whatsapp,primary_dataset,whatsapp,"Ah... this lemot doesn't look like it does and Facebook can't have its own password, and also when it makes the status of why my phone has the other white stripes.",2020-11-05T16:55:56Z,4,en,1
0b99ce6a-4873-45bd-89f6-6ed275632932,whatsapp,primary_dataset,whatsapp,The old Bange code data.,2020-11-05T13:13:20Z,0,en,1
8a3f5388-6b5c-431b-b506-c097351c2493,whatsapp,primary_dataset,whatsapp,In a few months whatsapp had to be updated in the month before and each time it needed a lot of space and I had to delete my files and data that I didn't like to keep up too much but the result was the same.,2020-11-05T11:13:56Z,0,en,1
c0b04942-6a87-43d9-894a-360e286cb733,whatsapp,primary_dataset,whatsapp,"Why is it that after so many updates, when you get the notif from the wa, the other apps can't be moved. If you have to get out of all the data and you can't see the status and you can't see the status, and every single one of them can google and browser, please fix the phone. I've got no trouble or damage from me.",2020-11-05T06:50:17Z,2,en,1
a2f237d5-8532-4494-8df5-2dfe0679a6a8,whatsapp,primary_dataset,whatsapp,"Why should I be asked to download again by deleting my vital data, such as my personal digital photos and digital footprint, which will certainly be endangered, aka missing. fontcolor="" # FFFF00""yes fontcolor="" # FFFF00""yes fontcolor="" # FFFF00""it'sproblem fontcolor="" # FFFF00""it'sproblemabletored fontcolor="" # FFFF00""it'ssoregulated fontcolor="" # FFFF00""moretimestoregulateddem fontcolor="" # FFFF00""attime.",2020-11-04T23:37:31Z,0,en,1
c6cb0f72-6a2c-48e2-b99a-48bedd0931ed,whatsapp,primary_dataset,whatsapp,"I'll give you one star, I'll break it, I won't be able to open the video if the data is turned off, it should be...",2020-11-04T20:29:15Z,0,en,1
a04baa8a-c714-4486-8e74-1908f31ff2a4,whatsapp,primary_dataset,whatsapp,Why does it have to be WIFI can't wear data?,2020-11-04T15:50:38Z,0,en,1
bc4b330b-af93-47c4-8e67-9b2eedb0c225,whatsapp,primary_dataset,whatsapp,"I'm the Cma Restart of the Common Cma Restarst, but what's written is denied to read contacts, So please fix the Kok Sya Ilng Mksad",2020-11-04T12:52:13Z,0,en,1
43fada62-e17f-4b3b-8e2c-08336ca5a374,whatsapp,primary_dataset,whatsapp,"Please whatsapp, when my account opens its chats are clear and there's only a ""you've been added"" written while it's still common. Please fix the important data as well as my work is still there. The data is deleted before I backup the data. Once again I beg you to fix whatsapp",2020-11-04T11:37:48Z,0,en,1
e24bcaba-deea-4dfd-9090-c639d021428e,whatsapp,primary_dataset,whatsapp,"Why is it that when I send Fucking me out, it always fails when the network is okay, the data package is okay, how about this, please fix it.",2020-11-04T10:12:20Z,0,en,1
bd8b84a3-8b00-4ef6-8314-3a0dffc9459b,whatsapp,primary_dataset,whatsapp,The apps are bad. Most of the time on their own. And a lot of data is missing.,2020-11-04T07:15:24Z,0,en,1
d0debda9-16db-43a9-9b24-1a9ccc16add5,whatsapp,primary_dataset,whatsapp,"Please, boss, fix it a long time ago. No, no, no, no. I called from a phone call.",2020-11-03T22:19:26Z,0,en,1
fd54f5af-29ce-4a9f-bae9-b76fd5a6f1c8,whatsapp,primary_dataset,whatsapp,Admin please..get me an account of whatsupped me.I didn't do anything wrong or violate whatsapp policy.Please help me.thank you very much,2020-11-03T13:51:53Z,0,en,1
3580855d-5df3-468e-9dc2-1bd651e41fe6,whatsapp,primary_dataset,whatsapp,Please correct that the photo share or vidio quality is reduced,2020-11-03T10:21:03Z,0,en,1
27613983-d2ce-435b-9e0b-bb7b8a194b6e,whatsapp,primary_dataset,whatsapp,"Dear whatsapp please do the actions of the user Whatsapp mod, Whatsapp Gb, etc. which is not official of whatsapp because I was getting loss due to a Wa Mod user who knew my privacy. Please Whatsapp to do an exercise of whatsapp mod user because it cost a lot.",2020-11-03T06:29:31Z,0,en,1
edd2c519-460c-468b-975d-beee7740bb98,whatsapp,primary_dataset,whatsapp,"They will have whatever they desire, but they will have whatever they wish.",2020-11-03T06:27:37Z,0,en,1
7d82e4a7-ea02-41e4-bbc8-774ca6a8374d,whatsapp,primary_dataset,whatsapp,Missing data whatsapp messenger,2020-11-03T04:37:23Z,0,en,1
203478cf-6e9a-4ceb-8a6c-1cad031ca59f,whatsapp,primary_dataset,whatsapp,"Why is this whatsapp often err, can't upload videos from storage From Facebook is so bad",2020-11-02T21:59:45Z,0,en,1
dab7abbf-1adb-47bc-a012-bfcf880029cc,whatsapp,primary_dataset,whatsapp,"The data file is so big, it's 2Gb. It's like a game.",2020-11-02T21:16:10Z,0,en,1
a3c0a39b-d1b3-42af-adf2-71dde437bf5f,whatsapp,primary_dataset,whatsapp,Please give a more interesting feature as can be made modr geratis like facebook,2020-11-02T13:38:01Z,0,en,1
f177ef6f-522a-465a-8a97-e2f9937d124d,whatsapp,primary_dataset,whatsapp,Hello WhatsApp. I've had three days to upload my WA story. Almost 100% failure.,2020-11-02T09:03:43Z,0,en,1
e453039c-d770-425c-9607-e37b5af62b96,whatsapp,primary_dataset,whatsapp,"fontcolor="" # FFFF00""Apkthiswhy,nooneelother fontcolor="" # FFFF00""GKcanseemy status ,pdhal GK dprivasi,pleasehelp",2020-11-02T05:09:13Z,0,en,1
2a6ab632-5cea-4912-a520-a39a1fb3a2e4,whatsapp,primary_dataset,whatsapp,I don't have any data for updates.,2020-11-02T05:02:53Z,0,en,1
010f60d2-48cc-483e-b44a-c6069a01ba8e,whatsapp,primary_dataset,whatsapp,"I've been trying to get a long cell phone through whatsapp lately, but why is it always cut off? On the smooth wifi, and replaced with the same data, it's the same thing.",2020-11-02T01:06:06Z,0,en,1
b79c1e41-2ddc-4496-ac27-115515f3a7e6,whatsapp,primary_dataset,whatsapp,Why can't I download data when my data hasn't been exhausted yet?,2020-11-01T20:50:24Z,0,en,1
eacbd132-f596-486a-8c3c-1f55abf80c6b,whatsapp,primary_dataset,whatsapp,"fontcolor="" # FFFF00""whycan't fontcolor="" # FFFF00""ahrur fontcolor="" # FFFF00""usedatahastowifi fontcolor="" # FFFF00""watillcomesout",2020-11-01T19:24:19Z,0,en,1
c855429c-b5c1-4e27-9714-d6401314c530,whatsapp,primary_dataset,whatsapp,The emoticons are all over the place like massaging!!,2020-11-01T13:45:41Z,0,en,1
9c0376c8-9e4a-4495-8c8b-d778e57f3a55,whatsapp,primary_dataset,whatsapp,"I'm upset because it has to be re-installed more often, because neither ft nor video can be stored in the gallery.",2020-11-01T11:45:42Z,22,en,1
1f9f2ad5-4145-4006-b919-0eb79a91feb9,whatsapp,primary_dataset,whatsapp,WhatsApp messenger gives you goose bumps when you update all the data inside.,2020-11-01T09:18:41Z,0,en,1
992d28fc-7354-4ff2-b84f-032e36a33e3b,whatsapp,primary_dataset,whatsapp,It's okay now. It's time for the VC. Only the other guy can see my face. I can't run out.,2020-11-01T08:42:39Z,0,en,1
e6672d74-857c-4403-809b-5abd0a895bc8,whatsapp,primary_dataset,whatsapp,I don't use wifi with iso ki pie data,2020-11-01T06:01:54Z,0,en,1
